10000 24996
0 16 1 2 3 4 6 18 29 79 331 434 3349 123 3121 6579 8285 5022
1 11 0 20 25 396 5847 5380 3496 7933 9613 1701 46
2 10 0 5 13 117 522 2385 4736 19 1613 9233
3 12 0 9 50 69 154 559 1299 5181 2738 7966 8096 1827
4 9 0 7 8 22 59 101 115 3326 2284
5 17 2 10 15 91 150 156 346 545 1125 1633 2473 2562 4865 2655 9978 2877 6288
6 13 0 21 34 51 84 1728 2961 5214 9804 8355 5642 7121 3531
7 13 4 35 74 158 246 297 1502 1653 4509 9507 7744 7187 9606
8 14 4 17 27 30 33 43 200 203 3570 1125 2921 8365 9870 3804
9 5 3 12 1005 6658 3244
10 7 5 11 39 57 71 161 6569
11 20 10 14 37 54 174 227 230 583 1024 2702 3154 3550 4048 6019 9264 4615 9017 7170 1151 9410
12 9 9 16 42 60 592 1424 2725 9045 3621
13 10 2 19 78 108 254 454 1361 2803 1820 201
14 10 11 28 104 609 827 4137 6464 6171 2696 1238
15 10 5 118 329 480 706 1001 1987 6473 7648 7377
16 7 12 26 221 410 972 7495 6499
17 12 8 142 145 2920 5897 7801 460 7630 1911 3924 8621 3252
18 7 0 24 32 8234 6288 8657 550
19 18 13 38 100 141 830 2000 2003 2236 4100 4943 9902 2767 5739 6050 2 980 1211 2187
20 15 1 152 301 491 1698 1920 2631 5874 9009 4233 2688 1954 2612 498 8972
21 9 6 193 199 1201 2479 2629 6141 7581 7545
22 5 4 23 1066 4356 8090
23 13 22 41 65 177 182 1322 1548 4784 7545 4520 6444 3785 5882
24 13 18 53 112 219 1133 1241 3947 3923 6377 8325 6269 833 1474
25 13 1 47 61 62 85 111 120 130 1206 3701 7160 8735 9490
26 13 16 31 162 666 1380 1420 1763 6913 9450 6098 8877 8820 7266
27 10 8 168 446 3955 3990 4430 5594 445 8253 7654
28 10 14 44 45 216 2026 7484 5160 5414 4841 9918
29 9 0 40 971 2041 8105 7209 1830 3320 1813
30 7 8 170 236 3810 9442 1567 1074
31 3 26 3238 6948
32 7 18 105 367 532 574 8949 8978
33 5 8 92 113 387 6262
34 11 6 67 248 727 1476 4005 4197 9117 4954 6283 6579
35 13 7 36 76 129 132 239 512 1572 3443 4614 7951 2172 8695
36 11 35 103 146 1002 5415 2567 2366 1383 7821 3170 1708
37 15 11 70 183 270 543 552 832 4034 5863 8891 256 1720 4997 546 6317
38 9 19 64 102 155 488 920 4676 426 3004
39 4 10 6909 3994 1998
40 8 29 46 816 3831 7461 3905 5059 3839
41 9 23 49 80 93 607 3061 2810 2069 1225
42 8 12 87 180 196 6672 7508 3227 2742
43 14 8 88 159 194 4172 4887 8646 9238 2529 5361 1298 135 1213 4611
44 9 28 56 822 1027 1560 6329 82 6903 1080
45 12 28 48 628 3349 5627 6619 7346 7079 4926 5841 7668 5370
46 12 40 169 342 353 372 519 688 3876 4918 1507 716 1
47 15 25 98 109 228 833 1396 1612 2112 7103 8805 396 8373 1081 4766 1616
48 9 45 52 66 68 107 164 995 4611 8979
49 12 41 89 97 591 651 1332 3228 5154 5363 9215 9802 3002
50 11 3 803 1486 1645 3958 5215 5596 556 9285 7689 1692
51 13 6 55 63 94 262 494 948 4272 5787 6936 6524 2414 8663
52 8 48 58 81 2740 3854 6064 7136 135
53 13 24 411 675 761 841 1501 2283 5397 7808 8548 1356 9424 1885
54 9 11 160 256 377 564 977 3082 3227 8494
55 8 51 244 5918 6243 8670 6718 927 7383
56 8 44 106 266 366 1650 6398 8203 2591
57 5 10 202 530 5082 6942
58 10 52 133 223 265 281 482 2986 4191 9649 6868
59 7 4 114 188 296 344 8808 2515
60 10 12 128 190 2846 3907 4735 7654 5704 6425 3816
61 15 25 77 163 562 1168 3050 7027 8169 7447 1511 825 3835 8173 6999 1054
62 14 25 75 167 343 723 4531 4622 5355 6102 9383 6521 8461 417 6921
63 11 51 151 707 1845 1976 4046 1060 7148 9694 8719 5155
64 15 38 73 83 178 406 537 579 725 9061 1688 6408 9844 8606 5709 9109
65 9 23 72 82 3211 4091 9857 6742 272 3473
66 7 48 652 8021 5361 736 4897 5540
67 7 34 136 3195 4074 866 9662 5001
68 11 48 96 282 333 557 3482 9394 2171 5731 2213 7040
69 9 3 614 1500 9259 8062 4973 6135 1685 569
70 10 37 186 242 1469 6762 9541 4795 5042 6957 8250
71 8 10 157 484 780 1384 1446 7743 5319
72 9 65 90 140 280 487 4003 7101 8340 602
73 11 64 368 3880 4001 5683 9228 588 6332 5184 1678 1999
74 11 7 172 179 456 1401 2106 8504 3500 7324 9882 5716
75 11 62 86 95 131 135 1777 3316 7104 6871 8740 9631
76 13 35 116 483 1912 2307 2678 8970 9166 6922 6754 1610 316 5860
77 10 61 165 306 736 1077 2152 3868 4461 7932 732
78 9 13 201 802 1158 2950 8113 1709 6466 7537
79 10 0 138 339 549 798 1012 4420 1020 3951 3773
80 7 41 127 425 729 926 910 9227
81 5 52 518 523 1600 2488
82 9 65 126 144 508 617 5249 8482 44 8429
83 9 64 175 320 750 2275 8227 940 3571 6606
84 4 6 119 804 9351
85 4 25 123 241 468
86 12 75 149 171 1571 2434 4352 4902 6577 1784 7689 7905 6938
87 9 42 125 573 576 1867 2149 3589 4926 4909
88 11 43 357 808 2337 2628 4991 8085 2975 7405 8397 2056
89 6 49 470 3879 2949 8772 6679
90 11 72 563 903 1078 1471 1844 1988 2636 3528 2815 6571
91 10 5 137 330 390 414 726 8929 1393 961 1765
92 12 33 121 1651 1729 3298 6631 388 7574 7424 8606 1992 2134
93 7 41 2272 2328 6811 2913 4900 9069
94 8 51 4401 5180 8571 6799 9839 822 1132
95 10 75 99 124 205 893 1151 2330 5672 1796 453
96 10 68 599 602 1928 3088 8221 8632 7521 6965 5718
97 11 49 122 1576 1649 7152 9174 3396 7827 709 7412 9216
98 8 47 147 245 2382 6167 3868 3591 2483
99 11 95 213 217 669 1144 1739 5343 2538 3173 8986 2645
100 4 19 795 9070 629
101 5 4 1475 634 736 2258
102 7 38 309 685 5411 7442 2295 7660
103 12 36 303 497 713 1434 1684 6012 7582 1151 5869 4447 4982
104 9 14 255 1037 2934 4182 577 3896 9600 9432
105 13 32 143 166 855 1205 6683 6862 6422 5414 4967 7866 9183 284
106 6 56 110 1951 3631 8990 1419
107 5 48 208 275 418 8064
108 17 13 222 253 641 769 1138 2239 3576 1195 8040 3645 7851 4972 6386 7647 9187 1607
109 2 47 7082
110 8 106 153 240 284 285 1364 8833 5457
111 6 25 259 304 3832 4440 8240
112 10 24 134 184 310 635 2025 2516 5880 4851 5977
113 9 33 475 2853 3052 3573 9608 3386 4867 5067
114 8 59 148 397 2561 7648 7516 7692 5910
115 10 4 197 489 505 2553 3687 4087 2426 1063 5130
116 6 76 313 2206 5287 9293 2145
117 12 2 195 198 210 678 765 3036 5584 7808 3903 1851 7663
118 7 15 328 452 1409 2198 7414 2304
119 12 84 295 408 716 1259 2930 3411 8028 9953 2165 4126 1656
120 7 25 720 1939 5563 3400 1485 4923
121 8 92 139 181 356 731 6413 4147 872
122 13 97 326 327 341 1097 2849 6338 8542 8960 4087 6969 7347 409
123 6 85 214 232 311 0 9494
124 5 95 1993 4480 7584 6377
125 7 87 837 1149 1183 1725 5179 1364
126 8 82 407 1656 3927 8151 3452 5446 1539
127 6 80 1509 2923 4742 6022 3444
128 12 60 371 1325 2610 3449 3571 4177 4215 6118 8865 4957 2705
129 6 35 646 842 7728 8606 5759
130 8 25 319 354 5059 3793 4097 8447 2956
131 9 75 192 361 8186 4407 2096 642 3626 4475
132 9 35 189 238 485 582 1687 3655 3445 8254
133 8 58 291 6710 8941 1549 1079 8888 6334
134 8 112 4118 5331 6208 5030 5915 9780 1627
135 6 75 5616 52 5315 43 3779
136 8 67 176 351 389 1233 5856 8244 7807
137 9 91 215 283 3121 5986 3825 4193 337 358
138 9 79 299 450 799 946 1797 3182 2299 9167
139 9 121 206 818 2567 3193 5898 7502 9198 7103
140 7 72 1252 7607 8777 5929 772 412
141 10 19 294 305 398 785 1747 1822 7879 716 4625
142 5 17 385 2401 8929 2738
143 7 105 187 278 3916 6080 7403 5480
144 13 82 347 435 441 1367 6375 519 8000 6686 2415 9434 8331 8698
145 9 17 276 400 1397 9305 9601 1795 6734 7303
146 7 36 3952 6588 5709 9155 1886 3434
147 7 98 679 752 968 6843 2885 2887
148 14 114 626 800 856 2160 3065 5887 4938 3040 1441 6249 4035 7701 8096
149 5 86 211 1890 2363 9323
150 7 5 692 1801 4175 9321 5875 526
151 10 63 264 2427 3124 7103 1958 5709 6156 7799 9626
152 8 20 857 1017 1950 9799 9623 5681 3347
153 8 110 358 871 2960 4022 7527 7105 2751
154 9 3 251 287 859 1372 1554 2376 1527 8188
155 6 38 409 1063 1722 4109 5388
156 4 5 465 1324 3174
157 8 71 1603 1781 4574 7744 5087 5919 4855
158 6 7 218 442 1336 5853 7232
159 14 43 173 233 388 430 1321 1386 4200 2803 759 938 2882 2549 6091
160 9 54 229 657 1244 2620 6466 4785 9508 8919
161 7 10 249 516 1225 6521 8467 5650
162 8 26 1713 8412 5416 5348 2823 6069 291
163 6 61 263 697 776 3980 1058
164 11 48 204 402 466 632 6610 9746 3248 9872 4072 879
165 6 77 417 1575 1721 9316 2913
166 7 105 231 428 849 1145 1905 2231
167 4 62 207 7758 6469
168 7 27 4592 6088 3225 6289 7517 2019
169 9 46 185 2329 2831 4127 6879 7778 5999 1426
170 10 30 290 958 7596 9974 5047 2194 2584 1701 2481
171 8 86 436 3373 5940 6021 9526 3003 938
172 10 74 226 740 2838 4191 6402 832 9139 5925 4545
173 6 159 1755 3081 6248 9867 7118
174 8 11 298 3034 3218 4269 7009 2136 5618
175 3 83 1248 7271
176 7 136 234 526 2760 7137 8121 7256
177 11 23 237 521 7289 541 6588 1435 9863 2903 4634 3548
178 9 64 1189 3646 5499 6194 6841 996 9041 8757
179 7 74 393 2419 3386 737 6170 1138
180 9 42 1522 2153 4312 6607 3163 5849 3265 9036
181 5 121 622 9220 2052 8791
182 8 23 360 1280 1727 2729 5322 1044 1593
183 9 37 762 1848 4584 4610 4764 6218 5986 308
184 9 112 235 247 419 929 8860 3790 5521 6810
185 10 169 269 315 541 1265 2294 4888 6221 1487 9619
186 5 70 292 490 2043 3106
187 11 143 334 375 560 608 1897 2745 3157 3525 3909 1774
188 5 59 5454 6421 2853 4760
189 10 132 352 514 580 3114 3561 7372 3630 4590 9910
190 7 60 191 1179 5303 8578 9587 2826
191 11 190 1513 1660 1764 1916 973 4767 7799 4377 9985 366
192 6 131 432 3168 3921 7910 3498
193 3 21 2395 9082
194 9 43 464 976 1048 2162 1480 7256 1032 2253
195 4 117 267 336 1018
196 11 42 403 1041 1333 1652 1685 2155 5287 7454 8996 2708
197 8 115 209 420 753 1550 3708 8093 5331
198 4 117 1626 9848 5040
199 8 21 363 553 8610 1305 379 7364 4191
200 4 8 5603 6825 929
201 7 78 212 9938 13 5004 5286 4712
202 7 57 324 1007 2730 2913 3514 8229
203 10 8 401 1254 1593 3080 9259 1606 6948 7887 5924
204 13 164 286 359 370 384 864 1742 1779 3272 547 728 4496 6727
205 9 95 650 3247 6433 5359 9810 2545 6136 8204
206 7 139 321 819 2935 8751 3113 4698
207 10 167 300 2004 6281 7829 7561 1324 8839 1073 6588
208 9 107 551 2129 9438 9633 2928 8091 4468 3448
209 4 197 2161 3491 4490
210 7 117 314 1235 1504 2613 7602 3913
211 6 149 322 747 8567 9471 6415
212 4 201 427 437 529
213 11 99 224 243 260 279 316 1195 4749 8160 5571 6488
214 6 123 220 374 547 3914 4135
215 7 137 257 272 2335 3902 9601 4440
216 6 28 323 6864 3799 9508 9731
217 10 99 225 332 1067 4232 7431 326 5118 5211 5272
218 12 158 598 897 1362 1853 2396 2748 7392 1278 3829 6140 6298
219 12 24 364 703 1086 4253 5190 7370 8537 7278 6346 5004 5230
220 8 214 1581 1913 2364 4321 6608 9235 9974
221 10 16 252 708 812 1445 3658 3835 4098 4265 9900
222 10 108 289 515 572 593 601 2155 5637 7987 7654
223 7 58 349 2830 4372 9696 1453 4883
224 5 213 555 2671 7085 9550
225 6 217 789 985 3558 4900 6794
226 5 172 4883 6366 7044 1281
227 6 11 365 1294 1860 7944 660
228 8 47 268 381 755 2474 2491 8301 3980
229 8 160 451 631 983 6234 288 2098 1574
230 3 11 1845 2007
231 3 166 1646 4986
232 3 123 473 612
233 6 159 1187 1544 2987 3093 8641
234 9 176 250 1339 2169 3122 9672 3734 6918 4680
235 5 184 2688 3370 5251 6169
236 7 30 261 1143 1211 2618 2891 7485
237 8 177 790 2451 4623 5427 1867 7350 7393
238 13 132 308 318 792 1227 1511 3890 8942 8946 1091 2894 3360 6395
239 11 35 273 1268 1639 9030 6049 5519 6930 8851 2393 8785
240 3 110 2293 7535
241 11 85 3625 3640 7122 3980 1155 1025 9494 1148 4766 2093
242 11 70 748 764 1542 2726 3452 4741 5619 7062 6575 244
243 6 213 3107 7922 5000 4986 3816
244 9 55 312 1995 4218 242 7190 6825 4845 3329
245 12 98 293 1459 1473 2148 6934 3056 1017 3484 1529 7929 7054
246 10 7 274 721 1065 1111 1750 3665 5332 4392 9480
247 5 184 998 5751 5272 543
248 7 34 445 1780 5716 8368 4804 6527
249 5 161 1101 2084 8539 6489
250 9 234 350 835 2457 3734 4838 7271 8356 5182
251 8 154 258 5094 5525 7480 3619 1407 6601
252 6 221 2203 2026 8478 5668 2876
253 7 108 610 887 1840 2406 329 348
254 6 13 307 810 883 927 8477
255 7 104 277 302 2316 2943 9410 8129
256 5 54 1493 5005 37 1442
257 3 215 395 1532
258 7 251 457 525 937 3206 6309 7120
259 11 111 744 1095 2737 3175 4069 5838 4757 1883 8157 4294
260 9 213 1451 2472 2482 3341 4555 7164 2491 8042
261 7 236 2761 5129 5968 7031 9249 9425
262 5 51 1355 2586 5858 2459
263 9 163 453 462 1278 1591 2129 4778 7974 7694
264 6 151 448 1815 3072 7247 8854
265 9 58 531 629 1060 3635 6933 7729 9502 9393
266 6 56 4113 5931 8272 8239 414
267 6 195 550 1184 7954 6661 9729
268 9 228 546 1293 1666 1865 3033 3537 4346 7278
269 7 185 271 693 1551 3761 2999 9675
270 9 37 380 1220 1399 2656 1660 4384 9808 2095
271 4 269 8451 7361 7123
272 11 215 376 1909 2289 2456 3010 3838 2082 3793 65 3270
273 11 239 3895 4364 6618 9889 9881 2724 8874 1165 8893 9839
274 9 246 317 355 869 1019 4447 8920 7861 4883
275 11 107 362 415 548 689 2224 2645 1910 3505 8857 5556
276 5 145 904 6684 7789 3326
277 6 255 627 2626 5659 9028 6458
278 5 143 8026 9585 1248 7793
279 6 213 1287 1803 3791 8924 8856
280 9 72 345 423 1030 6308 8641 2919 8041 8663
281 5 58 493 6984 2915 1050
282 5 68 338 2964 5541 2821
283 7 137 340 433 7602 3961 2564 7965
284 5 110 594 947 1437 105
285 3 110 378 8554
286 14 204 288 817 992 1049 1515 3232 5857 2515 6272 4939 3426 7493 2207
287 7 154 1448 4194 6184 6479 6942 4684
288 7 286 1563 2138 2719 8239 229 813
289 4 222 938 1068 4626
290 6 170 1382 2983 3075 9894 4670
291 9 133 1402 2140 8619 9876 5284 162 9359 5975
292 10 186 502 2394 6694 7848 8966 4551 5542 6912 8784
293 9 245 1423 2662 4713 5316 9316 9303 5818 1864
294 7 141 768 5654 9139 9108 1914 3409
295 10 119 394 404 2377 2500 5387 8049 6982 6904 1729
296 5 59 6520 9020 9063 2251
297 5 7 335 2431 5958 8645
298 8 174 705 1461 1910 3698 7066 5460 569
299 8 138 540 1347 8378 3394 3576 431 1324
300 8 207 885 1393 1480 5795 9853 1505 507
301 8 20 379 615 3001 6223 8699 4563 6126
302 5 255 422 2069 6151 4549
303 7 103 638 3009 7092 9870 7348 9005
304 12 111 479 1356 1966 2714 3713 4281 5009 1690 9436 5110 5388
305 10 141 337 382 486 987 8424 8872 7980 4182 9348
306 8 77 714 930 1091 6906 868 1296 3654
307 16 254 1366 3079 6213 7334 1539 3173 6387 5528 4781 2910 6877 1198 1100 2618 5947
308 8 238 3137 7410 8583 9431 9443 6164 183
309 7 102 640 9117 9449 2408 2469 9457
310 6 112 711 787 2121 6086 8463
311 6 123 1025 8948 4677 6489 1091
312 6 244 495 1297 743 6797 9122
313 10 116 405 478 710 1741 1996 3820 7906 2991 7471
314 7 210 458 1331 1371 2598 9125 5604
315 7 185 807 845 1344 4968 8525 7479
316 10 213 412 1228 1898 2897 6397 7879 2322 76 8277
317 4 274 842 1187 6441
318 12 238 325 701 797 905 2284 4047 6445 6087 5325 8173 8516
319 7 130 373 3639 6290 7371 6249 1824
320 8 83 567 1277 2227 2554 3728 7842 3146
321 5 206 674 1466 8049 5024
322 9 211 474 1625 1958 3277 3704 2479 7162 5097
323 12 216 369 439 1136 3042 3143 3146 6204 1127 2769 5715 7726
324 6 202 444 1622 9758 9562 9219
325 6 318 682 2123 5281 5110 9992
326 10 122 1163 3390 4573 5229 927 6610 504 5161 217
327 10 122 507 538 756 1134 1862 4666 1039 3000 2408
328 8 118 440 459 1683 4131 5837 4719 7176
329 10 15 637 1805 2078 1728 253 7166 8668 9992 9002
330 5 91 348 1490 2627 1630
331 5 0 566 1237 1317 8729
332 8 217 391 5631 8907 9616 1880 5993 6677
333 5 68 8615 3395 8605 3217
334 5 187 719 1622 2727 3788
335 9 297 1377 1902 3582 5007 3273 2165 9197 9104
336 7 195 460 1015 1108 5053 1145 7812
337 10 305 2970 4970 6749 7936 9888 5969 137 2871 6940
338 4 282 1119 4287 7094
339 3 79 568 4816
340 6 283 426 1346 2528 5178 2920
341 6 122 421 5474 7939 5038 8569
342 6 46 676 780 3405 3777 8931
343 7 62 1597 2020 4217 9112 4397 5844
344 7 59 524 728 1013 6684 8298 9227
345 9 280 982 1413 1790 2517 855 3169 6109 8096
346 6 5 1076 5194 2835 1429 4097
347 10 144 383 2165 3282 5785 6028 8707 2588 8288 2974
348 9 330 767 8443 5343 1875 2068 253 7777 3362
349 6 223 826 5078 527 9822 5174
350 5 250 1411 9558 2434 3914
351 9 136 696 775 1577 4534 7020 9931 6096 5966
352 5 189 671 1281 2534 2172
353 7 46 1631 2951 4992 5030 7125 9961
354 9 130 500 585 879 908 1820 4480 4521 8841
355 7 274 498 868 4363 6249 4325 4061
356 8 121 447 1139 7635 9356 3399 3727 8121
357 8 88 1408 3304 3483 8679 4102 7474 3244
358 10 153 806 1052 4811 4899 9728 2339 2360 137 7939
359 5 204 1039 5271 585 8041
360 8 182 556 4769 9961 8731 8243 3972 7864
361 8 131 1166 2430 7429 8711 1034 8678 9792
362 4 275 978 3297 8594
363 5 199 443 3325 9699 1003
364 7 219 3250 3879 5954 9485 5942 6164
365 4 227 2399 8533 5425
366 9 56 1000 9118 1592 7553 191 650 8258 511
367 10 32 392 471 665 1152 2927 6942 7345 1375 4577
368 8 73 695 2502 3932 6545 9970 967 3304
369 5 323 700 858 3556 4240
370 8 204 511 597 2906 8740 1888 6058 8071
371 7 128 606 3962 4037 6662 6838 7310
372 6 46 3008 8040 6369 1164 5743
373 2 319 1311
374 3 214 5079 2665
375 6 187 492 1470 3891 9426 1074
376 9 272 616 3109 4063 4431 7636 7880 2984 9003
377 6 54 751 973 5227 9951 9726
378 7 285 1835 4151 4411 3087 7080 5698
379 13 301 1387 1608 1883 2027 2179 2912 4488 4231 199 3234 7634 9037
380 4 270 754 3783 4166
381 10 228 783 2007 9756 648 9170 4162 4787 7577 1662
382 5 305 781 2808 6124 617
383 4 347 2405 2651 3262
384 7 204 386 1038 1132 2002 1401 2353
385 9 142 590 694 1566 9171 1669 9760 7075 7874
386 10 384 399 455 3648 5924 8452 1368 1060 9757 1353
387 6 33 424 2086 3467 7286 466
388 6 159 481 513 4760 92 755
389 9 136 1194 3017 3330 932 8018 3239 5667 1947
390 4 91 690 4710 6515
391 12 332 476 647 917 1096 1611 2092 3509 8333 1252 8932 3340
392 6 367 722 1122 1737 6922 6057
393 8 179 619 1026 3772 965 3038 5973 5874
394 6 295 416 429 3071 8934 2367
395 7 257 413 472 656 7200 1205 6167
396 4 1 4154 47 8937
397 6 114 3135 8717 7778 6171 1172
398 13 141 742 878 1885 1956 4618 5862 6659 9256 1541 1919 7501 9197
399 10 386 625 918 6726 9739 6485 1855 936 6910 2685
400 8 145 872 1307 8018 8059 1928 5444 4773
401 6 203 596 699 1908 9109 7636
402 7 164 3762 5911 6025 6904 2411 6766
403 12 196 463 1778 1937 2009 3815 5979 3618 5226 3093 9413 512
404 8 295 595 912 1117 2240 6804 9774 6126
405 13 313 663 2439 3188 3338 9636 609 5581 6814 8748 7050 4770 7562
406 11 64 683 824 1610 5957 8657 2667 2905 6100 8026 6616
407 15 126 1196 1407 1503 4896 5538 5632 2196 1213 8490 2440 3946 6911 9290 6981
408 6 119 966 1468 3756 7601 7421
409 6 155 520 558 4123 5315 122
410 7 16 741 1159 1670 4004 1649 2148
411 7 53 1062 8311 8457 9807 6089 1167
412 10 316 642 1457 1736 3564 4223 519 1621 1911 140
413 6 395 759 1315 1485 1415 1791
414 5 91 5570 7670 6473 266
415 7 275 431 667 1981 7524 4521 2029
416 11 394 469 3809 3939 6828 8680 4785 1903 5815 7810 5126
417 8 165 620 1256 1270 4130 5524 7186 62
418 8 107 1059 1370 2585 2660 4076 8278 707
419 7 184 449 1337 8526 2813 7181 3108
420 2 197 1167
421 10 341 916 2087 3888 7063 4685 2874 7945 3096 1417
422 7 302 477 877 2212 7520 2311 9902
423 12 280 528 539 603 3006 3469 3623 3840 8251 1729 5332 8303
424 10 387 570 898 1093 1738 2300 8187 4179 4581 7189
425 8 80 533 660 4201 2685 2183 9535 7756
426 7 340 4512 5788 4800 38 2450 9559
427 9 212 649 936 1033 6576 498 6371 1672 5299
428 2 166 2436
429 7 394 5256 6623 6612 9556 3951 6680
430 6 159 1702 2191 9582 1256 9981
431 4 415 1544 299 5182
432 9 192 3090 3336 4452 1126 9601 4693 3530 3142
433 6 283 760 1760 8256 7048 3246
434 5 0 9455 9482 3803 7689
435 4 144 438 909 2903
436 8 171 3960 5045 5720 6415 7605 4020 4904
437 6 212 834 7949 2477 4525 5776
438 7 435 1022 2848 6488 853 1602 4892
439 11 323 634 1567 2043 2075 3457 5542 7932 8006 9674 1598
440 5 328 815 4186 4210 5832
441 7 144 681 1104 2383 4066 4334 3879
442 6 158 527 618 9733 7221 6570
443 4 363 774 801 3150
444 10 324 820 1175 3335 6447 7130 8845 4554 5949 3265
445 9 248 1114 1153 1199 1497 1977 764 27 7125
446 7 27 589 757 6411 2069 8462 3818
447 5 356 586 3498 8062 2307
448 10 264 739 2293 2785 8421 8790 6466 1513 8041 9345
449 8 419 633 1180 3693 2685 9044 5970 5596
450 10 138 565 1092 1523 1831 3323 8564 3310 6584 3849
451 9 229 529 1160 1677 8104 9992 9964 7657 5165
452 6 118 578 654 1242 1925 6619
453 11 263 506 921 928 1766 3794 4463 6300 8744 4811 95
454 10 13 605 1072 2273 3141 5681 8512 478 9833 9073
455 5 386 581 668 3267 6754
456 8 74 461 499 825 1791 2788 4378 2037
457 7 258 2693 4235 8020 7993 1570 1490
458 8 314 467 2011 2475 8125 8024 9023 6810
459 10 328 509 1006 3395 682 6342 579 5774 1630 6822
460 6 336 1312 1417 17 8091 9418
461 5 456 501 1058 8259 1387
462 8 263 670 888 941 8024 6496 5078 9522
463 15 403 600 1236 1618 1680 1852 1894 1904 2409 3201 3686 4851 6403 9273 3608
464 5 194 3155 9611 2024 6047
465 6 156 2816 5238 7209 2880 4443
466 12 164 836 2404 4824 7239 5195 3484 8700 1060 686 3225 387
467 8 458 870 1443 1621 2268 4332 1031 9369
468 6 85 4361 4590 4915 3816 1166
469 9 416 1320 2869 4086 6910 8073 1730 5858 3027
470 5 89 2954 7594 1489 3071
471 6 367 587 1123 2326 1038 1453
472 5 395 3315 9206 2208 1441
473 6 232 561 969 5752 2132 3570
474 9 322 643 970 2061 8532 2961 1950 9889 3021
475 7 113 503 2756 4718 5949 1472 5741
476 6 391 4418 3946 7761 9908 6369
477 5 422 542 1349 2290 8132
478 6 313 1274 5602 8817 454 3339
479 4 304 950 1714 3550
480 5 15 1556 9384 953 2673
481 3 388 1285 1846
482 9 58 906 1192 1558 2792 9961 7774 888 2010
483 4 76 4059 9614 3168
484 8 71 1135 1888 2130 2280 6189 8043 757
485 8 132 536 779 3963 7184 9312 5636 2328
486 4 305 5929 2828 6298
487 7 72 687 734 1482 1754 8573 9326
488 8 38 2527 6187 8432 5599 1491 2818 2716
489 6 115 504 3834 7306 9884 9621
490 9 186 645 991 1416 9750 6424 8099 1262 493
491 5 20 8021 7013 5217 9173
492 8 375 517 3172 4250 7872 7985 518 3346
493 10 281 1319 1619 2083 8544 9386 8627 6123 8391 490
494 10 51 534 624 854 1276 4345 814 3222 5714 5751
495 7 312 496 510 1081 2220 1700 1870
496 7 495 867 956 9818 4199 6958 6055
497 7 103 942 5646 1375 4949 1117 7288
498 6 355 554 1599 427 20 3056
499 10 456 1219 1847 6339 6977 9586 9758 9769 6148 6723
500 6 354 925 5171 6731 8362 1628
501 6 461 686 1162 8123 913 2198
502 10 292 1906 4422 4942 4662 8396 7076 5747 6895 5959
503 6 475 658 1398 1688 4134 3568
504 16 489 569 2503 3630 5320 8807 9405 9948 5124 326 6662 3811 6481 2808 1972 4598
505 7 115 828 5071 6040 8366 6225 4006
506 7 453 1053 3858 5713 7977 1184 4197
507 12 327 584 709 990 2477 2919 4735 300 4249 6507 2532 3118
508 6 82 757 8198 9787 8437 7423
509 7 459 644 653 3046 8143 9401 3385
510 6 495 1854 7695 7692 7273 6628
511 7 370 575 1521 3464 7822 3437 366
512 7 35 1539 1617 7194 514 1254 403
513 9 388 1341 2215 3126 5539 5227 5017 9563 8250
514 11 189 655 1079 2127 9092 512 4404 6987 3752 7060 2250
515 4 222 902 1197 6805
516 5 161 544 3045 1830 6515
517 5 492 691 2757 4703 7690
518 5 81 9985 9518 3173 492
519 12 46 788 951 1174 144 412 6033 4625 5991 5612 4856 1859
520 9 409 2053 2499 6289 7083 8301 3418 3176 3045
521 7 177 577 766 7206 4415 1642 7333
522 5 2 980 1020 6148 6470
523 4 81 993 3128 5601
524 6 344 1465 9235 5379 9253 8222
525 5 258 730 852 3849 4454
526 4 176 1749 5261 150
527 8 442 3509 349 9798 6465 3124 1951 8474
528 7 423 771 2281 5352 5607 3191 7791
529 9 451 919 996 2907 9372 212 7543 6755 4791
530 7 57 535 865 1405 1655 3266 3541
531 2 265 777
532 6 32 1155 4207 9263 3891 7650
533 3 425 1171 1955
534 10 494 1016 2624 7163 7972 5641 8948 5308 8532 9337
535 8 530 2576 2743 8252 8895 6498 2964 3825
536 8 485 1090 1106 1623 2351 8152 824 6580
537 11 64 1922 2732 5375 6129 6242 5789 5598 1716 7801 8633
538 10 327 718 724 784 2142 3190 5757 4309 9291 5250
539 6 423 733 954 3049 6468 7665
540 4 299 3869 5111 762
541 7 185 3420 4591 4697 177 4153 1247
542 9 477 604 732 2346 2508 7729 2275 2015 5795
543 12 37 662 2568 3029 4111 5084 4369 247 9407 6687 1470 7249
544 8 516 639 1568 4815 6280 6116 2309 2452
545 5 5 1767 4554 7716 3600
546 5 268 4953 4354 37 1495
547 4 214 6526 204 2162
548 7 275 1107 1759 2564 8525 5525 5565
549 3 79 613 3707
550 4 267 940 1492 18
551 7 208 1130 2941 6792 9349 1264 9454
552 5 37 1421 3448 7859 3716
553 6 199 648 2690 7717 8875 606
554 7 498 630 1069 2357 2341 2562 8234
555 3 224 704 1258
556 10 360 702 2791 2889 2932 4251 50 5692 8094 5963
557 7 68 673 4071 7851 1601 4758 5024
558 7 409 743 1984 2405 6002 8137 2654
559 5 3 2016 8315 4068 7380
560 7 187 677 1127 1772 7176 6851 2179
561 6 473 623 4688 6270 8976 2941
562 7 61 763 831 2888 5235 9768 9852
563 7 90 3981 5022 3274 7508 5883 7526
564 4 54 1199 2196 7777
565 7 450 684 4654 5498 6433 3285 9677
566 2 331 3477
567 7 320 2221 2332 6018 8515 9142 6033
568 6 339 712 2433 5098 2357 778
569 13 504 1064 2204 5743 6798 8436 3447 3552 9620 6838 8974 298 69
570 10 424 571 588 1454 1869 6359 9832 5131 5708 8092
571 9 570 745 924 2733 4433 6373 5009 1417 4628
572 5 222 840 9540 8421 8749
573 9 87 847 2388 5578 1166 9733 9214 5737 4130
574 5 32 7176 7614 3189 1557
575 6 511 1334 1518 6827 1197 2374
576 5 87 900 4709 1897 4912
577 8 521 2107 5057 5226 104 9128 2101 7134
578 5 452 7042 5470 4399 4177
579 6 64 2832 5792 459 3078 6919
580 8 189 8212 3448 3412 1080 4722 9442 2335
581 5 455 587 8467 6548 9195
582 5 132 1726 1745 6864 8039
583 8 11 2193 3682 5182 4376 5124 9473 2230
584 6 507 749 5119 6899 8287 9047
585 6 354 1200 4537 359 9642 2809
586 4 447 2882 7131 5681
587 6 471 1753 3328 7110 4176 581
588 6 570 1113 5970 73 3127 2012
589 3 446 975 3827
590 8 385 1730 1983 5337 5703 6129 2603 4313
591 5 49 1799 2223 3526 8220
592 3 12 2501 1451
593 6 222 1015 5425 8670 9743 7684
594 5 284 1703 1954 2018 2184
595 13 404 1378 1672 2151 2901 4756 7768 4273 2339 1111 7451 7154 741
596 8 401 778 4263 5909 9797 2316 4276 5112
597 9 370 813 914 9516 5292 2174 8362 9415 6473
598 11 218 611 621 1658 3324 3848 5367 5140 8653 1013 7447
599 3 96 5721 1345
600 7 463 861 1083 2063 6338 3166 4482
601 9 222 1403 2591 2713 7816 4408 4881 9938 9642
602 3 96 6300 72
603 8 423 860 3977 6042 1485 7468 5267 1901
604 7 542 881 1735 3294 7738 9175 7895
605 11 454 1056 1723 2410 3333 8881 788 6736 5996 1873 9490
606 7 371 949 2370 2847 553 6778 8114
607 5 41 659 1477 2132 7400
608 6 187 844 2588 688 4333 3028
609 6 14 738 9346 405 7914 9391
610 4 253 3618 6111 6798
611 6 598 770 1365 8524 5714 1602
612 5 232 1404 4783 4169 6111
613 3 549 4471 967
614 3 69 1084 7788
615 5 301 2507 5730 9551 6637
616 5 376 1023 1697 2417 6404
617 15 82 664 894 1050 1283 1286 5750 9417 5075 382 6960 8671 4327 6814 1742
618 8 442 773 1088 1887 4078 3837 8758 7427
619 6 393 896 9441 5520 8817 4785
620 7 417 6032 2521 9150 9924 2490 6967
621 4 598 7058 2575 6908
622 6 181 2637 7644 5958 6769 9909
623 14 561 672 1444 2711 4503 9646 3011 5484 7506 1404 9546 1676 8470 5533
624 6 494 4020 9231 8974 7409 5970
625 8 399 1250 4174 9981 2942 6873 7923 6721
626 4 148 7705 7625 2567
627 8 277 636 910 6537 3168 4453 8357 9822
628 4 45 7190 1536 8283
629 6 265 7127 9328 2449 8812 100
630 4 554 680 4280 3247
631 5 229 1146 1209 8372 4569
632 8 164 737 791 953 3505 5761 6925 8041
633 7 449 661 838 1537 6329 1456 5299
634 12 439 758 839 932 1494 2522 5161 8461 9351 101 9627 4508
635 4 112 1135 4933 8257
636 3 627 1165 6988
637 9 329 1071 1881 5260 6974 1004 2293 4545 4652
638 4 303 7884 9709 4205
639 8 544 698 1679 1693 3374 4920 1734 1550
640 6 309 735 907 1478 4112 6443
641 12 108 2455 5038 7235 8793 9946 9429 9440 754 2212 5607 7824
642 6 412 2128 3900 6696 131 1464
643 9 474 1855 1861 3179 7802 9325 9434 8631 1318
644 2 509 2082
645 10 490 943 2391 2467 5955 7280 7484 978 2976 8953
646 11 129 777 1082 1540 7107 1504 4487 5824 1912 9057 1699
647 5 391 1419 1430 4825 6918
648 5 553 1716 381 2932 2486
649 9 427 1040 3258 6224 7098 7309 9790 5972 8672
650 10 205 2759 3215 5580 9203 9745 6186 9645 5364 366
651 6 49 796 1173 1212 1298 2691
652 6 66 1837 6131 6379 7640 3911
653 6 509 874 1498 5102 5724 2644
654 3 452 2097 9330
655 8 514 851 1257 2466 3076 3280 8290 7335
656 5 395 4995 6811 2727 4386
657 7 160 1818 6058 7203 4354 7223 4548
658 7 503 863 1379 3119 9259 5862 7872
659 2 607 3821
660 2 425 227
661 3 633 1169 1960
662 7 543 3736 8582 5388 8144 6437 691
663 10 405 782 2072 5578 7992 4578 4511 4301 1969 9509
664 6 617 746 961 6996 1623 6903
665 8 367 895 962 2826 5626 8303 4011 5806
666 3 26 3364 4854
667 10 415 884 1390 1782 3624 5758 6251 7395 6219 4699
668 5 455 1374 1557 2308 2189
669 5 99 1447 1555 1674 6163
670 6 462 965 2279 2596 2754 5838
671 3 352 1890 3390
672 2 623 2032
673 7 557 1221 2915 6299 6421 6007 4104
674 5 321 5100 7650 2871 8684
675 7 53 717 4163 9793 4167 6587 7016
676 8 342 2470 2539 5849 9828 3513 2740 7404
677 13 560 793 1014 5464 5559 9652 9988 934 4823 4188 2714 9192 7780
678 3 117 2621 2648
679 5 147 1460 7000 4053 3604
680 11 630 922 1263 6116 7499 8049 6271 6439 934 5256 9514
681 9 441 853 1528 2339 6292 721 6069 7822 8021
682 5 325 1214 459 9803 8991
683 13 406 866 952 2786 4387 7798 8711 9201 2151 5444 7604 1920 8475
684 7 565 2698 3790 5024 6302 6915 6374
685 9 102 1150 4655 6094 3810 9969 7051 8575 9926
686 3 501 4706 466
687 7 487 2452 3488 3640 6399 8812 6051
688 6 46 715 3750 608 2864 8638
689 11 275 1203 4823 6178 6987 5122 1875 5509 8418 1453 9415
690 5 390 2066 1215 7698 2592
691 4 517 6967 8958 662
692 8 150 2091 2494 2875 3559 8105 9677 5533
693 6 269 823 876 989 1643 8067
694 5 385 1302 1316 8890 9768
695 8 368 875 931 2880 8360 2645 2269 4980
696 6 351 1004 6834 4355 9903 1164
697 4 163 3382 7287 2617
698 4 639 9406 5868 8123
699 5 401 934 3231 9666 7857
700 8 369 1231 9380 9726 3733 5535 9260 951
701 9 318 1748 2873 4939 6234 1225 8681 8910 4433
702 6 556 2299 2490 6887 5681 5975
703 9 219 5916 1979 7524 8207 4375 5386 7049 7612
704 5 555 1429 7202 1669 6412
705 12 298 880 1914 3031 3823 5678 3401 2932 2549 873 7103 5706
706 4 15 2360 3657 4044
707 9 63 933 2354 6440 9922 418 5543 2900 7459
708 4 221 1288 5142 5583
709 6 507 901 4668 3174 97 2066
710 6 313 3305 9823 7468 4333 8610
711 4 310 3278 3741 7590
712 5 568 1191 2044 1406 6017
713 7 103 1128 5239 6981 2829 1061 1018
714 6 306 1188 2858 3153 5600 4565
715 6 688 786 892 944 1202 3118
716 9 119 2592 3234 3339 141 7526 46 4996 1648
717 9 675 2116 2167 6529 7201 7904 9043 4614 2246
718 9 538 2122 5984 5991 8525 5544 6259 4281 1047
719 7 334 2083 7484 6714 8149 5456 4014
720 5 120 829 3586 7978 6733
721 5 246 3607 4577 681 7522
722 4 392 2014 9918 2738
723 7 62 1029 1310 4535 9013 8165 5246
724 3 538 850 8857
725 7 64 3679 9214 7407 8857 2561 8416
726 8 91 811 1142 1164 1516 2249 1529 5344
727 3 34 4764 8182
728 6 344 1527 6110 204 2769 4705
729 7 80 2048 2135 3471 5836 3250 3485
730 4 525 964 2017 6260
731 5 121 4472 6158 7378 8595
732 3 542 77 1546
733 6 539 1274 4876 3629 9504 6115
734 4 487 772 1828 7639
735 5 640 1284 6855 1189 9316
736 9 77 1105 4698 7649 7964 2509 3981 101 66
737 8 632 1306 1962 2514 2902 2641 5767 179
738 7 609 1031 2777 4040 7126 8433 4742
739 6 448 2488 5698 5961 3231 3890
740 5 172 3011 8927 2784 2236
741 6 410 1110 9644 595 3436 1962
742 7 398 959 997 1930 3419 5689 6631
743 7 558 1085 1636 8738 312 3000 8168
744 6 259 1932 4753 4551 7158 4367
745 5 571 1021 1190 7073 7655
746 9 664 911 2571 4078 9225 4428 5290 4426 2870
747 7 211 6257 5600 4364 6897 2599 4967
748 6 242 1734 2956 5009 1132 1101
749 8 584 873 3014 3536 3562 8512 6385 5267
750 7 83 899 2355 8460 2480 6243 1196
751 8 377 2776 4789 9077 4804 4508 6911 1637
752 6 147 1061 7096 6207 7608 9764
753 6 197 1536 4625 4407 7752 3536
754 9 380 805 2914 7971 8623 1503 9491 641 4479
755 5 228 1116 1524 388 8238
756 6 327 1903 2311 5461 3112 1962
757 8 508 957 4070 8924 446 6610 484 8219
758 5 634 6025 6626 8948 6293
759 4 413 159 1355 9083
760 5 433 6533 6693 9769 4817
761 9 53 862 2250 2318 6652 6046 5313 6976 5129
762 5 183 5988 3010 7835 540
763 7 562 848 1323 1998 2271 9104 900
764 8 242 1075 7588 7944 445 2201 7047 7946
765 4 117 1207 5120 4434
766 8 521 4475 8793 6114 5699 8865 4939 5765
767 3 348 5612 7617
768 5 294 1690 7290 3044 7661
769 4 108 1676 3264 4675
770 7 611 4694 2021 8983 9650 7433 4722
771 8 528 2870 3194 6139 9946 7195 7491 4125
772 6 734 2844 7926 5500 2426 140
773 6 618 3416 3502 8618 2088 9219
774 10 443 1073 1598 1665 2118 2371 3406 4478 4985 9327
775 7 351 1217 4451 5879 7490 8232 3628
776 12 163 1222 2077 2523 2614 3569 5133 7058 4215 8767 1191 7068
777 4 646 9290 531 7443
778 3 596 568 9062
779 8 485 1215 1224 5644 6493 7111 4336 7439
780 8 71 1291 2384 342 6536 3531 6920 908
781 13 382 1035 1342 2274 3451 5449 9958 9662 6437 5104 2431 4835 6209
782 7 663 1343 9749 7441 1788 6790 8899
783 5 381 814 3465 5815 9231
784 8 538 809 4558 6668 9623 8462 1887 3495
785 9 141 926 1121 1185 1216 5167 7961 9610 5189
786 12 715 1607 2835 2944 5068 5177 6160 5051 2101 978 6913 1219
787 7 310 2652 2820 3916 7401 8608 6530
788 8 519 794 1843 605 2087 5723 5737 1340
789 5 225 2705 8499 4831 9178
790 4 237 1562 3103 887
791 6 632 2278 6425 7997 6048 9952
792 2 238 6043
793 10 677 1126 1514 1938 4529 5577 820 857 4938 8824
794 9 788 1388 5343 8459 6130 2975 1762 2377 893
795 8 100 1147 2263 3468 4782 2159 9322 9314
796 4 651 1956 1256 2696
797 6 318 2659 5449 1723 9552 3519
798 8 79 1055 1601 2060 4582 5207 8850 7832
799 13 138 1148 1769 2413 4031 5376 5484 6280 1157 1564 3663 3617 2297
800 9 148 2882 3041 1716 7731 7171 6751 7066 9748
801 6 443 821 1157 5234 8523 4363
802 5 78 1010 1929 4894 2612
803 6 50 846 9750 4257 8600 3644
804 4 84 3021 4150 4758
805 8 754 843 4081 4801 6291 6997 1370 1063
806 3 358 2975 3249
807 8 315 2362 3098 6035 9433 1187 7569 9159
808 6 88 1824 2506 2666 7622 4601
809 9 784 1046 2717 848 1993 2215 8020 4280 6444
810 6 254 1275 1580 6510 5708 9461
811 6 726 1260 4120 3992 2909 1366
812 2 221 4569
813 7 597 1757 2559 9007 1820 6088 288
814 8 783 3085 3178 4188 2116 494 7229 5535
815 7 440 1003 1182 9010 8453 2283 9364
816 4 40 2276 8761 9123
817 2 286 1239
818 13 139 2303 2368 2552 3922 6237 6239 8011 9475 4258 853 4717 1593
819 2 206 3864
820 6 444 2677 3607 5340 3645 793
821 8 801 1743 4413 5982 5844 8256 2447 3138
822 8 44 1154 1582 3378 6755 4553 1428 94
823 4 693 7466 4446 4264
824 9 406 955 7856 6954 6120 3250 8911 3195 536
825 11 456 1103 1186 1295 6960 8939 61 4687 8318 7462 7893
826 5 349 1070 2334 4429 3006
827 3 14 8330 3864
828 6 505 1118 1198 2088 1207 4648
829 6 720 967 1044 5825 6601 8635
830 6 19 2058 7254 8104 1425 4701
831 3 562 4391 4434
832 4 37 9486 172 3598
833 9 47 1345 9167 3574 24 5522 9886 4801 7040
834 5 437 2197 8773 8051 7972
835 4 250 913 1762 3327
836 7 466 1487 2529 4091 4404 8398 1235
837 6 125 1344 1972 2356 7464 3507
838 4 633 7318 7682 1290
839 5 634 945 1045 4558 2264
840 4 572 984 7797 8008
841 6 53 1418 3679 6191 3663 6066
842 4 317 6729 129 4816
843 8 805 1373 1876 3105 8441 2820 5613 3348
844 11 608 2265 2798 3255 4600 4949 2480 2157 2855 4845 1544
845 4 315 3148 7002 1998
846 4 803 9559 6574 7274
847 4 573 7838 9644 6297
848 5 763 963 809 3247 7708
849 3 166 2704 3022
850 12 724 891 1376 2296 2813 3548 3894 4004 3995 5418 1759 5316
851 3 655 2258 8639
852 7 525 2421 9774 2671 6663 8671 3285
853 11 681 1900 1941 1967 2929 3287 9722 438 9739 8560 818
854 7 494 7474 7660 8941 8518 7064 7692
855 9 105 882 890 5276 6075 4053 345 7568 7438
856 11 148 2536 6059 8139 7952 5260 5503 5430 9815 1214 9494
857 6 152 2480 3819 4692 793 1523
858 7 369 9054 6485 1668 4011 4534 9168
859 7 154 1269 3043 4637 4163 8072 1670
860 7 603 923 6779 892 3261 5971 9267
861 6 600 1836 2770 3663 6963 8473
862 7 761 1596 2050 2717 2791 9978 7146
863 8 658 2597 2933 1940 9139 4834 2335 1746
864 5 204 1520 1569 9957 5167
865 7 530 1141 3621 4143 7309 8806 7754
866 8 683 3859 2519 67 3909 4448 3147 2555
867 8 496 1720 3643 5403 7362 9199 6405 9045
868 7 355 1538 1877 2952 3354 306 5561
869 5 274 988 9484 3785 3184
870 7 467 1335 3651 7436 4297 6974 4384
871 9 153 935 5793 4229 8953 4137 6504 2314 5254
872 8 400 1290 1340 2731 8025 1376 9332 121
873 7 749 1076 2251 4658 4546 705 7601
874 6 653 1357 1456 7889 4479 8908
875 8 695 1028 1604 7245 9519 7404 7844 5470
876 6 693 974 6341 3571 5072 6144
877 9 422 889 1481 2960 3926 7580 8030 6935 7659
878 8 398 2056 2437 5781 6759 5744 3746 4124
879 10 354 1129 2389 3111 4612 9945 9105 6487 955 164
880 6 705 886 2715 6317 1934 1529
881 4 604 2923 3417 1673
882 5 855 2293 3867 6897 7324
883 6 254 1872 4164 9724 7831 8421
884 11 667 1099 2192 2775 3437 3937 7394 9090 5677 9036 5435
885 7 300 7004 7869 3128 2209 3316 7166
886 6 880 986 1350 3373 7945 6496
887 9 253 8781 8758 4636 2436 8960 9390 790 5563
888 8 462 1970 1974 2448 8317 9021 5463 482
889 6 877 1112 1615 2638 1635 1446
890 4 855 7223 6560 7643
891 4 850 4093 9711 8899
892 8 715 2098 2338 2855 2428 860 9268 7918
893 5 95 1358 1978 9577 794
894 4 617 1232 3184 5488
895 7 665 2799 4476 5677 7011 8897 7813
896 8 619 1620 1884 2369 4604 7508 3484 8200
897 7 218 1949 3356 6524 8838 3442 8016
898 8 424 1642 6506 7600 9594 1161 1835 7800
899 5 750 1574 8985 6464 1549
900 9 576 1089 1266 2175 4146 8600 2082 9073 763
901 4 709 1682 5602 6720
902 7 515 1452 1858 6273 7854 1770 2091
903 10 90 1032 2005 4659 9031 2227 8086 9367 5213 6791
904 6 276 1060 7359 4452 6287 7794
905 3 318 5840 3465
906 10 482 1051 1765 2841 5153 9188 1786 9035 9771 9664
907 6 640 1042 3385 7413 9709 4926
908 4 354 2317 4405 780
909 10 435 1100 1131 2741 2945 3379 9739 2048 2794 4102
910 8 627 4802 5526 3054 1546 3626 80 8379
911 4 746 3707 5419 5217
912 7 404 1223 3572 5441 5753 4584 7303
913 5 835 2868 3838 501 2617
914 6 597 915 1565 5816 6602 1115
915 6 914 1449 5479 9896 4853 5780
916 4 421 7653 5640 3710
917 6 391 994 4780 7810 6468 7187
918 8 399 1613 4032 1831 5657 5634 7482 8001
919 10 529 2716 5295 6936 7655 8295 4552 9573 3207 9346
920 8 38 960 1296 2269 3334 7286 7623 6955
921 3 453 2516 9274
922 7 680 8861 8600 8680 2817 8446 9599
923 6 860 1057 1531 1944 9068 1450
924 7 571 979 7080 5474 2315 6481 8826
925 6 500 1330 2131 3436 7373 9132
926 6 785 1850 80 1421 5187 1183
927 9 254 2170 5462 5756 7662 5489 326 55 7184
928 3 453 1507 3035
929 6 184 7634 1427 8564 200 7275
930 13 306 939 1529 1530 1588 2032 6159 8350 2447 3503 3784 1525 8998
931 5 695 2133 2292 8273 1841
932 5 634 1074 389 8735 5462
933 7 707 1857 3300 5669 3769 1125 4009
934 7 699 1305 2908 3055 8921 677 680
935 8 871 1533 2029 6363 7741 3193 7108 2330
936 8 427 1140 5854 399 7280 5898 5552 5023
937 10 258 999 1816 2226 2341 6463 8854 4350 8210 2890
938 5 289 7407 159 3119 171
939 8 930 2992 4690 6080 4405 7541 7936 3026
940 6 550 1137 2422 6057 83 7889
941 9 462 1009 1289 2718 5861 8658 6746 1411 7243
942 3 497 2381 7787
943 7 645 1392 2990 3805 6498 3441 6149
944 7 715 2794 5649 9225 7575 1995 9820
945 4 839 3100 3106 2474
946 8 138 1253 1432 2196 2739 4660 2074 1775
947 6 284 1246 9310 4841 6651 8015
948 10 51 1359 1662 1789 5361 6620 9915 6443 2283 3784
949 8 606 1043 1455 2079 7995 8070 8924 6861
950 6 479 2615 3774 4528 6333 8532
951 3 519 6635 700
952 6 683 2425 2790 1401 2686 7161
953 13 632 1975 2736 3311 3372 5062 480 1193 9734 9944 6972 5794 7443
954 4 539 1880 4011 3086
955 9 824 2428 4720 4387 6441 7326 4108 879 6763
956 5 496 1170 4122 8350 6455
957 4 757 2710 3329 6391
958 2 170 4382
959 5 742 2495 8110 6479 6116
960 8 920 2350 2622 2722 8327 4961 968 6674
961 10 664 981 2789 3458 3956 5614 6016 5065 91 7805
962 4 665 1156 3579 4880
963 5 848 2981 2988 6656 7848
964 5 730 2012 4393 5242 8200
965 4 670 8194 393 1203
966 2 408 2021
967 6 829 1208 3531 7267 368 613
968 9 147 1098 2446 3999 5711 7616 960 4320 2565
969 10 473 1705 2916 5748 7847 6855 7123 1499 7496 9892
970 5 474 3074 4909 2067 2379
971 4 29 2641 8435 1414
972 8 16 1036 4525 5912 6061 6104 9811 4931
973 4 377 7659 191 2037
974 7 876 1489 1526 2549 7310 2322 4422
975 5 589 1161 2742 4386 8646
976 10 194 1441 3064 6044 6599 6961 8687 2432 9533 1899
977 7 54 3131 5723 9527 1866 7272 2194
978 8 362 2764 1362 4533 645 786 5531 5078
979 6 924 2256 6076 6671 8708 6027
980 4 522 1856 7031 19
981 4 961 3720 5674 7574
982 7 345 2064 2199 2778 2997 4233 6995
983 8 229 1499 1675 1807 6965 7911 4612 5631
984 8 840 4538 6661 6663 5996 1358 8307 7566
985 7 225 4311 9790 7604 9571 5092 2918
986 4 886 1570 1878 4641
987 3 305 4879 5384
988 4 869 2845 4249 3038
989 8 693 1008 1491 6781 6975 7112 5904 8542
990 7 507 3578 5219 5823 8479 4384 3245
991 6 490 2584 4121 8951 2052 5574
992 7 286 1115 3440 3744 4252 4492 4587
993 7 523 1989 3246 6631 8790 7833 2956
994 7 917 1172 6767 9391 6776 7876 3853
995 6 48 3726 4589 7275 5289 9494
996 5 529 1303 178 5706 6370
997 4 742 1204 6898 2695
998 4 247 1786 6637 4987
999 9 937 3845 4705 1777 8199 7688 5785 1512 8591
1000 7 366 1525 3936 6269 9626 8054 5305
1001 7 15 1102 1863 7627 4641 2144 6840
1002 6 36 5471 7110 2920 9688 2000
1003 9 815 1011 1369 2787 7246 6294 363 7515 9832
1004 4 696 1226 1326 637
1005 12 9 2065 2237 3543 8201 2937 7060 4558 7818 6154 9092 4302
1006 11 459 1446 1545 2319 2623 2980 3401 6655 6290 9287 7579
1007 6 202 1438 2042 3186 4627 4740
1008 10 989 1351 1708 3821 4006 2808 8145 6513 9481 4565
1009 5 941 4139 7520 1909 4664
1010 7 802 1080 2073 2136 5187 8218 9879
1011 6 1003 1292 6603 9050 2449 8007
1012 11 79 3689 6326 6665 6941 7447 9962 3570 9672 3672 3371
1013 7 344 1833 8103 9407 2587 598 5897
1014 7 677 4310 8286 1932 8228 5219 3088
1015 6 336 3428 8322 593 2928 7741
1016 6 534 1300 1827 2228 3472 2321
1017 9 152 1773 5209 6947 9988 245 1647 5825 6242
1018 8 195 1087 5860 6330 7833 5482 4500 713
1019 8 274 3519 4790 5458 5029 5558 2807 2957
1020 10 522 1587 3770 4106 6442 6654 2140 6797 79 2274
1021 3 745 5364 4829
1022 6 438 1770 3779 3887 3481 4483
1023 5 616 6920 6137 6638 3206
1024 7 11 2232 2464 3549 4430 8580 4941
1025 8 311 3233 3951 3528 3237 4517 1919 241
1026 9 393 2244 2257 2560 2904 3221 2732 5343 2529
1027 4 44 2504 9364 1405
1028 5 875 1068 6723 9769 9162
1029 4 723 4946 1475 4650
1030 6 280 1177 2051 6743 8621 1222
1031 7 738 4302 4439 9804 9485 8592 467
1032 8 903 1935 6125 1400 5548 194 9275 6680
1033 6 427 1034 1360 3213 8668 7867
1034 5 1033 1823 9459 361 6183
1035 5 781 3184 4108 6842 6738
1036 8 972 1047 6590 4792 7299 3836 6367 4890
1037 4 104 1412 1771 3050
1038 10 384 1328 1484 2201 2365 8968 6419 2317 471 3643
1039 9 359 1054 1802 5135 5766 8282 7208 327 7725
1040 9 649 1992 2039 7380 5012 7618 3680 7177 8762
1041 7 196 1267 3273 9816 8590 5913 7619
1042 4 907 6563 3233 6942
1043 5 949 1327 1795 4345 8371
1044 6 829 1695 3826 5643 6241 182
1045 8 839 1849 4259 7813 9400 5721 4583 8721
1046 6 809 1704 6725 7521 9891 3113
1047 8 1036 1605 2695 8212 2034 6832 3742 718
1048 5 194 1329 2217 5467 7416
1049 7 286 2558 3224 1713 8176 8349 9382
1050 9 617 1628 7452 8678 7534 8824 9546 9332 281
1051 2 906 3170
1052 8 358 2305 5076 6105 8691 4715 6739 5902
1053 6 506 1647 2442 3267 4537 7545
1054 9 1039 1874 5989 6808 9572 2112 6648 9579 61
1055 9 798 1109 3173 4346 4392 5204 7308 3471 2369
1056 4 605 5067 3630 1218
1057 5 923 1671 6111 6031 1094
1058 8 461 1584 2211 2751 4170 8078 8855 163
1059 12 418 1808 3359 3918 4809 5509 5608 5978 7234 8074 4315 9269
1060 19 265 1094 1271 1433 1535 2037 2081 2833 8688 63 8051 466 8814 2359 386 2964 904 6771 2891
1061 8 752 1629 2163 8699 713 1503 4449 7889
1062 7 411 1124 1282 7962 2779 7043 6269
1063 10 155 1519 1866 3769 8171 1511 115 6223 4033 805
1064 4 569 1686 4498 4048
1065 7 246 2579 1789 7426 2347 4169 2393
1066 9 22 4198 5047 5255 5926 8277 8395 1271 4851
1067 6 217 1926 2252 2577 2309 9227
1068 11 1028 1240 1255 1375 289 3210 5049 3912 4090 4991 7929
1069 7 554 1654 2459 1772 3422 2138 2459
1070 6 826 2231 5442 2252 8778 1980
1071 5 637 2804 5712 6821 3070
1072 4 454 9627 6629 4994
1073 7 774 1508 3993 6874 8056 8449 207
1074 7 932 1251 5036 7059 8493 375 30
1075 7 764 4088 4617 7820 5186 7742 4074
1076 9 873 3967 7537 7938 2928 346 4641 1724 8506
1077 4 77 3931 4616 8482
1078 7 90 4103 4333 2896 1583 1347 4038
1079 4 514 133 7262 3485
1080 11 1010 2796 4330 4793 5593 8525 580 5745 5659 7924 44
1081 6 495 2441 6686 47 4815 2011
1082 5 646 1947 2030 2417 1969
1083 9 600 2103 4562 5250 6718 5528 5375 3883 4743
1084 2 614 3861
1085 8 743 1733 1918 2366 2713 5956 8557 7249
1086 6 219 1301 1318 6560 5581 9909
1087 9 1018 1308 1821 1380 9796 2734 3858 2842 4531
1088 3 618 8500 2216
1089 3 900 1640 3322
1090 7 536 1230 2173 3585 8380 2844 6940
1091 5 306 3615 238 7557 311
1092 4 450 1440 7891 5712
1093 5 424 5351 7918 8620 8600
1094 5 1060 2019 7242 2642 1057
1095 6 259 2040 3568 3815 4829 2459
1096 9 391 1381 1400 3364 1442 3686 6000 4752 9493
1097 4 122 1210 6704 4602
1098 6 968 3746 6113 8274 8816 9352
1099 8 884 2348 3676 6164 6364 9702 2216 7682
1100 8 909 1261 1385 1463 3094 3203 9421 307
1101 9 249 1768 1923 7306 7444 4995 2249 748 2229
1102 6 1001 1243 2911 8140 1426 7452
1103 2 825 5660
1104 7 441 2646 9400 3204 8747 5285 7378
1105 6 736 2669 2378 8581 4364 3430
1106 8 536 1549 7158 9282 1189 2466 6970 9861
1107 6 548 1425 7147 9341 1420 9922
1108 6 336 1193 2708 6314 8677 9461
1109 6 1055 5000 8745 9740 8772 5440
1110 2 741 4349
1111 3 246 595 2114
1112 8 889 1238 1304 1839 2117 8576 8964 6669
1113 6 588 1483 1469 2908 8734 9108
1114 7 445 1573 2795 5233 5725 9744 3228
1115 4 992 1373 3503 914
1116 4 755 1298 7900 9249
1117 9 404 1120 2310 2839 9884 497 6843 1538 3002
1118 8 828 1479 3693 4009 3308 1640 8058 7561
1119 4 338 4705 7403 2953
1120 4 1117 5292 5498 3368
1121 4 785 1247 2004 8436
1122 8 392 1450 1776 3268 3942 4550 6011 9330
1123 5 471 1879 9985 6234 3948
1124 5 1062 3638 4462 5923 3649
1125 9 5 1178 1249 6218 4399 8 933 1168 3035
1126 6 793 1740 432 2736 2643 5682
1127 8 560 1229 2345 7890 8013 323 6668 6768
1128 4 713 3824 4451 2889
1129 6 879 2109 4216 2398 4693 8040
1130 6 551 1218 1273 2444 9155 1697
1131 3 909 9493 3193
1132 6 384 1809 3743 748 1177 94
1133 7 24 2062 2202 4530 4820 1136 4130
1134 2 327 7166
1135 5 484 1700 5480 8701 635
1136 7 323 4136 7352 6491 9084 1133 5347
1137 2 940 4423
1138 5 108 2683 1245 5876 179
1139 7 356 4236 5004 8208 8555 5494 6441
1140 5 936 1176 1840 8395 6638
1141 3 865 1936 8159
1142 3 726 3374 7786
1143 7 236 2052 2159 2424 4524 2419 3808
1144 6 99 3800 5944 4318 5072 8143
1145 5 166 5722 336 5564 3006
1146 7 631 2483 3551 4379 8746 4854 5620
1147 6 795 1681 2282 2978 3174 6386
1148 5 799 2821 7385 9723 241
1149 4 125 7820 8426 8074
1150 3 685 3053 2439
1151 9 95 1893 1927 6411 1451 103 11 6978 3589
1152 3 367 3097 5747
1153 4 445 5025 6367 3677
1154 2 822 2046
1155 8 532 1712 2580 2779 3133 6162 241 6654
1156 4 962 3063 4757 4276
1157 7 801 1436 5132 799 6033 3410 4301
1158 8 78 1338 8476 9520 6438 4111 7271 7388
1159 4 410 1637 1535 9046
1160 8 451 1389 4283 8601 1335 8183 4212 2040
1161 4 975 1779 898 6560
1162 9 501 2304 4812 9888 1387 2407 7777 2540 1923
1163 9 326 1559 2818 3367 1176 7820 4168 4337 8066
1164 8 726 2657 3885 8972 7981 372 696 2477
1165 4 636 4036 4532 273
1166 6 361 2038 2074 3772 573 468
1167 8 420 1181 1213 2812 7132 3385 411 1229
1168 5 61 5159 1125 8586 3476
1169 6 661 1510 2509 4016 7812 6733
1170 6 956 2172 3052 2966 2971 3083
1171 4 533 3156 4348 3942
1172 6 994 1661 4497 2161 6056 397
1173 7 651 2157 2166 5202 9858 5992 7762
1174 5 519 1467 6328 7745 1795
1175 6 444 2403 9387 8815 6766 8212
1176 5 1140 1163 9260 9980 5246
1177 8 1030 2297 8876 9523 4360 1132 6760 7520
1178 5 1125 6402 2222 5799 3793
1179 7 190 1234 4658 7258 9192 2632 5840
1180 3 449 5170 6479
1181 3 1167 4113 8630
1182 5 815 2247 7466 9573 2529
1183 5 125 1968 2595 2706 926
1184 5 267 4241 9568 506 7282
1185 4 785 7905 9418 5889
1186 6 825 1541 4406 3779 1207 4883
1187 11 233 4500 5341 6697 8151 8930 317 807 5531 3322 8950
1188 9 714 1353 1871 7621 8426 3412 3311 8214 9764
1189 8 178 5339 8279 1106 735 5277 2985 7986
1190 3 745 9073 3182
1191 6 712 1830 4626 7658 8058 776
1192 8 482 7437 8520 9617 9247 4696 1979 9381
1193 4 1108 5636 953 8783
1194 2 389 2429
1195 2 213 108
1196 7 407 1428 1948 8437 5679 5719 750
1197 4 515 575 2418 6654
1198 8 828 1595 2411 2762 2771 5990 307 5405
1199 7 445 5195 5775 7697 1911 564 3250
1200 4 585 8258 8782 5836
1201 7 21 5013 6302 1881 2133 3048 4249
1202 3 715 3402 2019
1203 5 689 8219 9130 2769 965
1204 9 997 1272 2703 5731 4373 8319 3107 7364 7343
1205 10 105 2006 4214 4511 9413 395 3619 5835 7231 8926
1206 5 25 1262 4995 6628 9908
1207 8 765 3018 3062 5550 6611 6813 828 1186
1208 3 967 2462 6648
1209 4 631 3702 2190 9036
1210 8 1097 1279 1586 1817 4297 5582 7534 7039
1211 9 236 1414 1724 3286 7608 6855 8745 19 9816
1212 2 651 5026
1213 5 1167 2949 3132 407 43
1214 6 682 6849 2895 5877 6767 856
1215 7 779 1946 3490 4028 690 8628 9198
1216 3 785 1635 1821
1217 8 775 1819 2178 4870 7103 4412 9965 9957
1218 2 1130 1056
1219 7 499 8090 5013 786 7261 9988 7421
1220 9 270 2253 3594 4553 4856 1951 4576 5187 6726
1221 4 673 3930 3971 3446
1222 6 776 2076 4567 3699 8370 1030
1223 4 912 1245 7228 2398
1224 6 779 1870 4371 8983 6267 7087
1225 7 161 2454 7237 5133 701 7384 41
1226 7 1004 2765 4540 5605 8316 7893 2691
1227 5 238 9438 1888 9824 4630
1228 6 316 1788 8045 6720 3798 8744
1229 4 1127 3933 1167 7047
1230 8 1090 2463 3348 2448 3731 4900 4008 1520
1231 4 700 2158 3494 4218
1232 3 894 6632 6872
1233 3 136 4326 4149
1234 7 1179 1590 3453 3602 6370 4239 8684
1235 2 210 836
1236 4 463 1889 4869 8116
1237 5 331 2493 6048 6282 5747
1238 4 1112 1543 2271 14
1239 5 817 1309 1868 5709 5840
1240 9 1068 6511 7817 3753 8375 7015 3023 1628 7716
1241 7 24 1798 3013 9389 7230 2888 7571
1242 6 452 1453 5885 6226 9994 6260
1243 3 1102 4786 8145
1244 9 160 1583 9757 3017 6353 4760 6528 1429 2702
1245 5 1223 4062 1138 9989 3957
1246 7 947 1406 4300 5317 3570 5400 9336
1247 7 1121 2447 4663 9447 2511 1367 541
1248 6 175 2245 2372 4588 278 6898
1249 7 1125 2461 2625 4018 5784 3254 1949
1250 8 625 1546 2420 2486 4189 3184 5324 8862
1251 5 1074 7748 4173 1424 3554
1252 7 140 4487 9144 5772 391 9623 1571
1253 3 946 4840 6761
1254 8 203 2230 5839 9025 9398 7310 4151 512
1255 6 1068 1696 2200 4523 9612 2321
1256 6 417 6181 430 5603 796 5157
1257 3 655 9115 4520
1258 5 555 1634 2859 5210 2462
1259 8 119 1264 6625 3961 7849 3173 5920 1538
1260 8 811 2001 2353 4224 8628 4745 9329 8387
1261 4 1100 4140 5001 7050
1262 6 1206 1663 5977 6418 6992 490
1263 7 680 1363 1506 6702 4498 8765 2713
1264 4 1259 2187 3972 551
1265 4 185 6124 8140 1450
1266 8 900 1505 1787 2264 2531 9524 8272 4373
1267 8 1041 1368 1467 2115 5033 1847 5777 3518
1268 5 239 4646 5714 8506 2289
1269 6 859 3176 7217 8091 7604 2578
1270 7 417 1314 3129 3383 6959 7630 7105
1271 10 1060 1464 2578 5524 5833 6041 9847 7063 1066 9587
1272 6 1204 1496 2095 2234 4511 7561
1273 4 1130 1348 4854 5724
1274 6 733 4987 478 9378 1680 5857
1275 4 810 1707 2376 5809
1276 3 494 1982 4304
1277 8 320 1313 1694 4467 2215 6468 4595 7346
1278 5 263 2243 7261 218 8328
1279 5 1210 1864 2024 3375 5781
1280 1 182
1281 5 352 3120 6149 9570 226
1282 6 1062 4969 6064 5742 9886 6628
1283 11 617 3346 4889 7831 8102 8635 5420 7397 2662 7423 9519
1284 5 735 5887 4358 5133 5840
1285 6 481 3934 4458 4679 8995 9028
1286 10 617 1462 2387 2994 4758 2013 2276 8853 5127 4235
1287 4 279 2336 6470 4304
1288 3 708 3038 4069
1289 4 941 3270 2544 5481
1290 9 872 2093 3291 4466 1534 838 7198 9123 5243
1291 8 780 9980 4826 8783 1948 1957 7963 9957
1292 7 1011 1472 1991 4082 1930 9198 3619
1293 9 268 1579 2207 4587 9005 5432 8109 3517 9060
1294 6 227 6075 2684 4217 6660 5681
1295 6 825 3735 6580 6591 4542 2405
1296 7 920 4551 5836 6586 5056 306 6219
1297 5 312 1553 2892 2847 4823
1298 8 1116 1911 2696 651 4799 3590 7929 43
1299 6 3 2105 2183 9638 4222 5429
1300 3 1016 9329 1620
1301 6 1086 1415 3870 8938 1724 6184
1302 4 694 1882 2824 8371
1303 10 996 1832 2246 6851 9716 6396 8323 2140 2753 4352
1304 5 1112 4248 5322 7950 2603
1305 8 934 6950 7530 199 7278 9017 6360 5580
1306 4 737 7258 7645 3208
1307 4 400 1495 6536 8037
1308 4 1087 1834 7998 5710
1309 5 1239 3673 6527 4190 4651
1310 5 723 2220 4389 6599 2849
1311 5 373 2248 2446 5945 7574
1312 8 460 1426 2397 7908 6000 2412 6013 3964
1313 4 1277 1630 2497 6776
1314 2 1270 5796
1315 3 413 3223 2716
1316 7 694 1718 9518 9095 4276 3452 5082
1317 4 331 4644 3870 5372
1318 7 1086 1352 2533 3856 7811 643 7843
1319 8 493 1746 2333 2807 4141 5252 5780 5590
1320 5 469 6614 6492 3302 4561
1321 4 159 4354 3495 5833
1322 8 23 5468 7489 7519 8561 5022 3045 2613
1323 2 763 1395
1324 11 156 1940 2141 3506 207 6980 5468 9004 2624 2647 299
1325 6 128 5297 6887 4912 5394 8320
1326 3 1004 1644 6392
1327 9 1043 1394 2735 6797 9240 9674 2410 6207 8213
1328 4 1038 3284 1994 6050
1329 8 1048 1442 4313 8017 6464 9804 9131 8498
1330 2 925 6899
1331 8 314 4786 7442 1785 3659 8191 8422 3155
1332 4 49 1673 2691 5139
1333 7 196 1354 1627 3295 6581 8040 7693
1334 6 575 2654 9254 7547 8397 7844
1335 6 870 7993 1160 9954 5721 9362
1336 4 158 1794 3065 5592
1337 4 419 1624 2744 3909
1338 3 1158 7043 9009
1339 2 234 1616
1340 6 872 6806 9456 3719 2273 788
1341 5 513 2440 1574 8259 1631
1342 3 781 4614 2586
1343 5 782 4491 6420 3999 1681
1344 9 837 1710 2143 3134 4895 315 7258 5574 6140
1345 6 833 1427 2089 2177 1490 599
1346 9 340 2392 4912 8097 7824 3456 1414 9053 9683
1347 9 299 2028 2511 1078 5927 5468 6243 7518 3143
1348 8 1273 1659 1784 2569 6039 4479 3669 1736
1349 9 477 1547 2145 4711 8173 9370 6046 3946 5645
1350 7 886 1391 2857 9344 5473 4938 7089
1351 4 1008 3414 3733 8650
1352 5 1318 3366 3387 5396 7398
1353 7 1188 1689 7814 7636 9444 2769 386
1354 2 1333 6563
1355 8 262 1512 5137 7590 759 3289 7896 8511
1356 8 304 2566 3002 3125 5504 53 5752 4432
1357 6 874 2966 3684 4435 9632 7650
1358 5 893 8913 984 2022 3959
1359 3 948 4426 4389
1360 7 1033 1632 4474 5006 2119 6438 6807
1361 2 13 8803
1362 7 218 3244 978 5542 2765 6734 3912
1363 7 1263 1717 2605 7391 2476 7611 6420
1364 8 110 2312 2993 3327 8373 1491 125 7224
1365 5 611 5987 4682 1758 2295
1366 10 307 3225 3627 4537 4733 6006 6141 1608 1475 811
1367 8 144 9496 3484 1437 4233 3429 7575 1247
1368 5 1267 2309 6140 7682 386
1369 4 1003 2874 4043 4513
1370 5 418 1761 8010 4923 805
1371 3 314 7850 7634
1372 7 154 3101 6801 9794 4211 6933 7061
1373 11 843 1410 2344 3305 3814 8267 8349 7891 1115 3800 7363
1374 5 668 5722 3498 3520 1748
1375 10 1068 3781 5325 5617 8585 367 4266 497 6241 1700
1376 5 850 4794 4269 872 2593
1377 6 335 1606 4050 4175 3386 6633
1378 5 595 2057 3511 3645 3779
1379 4 658 3901 6802 4701
1380 5 26 1942 3599 1087 2689
1381 7 1096 1825 2126 3474 4764 9692 2997
1382 9 290 1383 1564 7453 1479 2337 8463 9071 7573
1383 7 1382 2367 4716 8878 8451 36 2766
1384 7 71 3915 7382 4049 8729 8692 3430
1385 4 1100 1594 2774 4861
1386 8 159 1943 4830 8169 3573 5873 5075 3164
1387 9 379 6068 7360 2759 461 1406 1162 1732 8192
1388 7 794 1422 2746 4320 4927 9868 3153
1389 3 1160 7307 5666
1390 8 667 2599 2793 4616 2602 6548 3939 3826
1391 5 1350 5946 6272 7329 7392
1392 3 943 2998 5376
1393 5 300 3417 4918 5380 91
1394 6 1327 1800 3235 2259 3304 7164
1395 6 1323 3787 3989 8774 5388 3589
1396 9 47 2418 3613 4738 8540 6769 8437 9592 6607
1397 4 145 4639 2014 5451
1398 6 503 1985 7093 3511 2795 8139
1399 9 270 2780 4795 9133 8654 5604 6961 3192 6698
1400 8 1096 4415 9419 1032 9707 5563 1673 4497
1401 4 74 952 384 9850
1402 6 291 2404 6067 2451 6549 8844
1403 11 601 1561 2767 3166 5203 6008 6604 8265 9248 6448 6324
1404 9 612 623 4151 7676 5269 6697 8618 9689 6066
1405 9 530 5081 6173 9185 1637 8448 1027 6866 8080
1406 6 1246 5666 8902 712 1387 4382
1407 6 407 1517 4878 2237 4787 251
1408 7 357 1592 2255 6320 1816 8229 3884
1409 3 118 4341 2775
1410 9 1373 1458 1609 2664 3189 3629 2778 2482 6210
1411 7 350 1973 5993 8663 5766 6937 941
1412 5 1037 2734 2917 4470 9070
1413 13 345 1692 6666 7969 9239 8439 3851 2073 2333 6055 3143 5647 3942
1414 6 1211 9181 1346 5002 3000 971
1415 7 1301 4285 5938 413 7190 6519 4662
1416 8 490 1783 4791 9509 5894 7751 7140 3386
1417 7 460 6376 8255 6780 571 5664 421
1418 6 841 2251 3137 9147 6786 2962
1419 5 647 1641 8051 6792 106
1420 11 26 2156 6070 7288 8029 1107 8145 3612 7073 8602 2558
1421 8 552 1439 4935 3224 9612 926 9959 4439
1422 4 1388 5777 8070 3860
1423 4 293 1435 8915 1942
1424 3 12 9780 1251
1425 2 1107 830
1426 6 1312 2893 5682 9970 1102 169
1427 7 1345 1431 1552 8928 6588 929 4328
1428 8 1196 5347 8334 3380 4500 2811 822 3638
1429 7 704 9628 4103 9592 346 7588 1244
1430 3 647 3023 8639
1431 3 1427 5356 7908
1432 6 946 2398 4936 7981 2803 9303
1433 6 1060 3289 7701 2249 2249 9858
1434 4 103 4446 7219 5615
1435 7 1423 6800 9071 177 5590 6418 9813
1436 2 1157 7322
1437 7 284 2453 4514 6908 4653 8652 1367
1438 8 1007 1667 3879 3904 5634 7629 5363 9411
1439 7 1421 3230 4080 6877 9780 3769 9539
1440 7 1092 1699 2054 2542 6866 6624 5925
1441 4 976 4893 148 472
1442 7 1329 4508 5999 2157 3239 256 1096
1443 6 467 2108 3641 2436 8678 2197
1444 6 623 1488 3672 2094 5941 8027
1445 8 221 2306 6165 9010 5121 5939 9312 8196
1446 5 1006 71 7693 7314 889
1447 8 669 4665 7455 7807 9365 4577 4408 5129
1448 2 287 4613
1449 3 915 2021 2996
1450 11 1122 2692 9392 9996 6333 923 5291 8279 1265 5010 2897
1451 14 260 2071 2181 2753 3302 5802 6946 1151 4317 6833 7846 5791 2499 592
1452 9 902 2721 3611 4144 8825 1552 9817 8985 9921
1453 9 1242 1980 2896 3142 9878 6865 223 689 471
1454 5 570 3912 5663 6782 1734
1455 4 949 4585 7847 2417
1456 9 874 3817 4389 4800 5684 8554 633 7565 1736
1457 5 412 1732 5055 2977 9159
1458 3 1410 1585 6160
1459 4 245 2214 3884 7774
1460 4 679 6115 6531 5621
1461 7 298 2805 4083 7717 9991 7344 4816
1462 1 1286
1463 2 1100 7221
1464 5 1271 1796 5302 9147 642
1465 3 524 2180 7571
1466 4 321 2013 2147 7445
1467 4 1267 2862 9607 1174
1468 5 408 1715 3281 4960 8516
1469 3 70 9600 1113
1470 11 375 1474 2379 2819 3136 3680 2622 1527 3659 3392 543
1471 7 90 2035 2359 4649 2764 4923 3348
1472 7 1292 1895 3748 7471 475 6859 5508
1473 5 245 3113 7776 4188 4283
1474 7 1470 4712 3586 6013 5306 9216 24
1475 7 101 7304 1029 8945 2172 1366 6255
1476 9 34 1669 2068 3051 8073 7673 7174 5439 8943
1477 7 607 3627 4340 1551 1996 5531 5094
1478 6 640 3460 4581 1722 7451 7910
1479 4 1118 4755 5078 1382
1480 7 300 4416 6323 194 6310 3072 7598
1481 8 877 2661 5533 7465 9272 8040 2943 5136
1482 3 487 8648 5623
1483 9 1113 3946 7312 8565 9232 1953 2027 2414 3628
1484 9 1038 1657 2648 2680 3371 5697 6110 2743 3971
1485 6 413 4432 603 3138 120 2549
1486 2 50 7620
1487 7 836 2150 4439 1740 5819 9916 185
1488 6 1444 1751 8227 6317 8956 5336
1489 6 974 4295 9825 1509 470 9248
1490 7 330 3515 8215 7069 1345 9375 457
1491 10 989 1534 6534 7910 9004 488 1837 1364 2780 6781
1492 3 550 2342 2801
1493 7 256 1589 2720 3771 7953 1739 5489
1494 6 634 9138 5187 4880 2740 1658
1495 6 1307 1602 3920 6691 6122 546
1496 4 1272 2556 9436 7257
1497 4 445 2301 7714 6299
1498 6 653 2008 4237 6322 9811 4951
1499 10 983 1614 2186 2518 7353 4606 3161 2934 969 5432
1500 7 69 3399 2858 2962 4357 7208 4291
1501 8 53 2242 6556 7015 6930 3165 4530 5811
1502 7 7 3308 9706 9709 1751 4730 6712
1503 6 407 1804 754 1061 3720 1718
1504 10 210 3423 3714 4796 5706 1683 7726 646 5870 4476
1505 5 1266 4504 5072 6450 300
1506 5 1263 2867 4923 1763 2591
1507 7 928 1971 2752 6371 46 2801 9268
1508 2 1073 9642
1509 8 127 3132 3540 5116 2431 6250 1489 2723
1510 1 1169
1511 10 238 1678 1886 2314 3403 5165 7881 1063 61 6363
1512 6 1355 2174 4489 4324 9589 999
1513 7 191 2600 5475 6419 3891 5137 448
1514 4 793 1578 7926 8673
1515 7 286 1873 6858 7456 7499 5573 8369
1516 3 726 4356 2592
1517 5 1407 2233 4248 5284 7119
1518 7 575 4317 4995 9551 8390 9974 2570
1519 11 1063 1841 2144 2963 3604 4257 7185 8810 7852 6660 3390
1520 6 864 3485 7263 9007 9357 1230
1521 8 511 1969 2015 2971 5054 7914 7486 3076
1522 6 180 2608 5241 9832 9826 2451
1523 8 450 3059 4676 4745 7145 9186 5749 857
1524 4 755 4986 5252 6043
1525 8 1000 1599 3503 4967 6065 930 4903 6135
1526 5 974 1986 9514 7791 5130
1527 8 728 1925 2101 8590 1470 7797 9015 154
1528 1 681
1529 6 930 3409 726 880 245 9909
1530 7 930 2229 7044 3215 4271 7072 3326
1531 5 923 2658 8055 4237 5128
1532 5 257 3771 3306 6274 9732
1533 3 935 6711 2583
1534 5 1491 1785 6154 8683 1290
1535 7 1060 1812 2898 2481 1159 2629 7044
1536 7 753 2286 628 7093 7336 8377 7531
1537 5 633 1648 5809 3452 9406
1538 5 868 2102 2241 1117 1259
1539 8 512 307 6548 6448 1877 126 3697 6069
1540 10 646 1977 2111 3078 3412 4417 6303 3807 9645 2227
1541 8 1186 2784 3347 6628 8742 7771 398 4065
1542 6 242 3204 2902 6398 5104 7277
1543 8 1238 1731 3864 5090 5400 7940 6523 2884
1544 4 233 2049 431 844
1545 8 1006 1963 3068 7090 3185 3307 5290 4675
1546 7 1250 5496 910 5478 3671 8089 732
1547 6 1349 1744 5244 6337 7007 7774
1548 6 23 1990 9256 7297 3702 6599
1549 7 1106 3015 8152 133 899 4349 5775
1550 5 197 6114 9466 4047 639
1551 3 269 3996 1477
1552 11 1427 2096 3723 5176 1452 4626 2189 2903 2960 6747 9164
1553 12 1297 2113 2947 3007 3730 3970 5405 6013 8217 8754 8469 4713
1554 6 154 3865 7455 7607 7349 5199
1555 4 669 4877 8207 1801
1556 5 480 1811 4889 5304 8592
1557 4 668 4598 5665 574
1558 4 482 3825 4748 7617
1559 6 1163 4327 6033 5600 2075 3762
1560 6 44 5693 8155 4965 4262 1825
1561 3 1403 2287 8471
1562 6 790 2871 2926 3147 3243 5446
1563 8 288 8364 9183 6847 1757 9659 8649 2583
1564 9 1382 1896 2854 8817 9641 799 5589 4087 9613
1565 5 914 1756 4873 7376 9089
1566 5 385 8705 8803 6070 3448
1567 3 439 30 1669
1568 5 544 1934 8105 9204 4890
1569 5 864 1859 4278 3965 9053
1570 8 986 3240 3318 9037 457 7733 3197 3703
1571 4 86 4906 2756 1252
1572 4 35 1668 9848 6438
1573 4 1114 2635 7338 4837
1574 7 899 6120 6070 1341 5434 9794 229
1575 4 165 4614 3825 3061
1576 5 97 5300 5628 2934 9974
1577 7 351 1917 7673 3514 2320 4640 4338
1578 5 1514 1664 3495 4970 3212
1579 3 1293 3381 4606
1580 5 810 2700 4262 7188 5559
1581 5 220 2099 2407 4358 8371
1582 6 822 1792 2059 2139 4566 4820
1583 5 1244 6881 6877 1078 4729
1584 6 1058 2219 7920 4772 3017 4721
1585 4 1458 3144 3299 6777
1586 6 1210 1701 3207 4203 2603 5996
1587 5 1020 2640 8239 9846 1881
1588 6 930 1806 2313 2327 7418 5471
1589 6 1493 2067 2423 3288 8001 8654
1590 4 1234 9712 5400 6127
1591 4 263 3539 4040 6036
1592 6 1408 5472 366 6141 3134 9379
1593 6 203 1711 3125 8590 818 182
1594 7 1385 3612 3682 7459 6581 9844 5274
1595 7 1198 2445 8711 2813 4733 2849 4693
1596 3 862 3873 2732
1597 7 343 2400 2573 3252 4928 9748 6694
1598 8 774 2023 2649 5142 3922 9080 439 9587
1599 8 1525 1892 4441 6245 498 2014 4409 7247
1600 3 81 6505 6538
1601 5 798 1994 1999 4777 557
1602 8 1495 9644 5743 438 9787 5593 9526 611
1603 8 157 4456 5326 9891 6627 6253 2966 9714
1604 4 875 2267 2414 2864
1605 6 1047 2235 4339 7379 9084 6109
1606 7 1377 2260 5263 6834 203 6899 6960
1607 6 786 8589 4925 108 1717 2452
1608 7 379 6656 9910 1366 7486 9048 2046
1609 4 1410 8122 7054 2345
1610 10 406 1899 4561 5280 9374 5102 76 4690 4983 7384
1611 8 391 1813 1965 5047 7055 9429 6442 4670
1612 3 47 3171 7184
1613 8 918 1638 1964 3032 7075 6176 2 4780
1614 8 1499 2881 2979 4594 5279 9184 9948 8651
1615 5 889 1709 2080 4003 6687
1616 7 1339 2190 7256 4378 6325 47 4045
1617 5 512 2817 7567 1722 5705
1618 4 463 3149 8477 5166
1619 5 493 2460 8617 9608 5967
1620 10 896 2208 3392 9624 9884 2659 1642 1300 5047 4837
1621 5 467 2609 2797 412 9196
1622 5 334 7468 324 4882 2733
1623 3 536 2262 664
1624 9 1337 1838 4187 5038 8101 3652 9788 7300 2752
1625 5 322 6894 4801 7517 6338
1626 5 198 1961 2432 4225 2514
1627 6 1333 9502 6909 8524 7536 134
1628 6 1050 5368 1240 8971 500 9245
1629 7 1061 2323 2969 6722 7334 5982 4498
1630 9 1313 1775 2205 7864 330 459 2779 3160 2951
1631 7 353 3541 6979 5017 1341 7562 7852
1632 4 1360 3510 2092 8078
1633 4 5 2842 6543 9803
1634 4 1258 2259 7005 9204
1635 4 1216 2780 9766 889
1636 6 743 2557 2632 4740 4633 4067
1637 8 1159 2047 5489 1405 3698 6474 9507 751
1638 5 1613 5496 8056 2351 8238
1639 5 239 7658 9860 5716 8038
1640 5 1089 2034 8292 1118 4347
1641 9 1419 3151 3689 8178 9735 2187 3675 1760 4371
1642 7 898 4094 5600 521 1849 1620 8027
1643 2 693 4655
1644 10 1326 1774 2925 3084 3309 5728 6354 7195 8397 8321
1645 9 50 2189 3003 3598 6853 9807 5645 6949 6416
1646 6 231 2491 5105 9012 1967 6635
1647 8 1053 2185 3768 5196 4830 1017 9986 9076
1648 4 1537 6157 4925 716
1649 5 97 3712 2449 410 3832
1650 3 56 2209 1793
1651 6 92 1758 1810 2393 2903 4948
1652 11 196 3759 6443 6445 7515 7721 8730 5225 6006 8173 8513
1653 4 7 6346 6856 9464
1654 8 1069 1933 5327 5585 8758 5893 7173 4956
1655 3 530 2361 1981
1656 8 126 2823 7551 8118 2096 5395 119 4909
1657 3 1484 2890 2567
1658 6 598 6958 4683 1494 3776 2795
1659 7 1348 1752 1919 3837 9485 5261 9590
1660 8 191 4245 5196 4444 270 5297 7103 5312
1661 4 1172 3832 9971 2305
1662 6 948 4852 5575 5488 9016 381
1663 2 1262 2277
1664 4 1578 1793 2188 2590
1665 3 774 4488 4500
1666 5 268 3273 3910 7620 6672
1667 9 1438 1826 1901 3145 8243 5025 6935 7375 3878
1668 8 1572 2651 4913 6986 9534 4517 858 2694
1669 11 1476 7416 9324 385 7031 8939 8084 6603 6350 704 1567
1670 6 410 7462 7989 859 5693 3180
1671 9 1057 1997 8172 4982 4199 6018 7314 8184 2719
1672 7 595 2602 3881 6825 7637 427 8732
1673 7 1332 3603 6185 7711 7974 1400 881
1674 6 669 1875 2755 3766 7538 9630
1675 5 983 1691 2349 4764 5401
1676 3 769 6712 623
1677 8 451 7391 7548 8973 1869 1944 4272 7988
1678 4 1511 9871 6583 73
1679 5 639 2530 5434 5517 6424
1680 4 463 4243 1274 4119
1681 5 1147 1915 3652 4755 1343
1682 2 901 7860
1683 8 328 5381 6649 1504 9680 3206 9547 3002
1684 5 103 4548 5963 6677 3131
1685 10 196 2476 2840 3083 6541 9665 9290 3389 3647 69
1686 1 1064
1687 4 132 4142 4682 3182
1688 8 503 1706 2270 64 7183 4141 2779 5719
1689 6 1353 6170 1978 2135 7819 4464
1690 8 768 4085 5899 7485 304 8217 8743 6102
1691 7 1675 2176 3533 3994 8911 3266 1833
1692 5 1413 2496 4355 5523 50
1693 6 639 4565 3621 7794 2263 9324
1694 7 1277 4267 8875 2339 7056 9065 8546
1695 13 1044 3715 5294 8033 8444 3360 5010 4585 3219 2294 1836 2413 5782
1696 6 1255 6753 6610 3763 4130 9755
1697 6 616 2168 2291 5214 2614 1130
1698 4 20 6054 2496 5130
1699 7 1440 3724 7850 9190 7717 5383 646
1700 10 1135 2663 3634 4006 6074 8228 3895 495 3528 1375
1701 6 1586 2180 7427 8714 170 1
1702 3 430 5394 2722
1703 5 594 5014 7480 2451 3971
1704 4 1046 5276 9847 7014
1705 5 969 1953 3932 9635 6080
1706 4 1688 6430 4055 3852
1707 6 1275 5535 6012 9132 1907 8065
1708 7 1008 2593 5202 3984 9924 36 5516
1709 9 1615 3827 4126 5206 78 6507 7655 4350 7868
1710 6 1344 3217 9657 6185 8728 9351
1711 8 1593 2124 8642 9597 6973 5449 8241 8228
1712 5 1155 3413 3523 9215 2110
1713 6 162 1719 2565 4169 1049 3180
1714 4 479 2948 4947 8066
1715 4 1468 7556 7437 2254
1716 8 648 800 4614 5849 2219 537 3530 5836
1717 5 1363 4579 9916 7426 1607
1718 3 1316 4991 1503
1719 6 1713 2194 2749 9719 9062 2093
1720 8 867 5410 6353 7569 3940 8076 37 1925
1721 4 165 2976 6130 3136
1722 4 155 1617 4674 1478
1723 6 605 2465 3285 5308 8599 797
1724 7 1211 2415 2770 9720 1076 1301 9909
1725 4 125 1814 9863 2044
1726 7 582 1959 2298 7574 8480 8174 2471
1727 3 182 2697 3124
1728 2 6 329
1729 10 92 1979 2546 2802 5985 423 5736 8089 295 2197
1730 7 590 3500 7393 469 7969 3233 5057
1731 5 1543 8264 7835 9981 5182
1732 4 1457 6551 4881 1387
1733 4 1085 2884 8175 9195
1734 4 748 639 1454 7105
1735 4 604 3271 1792 8819
1736 9 412 3099 3520 3738 6298 4181 3118 1348 1456
1737 4 392 1748 3739 8677
1738 9 424 2031 2458 5930 9894 3580 9534 7400 2987
1739 5 99 3389 4990 1493 2119
1740 3 1126 3510 1487
1741 8 313 8288 2282 4742 1976 3346 4231 8725
1742 5 204 3205 1815 5357 617
1743 7 821 7976 8044 8742 8948 4281 9320
1744 2 1547 4963
1745 5 582 6535 5106 6534 7741
1746 8 1319 2609 2597 6197 6328 8908 3553 863
1747 1 141
1748 7 701 3666 6364 1737 8584 1374 9056
1749 3 526 7841 9099
1750 4 246 2134 5173 4956
1751 6 1488 2100 2322 6294 6653 1502
1752 4 1659 3628 5741 8268
1753 5 587 3971 7164 9263 6673
1754 5 487 2412 9436 9298 4883
1755 4 173 4104 4349 6793
1756 2 1565 5395
1757 6 813 1891 9897 8542 5998 1563
1758 7 1651 5591 5966 5260 4264 1365 6780
1759 7 548 4289 8585 2029 9435 3407 850
1760 8 433 2616 4024 7678 8270 6853 1641 3543
1761 10 1370 2653 4510 7404 7601 8613 2255 7979 3613 7215
1762 7 835 2701 2709 5708 5425 794 6213
1763 7 26 2860 3535 3974 3362 1506 5284
1764 4 191 6881 8397 9611
1765 7 906 4636 5613 8520 9514 91 5611
1766 3 453 1924 5345
1767 3 545 3917 3350
1768 3 1101 4002 7412
1769 10 799 3737 5085 5843 7897 7179 2314 5994 3781 4959
1770 5 1022 4905 6469 902 5631
1771 5 1037 1931 7438 2119 6336
1772 10 560 2104 3712 5735 9651 4947 1069 4011 8261 7152
1773 6 1017 7901 6264 3740 6824 5160
1774 7 1644 3447 7094 8801 7308 9386 187
1775 4 1630 1945 6146 946
1776 3 1122 3976 7471
1777 5 75 3472 5489 999 7602
1778 3 403 4857 9000
1779 4 204 5696 1161 3259
1780 8 248 2119 4816 5737 8235 9071 2499 7383
1781 7 157 2295 2959 3312 5210 7840 5912
1782 7 667 3138 3183 4055 6243 4564 6885
1783 8 1416 4493 8790 8897 3224 2534 8607 2858
1784 7 1348 6409 4510 86 5999 8234 4327
1785 12 1534 8816 1331 3170 7704 8281 3663 2972 8355 4943 3108 6339
1786 6 998 3161 7830 6384 2024 906
1787 10 1266 2996 3269 4726 2563 9005 2566 3756 5536 7154
1788 6 1228 3259 6251 6341 782 9427
1789 9 948 5008 5505 6150 1065 6223 8478 2669 7198
1790 3 345 3545 8222
1791 5 456 4316 6144 3726 413
1792 6 1582 3632 2043 1735 8144 7079
1793 5 1664 6180 7855 2034 1650
1794 2 1336 6571
1795 6 1043 6052 6651 145 4645 1174
1796 7 1464 2478 2612 3777 4013 8833 95
1797 3 138 3498 8946
1798 6 1241 1842 3757 7023 2617 9810
1799 7 591 4209 3104 4028 8726 5859 3264
1800 4 1394 3410 5503 6664
1801 9 150 2812 3698 5209 5566 4568 2750 6396 1555
1802 2 1039 2612
1803 6 279 2147 5830 3414 3571 9143
1804 8 1503 1829 3567 5592 7001 3173 7282 9669
1805 6 329 2302 7348 6704 7927 6797
1806 5 1588 4788 5645 2221 5804
1807 3 983 8095 5871
1808 4 1059 2090 5248 5393
1809 2 1132 6461
1810 7 1651 2254 4412 4571 6692 8348 7941
1811 8 1556 2375 2655 3710 7644 6811 3721 4514
1812 9 1535 2085 3054 3874 8120 3450 4067 4201 5506
1813 8 1611 2266 2524 4701 5467 7198 5136 29
1814 4 1725 8725 9447 5124
1815 5 264 8828 4089 1742 7034
1816 8 937 2288 5315 9170 2070 5461 1408 7546
1817 7 1210 2481 7003 2043 8888 2159 6388
1818 2 657 3493
1819 4 1217 2210 8202 3507
1820 12 354 2829 3039 4176 4282 6775 813 13 9642 7006 7039 2957
1821 9 1087 4149 4805 1216 7894 8809 9458 8028 6963
1822 5 141 6286 6860 3028 9312
1823 6 1034 5630 6325 6500 4061 6286
1824 4 808 4157 5060 319
1825 5 1381 3924 8300 1560 4253
1826 2 1667 7572
1827 7 1016 2520 3184 7321 7385 9205 3
1828 4 734 2604 4134 7039
1829 6 1804 2225 3462 6769 8698 2920
1830 5 1191 3397 8495 516 29
1831 7 450 6765 8771 918 4274 9198 5796
1832 4 1303 3518 4903 6720
1833 8 1013 8583 8040 3951 2832 1691 6223 8318
1834 5 1308 9589 7727 6020 9090
1835 4 378 2421 898 1910
1836 5 861 2918 3789 1695 8594
1837 8 652 3070 3369 5806 1491 8930 9139 9658
1838 8 1624 2763 3765 8089 3904 2991 9312 6526
1839 3 1112 1851 4284
1840 7 253 3669 7824 9547 3247 3185 1140
1841 5 1519 2954 4073 6516 931
1842 6 1798 5783 7734 8504 5444 5739
1843 4 788 1846 1921 2825
1844 10 90 2995 4322 6902 7857 9502 6986 7944 6600 4842
1845 4 63 6388 230 7542
1846 6 1843 4309 5174 8633 2067 481
1847 4 499 9393 1267 4096
1848 4 183 4145 7991 4270
1849 6 1045 6121 6395 1642 8187 3231
1850 9 926 4678 4681 8168 6504 9760 9994 7979 2512
1851 4 1839 8715 7089 117
1852 4 463 2647 8262 7170
1853 6 218 2340 3429 5710 6804 4601
1854 9 510 2352 2973 7844 3128 8637 5220 8079 8559
1855 4 643 4983 4405 399
1856 7 980 3855 5749 6196 9692 4415 5709
1857 5 933 3430 9528 5112 4205
1858 4 902 4305 9515 4610
1859 6 1569 8183 7970 4573 2700 519
1860 2 227 9704
1861 2 643 6392
1862 2 327 3819
1863 9 1001 2619 6820 4529 8027 9270 7205 4899 5247
1864 6 1279 4619 3197 5746 8980 293
1865 4 268 7086 2901 8403
1866 7 1063 1907 2010 7468 977 5823 6357
1867 5 87 3089 5781 237 1982
1868 4 1239 3092 3476 9796
1869 5 570 1677 7326 5785 6884
1870 6 1224 2872 4841 9230 2269 495
1871 7 1188 2343 8046 7539 9108 1886 4018
1872 2 883 5230
1873 8 1515 2879 3048 4963 4860 605 7879 3857
1874 3 1054 6988 3536
1875 6 1674 4369 7094 689 348 4051
1876 3 843 7711 8188
1877 4 868 2124 1539 6921
1878 5 986 2426 2876 8558 2943
1879 4 1123 6449 9343 3388
1880 8 954 2094 3222 4617 332 8237 6441 5901
1881 5 637 3134 9699 1201 1587
1882 3 1302 2965 9278
1883 5 379 8177 8030 5162 259
1884 7 896 2484 2642 3185 3605 3872 5689
1885 4 398 1952 3146 53
1886 8 1511 2617 5394 7580 146 1871 3266 4361
1887 9 618 2676 7682 5125 4494 784 8688 6202 7923
1888 8 484 9937 1227 370 5350 9006 8790 2344
1889 5 1236 3037 9545 4762 5298
1890 7 671 2324 2936 4398 149 1958 5540
1891 3 1757 6945 8757
1892 4 1599 4376 2024 9295
1893 4 1151 8475 8503 6173
1894 8 463 2863 3606 4890 6528 2688 6889 7315
1895 3 1472 3245 4563
1896 6 1564 2573 9331 9452 1982 6055
1897 5 187 4119 576 8014 4734
1898 5 316 9511 3589 7637 4618
1899 9 1610 2810 9479 5326 5817 9089 976 3389 6123
1900 3 853 6905 8831
1901 4 1667 6519 3056 603
1902 6 335 2866 3898 4284 2888 5833
1903 4 756 2575 3647 416
1904 3 463 4180 7862
1905 2 166 7686
1906 9 502 3803 4916 1975 9254 5458 4783 8808 5849
1907 8 1866 3754 4306 9063 3499 1707 2835 7807
1908 6 401 2469 6419 7682 4044 3695
1909 4 272 1009 3157 9250
1910 5 298 7451 2741 275 1835
1911 6 1298 3517 7747 1199 412 17
1912 6 76 4652 7142 8371 4994 646
1913 5 220 4448 9864 4096 5338
1914 3 705 7350 294
1915 6 1681 2022 2485 3473 5634 6431
1916 5 191 3116 3778 3660 4110
1917 4 1577 2962 3681 7766
1918 4 1085 8412 5211 6227
1919 5 1659 3807 398 9038 1025
1920 4 20 9077 683 3909
1921 4 1843 5492 9596 6504
1922 5 537 2033 3793 5956 3292
1923 5 1101 7855 3675 2175 1162
1924 8 1766 2036 3296 4785 6364 4683 2627 4216
1925 5 1527 452 1720 8990 2102
1926 5 1067 2315 2450 2769 4270
1927 5 1151 4155 4455 9303 4227
1928 6 96 2045 6193 400 5242 5128
1929 2 802 2871
1930 4 742 1292 2626 2363
1931 5 1771 4993 6780 4298 9858
1932 7 744 2851 3478 4485 4910 8068 1014
1933 9 1654 2120 2551 2910 5108 9410 5806 5170 2143
1934 5 1568 3253 6504 4050 880
1935 5 1032 4519 5150 8966 6987
1936 7 1141 2828 6809 7605 9936 5848 7741
1937 5 403 3424 5935 5555 8741
1938 4 793 4981 9060 9744
1939 6 120 2154 3798 7544 9571 7722
1940 4 1324 863 7816 2638
1941 3 853 5445 8455
1942 5 1380 3696 4597 9548 1423
1943 6 1386 3984 8226 4535 2597 2272
1944 8 923 2363 2940 3463 3941 1677 3742 2377
1945 6 1775 3209 7459 7309 2304 5378
1946 4 1215 5453 3156 3798
1947 6 1082 3197 6214 8718 5179 389
1948 6 1196 4192 6359 4117 6997 1291
1949 8 897 4277 6369 6784 8101 7573 4395 1249
1950 5 152 5733 8958 474 4702
1951 5 106 6083 1220 2405 527
1952 7 1885 2380 4403 7664 8343 5698 3544
1953 7 1705 6915 1483 3504 5725 2034 6828
1954 6 594 1957 3614 20 5404 2320
1955 5 533 2505 7276 7750 6216
1956 5 398 8959 4704 796 4498
1957 7 1954 6417 6458 9337 1291 5774 6790
1958 6 322 2429 3301 6738 151 1890
1959 4 1726 8453 4570 3232
1960 4 661 4797 8283 8974
1961 5 1626 2216 3136 2663 6010
1962 8 737 2070 6252 9324 1998 741 756 8641
1963 3 1545 4498 6872
1964 4 1613 2681 3025 2050
1965 4 1611 2999 9618 7935
1966 4 304 2877 3108 2324
1967 6 853 6742 1646 7452 3990 3259
1968 4 1183 7019 9134 5482
1969 6 1521 2545 5579 5179 1082 663
1970 3 888 3438 2692
1971 2 1507 6195
1972 3 837 7174 504
1973 7 1411 2541 8996 2597 4817 8144 5447
1974 2 888 8420
1975 7 953 4234 5121 6873 1906 5311 3616
1976 6 63 2939 3773 2212 7550 1741
1977 3 1540 445 3512
1978 3 893 5886 1689
1979 5 1729 2679 9619 703 1192
1980 12 1453 2195 2822 3169 3260 3388 9507 1070 8873 3083 3373 8713
1981 5 415 3557 9729 7893 1655
1982 4 1276 1867 1896 2238
1983 8 590 4521 5954 6118 5729 2450 9993 8891
1984 8 558 3650 4547 8195 2857 7300 4290 8969
1985 7 1398 3000 4381 6953 7781 8471 2730
1986 4 1526 7428 7803 9043
1987 7 15 3431 4766 7205 7704 5832 3450
1988 6 90 2747 3231 6164 9186 3702
1989 8 993 4863 7475 8535 3290 7693 4974 7681
1990 7 1548 2861 4570 5990 3417 7665 9542
1991 3 1292 4190 9827
1992 4 1040 2634 8362 92
1993 3 124 809 2128
1994 7 1601 3181 4594 7848 2454 1328 6754
1995 2 244 944
1996 4 313 1477 3304 6080
1997 6 1671 3818 5329 4045 5831 2049
1998 8 763 4517 4022 4284 39 1962 9366 845
1999 7 1601 2125 3742 9192 9164 8157 73
2000 7 19 8297 6771 2909 7936 1002 4350
2001 4 1260 4602 4293 2504
2002 4 384 9071 5693 6268
2003 9 19 2261 5083 5526 6482 8111 9973 4815 3973
2004 8 207 3353 5318 9346 1121 5038 4066 6269
2005 4 903 3020 5588 8356
2006 4 1205 4981 4092 3907
2007 5 381 2814 3476 9275 230
2008 3 1498 3478 6541
2009 3 403 2178 8921
2010 7 1866 2526 2547 2724 482 3585 3730
2011 4 458 4445 1081 7057
2012 5 964 3755 8346 8098 588
2013 9 1466 2110 4244 4367 2325 1286 8978 2132 4405
2014 4 722 3717 1599 1397
2015 11 1521 2146 2036 8337 9798 542 6715 7840 6692 6666 5560
2016 4 559 2852 7626 3026
2017 4 730 8904 5906 8771
2018 7 594 2055 3435 3565 7267 5637 2065
2019 8 1094 3274 8185 2846 8527 6216 168 1202
2020 8 343 7918 4539 6365 8794 9528 6414 8538
2021 4 1449 7173 770 966
2022 6 1915 7593 1358 4972 7697 4103
2023 2 1598 7471
2024 6 1279 8200 1892 6518 464 1786
2025 4 112 3170 6117 3880
2026 3 28 2512 252
2027 3 379 7674 1483
2028 5 1347 2611 2893 8246 3385
2029 7 935 2321 2933 1759 415 6586 4411
2030 6 1082 3534 5366 3926 5451 2561
2031 4 1738 5537 5818 3018
2032 4 930 6266 8561 672
2033 4 1922 3999 9220 3492
2034 9 1640 3360 7132 7841 1047 5845 1953 1793 8026
2035 5 1471 3827 8303 8519 6249
2036 6 1924 2114 4892 8038 2015 4502
2037 10 1060 4722 4866 8188 3070 4797 973 2991 7309 456
2038 2 1166 6993
2039 4 1040 6989 5625 3974
2040 9 1095 3140 5414 9450 5734 5098 8447 8590 1160
2041 6 29 5827 2404 8046 6707 9740
2042 8 1007 5851 9302 2130 2892 7978 5516 8347
2043 8 439 5905 186 1792 6532 1817 2571 9382
2044 6 712 2331 6780 1725 6591 9736
2045 2 1928 8953
2046 6 1154 2137 3653 5680 2347 1608
2047 2 1637 3957
2048 8 729 3362 4678 2415 909 2315 2505 6176
2049 4 1544 2182 8552 1997
2050 8 862 2837 3415 8034 2701 6935 8795 1964
2051 6 1030 9921 4239 4199 7454 9429
2052 4 1143 7782 181 991
2053 5 520 2115 5953 3858 2087
2054 3 1440 7119 7267
2055 4 2018 4057 5112 4878
2056 7 878 2675 5285 9481 6891 6168 88
2057 4 1378 3454 7261 8562
2058 5 830 7010 5660 7024 3895
2059 6 1582 3554 4013 7139 7732 6015
2060 6 798 5769 6171 7562 9027 6096
2061 3 474 9516 2528
2062 3 1133 6494 8778
2063 5 600 2894 6464 7352 9391
2064 8 982 4120 4160 4438 5598 6945 5403 7648
2065 4 1005 4443 2018 6727
2066 7 690 2471 2797 4256 5395 8571 709
2067 4 1589 2563 1846 970
2068 4 1476 4653 348 5228
2069 4 302 3606 41 446
2070 4 1962 1816 3229 3990
2071 6 1451 4808 8914 4005 7579 5269
2072 3 663 2468 2243
2073 8 1010 2665 5128 7064 7499 6883 1413 3056
2074 9 1166 9113 946 4122 4186 5003 4221 8535 4392
2075 6 439 3391 4494 6835 9248 1559
2076 7 1222 4509 3782 6847 5748 5155 8178
2077 6 776 3522 4940 6884 9318 3009
2078 6 329 2171 2922 4833 6765 7650
2079 4 949 4402 5629 5786
2080 5 1615 2482 4200 4193 4830
2081 5 1060 2684 3160 7272 7605
2082 8 644 2650 2968 8905 272 900 5161 6601
2083 3 719 493 8771
2084 5 249 8355 6710 3530 5620
2085 4 1812 6271 9323 2094
2086 4 387 2606 8040 7416
2087 9 421 6357 7658 6522 788 7163 4367 3044 2053
2088 7 828 4845 5638 6911 3772 773 8405
2089 6 1345 8752 9459 2480 9014 8524
2090 8 1808 3060 9247 9836 8210 7943 4883 5984
2091 6 692 2834 7081 5301 902 2938
2092 3 391 1632 5580
2093 11 1290 3237 3692 7228 9214 8760 9008 1719 241 8097 7580
2094 8 1880 3706 4424 5310 1444 6328 2085 2879
2095 6 1272 3102 9208 9496 7435 270
2096 7 1552 7594 9379 1656 8117 131 5555
2097 4 654 8334 8033 7904
2098 5 892 6825 229 4421 2754
2099 4 1581 6169 3966 5659
2100 4 1751 7752 9951 5113
2101 7 1527 3022 786 577 6594 5407 2418
2102 9 1538 3340 4595 9990 2604 8378 5191 1925 4634
2103 3 1083 6685 6205
2104 6 1772 2809 6050 6983 6212 6724
2105 5 1299 4399 9101 9756 2986
2106 4 74 3812 5949 8555
2107 6 577 2164 3263 9737 7672 7094
2108 4 1443 8514 2948 4163
2109 4 1129 7231 3691 7753
2110 5 2013 2899 1712 2112 8074
2111 4 1540 2238 4557 6989
2112 7 47 2909 4862 5099 5864 1054 2110
2113 5 1553 4499 9687 9978 9849
2114 3 2036 2685 1111
2115 8 1267 4089 6138 2053 9985 3357 6336 2400
2116 5 717 3588 4450 6519 814
2117 3 1112 8463 5910
2118 7 774 9598 9329 4130 2718 8415 7063
2119 7 1780 3732 6434 8609 1360 1739 1771
2120 5 1933 2589 4907 2810 2478
2121 8 310 2686 9299 2836 3243 7534 6107 3288
2122 3 718 3180 5434
2123 6 325 3846 4663 6030 5606 8812
2124 3 1711 3563 1877
2125 3 1999 2436 9215
2126 6 1381 4629 5143 7167 2908 2601
2127 2 514 6107
2128 8 642 5450 9280 8408 3282 1993 9645 5330
2129 5 263 2498 5865 2616 208
2130 6 484 4651 8924 9835 2042 8228
2131 2 925 6467
2132 7 607 8987 5534 473 2013 2767 5350
2133 7 931 2699 3472 4007 4681 2516 1201
2134 6 1750 5744 6750 4418 4138 92
2135 7 729 3973 4544 4885 1689 2397 8646
2136 4 1010 6779 5319 174
2137 4 2046 4723 8660 6384
2138 6 288 9343 9547 1069 3344 2701
2139 5 1582 8453 9979 8570 6408
2140 10 291 3537 4328 9603 9487 1020 6022 3737 4761 1303
2141 5 1324 2987 4344 5463 2615
2142 7 538 6233 9479 8841 9892 5908 2721
2143 4 1344 8408 7101 1933
2144 5 1519 6881 6326 7965 1001
2145 9 1349 2285 3697 4533 4207 116 9412 5579 2368
2146 2 2015 6361
2147 6 1803 4884 1466 5592 4658 9571
2148 5 245 3024 3365 9031 410
2149 5 87 6607 4131 3816 2646
2150 6 1487 8856 3295 5659 3545 5700
2151 3 595 9788 683
2152 8 77 3123 3167 9219 2489 8686 2538 2975
2153 6 180 5277 7033 3366 4976 4849
2154 6 1939 3159 3456 6021 6399 6376
2155 7 222 2213 196 5043 7324 3121 8339
2156 6 1420 2582 4872 2390 9491 4907
2157 6 1173 9831 3178 2282 1442 844
2158 5 1231 3876 4030 9764 9793
2159 8 1143 9148 1817 8556 8320 795 3972 9195
2160 6 148 2694 4798 6829 9309 4479
2161 5 209 4017 4578 6083 1172
2162 3 194 8391 547
2163 6 1061 7800 8369 9889 3608 2692
2164 11 2107 3906 4090 4372 4754 4448 6205 8566 8272 7373 5028
2165 9 347 2768 8142 5488 9256 335 119 9708 6591
2166 3 1173 6079 4054
2167 3 717 5947 4658
2168 3 1697 2515 4377
2169 5 234 4414 4633 3537 8259
2170 6 927 2555 2887 3878 5848 9966
2171 3 2078 4026 68
2172 9 1170 2942 352 1475 7516 5203 6863 35 4452
2173 2 1090 5228
2174 8 1512 2972 5273 5589 8266 597 6816 3278
2175 6 900 3077 4405 5916 6101 1923
2176 6 1691 9018 4216 9264 5628 7940
2177 3 1345 5096 5853
2178 5 1217 2416 5470 4281 2009
2179 3 379 7501 560
2180 8 1465 2924 3830 6182 1701 6205 6330 3445
2181 4 1451 6406 2312 5210
2182 6 2049 6772 9172 8558 3850 9567
2183 7 1299 6888 425 8119 5102 7362 6915
2184 5 594 5639 9468 5171 9940
2185 3 1647 6495 9208
2186 4 1499 3833 6124 5225
2187 9 1264 2544 4052 8504 5174 1641 3496 4013 19
2188 4 1664 7909 9090 3361
2189 12 1645 2510 3199 3727 5065 7638 8697 8709 5986 1552 668 2858
2190 7 1616 5561 7640 6826 1209 3971 4426
2191 3 430 5208 7856
2192 6 884 2376 3719 6824 5450 3750
2193 3 583 5415 6349
2194 6 1719 2689 3291 5198 170 977
2195 2 1980 3275
2196 5 946 3896 7141 407 564
2197 6 834 2222 7142 1443 1729 8907
2198 4 118 3348 501 2720
2199 5 982 5493 9503 5670 4059
2200 4 1255 3581 3032 2431
2201 4 1038 3276 8102 764
2202 4 1133 5531 7423 8791
2203 6 252 2218 5497 6794 4116 6376
2204 3 569 8851 5688
2205 6 1630 4408 4923 9390 7022 3653
2206 4 116 2435 6197 7574
2207 6 1293 4033 9468 9696 6708 286
2208 6 1620 2603 3321 2592 472 4066
2209 7 1650 3343 4166 8247 3231 885 2997
2210 3 1819 8074 7075
2211 1 1058
2212 9 422 2487 3780 5140 9472 1976 2340 9195 641
2213 6 2155 3758 4041 9422 68 6195
2214 6 1459 5928 8446 5596 6099 8618
2215 9 513 3396 3546 5671 7329 9446 1277 809 4600
2216 8 1961 5482 7150 9655 2837 9692 1099 1088
2217 3 1048 8399 8745
2218 8 2203 3095 6380 9416 3658 8996 5509 4883
2219 4 1584 4515 5668 1716
2220 6 1310 2511 4576 7569 8486 495
2221 7 567 1806 7221 4412 6787 4643 3835
2222 9 2197 3026 8382 7302 1178 8105 9358 4764 7571
2223 5 591 9385 9165 9976 3506
2224 9 275 3929 5073 5444 5266 2473 9288 8083 9652
2225 3 1829 8179 9479
2226 5 937 7473 8896 5934 9560
2227 6 320 2550 903 1540 2719 5423
2228 9 1016 6343 7266 9812 4761 7212 2775 4328 8367
2229 6 1530 2378 2974 6342 7931 1101
2230 6 1254 3177 3721 7913 4393 583
2231 5 1070 3421 166 7483 4081
2232 3 1024 6624 5316
2233 3 1517 3659 4486
2234 6 1272 9125 2473 8085 5686 8537
2235 2 1605 3642
2236 4 19 9576 4516 740
2237 6 1005 2827 7863 6372 8377 1407
2238 8 2111 3212 4206 8131 3452 1982 8580 7933
2239 3 108 2325 9039
2240 7 404 4102 7513 7758 2592 7688 3169
2241 6 1538 7162 7379 6771 3678 2451
2242 5 1501 4740 8568 7182 9136
2243 4 1278 8088 2072 3962
2244 5 1026 3596 6414 9255 2890
2245 5 1248 5050 6049 7124 9650
2246 3 1303 2931 717
2247 4 1182 2347 3592 7198
2248 3 1311 7756 3704
2249 9 726 3961 9151 8396 1101 1433 1433 7986 3482
2250 7 761 3012 3242 7405 9378 5536 514
2251 9 1418 3610 4101 4094 6453 873 8926 3523 296
2252 5 1067 3087 6711 1070 5402
2253 6 1220 7668 9065 194 9486 9760
2254 9 1810 2489 6706 6286 5788 3980 6137 5347 1715
2255 7 1408 4292 4464 6014 6906 9224 1761
2256 8 979 3938 4720 8370 6806 8832 2501 4360
2257 6 1026 4025 4621 5893 6312 6537
2258 5 851 5501 6497 101 9165
2259 6 1634 2374 2497 3026 7303 1394
2260 7 1606 3229 6497 9773 9892 3147 9852
2261 5 2003 4962 2429 6561 6613
2262 4 1623 4661 5598 8890
2263 7 795 3496 6517 8988 2906 1693 7045
2264 5 1266 3464 3705 839 5235
2265 8 844 2758 5170 6062 5031 6490 9671 5857
2266 7 1813 4506 9379 9222 4620 5957 5927
2267 5 1604 2438 5541 3102 4482
2268 9 467 2811 2946 4498 3550 8056 6780 7409 9223
2269 7 920 3975 5906 7579 4319 695 1870
2270 3 1688 7442 4838
2271 5 1238 8947 763 5085 4406
2272 4 93 3923 6175 1943
2273 11 454 3729 7040 4462 5933 9231 9368 4797 6202 1340 9266
2274 7 781 2815 5268 9465 7094 7065 1020
2275 8 83 4179 5890 6192 6394 542 5050 7983
2276 4 816 3432 1286 4704
2277 8 1663 6500 9434 3492 3283 2558 2536 6450
2278 4 791 3027 5438 6037
2279 4 670 5149 2293 6586
2280 2 484 4148
2281 4 528 6352 2573 9477
2282 8 1147 8918 1741 2157 9570 4581 3453 8319
2283 5 53 948 8330 815 2287
2284 5 318 4581 4177 4 9513
2285 7 2145 2712 6126 4176 9181 2341 8168
2286 5 1536 4864 5615 3457 2808
2287 8 1561 3198 4945 5507 8780 8084 2995 2283
2288 3 1816 2574 4700
2289 6 272 6057 6374 7655 9815 1268
2290 5 477 2633 3382 4953 4109
2291 4 1697 7667 5133 8799
2292 2 931 2928
2293 9 448 9355 882 240 637 2279 8448 9495 4990
2294 6 185 4019 9866 3796 7596 1695
2295 5 1781 8995 4179 1365 102
2296 3 850 3310 6653
2297 8 1177 2587 4162 4405 7322 3815 4941 799
2298 6 1726 2358 6690 8551 5041 5710
2299 6 702 5374 8299 7360 138 3351
2300 2 424 8664
2301 4 1497 3826 6347 3730
2302 4 1805 4107 6926 5957
2303 8 818 6349 5449 6440 7324 6804 5837 9942
2304 10 1162 2373 5289 8392 7181 5018 4341 9431 118 1945
2305 7 1052 2674 5481 7544 2908 8660 1661
2306 3 1445 6990 5128
2307 2 76 447
2308 3 668 5516 5202
2309 7 1368 7487 3958 4729 544 8189 1067
2310 3 1117 2320 7153
2311 5 756 3384 3552 9868 422
2312 5 1364 5265 2181 8263 7170
2313 6 1588 3866 4271 3208 6735 4495
2314 5 1511 9947 1769 8238 871
2315 9 1926 3246 6935 924 8495 3222 2048 5985 2761
2316 8 255 2402 4266 5221 6082 5779 596 5240
2317 6 908 5736 4047 1038 4572 7637
2318 5 761 2668 9444 8846 7961
2319 5 1006 8394 6387 2529 5510
2320 6 2310 1577 7781 7279 1954 9197
2321 6 2029 5147 5333 1016 8323 1255
2322 7 1751 5474 6605 974 316 8701 2516
2323 7 1629 4264 6277 3288 6283 9512 8539
2324 4 1890 7289 1966 8494
2325 6 2239 2630 4045 2013 2609 4816
2326 4 471 2607 2560 5381
2327 6 1588 4115 4831 3103 3226 4671
2328 3 93 8236 485
2329 10 169 4767 6056 6453 7249 8421 9081 2410 4688 9685
2330 3 95 3981 935
2331 2 2044 3227
2332 6 567 2900 6685 5950 7959 3938
2333 4 1319 3577 5348 1413
2334 6 826 3361 4146 2588 7929 7843
2335 6 215 2570 4156 9285 580 863
2336 4 1287 2538 7952 4761
2337 5 88 7434 7982 1382 5955
2338 6 892 2386 3709 6886 3016 2451
2339 9 681 5179 5915 6926 3399 595 1694 358 8981
2340 6 1853 4394 3684 2212 9267 3276
2341 6 937 7328 5652 554 2285 2784
2342 6 1492 2513 9121 4915 9456 9915
2343 2 1871 7947
2344 6 1373 5708 6952 3245 1888 8580
2345 10 1127 2408 3542 5508 5999 7936 8121 7817 1609 8328
2346 6 542 5558 5950 6636 9177 6207
2347 6 2247 9308 2046 1065 8505 8689
2348 5 1099 2537 3743 5281 7755
2349 5 1675 6489 4719 5811 7682
2350 3 960 3235 2427
2351 3 536 1638 8322
2352 7 1854 3355 7377 7185 2980 8705 7485
2353 2 1260 384
2354 6 707 3502 3600 7012 3700 2908
2355 4 750 5199 3024 9168
2356 4 837 3949 2883 8594
2357 6 554 568 9297 5550 3274 6116
2358 8 2298 3808 3882 6119 6002 6228 2708 7310
2359 5 1471 5433 8918 1060 8511
2360 3 706 3130 358
2361 2 1655 7848
2362 6 807 6929 8581 9643 3649 2816
2363 8 1944 9239 7227 3392 149 3341 7384 1930
2364 5 220 2836 4185 5125 7901
2365 5 1038 6540 4337 9604 8316
2366 6 1085 3985 4396 9222 36 5239
2367 7 1383 3499 3905 6368 6941 394 2661
2368 6 818 3314 7507 2657 2145 7298
2369 8 896 2843 3739 8022 2794 7079 5159 1055
2370 2 606 5421
2371 5 774 9686 7276 6016 6267
2372 3 1248 7157 8078
2373 6 2304 8395 4411 9986 3540 8055
2374 9 2259 2521 4569 4580 5878 3269 2435 7307 575
2375 7 1811 8801 4516 3918 9284 4769 5513
2376 9 2192 4147 4536 8938 1275 7031 3217 4269 154
2377 6 295 2390 7469 8786 794 1944
2378 5 2229 2773 8339 1105 5877
2379 10 1470 4633 5745 3217 2761 3620 970 9819 7882 2800
2380 3 1952 4827 2532
2381 6 942 2800 5953 7295 9707 2465
2382 6 98 2443 4917 3063 2952 6425
2383 6 441 5346 5362 8168 8503 4869
2384 5 780 6049 6015 4042 4938
2385 6 2 6596 9829 8784 3911 7130
2386 5 2338 5902 9593 4117 3335
2387 6 1286 3801 6136 3368 4206 7769
2388 7 573 3368 7113 7388 6495 8749 5868
2389 8 879 2543 3968 7878 9573 4067 3636 8873
2390 7 2377 3187 9476 2156 8013 7588 2833
2391 6 645 3150 5018 6477 2755 5562
2392 4 1346 4704 4416 8922
2393 9 1651 8877 9027 5463 4558 7794 6874 239 1065
2394 5 292 3442 5192 8192 5421
2395 6 193 3040 9893 8657 9070 8325
2396 5 218 4988 4387 2620 4810
2397 7 1312 2728 4739 5169 8250 6039 2135
2398 9 1432 9056 9996 2440 3987 1129 4420 1223 2607
2399 4 365 4982 9515 7979
2400 6 1597 8233 8323 9006 6768 2115
2401 3 142 4175 9099
2402 3 2316 3320 3618
2403 2 1175 6526
2404 9 466 2639 2766 3067 3216 2041 1402 8266 4231
2405 8 383 5138 558 1951 8276 1295 8782 3272
2406 6 253 5372 9770 4623 4327 7355
2407 7 1581 6037 8244 4387 5336 1162 6100
2408 7 2345 6137 309 6054 3539 327 3112
2409 6 463 2519 4097 5799 7048 6435
2410 5 605 2583 1327 5389 2329
2411 9 1198 3393 3925 8794 7384 5109 6824 9220 402
2412 9 1754 2492 5560 6716 2993 1312 5412 7837 4562
2413 3 799 8108 1695
2414 11 1604 2449 2598 5382 6678 6292 4222 4794 1483 51 2501
2415 9 1724 5114 6745 8280 4163 5288 144 2048 4434
2416 6 2178 3354 7424 5625 5516 8167
2417 4 1082 2532 616 1455
2418 7 1396 5551 1197 9910 6444 6354 2101
2419 5 179 3481 6557 1143 8325
2420 4 1250 7846 3206 9451
2421 4 852 3380 1835 9459
2422 6 940 6099 7827 8909 3226 3518
2423 3 1589 5657 9081
2424 7 1143 3317 4744 5624 6465 4829 6460
2425 4 952 8118 5251 4972
2426 9 1878 2895 9735 115 772 6161 8154 6768 8343
2427 10 151 4153 5109 2883 9785 7762 6974 6611 2350 7809
2428 5 955 5146 4768 892 5719
2429 7 1958 2581 5097 1194 7170 2261 3685
2430 3 361 7316 7374
2431 10 297 7204 7582 8641 1509 6882 781 3035 2200 9900
2432 7 1626 4609 6390 7240 5893 976 9976
2433 2 568 3422
2434 5 86 3821 350 6720 5854
2435 4 2206 5770 7254 2374
2436 8 2125 9276 1443 428 4050 9464 9364 887
2437 4 878 7956 9709 7961
2438 4 2267 3690 8353 5041
2439 5 405 3700 3249 2529 1150
2440 11 1341 3030 3394 3852 4329 6847 2398 8449 407 4030 3491
2441 5 1081 3470 3595 2444 6194
2442 5 1053 3044 4138 9639 5712
2443 6 2382 4881 8092 9182 4267 5705
2444 7 1130 5124 2441 7221 4068 8893 5987
2445 4 1595 5087 9219 6899
2446 8 968 4961 9386 9423 5569 7445 1311 7790
2447 4 1247 2738 930 821
2448 6 888 7892 9453 1230 6992 7151
2449 7 2414 4583 6288 1011 1649 629 7270
2450 5 1926 1983 2691 4750 426
2451 8 237 5429 1402 3061 2338 1703 2241 1522
2452 4 687 5333 544 1607
2453 6 1437 3163 3711 5077 3027 9327
2454 5 1225 4849 1994 7842 7894
2455 4 641 3718 5002 6439
2456 5 272 8689 3881 9532 4640
2457 3 250 3192 3313
2458 5 1738 9323 5595 6281 2868
2459 10 1069 2991 3677 3853 5404 2732 8057 262 1095 1069
2460 4 1619 2535 2878 3991
2461 4 1249 2952 9859 7577
2462 5 1208 2902 8846 8500 1258
2463 8 1230 3069 9377 3215 8258 6304 4422 5573
2464 3 1024 3622 7292
2465 7 1723 8009 8156 8500 2381 5644 7299
2466 7 655 4436 5895 6733 1106 6925 6238
2467 7 645 2601 3857 8474 5525 3319 4635
2468 6 2072 2921 3306 3694 4407 3579
2469 4 1908 7494 5122 309
2470 6 676 4125 6478 9168 8359 8157
2471 6 2066 3745 8708 7144 5107 1726
2472 4 260 9553 5124 7856
2473 6 5 2548 2224 2234 9742 6932
2474 5 228 9221 6103 945 4114
2475 6 458 4428 4753 3852 5423 3512
2476 5 1685 3293 4603 1363 6992
2477 4 507 437 3647 1164
2478 5 1796 5283 2120 8973 3547
2479 5 21 5334 7595 322 8080
2480 7 857 3459 3393 750 844 2089 6494
2481 3 1817 1535 170
2482 9 260 6815 7135 9074 2080 4512 4057 7784 1410
2483 5 1146 5625 3415 98 8579
2484 8 1884 4484 5217 4630 7238 4239 7609 3241
2485 4 1915 4395 7582 6159
2486 7 1250 6372 8300 9756 8518 648 7657
2487 3 2212 4750 7161
2488 4 739 7109 81 6818
2489 6 2254 4720 2152 5993 4694 9057
2490 5 702 2670 5264 6529 620
2491 6 1646 4868 7553 228 260 7711
2492 6 2412 7078 6696 8851 3620 8032
2493 6 1237 4482 6007 6309 7801 5163
2494 3 692 4274 4726
2495 2 959 4943
2496 9 1692 2953 8200 1698 9662 6678 9667 7455 5313
2497 3 2259 5527 1313
2498 7 2129 3112 3851 5061 3771 3898 5535
2499 10 520 2572 3256 3731 3147 5183 1451 4671 1780 8112
2500 7 295 3441 3636 7916 6995 8231 4400
2501 6 592 5398 7817 2256 8295 2414
2502 1 368
2503 4 504 2525 6174 8213
2504 8 1027 4092 6608 4468 8104 5072 5394 2001
2505 5 1955 9307 8588 2048 9759
2506 7 808 3314 4043 4674 5416 8012 5694
2507 7 615 3836 3829 2685 3356 9044 8477
2508 7 542 4444 4843 6790 5036 9023 3655
2509 4 1169 2643 736 6662
2510 4 2189 5875 7741 3078
2511 6 2220 6912 9752 1347 1247 5042
2512 7 2026 2594 2989 4288 4122 4878 1850
2513 6 2342 2540 4643 7318 4129 6549
2514 4 737 7826 1626 5173
2515 6 2168 3019 3350 6080 286 59
2516 6 921 3661 112 4478 2133 2322
2517 2 345 9032
2518 6 1499 4858 9574 6191 7818 3647
2519 6 2409 5831 6427 7468 866 3510
2520 7 1827 2672 4334 9873 4477 9898 3947
2521 4 2374 6555 8427 620
2522 5 634 3352 5274 8603 4606
2523 3 776 3828 6891
2524 7 1813 4227 4803 8022 4435 9699 7499
2525 5 2503 4167 4601 4431 5263
2526 4 2010 6012 3058 4065
2527 6 488 3219 7071 7074 5591 9016
2528 8 340 2772 8957 5451 8860 7178 7103 2061
2529 9 836 3580 2439 2319 43 9290 1026 1182 7564
2530 3 1679 4198 4979
2531 6 1266 4013 4453 3649 5709 3437
2532 10 2417 6168 9543 9321 5275 2380 8449 6031 507 3399
2533 4 1318 6600 8922 2872
2534 5 352 3556 6092 1783 9593
2535 6 2460 4335 9336 2600 7284 6657
2536 6 856 3495 9315 5263 2277 6547
2537 5 2348 3730 6468 8208 3901
2538 7 2336 7420 99 5357 3079 2152 7370
2539 4 676 9623 4751 6659
2540 3 2513 4851 1162
2541 3 1973 4627 9431
2542 4 1440 3767 5245 4263
2543 6 2389 3056 5573 6404 7581 9870
2544 4 2187 1289 3646 3880
2545 7 1969 4692 4403 7607 6731 205 4188
2546 2 1729 7965
2547 5 2010 3591 4806 4690 4826
2548 2 2473 7967
2549 8 974 3608 4627 4773 4023 705 159 1485
2550 7 2227 4135 5945 8533 9597 8013 3872
2551 8 1933 3926 4307 8118 8700 8954 9159 2773
2552 5 818 4974 6647 8333 4740
2553 2 115 5977
2554 7 320 5340 7294 8219 9416 7866 9399
2555 6 2170 3950 5922 5948 3687 866
2556 1 1496
2557 3 1636 7806 6679
2558 8 1049 3566 4519 6198 3452 2277 8623 1420
2559 4 813 6453 3277 3083
2560 5 1026 8126 8608 2326 4937
2561 4 114 5767 725 2030
2562 6 5 3782 6096 6345 554 2981
2563 12 2067 3966 6876 3132 4675 1787 5965 4989 8266 5557 9406 5372
2564 5 548 3016 4507 9905 283
2565 7 1713 4158 9205 6108 6007 7699 968
2566 4 1356 9250 1787 3104
2567 8 139 2673 36 1657 4656 6832 626 8039
2568 4 543 4200 8659 5812
2569 4 1348 4867 5074 4757
2570 4 2335 4853 1518 8193
2571 5 746 3637 5925 2043 5936
2572 5 2499 2723 8307 4374 3568
2573 6 1597 4385 9822 1896 2281 7066
2574 5 2288 3104 9097 5274 5202
2575 6 1903 6296 9003 7014 7133 621
2576 6 535 2691 3357 4754 3593 5383
2577 2 1067 8197
2578 6 1271 8615 1269 2581 8351 6136
2579 5 1065 3899 5609 5813 6653
2580 4 1155 8515 5211 9657
2581 5 2429 7873 2578 7323 8219
2582 8 2156 2687 3115 3764 6888 9022 9412 3733
2583 10 2410 3344 8652 3969 4788 6468 4415 1533 4153 1563
2584 7 991 4934 4089 5931 170 8722 8950
2585 1 418
2586 2 262 1342
2587 6 2297 3251 5932 9935 1013 6350
2588 8 608 4084 8670 9570 2334 8380 347 4270
2589 3 2120 5383 3288
2590 4 1664 3530 5060 6710
2591 7 601 6311 2989 3229 56 2779 1506
2592 6 716 1516 2208 5806 2240 690
2593 3 1708 6652 1376
2594 7 2512 3860 5075 7581 8051 5644 7970
2595 5 1183 5026 6406 4971 2734
2596 3 670 6438 6499
2597 9 863 5338 6284 6476 7291 1746 1973 6498 1943
2598 5 2414 6611 314 3587 6668
2599 7 1390 9720 6848 6922 7266 3510 747
2600 8 1513 4664 5155 5553 7726 2535 6052 3517
2601 7 2467 6471 4793 8626 9049 6137 2126
2602 5 1672 2682 7559 3324 1390
2603 8 2208 2850 3091 5035 590 1586 1304 2804
2604 9 1828 6333 7165 9186 8046 5016 2102 5769 4399
2605 2 1363 7990
2606 3 2086 5903 5893
2607 6 2326 3461 5715 7133 4488 2398
2608 7 1522 5544 7034 7852 9306 8222 6998
2609 6 1621 1746 4320 2325 5365 7532
2610 7 128 3241 5016 9147 6547 2988 5420
2611 4 2028 3816 8906 6182
2612 6 1796 4021 802 20 4545 1802
2613 5 210 2644 6431 9436 1322
2614 4 776 6826 9228 1697
2615 3 950 6401 2141
2616 3 1760 6113 2129
2617 9 1886 9142 5225 5812 697 8792 1798 9382 913
2618 5 236 4178 9115 307 4741
2619 3 1863 5765 6816
2620 5 160 3947 2396 8846 6076
2621 8 678 2856 7503 8922 3788 7006 8578 6232
2622 4 960 3066 5832 1470
2623 5 1006 7174 7960 4991 8778
2624 5 534 6818 5405 9894 1324
2625 3 1249 8272 5065
2626 7 277 3489 6474 9005 9609 8695 1930
2627 7 330 6898 9879 6228 7116 1924 7071
2628 5 88 3236 7962 9122 5161
2629 6 21 2781 4844 4680 1535 9176
2630 4 2325 3053 3553 9360
2631 8 20 3710 4368 4976 5859 4687 4028 4844
2632 4 1636 1179 8755 2646
2633 4 2290 4138 3332 4400
2634 1 1992
2635 1 1573
2636 3 90 3005 4003
2637 2 622 2967
2638 7 889 2806 5873 6423 6645 7224 1940
2639 5 2404 3688 3724 8504 5920
2640 2 1587 5594
2641 7 971 2883 5969 737 4810 3832 7394
2642 5 1884 3722 4790 1094 9520
2643 7 2509 2905 3254 4018 2734 1126 7421
2644 9 2613 2667 3165 7935 653 8409 9759 8527 5511
2645 9 275 8242 8150 7800 6590 695 5468 8732 99
2646 8 1104 5092 7738 9261 2149 2671 5043 2632
2647 6 1852 9656 9339 7320 8611 1324
2648 7 1484 3555 4065 7789 6315 678 3305
2649 1 1598
2650 6 2082 4015 6249 2712 2971 7600
2651 7 1668 3479 6589 9796 383 9099 9264
2652 4 787 4469 6846 6889
2653 3 1761 6739 5360
2654 5 1334 3674 9260 9959 558
2655 6 1811 8969 8917 6209 5 5665
2656 4 270 2707 8057 3647
2657 5 1164 6205 4090 2368 3895
2658 3 1531 3804 4231
2659 3 797 8418 1620
2660 5 418 4774 6823 8522 9377
2661 5 1481 5185 9204 8946 2367
2662 6 293 5599 3874 1283 4863 9716
2663 4 1700 7846 5472 1961
2664 4 1410 7227 4470 7850
2665 6 2073 3699 3822 5740 2814 374
2666 9 808 4728 6573 9088 9319 4052 3499 9186 4274
2667 7 2644 3584 4772 6143 406 9803 8804
2668 4 2318 4355 7642 4726
2669 4 1105 4350 6162 1789
2670 4 2490 3843 5305 5815
2671 9 224 852 8328 4893 5573 8231 2646 4351 5509
2672 7 2520 5314 5408 7823 2986 7120 5249
2673 4 2567 5651 6211 480
2674 4 2305 3944 8082 3490
2675 4 2056 4989 7788 7759
2676 5 1887 4851 3716 3829 8407
2677 6 820 3668 4409 7430 7862 9158
2678 6 76 5191 7051 4970 4085 8460
2679 2 1979 6086
2680 5 1484 7575 3402 8382 9945
2681 4 1964 7076 6504 8732
2682 3 2602 7090 7858
2683 4 1138 7384 3848 8308
2684 6 2081 5319 5353 6191 1294 6692
2685 8 2114 4222 449 425 6028 3379 2507 399
2686 7 2121 4067 5773 9312 952 9077 9267
2687 5 2582 6503 3997 7265 9805
2688 4 235 20 8143 1894
2689 6 2194 7496 5368 3351 1380 3951
2690 7 553 6278 8549 4265 9086 9076 7212
2691 7 2576 3265 3829 2450 651 1332 1226
2692 6 1450 6836 5869 5174 1970 2163
2693 4 457 3492 8079 6107
2694 6 2160 4437 7590 7172 1668 8049
2695 9 1047 3162 2848 9160 3722 4116 7360 997 4784
2696 6 1298 2750 3046 14 6586 796
2697 3 1727 2777 8521
2698 2 684 3989
2699 6 2133 3444 8192 3651 2752 9874
2700 5 1580 1859 5860 6208 5077
2701 7 1762 6153 6351 2050 4146 5077 2138
2702 4 11 4483 4265 1244
2703 9 1204 3850 4693 8110 4480 2896 9075 7162 8452
2704 2 849 4951
2705 4 789 4296 9439 128
2706 4 1183 3209 5914 3337
2707 2 2656 7485
2708 7 1108 3028 6485 8991 2358 196 4381
2709 5 1762 8764 6126 7279 6659
2710 3 957 3058 6401
2711 6 623 7520 8753 5756 9372 4591
2712 3 2285 6742 2650
2713 8 1085 7706 601 9562 9482 9290 9620 1263
2714 3 304 5478 677
2715 5 880 6660 3625 3636 8001
2716 5 919 6895 2751 1315 488
2717 3 809 862 8330
2718 3 941 4139 2118
2719 9 288 3740 6919 8500 4855 3834 8632 1671 2227
2720 5 1493 4318 9195 7844 2198
2721 7 1452 5432 5518 6752 3024 4174 2142
2722 8 960 2938 5286 6857 5262 8703 9432 1702
2723 6 2572 3418 6101 7703 1509 2790
2724 4 2010 2783 4695 273
2725 8 12 2957 3847 9859 2787 4923 9102 6482
2726 5 242 6488 9860 2981 3798
2727 4 334 3869 5324 656
2728 3 2397 5141 8751
2729 5 182 4303 6046 9313 6328
2730 4 202 4340 7837 1985
2731 1 872
2732 8 537 3751 2459 1026 8207 1596 9777 6116
2733 5 571 3480 4459 5254 1622
2734 11 1412 9689 9361 7805 8305 3143 4010 2643 1087 5290 2595
2735 6 1327 5365 8252 5865 5470 3622
2736 5 953 4242 1126 9795 4835
2737 6 259 3200 6675 8263 6087 8268
2738 10 2447 2985 8326 8868 3 5531 7149 142 5645 722
2739 3 946 9764 8271
2740 8 52 5349 8342 5443 1494 676 4151 6002
2741 6 909 2782 4308 4938 1910 8626
2742 4 975 42 7466 6262
2743 6 535 6186 1484 6958 7233 4079
2744 3 1337 6426 7829
2745 7 187 4624 8429 3747 3304 9267 4901
2746 4 1388 3616 5435 5513
2747 2 1988 5629
2748 4 218 3828 4412 7816
2749 4 1719 9189 7044 7542
2750 4 2696 3504 7489 1801
2751 9 1058 3988 5964 7893 2716 8025 153 8195 9470
2752 9 1507 4240 5799 4987 3271 2699 9951 1624 9002
2753 3 1451 3794 1303
2754 2 670 2098
2755 6 1674 2862 7163 2391 8382 4439
2756 5 475 1571 5901 7121 8387
2757 4 517 3290 6559 3811
2758 4 2265 5502 7161 6987
2759 4 650 5781 1387 5901
2760 2 176 5520
2761 7 261 5889 9058 3866 2379 2928 2315
2762 8 1198 3991 5046 7952 8089 9433 8958 4258
2763 5 1838 3749 5927 7950 8556
2764 6 978 4360 1471 5761 2779 4045
2765 2 1226 1362
2766 7 2404 5817 6760 7576 5632 8942 1383
2767 7 1403 3945 6246 19 7879 2132 6362
2768 4 2165 3797 5608 3708
2769 10 1926 6132 2976 6871 323 1353 7376 1203 728 8829
2770 3 861 1724 5795
2771 7 1198 4931 4955 9603 9468 3560 6190
2772 3 2528 9454 4525
2773 4 2378 5358 9116 2551
2774 9 1385 3755 6032 6090 7869 2976 9805 4118 6471
2775 6 884 9778 1409 2845 8220 2228
2776 3 751 9198 9130
2777 5 738 4114 2697 6890 5376
2778 7 982 7395 1410 5978 7203 4588 9361
2779 10 1155 9013 6127 8445 1062 1630 7989 2591 1688 2764
2780 5 1399 9196 1635 1491 3094
2781 4 2629 3117 4669 5737
2782 3 2741 3664 5998
2783 4 2724 8149 4611 6829
2784 3 1541 740 2341
2785 1 448
2786 2 683 4205
2787 4 1003 3262 2725 5934
2788 5 456 3223 4068 7089 3226
2789 4 961 5037 6295 4980
2790 7 952 7777 4994 3754 4689 8280 2723
2791 5 556 6124 862 9515 3819
2792 4 482 8469 3979 5959
2793 6 1390 4673 5695 5013 6432 9701
2794 4 944 5797 2369 909
2795 6 1114 2886 3358 4000 1658 1398
2796 7 1080 8650 8779 8182 8430 3358 5146
2797 5 2066 3516 7171 1621 6698
2798 2 844 9611
2799 3 895 6212 9884
2800 6 2381 5834 8334 7576 3249 2379
2801 6 1492 3182 5041 5236 1507 3243
2802 5 1729 3487 4890 5581 8570
2803 8 13 4235 6112 159 1432 5553 5099 2905
2804 8 1071 4342 8753 9983 4312 7224 2603 9417
2805 3 1461 3239 4860
2806 4 2638 9078 9235 3051
2807 5 1319 4716 3496 8286 1019
2808 9 382 2937 7546 1008 2286 7519 7069 8307 504
2809 7 2104 8106 8644 8271 9348 585 5471
2810 7 1899 7183 7193 41 9695 7465 2120
2811 2 2268 1428
2812 3 1801 7749 1167
2813 4 850 419 7516 1595
2814 2 2007 2665
2815 5 2274 3892 90 6461 6451
2816 3 465 9738 2362
2817 7 1617 3047 3620 8196 3424 922 5754
2818 2 1163 488
2819 3 1470 4136 9289
2820 5 787 5555 5738 843 5566
2821 5 1148 3377 3842 3739 282
2822 5 1980 5052 7956 5216 7457
2823 6 1656 6670 8190 162 9217 4113
2824 2 1302 6989
2825 3 1843 4171 7818
2826 6 665 4195 5782 8425 190 7763
2827 2 2237 3785
2828 4 1936 5212 486 4764
2829 6 1820 7622 713 6008 7436 9036
2830 3 223 4732 3846
2831 7 169 4968 6003 7411 8839 4835 5721
2832 3 579 7140 1833
2833 3 1060 3987 2390
2834 2 2091 5456
2835 5 786 4023 3247 346 1907
2836 8 2364 5189 5216 2121 8267 3775 5814 6749
2837 4 2050 2216 7946 7879
2838 6 172 4014 4124 7047 4555 5967
2839 5 1117 3337 7542 8018 3336
2840 3 1685 2865 9780
2841 4 906 3164 6561 6215
2842 5 1633 4685 9754 4029 1087
2843 5 2369 5907 7592 6106 8633
2844 5 772 7396 1090 9366 7012
2845 6 988 3529 8692 2775 5279 8877
2846 5 60 2885 2019 7658 9837
2847 8 606 5872 8213 9188 1297 4158 7908 5249
2848 8 438 7296 2695 4781 9125 4893 5453 5801
2849 5 122 8294 5880 1595 1310
2850 7 2603 4382 8740 5535 8156 7300 6119
2851 7 1932 3261 3617 3211 5836 4055 5920
2852 4 2016 4826 5892 6527
2853 8 113 3799 4301 4719 188 8894 9365 5150
2854 5 1564 3086 6268 5875 6111
2855 3 892 5252 844
2856 4 2621 7879 6586 3178
2857 4 1350 3405 1984 8373
2858 6 714 2984 1500 8835 2189 1783
2859 6 1258 9180 4648 6465 2882 3929
2860 5 1763 7327 7691 5238 5195
2861 3 1990 3425 9348
2862 2 1467 2755
2863 4 1894 4645 7810 4067
2864 4 1604 4188 688 9200
2865 6 2840 6340 7940 6433 7690 3461
2866 2 1902 6730
2867 3 1506 4952 8409
2868 4 913 3127 3863 2458
2869 2 469 3303
2870 7 771 3446 8075 4220 6344 7665 746
2871 13 1562 4721 4829 5791 6169 7290 4298 3167 674 337 1929 7969 7531
2872 4 1870 2958 3609 2533
2873 5 701 3716 4694 9633 7947
2874 6 1369 421 8750 3115 3981 8763
2875 3 692 8435 8769
2876 2 1878 252
2877 6 1966 4523 4892 5 9315 6220
2878 9 2460 3139 5010 3172 8005 3622 9357 7072 2970
2879 7 1873 5183 6311 8829 9095 4312 2094
2880 4 695 4589 3204 465
2881 3 1614 4686 4077
2882 4 800 586 159 2859
2883 6 2641 6868 2427 2356 8762 5752
2884 4 1733 4964 5211 1543
2885 7 2846 9623 7810 7183 4142 147 7006
2886 8 2795 3158 3786 8008 4153 6686 4419 9024
2887 5 2170 8408 5043 6071 147
2888 6 562 9742 7729 8324 1902 1241
2889 7 556 6740 4791 1128 5390 4129 6955
2890 7 1657 4230 5827 2244 4172 937 7937
2891 4 236 7917 7805 1060
2892 6 1297 4286 5664 6833 2042 7144
2893 3 1426 2028 7067
2894 5 2063 6938 3040 238 5383
2895 3 2426 3806 1214
2896 3 1453 1078 2703
2897 3 316 4002 1450
2898 4 1535 4193 8148 4624
2899 7 2110 3073 5892 9954 9770 5869 9181
2900 3 2332 707 5167
2901 2 595 1865
2902 3 737 1542 2462
2903 8 1651 3128 5574 435 9453 177 1552 4173
2904 6 1026 4072 7013 8895 3853 5718
2905 7 2643 5127 406 8064 7914 8535 2803
2906 5 370 2977 2263 9386 6593
2907 5 529 3886 6623 8596 6785
2908 11 934 5534 5655 2305 5145 1113 2354 6933 9051 9116 2126
2909 4 2112 2000 811 6279
2910 7 1933 2955 3626 6657 6078 6030 307
2911 3 1102 4686 6134
2912 9 379 6900 8877 3890 5730 4956 3827 5416 9297
2913 9 202 9098 9991 93 6727 3927 7879 6273 165
2914 4 754 4626 2999 6088
2915 3 673 5721 281
2916 6 969 7802 8395 8756 3606 4210
2917 3 1412 5996 4887
2918 7 1836 7825 9081 4028 3229 985 6025
2919 4 507 5563 280 8188
2920 9 17 3871 7077 1829 9218 1002 9096 3530 340
2921 8 2468 2928 3497 7075 6142 8 6594 8735
2922 3 2078 9647 5793
2923 6 127 3642 7625 4762 881 8738
2924 3 2180 4564 7396
2925 3 1644 8531 9256
2926 3 1562 3191 9843
2927 4 367 4365 7689 4862
2928 6 2921 1015 1076 208 2761 2292
2929 3 853 4190 9495
2930 2 119 8390
2931 4 2246 3110 9229 3473
2932 7 556 7406 648 5181 8203 705 8560
2933 5 863 7972 2029 4655 9804
2934 4 104 4734 1499 1576
2935 8 206 8721 3404 3672 7502 3451 5076 3297
2936 9 1890 4202 3943 5130 7131 4247 5891 8335 9150
2937 4 2808 4273 1005 3850
2938 6 2722 5460 2091 2996 5411 3058
2939 2 1976 4462
2940 6 1944 6844 7432 9283 6344 7352
2941 4 551 6869 8686 561
2942 4 2172 6957 625 4794
2943 6 255 3915 5753 1481 8383 1878
2944 3 786 9354 4248
2945 5 909 3214 8112 4091 3056
2946 8 2268 3547 5104 7030 4927 6197 9002 5222
2947 6 1553 5089 7787 9249 7894 9168
2948 5 1714 4432 9897 2108 9924
2949 3 1213 3969 89
2950 4 78 7464 9213 5196
2951 7 353 6387 7172 4757 8043 5956 1630
2952 8 868 4449 5112 2461 9472 8089 2382 5316
2953 7 2496 3133 4110 9485 6789 1119 7418
2954 9 1841 4344 5130 470 6216 8656 7213 6856 4260
2955 2 2910 4717
2956 8 748 5490 8494 5939 993 9402 130 6400
2957 5 2725 5826 7130 1820 1019
2958 10 2872 3319 4096 5463 7349 4280 4816 5705 9116 4541
2959 3 1781 8065 3795
2960 9 153 3279 7940 6653 8198 877 4898 9951 1552
2961 3 6 4323 474
2962 7 1917 5197 6093 9513 7881 1500 1418
2963 6 1519 4315 4837 8617 5601 5794
2964 5 282 6774 5077 1060 535
2965 6 1882 3695 6253 7762 6416 6613
2966 7 1357 7672 9240 1603 1170 6171 5043
2967 4 2637 5015 9642 3931
2968 3 2082 3919 7684
2969 3 1629 5665 5362
2970 8 337 4925 5103 7712 7916 6683 9796 2878
2971 7 1521 2982 2650 4573 5187 9695 1170
2972 6 2174 7106 8623 8643 1785 9433
2973 3 1854 7617 3188
2974 4 2229 4879 8943 347
2975 8 806 3208 8783 88 794 4432 4781 2152
2976 11 1721 3152 5516 6219 7118 6334 2769 645 2774 4545 7163
2977 6 2906 4079 7055 8892 1457 3823
2978 4 1147 6671 7363 7400
2979 2 1614 7461
2980 5 1006 4989 8487 9418 2352
2981 5 963 2726 3174 3113 2562
2982 4 2971 4621 3212 9588
2983 3 290 9897 7325
2984 4 2858 376 8285 6717
2985 6 2738 4197 8318 6259 3824 1189
2986 3 58 2672 2105
2987 7 233 6615 8546 3409 3141 2141 1738
2988 3 963 6204 2610
2989 4 2512 2591 5807 5089
2990 3 943 4513 8368
2991 8 2459 1838 313 7237 6978 5106 2037 9483
2992 5 939 3507 8240 5528 6298
2993 6 1364 4656 2412 8328 4320 5658
2994 6 1286 8800 7180 9386 5080 4231
2995 8 1844 4298 4549 9659 9041 2287 7286 7240
2996 7 1787 1449 7692 4888 9784 2938 4711
2997 9 982 7819 8176 3917 8859 9861 2209 1381 7857
2998 6 1392 3004 5164 7870 3074 4161
2999 5 1965 8956 269 2914 9940
3000 6 1985 8478 3826 743 327 1414
3001 3 301 4208 6127
3002 8 1356 3292 9333 6884 49 4955 1683 1117
3003 2 1645 171
3004 3 2998 6023 38
3005 6 2636 3802 4075 9446 6838 7267
3006 4 423 3812 1145 826
3007 3 1553 4212 5385
3008 4 372 3645 5768 4092
3009 3 303 6758 2077
3010 6 272 5821 6108 762 6092 9902
3011 4 740 6548 9354 623
3012 2 2250 7039
3013 8 1241 5298 5299 6499 4543 7218 9301 4860
3014 2 749 5914
3015 3 1549 4336 5126
3016 7 2564 5500 6086 8490 8609 2338 8988
3017 5 389 3458 1244 1584 3102
3018 5 1207 6106 7099 3118 2031
3019 3 2515 9258 4976
3020 2 2005 5590
3021 4 804 7176 9643 474
3022 4 2101 9307 4777 849
3023 7 1430 5800 7018 7547 5916 1240 7714
3024 6 2148 7945 8448 7911 2355 2721
3025 6 1964 4008 9115 6867 8756 5769
3026 9 2222 4299 3280 2016 2259 7101 939 8589 4863
3027 9 2278 8880 2453 3761 9401 5879 8679 4658 469
3028 8 2708 9805 1822 8227 5969 608 6990 7932
3029 10 543 4255 5282 8944 4708 3895 8017 4965 8112 6868
3030 2 2440 3613
3031 4 705 3660 4973 6605
3032 6 1613 3226 3943 2200 4196 7082
3033 4 268 3057 4168 5701
3034 10 174 3283 3342 4044 4161 4199 9142 3299 5413 9862
3035 5 928 5944 2431 3128 1125
3036 4 117 7480 9997 6388
3037 6 1889 5552 9911 7238 4627 9832
3038 8 1288 3532 7770 8003 8474 9972 393 988
3039 7 1820 6728 9473 5262 4746 4145 7699
3040 6 2395 3248 4095 148 2894 6154
3041 4 800 9913 7372 7031
3042 4 323 6227 8898 9349
3043 6 859 5229 6428 5023 9176 8638
3044 9 2442 3776 3899 6965 8439 768 4952 2087 5441
3045 7 516 3501 3908 7803 1322 6826 520
3046 7 509 3271 3752 7868 7273 2696 9969
3047 4 2817 5557 8926 4132
3048 3 1873 7365 1201
3049 4 539 4944 6943 5870
3050 5 61 6211 8127 1037 4782
3051 4 1476 4667 4573 2806
3052 5 113 3508 8080 8024 1170
3053 6 2630 7639 5703 1150 8278 3074
3054 4 1812 5110 5477 910
3055 9 934 3844 4000 4545 4370 4443 6966 3762 9447
3056 9 2543 245 6121 6360 1901 498 2945 2073 4094
3057 4 3033 5536 9957 9577
3058 5 2710 5240 7302 2526 2938
3059 1 1523
3060 4 2090 3096 9745 4216
3061 5 41 3576 9440 2451 1575
3062 5 1207 7043 4869 6743 6341
3063 8 1156 4959 3436 4619 7894 7495 2382 9364
3064 4 976 4373 6701 9461
3065 4 148 1336 4521 5491
3066 5 2622 3351 5400 6786 9565
3067 4 2404 7114 9132 8768
3068 3 1545 3877 5312
3069 6 2463 8987 7685 9039 8858 8756
3070 6 1837 5595 2037 7261 7136 1071
3071 8 394 4886 6000 9965 9577 4155 3390 470
3072 6 264 1480 7667 3445 3358 4844
3073 6 2899 3455 9459 6139 4741 9991
3074 7 970 3678 8341 9675 2998 6782 3053
3075 3 290 4213 5763
3076 6 655 3434 3893 4897 5109 1521
3077 1 2175
3078 7 1540 3601 5401 6064 2510 579 8085
3079 6 307 3450 3617 6225 6566 2538
3080 3 203 5118 7201
3081 6 173 3753 8095 4862 8956 9151
3082 5 54 6484 6304 4958 7050
3083 6 1685 3439 2559 1980 1170 6080
3084 2 1644 8127
3085 5 814 3954 8620 6760 3454
3086 7 2854 4775 6982 954 5698 3654 6848
3087 5 2252 6009 378 6376 7743
3088 6 96 8788 1014 8287 4724 8748
3089 5 1867 3257 5413 6327 6872
3090 6 432 3445 6244 8447 3127 4656
3091 7 2603 4453 5995 3688 7909 6652 5360
3092 3 1868 5276 8237
3093 2 233 403
3094 6 1100 4984 8960 8603 2780 4453
3095 2 2218 4763
3096 7 3060 3477 7641 8750 7644 421 8037
3097 4 1152 3756 4613 5510
3098 4 807 8086 4574 6097
3099 5 1736 6315 8496 7847 5384
3100 2 945 3518
3101 4 1372 4212 6656 6515
3102 11 2095 4684 8053 2267 9405 4374 8324 9692 3017 3466 6194
3103 7 790 5867 7358 8752 6267 2327 3598
3104 7 2574 4586 7097 9094 1799 2566 6855
3105 5 843 7720 8427 6188 5612
3106 5 945 4999 186 7070 4784
3107 9 243 3928 4290 4662 7279 3287 9499 1204 9105
3108 7 1966 3575 419 6337 8728 9826 1785
3109 4 376 4370 6913 7915
3110 6 2931 4410 3828 5418 9985 3686
3111 5 879 4038 4444 9591 3830
3112 9 2498 3725 7214 9283 5016 756 7893 2408 9052
3113 9 1473 3583 8128 2981 206 5248 7552 1046 9776
3114 5 189 3220 3940 8428 9771
3115 5 2582 8762 8287 7087 2874
3116 5 1916 6583 8154 6309 7271
3117 4 2781 3363 5652 9826
3118 6 715 5658 3018 1736 9847 507
3119 4 658 5048 6001 938
3120 3 1281 6541 9356
3121 8 137 3202 6832 3247 0 5430 2155 7785
3122 3 234 7478 6417
3123 1 2152
3124 4 151 6197 1727 527
3125 6 1356 4247 5448 1593 7002 4374
3126 3 513 7179 9882
3127 7 2868 4099 7647 9513 8853 588 3090
3128 9 2903 8307 4465 1854 885 523 3567 3035 9935
3129 3 1270 4370 7833
3130 2 2360 4631
3131 5 977 3654 7036 1684 9575
3132 7 1509 5336 2563 1213 4092 8225 6703
3133 8 1155 5304 8051 2953 8983 7210 7558 9376
3134 8 1344 3400 9821 1881 9614 4607 5287 1592
3135 4 397 5884 9835 7739
3136 10 1961 3486 3544 3593 3683 4930 6336 1721 1470 9957
3137 3 308 1418 8623
3138 6 1782 8199 6265 9684 1485 821
3139 4 2878 7736 8855 8219
3140 2 2040 6102
3141 4 454 4374 2987 8745
3142 5 1453 4132 4812 9904 432
3143 7 323 2734 8493 4311 1413 1347 7777
3144 4 1585 7112 9120 9788
3145 7 1667 8360 8696 8068 9415 3445 7983
3146 7 1885 323 6901 320 8633 6748 7334
3147 6 1562 4211 8844 2499 2260 866
3148 6 845 9079 5757 9057 6318 4201
3149 4 1618 5755 5157 4299
3150 6 2391 3426 7144 7911 443 8945
3151 3 1641 3836 4967
3152 2 2976 7021
3153 4 714 3311 3632 1388
3154 2 11 5846
3155 7 464 3703 3763 8439 3401 1331 7861
3156 5 1171 7243 1946 8471 5013
3157 8 187 3332 5107 6097 4436 4881 1909 7584
3158 6 2886 8626 5890 4472 4805 9209
3159 4 2154 8757 8848 9725
3160 4 2081 9708 3984 1630
3161 3 1786 9096 1499
3162 4 2695 4419 4691 5676
3163 6 2453 5419 180 6676 5629 5160
3164 9 2841 3405 3494 3560 6332 6544 8352 8259 1386
3165 5 2644 8858 7850 8330 1501
3166 2 1403 600
3167 4 2152 6078 2871 7436
3168 6 192 5396 6504 627 8256 483
3169 7 1980 5412 5073 6618 345 2240 7722
3170 8 2025 1785 8539 6603 4100 8389 1051 36
3171 3 1612 3953 4694
3172 4 492 2878 9259 6653
3173 12 1055 3862 4049 6285 307 4412 1804 518 1259 9073 99 5030
3174 8 1147 3513 6370 5612 6127 709 2981 156
3175 6 259 3586 3897 6206 5245 6431
3176 4 1269 4823 520 5984
3177 5 2230 5641 7915 8605 4477
3178 5 814 2157 2856 7176 7714
3179 4 643 7795 5906 6029
3180 7 2122 3196 4650 5734 6342 1713 1670
3181 3 1994 5707 6741
3182 12 2801 3671 5237 7449 8232 9501 9808 4622 138 7105 1190 1687
3183 6 1782 3667 5729 7810 7520 5368
3184 9 1035 7558 1827 1250 894 9734 6857 869 4706
3185 5 1884 1840 1545 8056 4709
3186 4 1007 4762 8301 5783
3187 9 2390 7735 3794 5447 8195 8912 3687 7391 4348
3188 6 405 8820 5558 6400 2973 3964
3189 10 1410 3784 4965 6480 9166 3313 8331 574 6706 7526
3190 2 538 9040
3191 3 2926 528 6183
3192 4 2457 5200 8142 1399
3193 7 139 5428 935 7533 1131 4346 7801
3194 7 771 3210 7999 4449 6540 7503 5137
3195 7 67 4689 4914 6576 7750 824 6062
3196 5 3180 4276 9419 7999 7332
3197 9 1947 3307 4875 4986 8152 7197 6033 1864 1570
3198 4 2287 3978 3240 5552
3199 3 2189 7533 7977
3200 6 2737 7608 6545 5501 5370 4922
3201 3 463 4775 7893
3202 2 3121 7485
3203 6 1100 3649 7317 8253 8890 7040
3204 7 1542 3407 1104 5733 9660 6830 2880
3205 2 1742 5179
3206 8 258 3670 7700 2420 1683 6457 1023 9820
3207 5 1586 4683 4631 6119 919
3208 5 2975 2313 9016 4426 1306
3209 8 1945 4640 5628 3438 2706 6049 8015 9138
3210 6 3194 6287 8345 4972 1068 9123
3211 7 65 8310 8352 9994 2851 7439 3494
3212 11 2238 4634 5556 3891 4218 7017 7391 5850 9963 2982 1578
3213 4 1033 4348 9393 9313
3214 3 2945 3371 5732
3215 5 650 6256 2463 1530 5976
3216 3 2404 4287 8270
3217 7 1710 3953 6268 7367 2379 333 2376
3218 3 174 6385 6671
3219 8 2527 4165 6438 1695 9309 8960 3836 6513
3220 4 3114 9869 7145 4311
3221 4 1026 4051 9605 8375
3222 5 1880 6250 494 2315 5334
3223 5 2788 4635 8472 8243 1315
3224 7 1049 3656 6172 9189 1421 1783 5632
3225 7 1366 5702 7255 168 7886 466 9254
3226 7 3032 4560 2788 3514 2422 2327 6642
3227 6 2331 3398 42 54 5876 5118
3228 8 49 4027 9489 4776 5108 9305 9642 1114
3229 6 2260 2070 9700 8024 2591 2918
3230 1 1439
3231 11 699 8607 1988 6812 6769 739 2209 3556 6122 1849 5872
3232 4 286 8753 8781 1959
3233 5 1025 7270 1042 1730 7549
3234 6 716 5501 9212 4278 379 9125
3235 6 1394 4743 5917 2350 9518 4571
3236 4 2628 6318 6867 6676
3237 7 2093 4903 5093 8645 8936 6121 1025
3238 3 31 6001 4893
3239 3 2805 1442 389
3240 8 1570 5390 6464 8266 3198 3361 9034 6345
3241 4 2610 5309 5867 2484
3242 3 2250 4926 9188
3243 9 1562 3913 5566 6031 2121 5957 7450 8260 2801
3244 9 1362 4442 6730 5321 5505 357 9 9625 8907
3245 5 1895 990 2344 9082 6465
3246 6 2315 5329 6324 993 433 5166
3247 8 205 9074 1840 5324 3121 848 2835 630
3248 4 3040 9014 6899 164
3249 6 806 6693 7188 2800 2439 6047
3250 6 364 6382 3313 824 729 1199
3251 3 2587 6217 8655
3252 3 1597 9375 17
3253 6 1934 5757 9960 4289 7858 9092
3254 2 2643 1249
3255 2 844 8540
3256 2 2499 8141
3257 2 3089 9209
3258 6 649 3983 4075 8061 9117 4110
3259 7 1788 3538 4010 3708 7073 1779 1967
3260 3 1980 4996 6183
3261 5 2851 4979 6969 860 6448
3262 8 2787 5275 6992 8347 5847 7113 383 8659
3263 4 2107 4042 5253 9788
3264 8 769 3841 6479 5421 3623 6399 6222 1799
3265 4 2691 444 180 8428
3266 6 530 9704 1691 1886 7784 7700
3267 5 455 4605 1053 8605 6594
3268 4 1122 8460 5785 9765
3269 7 1787 3408 6496 6550 2374 7672 4632
3270 7 1289 4380 6964 6448 5389 4495 272
3271 8 3046 8067 8992 1735 2752 7675 3816 4950
3272 5 204 4324 9187 7789 2405
3273 8 1666 5443 7757 1041 7911 335 9197 6557
3274 6 2019 4704 4599 563 4540 2357
3275 1 2195
3276 3 2201 7648 2340
3277 3 322 9743 2559
3278 6 711 5126 9222 5139 3571 2174
3279 3 2960 3347 5011
3280 3 655 4261 3026
3281 6 1468 5829 6033 6452 8337 5651
3282 3 347 3341 2128
3283 7 3034 4642 5824 5464 2277 5181 4834
3284 2 1328 3988
3285 5 1723 3777 5637 565 852
3286 7 1211 3527 3883 8861 4382 6001 5298
3287 4 853 4204 3107 5317
3288 8 1589 6384 8000 2323 6445 2589 6851 2121
3289 4 1433 4887 1355 4396
3290 4 2757 3521 1989 4030
3291 8 1290 3345 5629 6972 2194 5443 9865 5757
3292 6 3002 7534 8923 5122 6088 1922
3293 6 2476 4799 9504 3942 9507 9810
3294 6 604 4921 6408 6115 7118 6615
3295 5 1333 6122 7084 2150 6081
3296 3 1924 3512 7922
3297 6 362 6909 9938 7414 2935 7020
3298 4 92 6169 5095 9190
3299 6 1585 4095 4674 3034 3695 4292
3300 4 933 3331 9754 3456
3301 5 1958 4751 6230 5740 4729
3302 5 1451 7435 4263 5918 1320
3303 4 2869 4593 3468 7954
3304 10 357 6334 6487 2745 5468 5343 8573 1996 1394 368
3305 7 1373 6475 710 4885 6630 4076 2648
3306 7 2468 6981 1532 7842 7194 7880 4771
3307 6 3197 4752 5795 1545 5515 7321
3308 6 1502 5586 7408 7670 1118 5351
3309 9 1644 9216 5849 9877 7510 5305 7342 8104 5282
3310 5 2296 4210 7361 450 9049
3311 7 953 7773 3153 4012 1188 4353 5567
3312 3 1781 7721 9120
3313 5 2457 3189 3250 4913 6933
3314 5 2506 4388 2368 6703 8265
3315 5 472 5920 8826 7132 5056
3316 5 75 4275 7711 9574 885
3317 2 2424 6597
3318 4 1570 8492 7023 9966
3319 6 2958 5705 7924 7711 2467 8124
3320 4 2402 3792 5417 29
3321 6 2208 3376 9816 4928 6685 8359
3322 6 1089 8702 9652 5310 6362 1187
3323 6 450 3597 5845 8538 9728 3791
3324 4 598 9402 2602 4835
3325 6 363 4184 9714 4776 3632 7401
3326 7 4 4523 4266 7061 5910 276 1530
3327 4 1364 4883 835 9639
3328 7 587 3795 9525 8293 9970 8034 6265
3329 3 957 8335 244
3330 5 389 7286 8670 5821 4676
3331 3 3300 6698 6833
3332 9 3157 4421 5427 7953 9162 6345 9005 2633 4207
3333 3 605 7598 9625
3334 2 920 9856
3335 5 444 4736 4962 2386 5435
3336 5 432 6051 3801 2839 8400
3337 7 2839 3475 3775 4686 4939 8323 2706
3338 4 405 6061 4860 6633
3339 6 716 4260 5803 478 4329 3619
3340 5 2102 8782 8024 3859 391
3341 6 260 3484 5053 7923 3282 2363
3342 5 3034 3551 7308 4481 7357
3343 3 2209 4117 9967
3344 4 2583 5878 9169 2138
3345 5 3291 4787 6062 8572 7280
3346 5 1283 6991 492 1741 7281
3347 4 1541 4768 3279 152
3348 7 1230 4975 8534 2198 4807 1471 843
3349 6 45 9758 8263 0 8405 6015
3350 6 2515 9917 5368 8593 1767 5476
3351 9 3066 5146 9433 4342 3810 2299 2689 7316 6553
3352 6 2522 3903 5659 6021 4462 9863
3353 5 2004 8619 5281 4870 7281
3354 5 868 2416 4669 4652 6799
3355 2 2352 9605
3356 5 897 6229 6786 5688 2507
3357 6 2576 7258 9785 6905 2115 7436
3358 5 2795 3995 2796 4436 3072
3359 3 1059 4128 5678
3360 4 2034 9877 1695 238
3361 4 2334 5570 3240 2188
3362 4 2048 1763 348 6487
3363 4 3117 7324 7332 6480
3364 5 666 3875 5080 6955 1096
3365 3 2148 5900 9127
3366 6 1352 3595 3948 5571 2153 7262
3367 3 1163 3781 6662
3368 6 2388 6368 9383 2387 7775 1120
3369 9 1837 3839 4501 4526 4672 9955 3829 8322 7306
3370 3 235 6776 9560
3371 4 1484 3214 6199 1012
3372 4 953 5056 6909 9899
3373 7 171 4956 5875 3696 6273 886 1980
3374 3 639 8806 1142
3375 4 1279 7366 5538 4176
3376 5 3321 7014 8153 5086 7747
3377 2 2821 4166
3378 2 822 7065
3379 3 909 8044 2685
3380 5 2421 3813 8039 1428 9373
3381 5 1579 6945 9517 6030 9563
3382 6 697 5461 2290 6738 4894 7288
3383 3 1270 5201 4825
3384 2 2311 5207
3385 8 907 9667 2028 8114 7537 1167 8288 509
3386 7 179 113 4496 8763 1377 7982 1416
3387 8 1352 4058 4219 5311 7280 8003 3591 4876
3388 5 1980 3404 7899 1879 6436
3389 5 1739 8518 1685 4406 1899
3390 6 326 7266 9634 671 3071 1519
3391 5 2075 4702 4071 6446 9868
3392 6 1620 4039 3481 2363 9189 1470
3393 5 2411 7260 7885 2480 8582
3394 5 2440 4776 5840 6405 299
3395 4 459 333 4972 3953
3396 6 2215 3849 8821 97 5060 3862
3397 4 1830 4477 5123 7891
3398 5 3227 6092 9774 3927 5055
3399 9 1500 9064 9766 2339 4048 356 4675 3657 2532
3400 11 3134 3433 5170 8376 7936 120 9863 6009 6963 3427 8037
3401 5 1006 3155 5770 5797 705
3402 8 1202 3466 9538 9771 6593 2680 7096 8389
3403 3 1511 7668 9099
3404 6 3388 5764 6267 8647 2935 6910
3405 6 3164 8538 342 2857 4103 4722
3406 3 774 5544 6201
3407 6 3204 7140 6540 5802 5114 1759
3408 3 3269 6595 5346
3409 11 1529 4077 4611 6810 2987 4104 5309 7844 9508 294 3522
3410 6 1800 3867 7698 1157 5578 5495
3411 2 119 5149
3412 5 1540 580 7213 1188 8115
3413 3 1712 5225 6800
3414 8 1351 7386 9833 1803 5458 5298 7131 8780
3415 7 2050 3760 8651 2483 6533 9950 9504
3416 2 773 7509
3417 8 1393 3778 4110 5798 4021 1990 881 6878
3418 5 2723 6429 7778 520 4088
3419 2 742 8484
3420 4 541 7398 9409 6021
3421 3 2231 6947 4574
3422 7 2433 7502 8974 1069 8547 6754 8907
3423 4 1504 3455 8945 4978
3424 4 1937 4397 2817 9445
3425 2 2861 3427
3426 5 3150 4567 286 6103 8098
3427 5 3425 3998 4871 4554 3400
3428 10 1015 7656 8812 6021 3891 9425 8542 9950 9385 9607
3429 3 1853 8072 1367
3430 4 1857 1105 3474 1384
3431 6 1987 4891 4501 9032 7229 9234
3432 2 2276 7338
3433 7 3400 3439 8926 6375 3802 8577 5710
3434 4 3076 5761 146 8031
3435 5 2018 8913 9631 3866 9671
3436 6 925 6592 3063 6945 741 7437
3437 5 884 511 6122 6775 2531
3438 2 1970 3209
3439 9 3433 4473 6031 9734 3083 5787 6708 6618 3778
3440 3 992 4161 7177
3441 9 2500 5028 6435 7029 7737 6526 9795 943 5405
3442 7 2394 4035 5097 6011 897 7761 3849
3443 1 35
3444 6 2699 9618 6035 127 3575 9424
3445 14 3090 3992 4061 5012 5838 7222 7517 8756 3145 6658 3072 132 4436 2180
3446 11 2870 6108 6799 8425 8764 8799 8784 4441 5767 7308 1221
3447 8 1774 5465 5485 8284 569 7437 4459 5733
3448 9 552 3524 3590 9560 580 4921 5551 208 1566
3449 2 128 6687
3450 6 3079 3587 8014 1812 7353 1987
3451 6 781 8344 5953 2935 6480 7524
3452 11 242 4502 1537 126 5946 2558 5248 9310 1316 2238 4933
3453 5 1234 7121 7368 9156 2282
3454 5 2057 4465 3085 5862 8823
3455 5 3423 4546 3073 9482 6905
3456 4 2154 1346 5163 3300
3457 2 439 2286
3458 5 961 3017 5350 4840 4570
3459 4 2480 4677 5562 5568
3460 5 1478 8640 4272 3918 8851
3461 2 2607 2865
3462 3 1829 6633 8936
3463 7 1944 8149 7067 6631 8438 6631 7789
3464 6 2264 4599 4859 9456 511 8418
3465 6 783 8096 5365 7463 9302 905
3466 2 3402 3102
3467 4 387 6146 7476 7184
3468 6 795 4807 9866 9734 7761 3303
3469 4 423 4181 4668 4544
3470 6 2441 6491 7632 3794 6751 5565
3471 5 729 8577 1055 6470 9844
3472 4 2133 4628 1777 1016
3473 5 1915 9959 2931 8759 65
3474 4 1381 4532 9801 3430
3475 4 3337 4384 6391 4105
3476 6 2007 4641 5351 1868 6002 1168
3477 4 3096 566 4765 4298
3478 6 1932 4568 8925 2008 9691 5592
3479 2 2651 8180
3480 4 2733 5175 9163 7179
3481 6 2419 3685 3392 6700 1022 8059
3482 8 68 4116 4291 8024 4872 2249 9702 5862
3483 4 357 4817 3664 5057
3484 6 3341 1367 9853 245 466 896
3485 6 1520 6584 6048 1079 729 8504
3486 2 3136 9602
3487 3 2802 8365 5363
3488 4 687 3675 5623 7541
3489 4 2626 3887 5253 6421
3490 8 1215 7895 6303 5055 5579 9996 9750 2674
3491 3 209 5021 2440
3492 10 2693 3574 3811 5106 5111 2033 2277 9574 7168 7821
3493 4 1818 4293 7727 3629
3494 4 3164 1231 5092 3211
3495 11 2536 5529 1578 1321 9898 7860 6127 8178 7528 9127 784
3496 10 2263 4607 1 6253 2187 2807 5635 9412 5343 6244
3497 4 2921 9762 9487 6525
3498 4 447 1374 192 1797
3499 5 2367 2666 1907 3891 9432
3500 2 1730 74
3501 5 3045 9015 6695 9483 3821
3502 4 2354 4238 773 8635
3503 4 1525 1115 5269 930
3504 7 2750 6085 7525 1953 8248 9695 9600
3505 5 632 5618 8156 9694 275
3506 3 1324 8249 2223
3507 5 2992 3619 1819 8549 837
3508 3 3052 9720 7787
3509 7 391 7908 8900 527 8150 7367 5932
3510 4 1740 1632 2519 2599
3511 6 1378 5019 8883 7973 1398 5804
3512 9 3296 8388 4022 8567 7319 6554 4564 1977 2475
3513 3 3174 9059 676
3514 3 202 3226 1577
3515 3 1490 7448 5971
3516 4 2797 4879 6439 3761
3517 4 1911 3857 1293 2600
3518 7 3100 8276 8921 1832 2422 8426 1267
3519 4 1019 6469 9780 797
3520 2 1736 1374
3521 2 3290 9191
3522 6 2077 5913 4357 6357 5065 3409
3523 6 1712 4347 8163 7638 7971 2251
3524 5 3448 4133 7571 9233 6842
3525 7 187 8570 8887 8218 9784 3880 3876
3526 2 591 5359
3527 6 3286 3889 6985 5862 8791 9051
3528 9 90 6044 5577 7384 6111 1025 1700 6179 4858
3529 6 2845 3796 7775 9919 8964 6795
3530 9 2590 3986 7209 3669 432 2084 2920 1716 6960
3531 6 967 9002 780 5240 6917 6
3532 5 3038 6240 9704 9092 5229
3533 6 1691 4836 8843 7866 4751 4819
3534 4 2030 6870 8498 5526
3535 4 1763 7438 3959 5039
3536 7 749 3633 5670 753 3968 1874 4659
3537 8 2140 4383 6091 2169 5293 7096 268 3578
3538 5 3259 9358 7923 6881 7131
3539 4 1591 6163 2408 4789
3540 6 1509 9454 2373 7645 3613 6204
3541 8 1631 4794 5108 7546 530 3723 8812 7186
3542 2 2345 9995
3543 5 1005 9161 8420 4923 1760
3544 3 3136 5483 1952
3545 5 1790 6746 2150 7666 4433
3546 2 2215 6858
3547 5 2946 5011 4676 6839 2478
3548 3 850 8637 177
3549 6 1024 6930 7788 3561 8605 4075
3550 6 11 4842 6262 8120 2268 479
3551 6 1146 7921 3342 7882 9355 4915
3552 6 2311 569 6392 5486 7370 3649
3553 6 2630 5576 9051 9827 7943 1746
3554 6 2059 1251 7119 8555 7634 9454
3555 4 2648 4186 7624 4756
3556 8 369 5354 5512 4380 4944 2534 3231 4421
3557 4 1981 5144 4543 8570
3558 3 225 7834 8936
3559 5 692 4814 5866 3584 8224
3560 7 3164 8442 4563 2771 5884 7077 7782
3561 4 189 5092 3549 8594
3562 3 749 4994 8230
3563 8 2124 6904 7786 7308 8891 8158 3955 6740
3564 3 412 6071 5332
3565 4 2018 3997 8503 9508
3566 1 2558
3567 4 1804 6175 3128 5061
3568 4 1095 9106 503 2572
3569 7 776 4819 5777 3817 5214 9963 4454
3570 8 8 5158 1246 473 1012 4209 9305 5982
3571 9 128 5469 5170 3278 9883 876 83 1803 6736
3572 4 912 4630 5982 7126
3573 6 113 4932 9564 1386 5409 4762
3574 10 3492 4105 8550 833 5697 7708 4767 5427 6145 8759
3575 6 3108 4275 7223 4083 3444 9073
3576 6 3061 4239 5923 108 299 7230
3577 4 2333 7439 9530 7687
3578 5 990 4196 4937 5588 3537
3579 9 962 7192 8878 4225 2468 4781 5294 5200 6839
3580 7 2529 7598 8649 9775 1738 3825 7823
3581 3 2200 4980 7581
3582 3 335 5168 7414
3583 5 3113 8404 7443 8345 9322
3584 7 2667 8230 6005 6412 3559 4692 4795
3585 3 1090 4500 2010
3586 5 3175 7202 3901 720 1474
3587 6 3450 4762 8585 2598 8814 7661
3588 9 2116 3709 5266 7822 9156 6029 4693 9816 8241
3589 5 87 4056 1898 1395 1151
3590 7 3448 8703 8915 1298 4249 8428 5579
3591 7 2547 7585 3387 4448 6864 98 5426
3592 2 2247 9497
3593 4 3136 6535 8828 2576
3594 4 1220 5440 6981 5441
3595 6 3366 4781 7024 2441 5442 8168
3596 5 2244 3972 7962 7712 4199
3597 6 3323 8230 9776 7261 7597 6782
3598 9 1645 5288 6507 7853 5600 3647 8143 3103 832
3599 2 1380 8834
3600 4 2354 4835 5535 545
3601 3 3078 5259 5774
3602 6 1234 4395 4891 8058 7040 9398
3603 3 1673 5281 8017
3604 5 1519 7015 3943 679 9626
3605 4 1884 4671 8824 7013
3606 5 2069 9670 1894 2916 6963
3607 5 721 3644 820 7707 7389
3608 5 2549 7287 3652 463 2163
3609 1 2872
3610 5 2251 7714 4019 5000 4997
3611 4 1452 3951 7915 6781
3612 4 1594 8628 4522 1420
3613 6 1396 9857 3540 3030 1761 5345
3614 2 1954 6225
3615 7 1091 3747 5988 8417 7681 4325 9060
3616 5 2746 7035 7705 9403 1975
3617 5 3079 4375 2851 8524 799
3618 9 610 5786 7216 9080 5154 6329 403 8791 2402
3619 10 3507 8584 8587 1205 5232 251 8487 1292 9425 3339
3620 3 2817 2492 2379
3621 7 865 5514 5509 1693 12 5224 6866
3622 7 2464 9362 9855 4241 2878 9893 2735
3623 5 423 8037 3264 9438 5964
3624 4 667 5312 5520 8390
3625 3 241 4747 2715
3626 7 2910 4958 7023 6067 910 131 8040
3627 4 1366 6798 1477 8005
3628 7 1752 7815 4272 1483 8264 775 5529
3629 7 1410 3662 733 9369 8135 5340 3493
3630 7 504 7210 8308 3909 189 1056 8444
3631 3 106 6763 4892
3632 6 1792 7145 7491 5605 3153 3325
3633 1 3536
3634 2 1700 5166
3635 1 265
3636 4 2500 4229 2389 2715
3637 2 2571 6210
3638 9 1124 4012 4769 8248 8539 9339 9529 8254 1428
3639 5 319 3691 7507 7728 5216
3640 9 241 5373 5758 687 7959 6802 5826 5623 9722
3641 4 1443 4064 7608 5110
3642 5 2923 4375 7127 8637 2235
3643 5 867 8462 8960 1038 9222
3644 5 3607 6104 9816 5689 803
3645 7 3008 4426 4910 820 1378 108 8753
3646 4 178 2544 9079 4217
3647 9 1903 4351 9358 9064 3598 1685 2656 2477 2518
3648 1 386
3649 8 3203 9108 2531 8271 2362 4092 1124 3552
3650 6 1984 6948 7284 8125 5752 6548
3651 4 870 7809 8303 2699
3652 7 1681 9881 3608 7888 6892 7892 1624
3653 6 2046 5070 6862 7363 4223 2205
3654 4 3131 4284 306 3086
3655 3 132 2508 5633
3656 6 3224 4325 7282 8445 8767 6080
3657 5 706 4934 3715 5706 3399
3658 4 221 9685 5503 2218
3659 3 2233 1331 1470
3660 7 3031 3921 8436 5455 1916 7925 9734
3661 2 2516 6242
3662 5 3629 4909 7863 7115 6877
3663 9 861 5211 6923 7038 799 841 1785 6600 9836
3664 6 2782 9599 9648 9664 3483 9576
3665 3 246 5402 8666
3666 11 1748 4054 4129 4898 6432 9868 5884 8067 4117 8798 4122
3667 3 3183 4221 7248
3668 4 2677 9838 9233 5507
3669 6 1840 8053 3530 4297 7130 1348
3670 2 3206 5815
3671 2 3182 1546
3672 6 1444 3680 7915 2935 1012 8644
3673 4 1309 4933 5549 9513
3674 3 2654 9155 7537
3675 7 3488 5232 1923 5916 6615 1641 7801
3676 3 1099 4178 9201
3677 4 2459 7651 1153 9673
3678 5 3074 5739 2241 8149 8549
3679 2 725 841
3680 4 3672 1470 6795 1040
3681 2 1917 5731
3682 7 583 3816 1594 6208 8419 4047 6618
3683 3 3136 8065 8788
3684 5 1357 2340 5327 5734 5639
3685 4 3481 8019 5192 2429
3686 7 463 7566 9269 4367 7974 1096 3110
3687 4 115 8163 3187 2555
3688 4 2639 9694 3091 9509
3689 5 1012 3935 1641 8500 6821
3690 5 2438 6200 6828 9711 9360
3691 4 3639 7619 8483 2109
3692 5 2093 7273 8919 9853 9764
3693 7 1118 4152 449 5531 9021 7273 4465
3694 6 2468 4029 4725 8980 6694 9808
3695 5 2965 4759 3299 1908 3993
3696 5 1942 9332 3373 8584 9904
3697 3 2145 3795 1539
3698 8 298 5231 6980 1801 1637 8810 6430 5937
3699 6 2665 5113 1222 8782 4071 5696
3700 2 2439 2354
3701 2 25 7907
3702 4 1209 1548 7935 1988
3703 4 3155 4322 9152 1570
3704 3 322 6579 2248
3705 3 2264 8790 5421
3706 1 2094
3707 6 549 6230 9993 911 8428 9621
3708 9 197 5832 3774 7863 3259 6164 2768 5154 8470
3709 6 3588 5921 5992 8974 9131 2338
3710 5 2631 4180 1811 6377 916
3711 6 2453 4454 7399 9067 8004 7252
3712 5 1772 8298 1649 5503 7290
3713 7 304 8320 8365 8989 4373 6070 8078
3714 5 1504 9388 9430 8525 4076
3715 4 1695 4428 5225 3657
3716 7 2873 4901 5066 7303 2676 7631 552
3717 4 2014 4331 4600 8461
3718 5 2455 6688 6390 5376 6369
3719 6 2192 5699 7278 7079 1340 9541
3720 2 981 1503
3721 3 2230 4357 1811
3722 4 2642 4855 2695 7279
3723 6 1552 4917 6007 4632 4596 3541
3724 5 1699 6613 2639 5061 7033
3725 4 3112 7978 9078 4677
3726 7 995 8325 1791 9136 3898 5995 8068
3727 4 2189 7790 7188 356
3728 2 320 9251
3729 3 2273 5657 5313
3730 5 1553 9508 2537 2301 2010
3731 5 2499 7446 4211 1230 6220
3732 3 2119 8835 4239
3733 8 1351 4657 7603 9058 9808 700 5085 2582
3734 2 250 234
3735 2 1295 6185
3736 3 662 5134 5886
3737 6 1769 5272 6401 2140 3810 5033
3738 4 1736 8643 4402 8149
3739 6 2369 8336 8328 1737 2821 6709
3740 6 2719 6955 8415 9104 6053 1773
3741 1 711
3742 4 1999 4978 1944 1047
3743 6 2348 7166 8914 1132 9285 9327
3744 1 992
3745 5 2471 6779 7081 8895 6192
3746 6 1098 5422 9541 878 5350 9246
3747 2 3615 2745
3748 5 1472 9060 9105 5774 7557
3749 3 2763 5011 5873
3750 3 688 5792 2192
3751 5 2732 7924 7329 7184 6351
3752 5 3046 7040 7881 514 8715
3753 4 3081 1240 4813 4527
3754 7 1907 5910 8385 9728 9949 2790 9556
3755 7 2774 9871 9063 2012 6677 8505 7858
3756 6 3097 7652 408 1787 5184 6454
3757 6 1798 6680 4959 6997 8717 5985
3758 3 2213 4315 6251
3759 1 1652
3760 3 3415 8933 4580
3761 5 269 6409 3027 4108 3516
3762 8 402 7268 9573 9635 6523 9279 1559 3055
3763 6 3155 8596 4800 4347 6240 1696
3764 3 2582 6085 8753
3765 6 1838 6751 6766 8282 9436 5687
3766 3 1674 7325 5227
3767 1 2542
3768 2 1647 5958
3769 4 1063 933 1439 4877
3770 7 1020 4159 4563 5894 9435 6123 6565
3771 5 1532 4885 1493 2498 4522
3772 4 1166 4813 393 2088
3773 4 1976 7234 79 5847
3774 5 950 8384 3708 9748 4819
3775 4 3337 4708 2836 9477
3776 5 3044 5855 6103 7735 1658
3777 7 3285 4670 1796 342 8852 6178 4177
3778 3 3417 1916 3439
3779 7 1022 6215 3869 1186 1378 8622 135
3780 3 2212 7790 9322
3781 5 1375 3367 6367 1769 8468
3782 5 2562 3830 2076 4090 4213
3783 2 380 9531
3784 7 3189 4522 5079 7172 7016 930 948
3785 5 2827 7734 869 23 4573
3786 7 2886 5869 7169 7860 4707 6928 5692
3787 4 1395 6707 7283 7305
3788 2 334 2621
3789 3 1836 9287 7914
3790 2 684 184
3791 4 279 4927 4305 3323
3792 4 3320 6766 3808 8747
3793 9 1922 8630 5624 1178 3947 130 272 4446 3940
3794 6 453 5486 4161 3187 2753 3470
3795 6 3328 8785 8544 4059 3697 2959
3796 6 3529 6209 2294 7548 6859 8458
3797 2 2768 4998
3798 4 1939 1946 2726 1228
3799 2 2853 216
3800 5 1144 9362 1373 8811 9020
3801 6 2387 4527 9352 3336 9094 3813
3802 5 3005 7445 3433 5774 4615
3803 6 1906 6441 5240 4899 7560 434
3804 4 2658 4648 9033 8
3805 3 943 5017 5635
3806 4 2895 6723 9363 7386
3807 6 1919 6474 7904 1540 6961 5467
3808 7 2358 7669 3792 7617 1143 5447 7613
3809 4 416 4552 9291 6137
3810 8 30 7057 685 3351 3990 4670 8905 3737
3811 5 3492 8908 2757 504 7908
3812 4 2106 5060 3006 6170
3813 3 3380 7531 3801
3814 3 1373 8078 3866
3815 8 403 8403 9763 4334 6237 2297 1095 7574
3816 11 3682 8210 5268 2149 2611 243 468 3271 60 6728 5225
3817 4 1456 5117 7012 3569
3818 5 1997 7540 8135 9369 446
3819 6 857 5819 1862 2791 8063 7892
3820 3 313 6031 8046
3821 6 1008 4343 2434 5313 659 3501
3822 4 2665 7858 5545 9878
3823 5 705 9284 8984 6555 2977
3824 4 1128 3982 2985 7576
3825 8 1558 4575 5188 4861 137 3580 1575 535
3826 7 2301 6752 5584 3000 1044 1390 4119
3827 7 1709 2035 6760 8025 5544 2912 589
3828 4 2523 3110 2748 9647
3829 8 2691 2676 3369 2507 8694 218 9302 8015
3830 3 2180 3782 3111
3831 3 40 8746 6483
3832 7 111 4950 4428 1661 7853 2641 1649
3833 6 2186 7326 5882 5722 6772 9133
3834 6 489 4258 9500 6288 2719 5089
3835 7 221 9751 9404 61 8302 4927 2221
3836 7 2507 6582 8271 5532 3151 1036 3219
3837 5 1659 8563 9237 618 8025
3838 4 913 7368 272 9238
3839 4 3369 7171 40 8424
3840 3 423 4572 6951
3841 2 3264 4559
3842 3 2821 7691 8811
3843 1 2670
3844 5 3055 7678 9860 8090 7654
3845 2 999 6331
3846 7 2123 4765 3940 2830 8289 5175 6545
3847 5 2725 8123 8898 7799 6468
3848 5 598 2683 8908 7636 4556
3849 7 3396 5072 525 5008 4892 450 3442
3850 5 2703 6598 2182 6700 2937
3851 6 2498 4060 8231 1413 7323 7385
3852 5 2440 7711 5485 2475 1706
3853 3 2459 2904 994
3854 2 52 9584
3855 3 1856 8685 5610
3856 4 1318 9169 6037 5958
3857 4 2467 4254 3517 1873
3858 6 506 5567 9213 1087 2053 4240
3859 5 866 4761 4413 6936 3340
3860 5 2594 7561 9970 1422 6747
3861 4 1084 6026 7174 5398
3862 3 3173 8418 3396
3863 5 2868 8392 9467 8031 7046
3864 4 1543 4362 819 827
3865 3 1554 8133 6565
3866 5 2313 2761 3435 6539 3814
3867 7 3410 5301 8674 882 4167 6537 9666
3868 6 77 7297 98 4700 7959 6610
3869 3 2727 540 3779
3870 3 1301 6203 1317
3871 7 2920 4680 6768 8538 6643 6735 6585
3872 5 1884 8640 6143 5687 2550
3873 3 1596 5877 8238
3874 5 1812 7139 2662 8711 5867
3875 6 3364 8229 6136 4927 9365 8811
3876 8 2158 7652 9527 46 4353 8804 3525 9320
3877 4 3068 5160 9878 6277
3878 3 2170 6600 1667
3879 6 1438 9065 9828 364 89 441
3880 7 73 5621 9566 9031 2025 2544 3525
3881 2 1672 2456
3882 6 2358 3979 8035 5724 7320 4088
3883 4 3286 4319 5939 1083
3884 7 1459 3983 6883 7335 6658 1408 6224
3885 2 1164 9039
3886 9 2907 3911 6400 7131 9737 8346 4920 9884 9828
3887 7 1022 8302 5200 9804 3489 5930 6604
3888 3 421 4692 6625
3889 5 3527 6903 7983 8078 5695
3890 7 238 5222 8860 2912 9781 739 6963
3891 7 375 9690 1513 3212 532 3428 3499
3892 1 2815
3893 2 3076 6232
3894 3 850 6981 7853
3895 7 273 5132 3029 1700 8037 2657 2058
3896 4 2196 7457 9829 104
3897 5 3175 6430 8130 8522 6366
3898 4 1902 8420 3726 2498
3899 4 2579 4173 3044 8943
3900 3 642 9164 6974
3901 5 1379 3586 5038 6200 2537
3902 3 215 7739 4912
3903 7 3352 7032 9218 8526 117 8520 7152
3904 2 1438 1838
3905 5 2367 7630 8839 40 9126
3906 6 2164 5172 6409 9356 6953 8890
3907 6 60 5270 7274 2006 9960 6536
3908 7 3045 4924 6566 8510 8812 4273 8005
3909 6 187 3630 866 1920 8013 1337
3910 3 1666 6796 8987
3911 4 3886 9660 2385 652
3912 3 1454 1068 1362
3913 3 3243 210 5494
3914 4 214 7283 6048 350
3915 5 1384 5335 6954 9639 2943
3916 6 787 4183 7067 143 9949 5814
3917 6 1767 7456 8004 2997 9561 6606
3918 6 1059 6627 2375 7299 9876 3460
3919 6 2968 5936 5894 6369 8461 4545
3920 3 1495 4056 4008
3921 3 3660 192 6708
3922 4 818 1598 6952 4987
3923 3 2272 24 8715
3924 5 1825 6892 9017 4277 17
3925 2 2411 9409
3926 5 2551 2030 7111 877 5032
3927 6 126 3398 5147 7879 2913 6463
3928 7 3107 8598 9288 9380 5650 8001 5009
3929 5 2224 7694 5686 9152 2859
3930 2 1221 6805
3931 5 1077 7241 2967 5348 7532
3932 4 368 6121 1705 7164
3933 3 1229 4930 8580
3934 6 1285 4460 6513 7780 9767 4290
3935 6 3689 5819 6010 6756 5837 8124
3936 2 1000 5727
3937 2 884 5607
3938 6 2256 5253 8237 7087 2332 6904
3939 3 416 3965 1390
3940 5 3114 3846 1720 4437 3793
3941 3 1944 3964 8842
3942 7 1122 5157 3293 9135 9677 1171 1413
3943 7 3032 4053 5667 2936 3604 7689 4355
3944 6 2674 5384 8073 8264 7524 9762
3945 4 2767 5307 9424 8783
3946 5 1483 4226 476 1349 407
3947 7 24 4481 6621 2620 3793 2520 8482
3948 2 3366 1123
3949 2 2356 7501
3950 3 2555 9297 6933
3951 10 3611 3959 9069 429 1025 5783 79 2689 1833 9501
3952 6 146 4359 7257 7555 6603 4050
3953 5 3217 3171 4471 3395 7686
3954 3 3085 5494 5945
3955 5 27 9928 6761 3563 6164
3956 4 961 7959 5969 6941
3957 5 2047 4980 6348 1245 9237
3958 2 50 2309
3959 7 3951 4615 6076 1358 6419 3535 7459
3960 4 436 5528 4873 4511
3961 5 2249 4822 283 6119 1259
3962 3 371 8719 2243
3963 7 485 4729 9457 6624 7895 5735 7098
3964 7 3941 7088 9257 1312 3188 8722 4748
3965 6 3939 7180 1569 7958 5625 5438
3966 6 2563 8063 9227 4294 2099 9587
3967 3 1076 7369 4942
3968 3 2389 5639 3536
3969 6 2949 5962 6896 2583 7040 8053
3970 2 1553 6241
3971 5 1221 1753 2190 1484 1703
3972 8 3596 5345 9469 6096 1264 7381 2159 360
3973 9 2135 4337 5023 6066 8520 4860 2003 5584 6296
3974 5 1763 5543 8720 6955 2039
3975 4 2269 4367 5664 7877
3976 3 1776 4252 4234
3977 2 603 5086
3978 1 3198
3979 6 3882 5511 6768 9876 2792 4100
3980 6 163 7327 8871 2254 241 228
3981 5 563 736 7149 2330 2874
3982 5 3824 4758 7168 7333 6814
3983 6 3884 6737 7357 9296 3258 8350
3984 3 1943 1708 3160
3985 4 2366 6484 5667 8248
3986 3 3530 5491 5221
3987 4 2833 7827 2398 7950
3988 6 2751 6225 8220 9172 3284 6530
3989 5 1395 2698 6243 4068 8704
3990 6 27 8569 2070 1967 3810 6698
3991 6 2762 6644 4630 4413 9689 2460
3992 4 3445 811 6778 4672
3993 6 1073 4400 8006 9568 6847 3695
3994 2 1691 39
3995 3 3358 850 7381
3996 4 1551 7572 6747 8185
3997 3 3565 2687 6265
3998 2 3427 7622
3999 6 968 2033 7149 9090 1343 6855
4000 8 3055 4957 9045 9498 8529 2795 9640 4175
4001 7 73 9087 9475 6621 9397 7548 9779
4002 5 1768 6389 6489 5078 2897
4003 8 72 6821 7095 7894 1615 5053 9081 2636
4004 3 850 410 7704
4005 6 34 6236 8458 4922 2071 8363
4006 8 1700 5648 1008 9154 7761 505 7164 7805
4007 7 2133 5152 5159 9213 4425 7917 7325
4008 4 3025 3920 5668 1230
4009 8 1118 6523 8847 4285 933 6863 7377 6718
4010 3 3259 4377 2734
4011 5 954 8127 1772 665 858
4012 3 3638 4479 3311
4013 8 2531 4700 5611 6133 2059 1796 2187 6835
4014 4 2838 4620 5247 719
4015 2 2650 8562
4016 6 1169 4978 5406 4418 7630 8809
4017 3 2161 4305 5729
4018 5 1249 8470 2643 1871 4361
4019 8 2294 6609 3610 4303 6742 8327 4763 7191
4020 4 624 8956 436 5553
4021 3 2612 3417 5129
4022 3 153 1998 3512
4023 6 2835 7665 9822 2549 6850 6322
4024 4 1760 5003 8426 7233
4025 3 2257 5063 4899
4026 3 2171 4543 5202
4027 2 3228 7864
4028 7 1215 9725 2918 2631 1799 6203 9986
4029 7 3694 5313 6152 5099 2842 8912 9319
4030 5 2158 6820 7518 2440 3290
4031 3 799 5991 5302
4032 4 918 4846 5257 6225
4033 5 2207 4992 7785 7472 1063
4034 4 37 8137 7966 7027
4035 4 3442 9251 148 5977
4036 2 1165 8740
4037 4 371 7797 8752 6160
4038 5 3111 8741 7007 1078 7901
4039 5 3392 7506 8084 9068 6629
4040 4 738 6450 7025 1591
4041 3 2213 8246 4245
4042 3 3263 2384 4543
4043 5 2506 8031 1369 7986 8619
4044 8 3034 5794 9281 6012 1908 706 4670 4200
4045 12 2325 5393 5759 9661 5646 9259 1997 9864 9384 7442 2764 1616
4046 2 63 5501
4047 6 318 4566 2317 1550 8663 3682
4048 4 11 6951 3399 1064
4049 6 3173 5342 1384 5712 8416 7413
4050 5 1377 6089 1934 2436 3952
4051 3 3221 4818 1875
4052 2 2187 2666
4053 5 3943 6055 679 855 7040
4054 3 3666 5754 2166
4055 3 1782 1706 2851
4056 3 3920 3589 5476
4057 3 2055 4547 2482
4058 3 3387 7676 8224
4059 7 483 4220 8847 3795 7357 6804 2199
4060 3 3851 9857 4910
4061 4 3445 6242 1823 355
4062 5 1245 5530 8784 4691 8277
4063 4 376 4860 5979 4962
4064 3 3641 5344 8447
4065 7 2648 8119 8837 6181 5670 2526 1541
4066 9 441 6552 9454 6442 4972 8175 2004 9742 2208
4067 5 2686 2389 1636 2863 1812
4068 8 2788 5540 8536 9989 2444 3989 7317 559
4069 4 259 7498 7478 1288
4070 1 757
4071 5 557 7162 3391 8239 3699
4072 4 2904 4228 8404 164
4073 1 1841
4074 6 67 9954 6878 8331 9028 1075
4075 4 3005 7869 3549 3258
4076 7 418 5152 6241 3305 8285 7223 3714
4077 2 3409 2881
4078 6 746 6460 618 8905 9120 7074
4079 5 2977 6302 7864 4969 2743
4080 3 1439 5908 6080
4081 5 805 8614 9434 4139 2231
4082 1 1292
4083 4 1461 5379 6536 3575
4084 3 2588 4306 9695
4085 7 1690 6906 4931 2678 9252 9428 7321
4086 1 469
4087 5 115 5148 7331 122 1564
4088 7 1075 9385 7402 6159 8223 3418 3882
4089 6 2115 5679 8827 1815 7792 2584
4090 8 2164 5774 6682 7535 3782 2657 9483 1068
4091 7 836 65 2945 4627 7253 9929 6875
4092 8 2504 4495 2006 9060 3132 3008 3649 9017
4093 2 891 4541
4094 4 1642 2251 4496 3056
4095 8 3299 3040 4185 7268 8337 7756 6559 4723
4096 4 2958 1913 7068 1847
4097 6 2409 6854 8224 8917 130 346
4098 6 221 7762 6915 6855 9169 5458
4099 3 3127 4984 9605
4100 5 19 4776 3170 9356 3979
4101 7 2251 5080 4913 9551 8450 4872 4259
4102 6 2240 357 909 6469 6916 5606
4103 7 1078 1429 6777 5732 3405 6381 2022
4104 7 1755 5835 6271 3409 5200 8314 673
4105 4 3574 6395 3475 8981
4106 3 1020 9417 6504
4107 4 2302 6247 8005 5576
4108 6 1035 5742 6454 5753 955 3761
4109 4 155 5995 2290 7420
4110 8 3417 6027 8284 2953 5879 8901 3258 1916
4111 4 543 9131 1158 5143
4112 4 640 5018 8593 4240
4113 6 266 4566 4261 5102 1181 2823
4114 3 2777 5269 2474
4115 6 2327 6466 9791 9496 4582 4435
4116 5 3482 2695 2203 5936 9709
4117 5 3343 7244 1948 3666 2386
4118 6 134 6212 7736 2774 7286 6188
4119 7 1897 6203 7488 7717 4806 3826 1680
4120 4 2064 4557 811 7958
4121 4 991 6304 6308 5362
4122 8 956 4731 2512 2074 7682 3666 5437 6912
4123 4 409 4314 4516 4756
4124 8 2838 4353 8391 9610 6636 5472 4896 878
4125 6 2470 8355 8279 8148 9022 771
4126 7 1709 6439 5736 5545 9894 119 5918
4127 5 169 7539 4913 7671 7906
4128 2 3359 5302
4129 9 3666 6310 9390 6614 2513 6955 9450 2889 8275
4130 9 417 9114 5064 7901 1696 1133 7804 2118 573
4131 3 328 2149 8637
4132 9 3142 6585 4559 3047 4290 5971 7965 8962 5268
4133 4 3524 6422 5600 7159
4134 3 1828 9357 503
4135 5 2550 7399 214 4713 4489
4136 5 1136 6637 7539 2819 4836
4137 3 14 871 9388
4138 4 2633 2442 9972 2134
4139 6 1009 2718 4081 6024 4848 5370
4140 2 1261 6014
4141 5 1319 7957 8162 1688 5953
4142 6 1687 5321 8165 9750 5132 2885
4143 2 865 8594
4144 6 1452 5656 7008 7041 8481 9041
4145 3 1848 3039 6232
4146 8 900 7277 9583 7316 2334 5567 8224 2701
4147 4 2376 6030 121 6920
4148 1 2280
4149 3 1821 6802 1233
4150 2 804 5739
4151 12 378 4231 8207 7585 1404 9612 5170 1254 9047 9712 9646 2740
4152 5 3693 9238 5116 9639 6314
4153 6 2427 6747 2886 541 9884 2583
4154 7 396 5115 7463 9572 8407 9355 8739
4155 7 1927 6254 7422 9278 4412 7986 3071
4156 3 2335 7116 9389
4157 1 1824
4158 3 2565 4251 2847
4159 5 3770 9322 9434 9189 6605
4160 2 2064 7870
4161 4 3034 3794 3440 2998
4162 5 2297 5771 381 7927 7352
4163 8 675 6732 2415 8777 859 6694 2108 6515
4164 2 883 5076
4165 6 3219 7570 7724 8882 7567 8514
4166 6 2209 8537 380 8366 3377 5756
4167 4 2525 5223 675 3867
4168 2 3033 1163
4169 7 1713 5377 8837 9782 612 8722 1065
4170 5 1058 4839 6553 8925 9668
4171 3 2825 4268 9381
4172 7 43 4425 4427 4929 8844 2890 6548
4173 6 3899 5606 6488 1251 5862 2903
4174 5 625 4632 9754 2721 4874
4175 7 150 5131 2401 7539 1377 8459 4000
4176 8 1820 6377 8830 587 2285 7300 8151 3375
4177 6 128 5732 2284 6106 3777 578
4178 5 3676 4520 2618 5734 5436
4179 6 2275 4279 424 2295 9460 9340
4180 5 3710 4246 1904 7696 5267
4181 4 3469 4746 6362 1736
4182 2 104 305
4183 3 3916 6344 9665
4184 7 3325 5058 5258 7927 8196 9140 6076
4185 6 2364 4366 5262 4095 5183 7079
4186 6 440 6497 2074 5933 9321 3555
4187 6 1624 4254 7337 7256 9577 8617
4188 7 2864 814 6717 677 8559 1473 2545
4189 3 1250 6522 7969
4190 5 2929 1991 1309 9380 9068
4191 6 58 8189 172 199 7394 5455
4192 2 1948 7893
4193 5 2898 7093 137 2080 7552
4194 2 287 5091
4195 3 2826 9615 7933
4196 3 3578 7463 3032
4197 6 2985 4966 34 4738 506 7314
4198 7 1066 9700 2530 9273 9893 5257 6258
4199 6 3034 2051 4213 1671 496 3596
4200 8 159 4638 6634 9861 2568 6101 2080 4044
4201 6 425 4912 8947 6603 3148 1812
4202 2 2936 8685
4203 4 1586 8571 5860 5866
4204 4 3287 7792 8260 8199
4205 5 2786 9716 638 1857 9440
4206 8 2238 5506 7754 8903 9852 9497 8808 2387
4207 4 532 2145 3332 5237
4208 5 3001 5198 9094 6828 5003
4209 5 1799 5039 5136 5632 3570
4210 4 3310 8758 440 2916
4211 6 3147 7026 3731 1372 6560 9991
4212 5 3007 8146 5598 3101 1160
4213 5 3075 4199 3782 5452 4870
4214 1 1205
4215 8 128 6791 9634 776 5528 9593 4291 9047
4216 7 1129 5261 7590 2176 1924 6085 3060
4217 3 343 1294 3646
4218 8 244 5830 6422 7265 6855 3212 5385 1231
4219 4 3387 8485 4295 9131
4220 6 4059 5760 9692 6419 2870 5723
4221 3 3667 9518 2074
4222 7 2685 9675 6502 2414 1299 4497 5139
4223 2 412 3653
4224 3 1260 9924 6524
4225 6 1626 7378 7577 7938 7479 3579
4226 2 3946 7861
4227 3 2524 8402 1927
4228 3 4072 8478 6499
4229 5 3636 871 8620 8374 7362
4230 3 2890 5686 7373
4231 7 4151 379 2658 2404 1741 2994 5954
4232 4 217 7791 8227 8807
4233 5 982 5947 20 6900 1367
4234 3 1975 9138 3976
4235 7 2803 457 9411 8028 1286 9605 6915
4236 1 1139
4237 3 1498 9047 1531
4238 6 3502 7719 7284 8477 7095 6038
4239 5 3576 2051 2484 3732 1234
4240 5 2752 6407 369 4112 3858
4241 4 1184 6677 3622 8267
4242 3 2736 6166 8559
4243 5 1680 7427 6639 9963 5460
4244 2 2013 4390
4245 3 1660 6695 4041
4246 8 4180 4644 5587 5891 6292 6978 7740 5299
4247 3 3125 6128 2936
4248 6 1517 4821 7147 1304 2944 5737
4249 7 988 4518 5029 9065 3590 507 1201
4250 6 492 8238 5642 7792 9650 8760
4251 4 556 4294 4158 8842
4252 9 992 5521 7122 9834 3976 6348 5054 5180 9929
4253 5 219 9031 7227 5060 1825
4254 5 4187 6713 3857 8456 6437
4255 4 3029 7821 7906 8178
4256 4 2066 7329 6933 7176
4257 5 1519 7233 7613 803 5348
4258 3 3834 818 2762
4259 4 1045 9298 8323 4101
4260 3 3339 8450 2954
4261 5 3280 4737 5306 4113 8842
4262 4 1580 9130 1560 8383
4263 5 596 9702 3302 2542 9619
4264 6 2323 5388 1758 7101 8068 823
4265 5 221 7645 2690 2702 4623
4266 4 2316 3326 1375 8729
4267 4 1694 7115 8100 2443
4268 3 4171 5779 7765
4269 5 174 5604 6176 1376 2376
4270 3 1926 1848 2588
4271 4 2313 7462 1530 8519
4272 8 51 5483 1677 4291 9968 3460 8346 3628
4273 7 2937 4779 6840 6191 595 9829 3908
4274 6 2494 8649 8124 7317 1831 2666
4275 6 3316 5145 5228 3575 6224 5038
4276 5 3196 596 1156 1316 6824
4277 4 1949 9987 3924 5245
4278 5 1569 8656 6798 3234 5308
4279 4 4179 9046 6497 6036
4280 6 630 6875 8798 8413 2958 809
4281 7 304 5040 9812 2178 4747 718 1743
4282 4 1820 5386 8149 6435
4283 4 1160 7151 1473 6782
4284 5 3654 7670 1998 1902 1839
4285 7 1415 5049 7251 4009 8539 8699 8938
4286 6 2892 8563 9610 9079 5065 8194
4287 7 3216 5113 9073 9463 9273 8590 338
4288 3 2512 4971 7130
4289 5 1759 6313 3253 7126 6610
4290 5 3107 4132 1984 3934 8123
4291 6 3482 9566 4272 4215 7116 1500
4292 4 2255 9633 8297 3299
4293 7 3493 7016 9673 2001 8527 8462 8912
4294 5 4251 9734 3966 5533 259
4295 4 1489 4321 4219 5705
4296 3 2705 8570 7964
4297 4 1210 3669 870 5161
4298 6 2995 1931 2871 9109 8428 3477
4299 7 3026 5701 9154 3149 7108 8176 5251
4300 2 1246 7609
4301 3 2853 663 1157
4302 5 1031 7793 9670 5227 1005
4303 5 2729 5547 5650 4019 9847
4304 4 1276 6888 9698 1287
4305 6 4017 1858 7767 3791 5131 8706
4306 6 1907 8150 4084 9926 6923 9385
4307 4 2551 6190 7350 7294
4308 2 2741 8457
4309 3 1846 7347 538
4310 2 1014 8284
4311 8 985 7212 8093 6460 3220 4552 3143 8733
4312 6 180 2804 9453 9954 4775 2879
4313 8 1329 4792 7943 8225 8809 590 9035 4853
4314 4 4123 8713 6150 6678
4315 6 2963 8329 1059 5252 3758 5208
4316 2 1791 7962
4317 4 1518 7476 7877 1451
4318 3 2720 8387 1144
4319 3 3883 5672 2269
4320 6 1388 5436 2609 2993 7431 968
4321 6 4295 5896 5682 220 9919 5766
4322 6 1844 5700 6508 9706 3703 9923
4323 4 2961 5162 4909 7663
4324 2 3272 1512
4325 5 3656 355 3615 6648 6132
4326 4 1233 9450 5681 7451
4327 10 1559 4496 5020 9539 2406 5744 6002 617 8241 1784
4328 3 2140 1427 2228
4329 4 2440 4944 7648 3339
4330 6 1080 4338 5389 8064 9334 8330
4331 5 3717 4418 5831 5449 8878
4332 5 467 7276 8757 5076 6846
4333 4 1078 608 4402 710
4334 4 2520 441 3815 5700
4335 2 2535 6921
4336 7 3015 4771 8866 8732 779 8596 8186
4337 5 3973 8963 9887 2365 1163
4338 4 4330 7730 7637 1577
4339 4 1605 5370 7385 9793
4340 3 2730 1477 7299
4341 7 1409 7287 2304 6684 7245 8019 7498
4342 4 2804 5251 3351 7324
4343 3 3821 6518 5490
4344 4 2954 6069 2141 8736
4345 7 494 7511 8809 7441 8816 7406 1043
4346 4 1055 8392 268 3193
4347 5 3523 5828 3763 1640 4850
4348 5 3213 4505 9101 1171 3187
4349 6 1755 1110 7218 4957 1549 6098
4350 6 2669 1709 6140 937 9011 2000
4351 4 3647 8408 2671 7871
4352 4 86 8876 1303 6126
4353 6 4124 9093 5107 4735 3876 3311
4354 7 1321 5481 7917 9082 657 546 7829
4355 6 1692 6916 2668 696 8127 3943
4356 3 1516 22 6143
4357 7 3721 7322 3522 6517 6295 1500 8938
4358 3 1581 4847 1284
4359 2 3952 4365
4360 9 2764 5305 5951 1177 5540 2256 8955 8283 7998
4361 6 468 7553 7571 8930 1886 4018
4362 3 3864 7655 4572
4363 6 355 5458 6857 7572 6710 801
4364 7 273 4874 5812 8436 4541 1105 747
4365 2 2927 4359
4366 5 4185 6622 7849 9805 5594
4367 7 2013 3686 9438 3975 744 5008 2087
4368 3 2631 8662 9017
4369 2 1875 543
4370 5 3109 3055 3129 5868 4375
4371 8 1224 4561 6473 4590 8064 7853 7797 1641
4372 5 223 7768 2164 8244 9731
4373 6 3064 3713 1204 8657 9930 1266
4374 8 3141 6595 3102 9149 8013 2572 3125 6132
4375 8 3617 4714 3642 703 7709 4827 4370 6968
4376 3 1892 9522 583
4377 6 4010 8704 9569 6615 191 2168
4378 6 456 1616 5553 6682 7475 9716
4379 4 1146 8519 5414 9288
4380 4 3270 3556 4399 6004
4381 4 1985 8608 5024 2708
4382 10 2850 7372 3286 8920 8092 958 4627 8951 7483 1406
4383 6 3537 4848 4581 6182 5008 7834
4384 4 3475 990 270 870
4385 4 2573 5663 9712 6230
4386 7 975 4850 7235 9699 9188 656 8543
4387 10 683 4696 8231 2396 2407 8669 9295 955 7875 8100
4388 1 3314
4389 7 1456 4542 5704 6081 1310 1359 8653
4390 1 4244
4391 1 831
4392 5 1055 9243 246 7685 2074
4393 6 964 4687 2230 5829 5716 9792
4394 6 2340 5622 6324 9746 9961 5174
4395 5 3602 4715 6562 2485 1949
4396 2 2366 3289
4397 2 3424 343
4398 1 1890
4399 5 2105 1125 4380 578 2604
4400 5 3993 5166 2633 7910 2500
4401 3 94 5011 5451
4402 8 2079 5901 9998 8600 6978 3738 4333 9235
4403 2 1952 2545
4404 6 836 514 9084 4666 5165 7839
4405 9 2297 2175 908 5121 9138 1855 939 2013 4781
4406 5 1186 6355 3389 2271 5620
4407 5 2468 753 131 6437 7377
4408 5 2205 7017 601 8489 1447
4409 5 2677 4667 9822 4488 1599
4410 4 3110 9976 6201 8177
4411 6 378 2373 6029 8390 2029 7368
4412 7 1810 2221 3173 1217 4155 4566 2748
4413 11 821 6100 7102 7498 8511 3859 3991 9968 5848 4603 9783
4414 3 2169 8048 8062
4415 7 1400 8159 8304 521 1856 2583 7062
4416 6 1480 5581 8333 2392 8383 6164
4417 6 1540 7786 8602 5951 7822 7405
4418 7 476 4490 7610 4016 4331 2134 5194
4419 4 3162 4941 7375 2886
4420 3 79 7155 2398
4421 5 3332 2098 3556 8686 5057
4422 3 502 974 2463
4423 6 1137 6143 9266 5375 8985 6821
4424 6 2094 8716 6071 7300 8882 5422
4425 5 4172 5333 9908 4007 9506
4426 6 3645 6327 1359 746 2190 3208
4427 4 4172 5568 8733 8750
4428 6 2475 8759 746 3832 6506 3715
4429 1 826
4430 6 1024 8714 9085 27 6773 4472
4431 6 376 4966 5428 6572 2525 5237
4432 7 1485 7684 9027 6408 2948 2975 1356
4433 4 571 8296 3545 701
4434 4 831 5350 765 2415
4435 7 1357 6053 7236 4682 2524 4115 5935
4436 5 2466 3157 9369 3358 3445
4437 2 2694 3940
4438 7 2064 4457 7492 9532 8174 6438 8496
4439 5 1487 4608 1031 2755 1421
4440 3 111 6431 215
4441 3 1599 4468 3446
4442 5 3244 4559 8150 6938 4884
4443 7 2065 5391 6650 3055 4871 8045 465
4444 6 2508 1660 3111 5861 6341 7288
4445 4 2011 6482 6515 8535
4446 3 1434 3793 823
4447 3 274 103 8744
4448 7 1913 7232 5667 3591 866 2164 6055
4449 6 2952 7440 5769 3194 9418 1061
4450 7 2116 5919 5893 6634 6887 5775 5744
4451 3 775 1128 9332
4452 5 432 6532 9307 2172 904
4453 4 3091 2531 627 3094
4454 7 3711 5613 6581 8625 7354 525 3569
4455 5 1927 7844 5695 8616 5510
4456 3 1603 6843 6344
4457 3 4438 8352 4555
4458 1 1285
4459 2 2733 3447
4460 2 3934 4854
4461 2 77 5032
4462 10 1124 5426 2273 5656 5013 5000 7715 2939 3352 5379
4463 1 453
4464 8 2255 5383 9415 8474 7105 1689 8940 5629
4465 6 3454 7170 3128 5249 9512 3693
4466 2 1290 6459
4467 2 1277 5565
4468 9 4441 8361 9575 9176 2504 8864 7899 208 8566
4469 3 2652 7246 6615
4470 3 1412 7714 2664
4471 7 613 6356 9042 8436 9307 6530 3953
4472 7 731 4810 8789 3158 4658 4430 7898
4473 3 3439 4653 9306
4474 4 1360 8843 9781 8422
4475 5 766 8618 5490 8830 131
4476 4 895 8475 9735 1504
4477 3 3397 2520 3177
4478 5 774 2516 8212 5683 9806
4479 8 4012 9026 1348 9940 754 8204 874 2160
4480 5 124 8193 7535 2703 354
4481 4 3947 6142 4558 3342
4482 3 2493 2267 600
4483 2 2702 1022
4484 2 2484 7001
4485 6 1932 4647 7311 8734 9685 9036
4486 4 2233 6468 7052 7077
4487 4 1252 8733 646 7763
4488 6 379 4409 7383 6972 1665 2607
4489 3 1512 5283 4135
4490 8 4418 4709 5090 6805 209 7565 7041 9110
4491 3 1343 4882 6643
4492 3 992 8260 9479
4493 2 1783 5715
4494 4 2075 4508 6671 1887
4495 5 4092 7576 9244 3270 2313
4496 6 4327 5001 4094 3386 9795 204
4497 4 1172 4222 1400 7697
4498 6 1064 1263 1963 1629 2268 1956
4499 3 2113 8712 4997
4500 7 1187 4536 7975 3585 1428 1018 1665
4501 5 3369 3431 6689 4578 6156
4502 3 3452 7295 2036
4503 3 623 6542 6504
4504 6 1505 4539 4556 6554 8956 5892
4505 5 4348 9460 9889 6284 5340
4506 2 2266 4730
4507 4 2564 9277 5670 8286
4508 8 1442 8172 8693 4733 4494 751 7479 634
4509 3 7 7900 2076
4510 3 1761 1784 6948
4511 8 1205 4997 5599 7424 1272 663 3960 6070
4512 5 426 5088 6647 2482 9514
4513 3 2990 9311 1369
4514 3 1437 5813 1811
4515 7 2219 4596 5407 6232 7973 6092 4758
4516 5 4123 2375 7794 2236 6138
4517 6 1998 7148 5842 1668 1025 6023
4518 5 4249 5418 5934 5548 6732
4519 6 2558 5646 1935 7273 6612 5408
4520 4 4178 1257 5344 23
4521 6 1983 6047 7486 3065 415 354
4522 4 3784 5906 3612 3771
4523 5 2877 6279 9532 3326 1255
4524 6 1143 9819 4576 6956 7876 7917
4525 5 972 9875 2772 4790 437
4526 3 3369 5668 7865
4527 5 3801 4724 3753 9650 7134
4528 3 950 6760 9572
4529 3 793 6782 1863
4530 5 1133 9752 7324 1501 4633
4531 4 62 7177 9704 1087
4532 5 3474 6147 1165 7682 6692
4533 7 2145 978 9888 5974 7105 7674 6391
4534 5 351 7006 7330 858 4942
4535 5 723 6010 1943 7711 6833
4536 5 2376 7562 4500 8926 8359
4537 5 1366 585 5981 8059 1053
4538 1 984
4539 5 4504 8604 9765 6683 2020
4540 7 1226 3274 8423 4772 5453 7744 8340
4541 3 4093 4364 2958
4542 4 4389 4699 6394 1295
4543 7 4026 7609 9035 9691 3013 3557 4042
4544 2 2135 3469
4545 8 3055 5287 2976 637 9417 2612 172 3919
4546 6 3455 5091 9411 873 6674 6977
4547 4 1984 4057 4925 6114
4548 3 1684 7170 657
4549 5 2995 5690 9635 302 6168
4550 2 1122 6338
4551 7 1296 5151 292 6023 744 8454 8795
4552 5 3809 8469 919 9759 4311
4553 4 1220 9968 822 9147
4554 4 545 444 7961 3427
4555 5 260 7518 4457 2838 5693
4556 4 4504 6492 6831 3848
4557 2 4120 2111
4558 8 784 839 8210 2393 5110 4481 9565 1005
4559 7 4442 6199 8853 9381 4132 5949 3841
4560 2 3226 9237
4561 6 1610 5278 4371 1320 8743 6474
4562 3 1083 6952 2412
4563 5 3770 5914 3560 301 1895
4564 6 2924 5768 7374 3512 1782 5067
4565 4 1693 1008 714 6124
4566 5 4113 7040 4047 1582 4412
4567 5 1222 7568 9543 3426 8484
4568 4 3478 4934 6123 1801
4569 7 2374 5122 6316 8213 631 812 9429
4570 3 1990 3458 1959
4571 2 1810 3235
4572 7 3840 4855 7960 2317 8496 4586 4362
4573 7 326 9930 6247 1859 2971 3051 3785
4574 7 157 5430 6852 8905 3098 7366 3421
4575 6 3825 8674 6584 5156 6076 6201
4576 6 2220 6135 7056 1220 4524 8185
4577 5 721 1447 4641 7126 367
4578 4 2161 663 4501 4986
4579 1 1717
4580 6 2374 6567 8226 5160 7462 3760
4581 7 2284 4383 7512 4974 1478 424 2282
4582 4 798 9998 5726 4115
4583 3 2449 9655 1045
4584 4 183 912 6848 8599
4585 4 1455 6783 8465 1695
4586 3 3104 4727 4572
4587 4 1293 992 7705 7792
4588 3 1248 5044 2778
4589 7 995 6079 8972 9225 6895 4927 2880
4590 7 468 6067 6699 9945 189 4371 6856
4591 3 541 9849 2711
4592 3 168 8366 9659
4593 3 3303 6575 8202
4594 8 1614 5610 4964 1994 6815 4654 7152 4818
4595 4 2102 7642 1277 8843
4596 4 4515 8141 3723 5309
4597 5 1942 4922 5069 9184 9815
4598 3 1557 6685 504
4599 5 3464 8950 3274 5014 5952
4600 7 844 3717 6083 2215 8344 7579 4756
4601 5 2525 8575 9768 808 1853
4602 5 2001 4841 1097 9635 6173
4603 6 2476 9275 4661 9980 4413 9243
4604 5 896 5685 7731 7583 7831
4605 2 3267 6893
4606 7 1579 6528 8593 8504 1499 2522 5757
4607 4 3496 6433 3134 8342
4608 3 4439 5807 6694
4609 7 2432 5095 7837 8941 6392 8544 7453
4610 4 183 1858 6383 9581
4611 4 3409 2783 48 43
4612 7 879 6882 9057 9859 8860 9154 983
4613 2 3097 1448
4614 5 35 1716 1575 1342 717
4615 3 3959 11 3802
4616 5 1390 6401 8101 1077 8074
4617 4 1880 9721 1075 8236
4618 6 398 5842 7546 1898 9575 5943
4619 5 1864 4908 7108 3063 8823
4620 6 4014 4895 8756 9986 2266 7296
4621 4 2982 5810 6283 2257
4622 8 62 5975 3182 5222 5587 8399 8813 6046
4623 10 237 6416 7373 7522 9480 9688 4265 8325 2406 7106
4624 7 2745 4707 8509 8542 2898 9777 8085
4625 4 753 519 8611 141
4626 6 1191 6029 7267 2914 289 1552
4627 6 2549 1007 2541 3037 4091 4382
4628 3 3472 8024 571
4629 5 2126 5797 7676 9722 7655
4630 5 3572 3991 2484 6278 1227
4631 3 3130 3207 5743
4632 5 4174 9234 3723 3269 9352
4633 6 2379 2169 1636 7961 6228 4530
4634 7 3212 6381 7926 7589 177 6739 2102
4635 9 3223 4977 7187 9470 9565 8452 9930 2467 7916
4636 4 1765 4759 7735 887
4637 6 859 5218 7623 9288 6952 7259
4638 3 4200 6767 8776
4639 3 1397 8367 8398
4640 3 3209 1577 2456
4641 9 3476 1001 6409 1076 4577 7110 7576 4732 986
4642 4 3283 5909 9606 6677
4643 6 2513 4911 7970 8141 8315 2221
4644 3 4246 1317 5364
4645 4 2863 4954 1795 7263
4646 1 1268
4647 4 4485 5976 8681 9244
4648 4 3804 8027 2859 828
4649 4 1471 8659 7935 9884
4650 4 3180 5371 1029 5175
4651 5 2130 6220 5179 1309 7433
4652 6 1912 9968 5958 637 8696 3354
4653 5 4473 1437 9986 2068 8918
4654 4 565 5307 4594 9676
4655 4 685 2933 1643 8067
4656 4 2993 7508 2567 3090
4657 5 3733 6515 8961 4679 7485
4658 8 1179 9128 2147 873 9722 4472 3027 2167
4659 4 903 6935 6584 3536
4660 1 946
4661 5 2262 8710 4603 9130 5409
4662 9 3107 6685 502 5602 8454 5296 5974 9268 1415
4663 2 2123 1247
4664 6 2600 6788 8743 9708 1009 5702
4665 4 1447 6084 7224 9698
4666 7 327 6188 7671 6602 4404 5124 5138
4667 6 4409 9880 9923 3051 9489 9128
4668 5 709 8749 9064 5227 3469
4669 2 2781 3354
4670 6 3777 4044 290 3810 7941 1611
4671 7 3605 5399 8894 2327 2499 9680 9806
4672 5 3369 5495 8586 3992 7763
4673 4 2793 4929 5156 8365
4674 5 2506 3299 6888 9024 1722
4675 8 769 7182 5056 2563 7154 1545 3399 6146
4676 6 1523 6885 8818 38 3547 3330
4677 7 3459 7606 311 4707 6295 7916 3725
4678 7 1850 4770 8415 5537 8963 4918 2048
4679 3 1285 4657 7759
4680 4 3871 2629 234 6564
4681 3 1850 2133 8702
4682 5 1687 7293 4435 4699 1365
4683 5 3207 7683 8684 1658 1924
4684 5 3102 5548 8463 5823 287
4685 3 2842 7597 421
4686 4 3337 2881 5526 2911
4687 3 4393 2631 825
4688 3 561 2329 5172
4689 4 3195 5881 5313 2790
4690 3 939 1610 2547
4691 5 3162 6291 4951 4062 5980
4692 5 3888 2545 857 8235 3584
4693 7 2703 6045 8291 432 1129 3588 1595
4694 5 2873 5952 770 2489 3171
4695 3 2724 5291 4780
4696 3 4387 1192 6730
4697 3 541 5583 8957
4698 3 736 5870 206
4699 6 4542 7692 4797 4682 6286 667
4700 3 4013 3868 2288
4701 5 1813 9012 1379 7168 830
4702 7 3391 5392 6721 4772 9649 6955 1950
4703 2 517 6486
4704 7 3274 5086 9832 7437 2392 1956 2276
4705 3 1119 999 728
4706 6 686 4847 5000 4951 5304 3184
4707 3 4624 4677 3786
4708 6 3775 5850 3029 8306 8578 7501
4709 7 4490 6142 8668 576 3185 7260 8954
4710 6 390 8903 9105 8108 5241 9596
4711 4 1349 5688 7364 2996
4712 6 1474 5016 7154 8787 7699 201
4713 6 293 6347 6926 4135 6779 1553
4714 5 4375 7262 8323 7291 5230
4715 3 4395 1052 5154
4716 7 2807 5205 7247 9390 1383 9722 8984
4717 5 2955 4972 6040 6745 818
4718 5 475 8302 4885 7308 5990
4719 5 2853 8909 7951 328 2349
4720 8 2256 5417 7693 2489 7598 955 7637 7695
4721 7 2871 5044 7884 9627 4806 9882 1584
4722 7 2037 9854 6031 580 7588 3405 770
4723 4 2137 5744 4095 4951
4724 5 4527 9692 5038 3088 4791
4725 3 3694 9104 6697
4726 8 1787 5125 7091 2494 6480 7103 2668 5755
4727 3 4586 6735 8568
4728 3 2666 6461 5991
4729 5 3963 2309 7403 1583 3301
4730 6 4506 5941 7513 1502 8344 7960
4731 3 4122 6483 4884
4732 4 2830 6420 7696 4641
4733 6 1366 6039 4508 8080 1595 9712
4734 2 2934 1897
4735 8 60 5213 5447 507 4353 9734 8424 5073
4736 5 3335 7552 2 7900 6889
4737 2 4261 9688
4738 4 1396 6312 7896 4197
4739 4 2397 8358 6178 4982
4740 7 2242 1636 6636 1007 5509 6095 2552
4741 5 242 6988 9255 3073 2618
4742 7 127 7699 1741 6796 6447 738 6646
4743 5 3235 6995 8676 1083 6760
4744 3 2424 7788 9112
4745 4 1523 8002 1260 6851
4746 7 4181 5762 7419 8386 8154 6360 3039
4747 2 3625 4281
4748 4 1558 9648 3964 5534
4749 5 213 7685 5408 9720 7001
4750 8 2487 6201 8016 6202 7769 2450 6962 9421
4751 5 3301 4787 3533 2539 6088
4752 3 3307 8777 1096
4753 4 744 9226 2475 4995
4754 3 2576 6807 2164
4755 2 1479 1681
4756 6 595 7976 8231 4123 3555 4600
4757 11 1156 9502 8431 9954 6162 2951 259 9898 7058 2569 6818
4758 8 3982 8556 1286 4515 5803 7596 557 804
4759 5 4636 4828 6546 3695 7204
4760 3 388 188 1244
4761 7 3859 4834 2140 2228 7909 2336 6775
4762 6 3186 9135 3587 2923 1889 3573
4763 2 3095 4019
4764 7 183 6102 1381 1675 727 2222 2828
4765 4 3846 7301 6123 3477
4766 5 1987 8257 4973 47 241
4767 5 2329 191 8330 3574 8658
4768 7 3347 5687 5879 2428 4844 7003 6615
4769 5 3638 6295 360 6477 2375
4770 3 4678 9555 405
4771 3 4336 9917 3306
4772 6 2667 5344 6486 1584 4702 4540
4773 4 2549 6606 400 5396
4774 2 2660 8513
4775 5 3201 5804 3086 4312 8649
4776 5 3394 9146 4100 3228 3325
4777 6 1601 5032 3022 9541 7072 5567
4778 2 263 6849
4779 2 4273 9846
4780 7 917 4804 4695 6685 6359 1613 9865
4781 9 3595 5409 9238 7163 2848 307 3579 4405 2975
4782 3 795 9368 3050
4783 4 612 9708 1906 7674
4784 4 23 5001 3106 2695
4785 4 1924 416 160 619
4786 6 1331 5378 5473 1243 9801 8034
4787 7 3345 381 9763 4751 9354 9055 1407
4788 5 1806 6083 2583 7757 9646
4789 4 751 7117 7612 3539
4790 6 1019 9327 2642 4525 9117 8891
4791 8 1416 5638 2889 8024 8447 8811 529 4724
4792 3 4313 1036 8823
4793 3 1080 7618 2601
4794 6 3541 1376 9445 2414 9731 2942
4795 4 1399 7423 70 3584
4796 2 1504 5243
4797 7 1960 9720 4699 2273 2037 5391 6436
4798 2 2160 5064
4799 7 3293 5328 8857 9024 1298 7495 6572
4800 3 1456 426 3763
4801 4 805 6972 1625 833
4802 1 910
4803 2 2524 6547
4804 7 4780 5223 8373 248 751 8639 9660
4805 5 1821 4962 8109 3158 4936
4806 5 2547 9899 4119 4721 7694
4807 3 3468 4889 3348
4808 2 2071 7623
4809 6 1059 5466 6744 7359 8075 9027
4810 3 4472 2396 2641
4811 4 358 4832 453 5468
4812 3 1162 9796 3142
4813 6 3772 3753 8928 8094 9585 5344
4814 1 3559
4815 7 544 7221 7387 8491 1081 2003 7635
4816 12 1780 8043 8935 9813 9906 842 7203 2958 1461 339 7325 2325
4817 7 3483 5031 7951 1973 7505 9965 760
4818 3 4051 9997 4594
4819 8 3569 7757 8770 9371 5727 3533 3774 9111
4820 4 1133 8508 8991 1582
4821 2 4248 9779
4822 4 3961 7928 9610 7100
4823 4 689 3176 677 1297
4824 2 466 9703
4825 2 647 3383
4826 7 2852 6982 9485 1291 8005 5144 2547
4827 10 2380 5425 5546 6651 7314 7355 7690 9975 4375 9319
4828 3 4759 6004 8078
4829 7 2871 6764 6379 2424 1021 8000 1095
4830 4 1386 9831 1647 2080
4831 4 2327 7051 789 8769
4832 1 4811
4833 3 2078 5445 9566
4834 6 4761 8547 9190 3283 863 5342
4835 7 3600 6539 3324 781 2736 5994 2831
4836 5 3533 8548 9124 9696 4136
4837 5 2963 5953 1573 4900 1620
4838 3 250 2270 7520
4839 8 4170 9467 9713 9526 5208 5376 4886 6985
4840 4 1253 7976 9235 3458
4841 5 1870 5790 947 4602 28
4842 3 3550 1844 7747
4843 2 2508 6879
4844 5 2629 4768 3072 6293 2631
4845 5 2088 4904 5867 844 244
4846 4 4032 9415 5361 5012
4847 5 4358 8041 4706 6176 9301
4848 7 4383 5357 6968 7887 7586 4139 7887
4849 4 2454 7693 2153 9708
4850 8 4386 6983 5205 6960 6565 7889 7722 4347
4851 7 463 9182 9837 2676 112 2540 1066
4852 2 1662 7367
4853 5 2570 5439 6696 4313 915
4854 5 666 4460 7981 1273 1146
4855 7 4572 3722 2719 6919 4863 9285 157
4856 2 1220 519
4857 1 1778
4858 6 2518 5043 5139 5267 9023 3528
4859 3 3464 6872 5116
4860 10 4063 5805 6734 8291 3973 7056 2805 1873 3013 3338
4861 3 1385 8854 3825
4862 6 2112 5075 8502 8347 3081 2927
4863 6 1989 4855 5021 2662 9718 3026
4864 2 2286 9871
4865 4 5 5515 6633 9795
4866 5 2037 6383 6239 7069 7928
4867 5 2569 6688 113 6662 7382
4868 4 2491 9925 5489 5609
4869 5 1236 9009 3062 6095 2383
4870 6 1217 7025 3353 4213 5902 9587
4871 4 3427 6918 8507 4443
4872 8 2156 7421 8732 6451 3482 8599 4101 8247
4873 2 1565 3960
4874 5 4364 6155 4174 5301 7219
4875 3 3197 6446 8058
4876 4 733 6290 3387 6841
4877 3 1555 5185 3769
4878 4 1407 6956 2055 2512
4879 7 987 3516 2974 9265 7663 6103 9971
4880 3 962 1494 9363
4881 5 2443 5101 3157 1732 601
4882 4 4491 1622 5896 8192
4883 11 226 5150 5437 3327 2090 223 1754 274 6834 1186 2218
4884 5 2147 5517 6251 4442 4731
4885 4 3771 2135 3305 4718
4886 4 3071 8166 4839 8068
4887 3 43 3289 2917
4888 5 185 8819 2996 7748 7320
4889 3 1283 1556 4807
4890 8 2802 6071 8621 1568 9910 1894 6846 1036
4891 4 3431 5772 3602 7859
4892 5 2036 3849 2877 438 3631
4893 7 1441 6024 2848 2671 3238 5471 4938
4894 2 802 3382
4895 4 4620 1344 9058 9493
4896 3 407 4124 8558
4897 2 3076 66
4898 5 3666 9612 8424 2960 7822
4899 6 358 6954 3803 6594 4025 1863
4900 9 225 6157 8296 8597 93 7425 1230 4837 8653
4901 3 3716 6939 2745
4902 1 86
4903 6 3237 8437 7865 6433 1832 1525
4904 3 4845 5994 436
4905 2 1770 8972
4906 1 1571
4907 5 2120 4919 5537 9130 2156
4908 1 4619
4909 6 3662 970 4323 6543 1656 87
4910 4 1932 7224 3645 4060
4911 3 4643 7710 7305
4912 5 1346 1325 4201 3902 576
4913 7 1668 6217 8342 4101 3313 6401 4127
4914 6 3195 5973 5649 7008 5681 5033
4915 3 468 2342 3551
4916 2 1906 5003
4917 2 3723 2382
4918 4 1393 5028 4678 46
4919 3 4907 5603 7727
4920 4 639 6178 9532 3886
4921 3 3294 3448 6791
4922 6 4597 7841 4005 6066 9465 3200
4923 13 2205 5633 6328 8464 5381 1506 1370 2725 5550 1471 3543 7382 120
4924 2 3908 6300
4925 8 2970 7729 9131 9643 1607 1648 7936 4547
4926 5 3242 5051 45 907 87
4927 12 1388 6077 8182 2946 3875 3791 4589 9751 7954 8821 7480 3835
4928 5 1597 5502 3321 7405 6491
4929 3 4673 4172 6107
4930 5 3136 8346 5587 3933 9243
4931 3 2771 4085 972
4932 2 3573 9607
4933 5 3673 5455 3452 635 5297
4934 4 4568 2584 8383 3657
4935 6 1421 5186 5691 9741 7759 4983
4936 5 1432 6742 6839 6897 4805
4937 7 3578 5640 6647 7987 4960 6053 2560
4938 7 2741 7942 148 1350 2384 4893 793
4939 6 701 7303 3337 9816 286 766
4940 3 2077 7653 9441
4941 3 4419 1024 2297
4942 6 502 9717 8392 7546 3967 4534
4943 5 19 6195 6978 1785 2495
4944 4 3049 8972 4329 3556
4945 5 2287 6932 8362 8933 8649
4946 2 1029 6401
4947 5 1714 1772 9893 6755 6350
4948 2 1651 7351
4949 5 844 497 6526 8373 9337
4950 5 3832 5247 5571 5925 3271
4951 8 2704 4706 1498 6942 4723 4691 8999 8763
4952 3 2867 6136 3044
4953 6 546 8114 5658 5038 5541 2290
4954 3 4645 7053 34
4955 4 2771 7209 3002 7181
4956 7 3373 6837 8560 1750 9949 2912 1654
4957 6 4000 5042 9682 128 4349 5760
4958 5 3626 8718 6545 3082 6288
4959 7 3063 6098 7255 7794 3757 1769 5492
4960 4 1468 4937 7066 6330
4961 3 2446 6530 960
4962 6 4805 3335 7050 4063 2261 5217
4963 5 1873 8744 5276 1744 9802
4964 4 2884 9815 4594 5287
4965 4 3189 1560 3029 6617
4966 7 4431 5034 6444 8884 7503 4197 8220
4967 5 1525 105 3151 9149 747
4968 4 2831 8275 315 5597
4969 4 1282 5808 5841 4079
4970 5 337 2678 8888 6947 1578
4971 4 4288 6371 9671 2595
4972 8 4717 9950 3210 4066 2022 3395 2425 108
4973 6 3031 7745 8117 4766 7058 69
4974 4 2552 5184 4581 1989
4975 3 3348 5048 6307
4976 4 2631 2153 3019 7022
4977 3 4635 8184 9055
4978 6 4016 5220 3742 3423 6322 8869
4979 3 3261 2530 7185
4980 8 3957 5446 3581 6425 2789 8708 695 6014
4981 3 1938 2006 5471
4982 7 2399 6571 7580 6018 1671 103 4739
4983 6 1855 9245 7240 8909 1610 4935
4984 3 4099 9338 3094
4985 3 774 5942 9163
4986 6 3197 1524 243 4578 9709 231
4987 5 1274 2752 998 8403 3922
4988 1 2396
4989 4 2980 7196 2675 2563
4990 2 1739 2293
4991 6 88 6624 2623 1718 1068 6374
4992 4 353 5931 9479 4033
4993 2 1931 9300
4994 5 3562 2790 5669 1912 1072
4995 5 656 1101 1518 1206 4753
4996 4 3260 8541 9804 716
4997 7 4511 5982 7848 6019 4499 37 3610
4998 2 3797 7159
4999 3 3106 9066 8947
5000 8 1109 6940 9401 6488 4706 243 3610 4462
5001 5 4496 6087 4784 67 1261
5002 3 2455 1414 5511
5003 7 4916 5468 4208 4024 5648 2074 6918
5004 8 1139 5424 6681 8932 9087 219 201 8992
5005 2 256 8706
5006 2 1360 5138
5007 1 335
5008 6 1789 8179 4383 3849 9231 4367
5009 5 304 748 571 8594 3928
5010 10 2878 5330 5476 7129 1695 5808 9650 7263 1450 7435
5011 4 3547 3749 3279 4401
5012 6 3445 8094 1040 4846 9485 6997
5013 9 1201 8723 2793 1219 8845 6301 4462 3156 8774
5014 3 1703 4599 5906
5015 4 2967 8527 9813 7089
5016 6 2610 5027 4712 2604 3112 5751
5017 5 3805 5692 1631 513 9869
5018 11 2391 9378 2304 5915 9912 5083 4112 8965 9317 7424 7354
5019 2 3511 5153
5020 3 4327 5882 6207
5021 3 3491 5554 4863
5022 4 563 1322 9187 0
5023 9 3973 8052 8082 8783 7760 3043 8454 936 7505
5024 6 684 4381 321 9900 557 8172
5025 3 1153 5224 1667
5026 3 2595 1212 9127
5027 3 5016 5222 8833
5028 4 3441 4918 6450 2164
5029 6 4249 5452 1019 9085 8860 9218
5030 6 353 9086 134 8739 6812 3173
5031 2 4817 2265
5032 3 4777 4461 3926
5033 5 1267 7588 6518 3737 4914
5034 2 4966 8374
5035 5 2603 5532 6861 8466 7511
5036 5 1074 7761 7383 2508 9151
5037 4 2789 5983 5063 7937
5038 8 1624 641 3901 4953 341 4275 4724 2004
5039 8 4209 9643 5366 7612 8408 3535 5480 8618
5040 5 4281 8629 9926 9915 198
5041 6 2801 6275 9241 9517 2298 2438
5042 8 4957 9199 6494 6312 7084 5408 70 2511
5043 6 4858 2155 2887 2646 2966 5671
5044 2 4721 4588
5045 3 436 6924 7064
5046 2 2762 5213
5047 7 1066 6624 7409 170 1611 1620 7857
5048 2 3119 4975
5049 3 4285 1068 8455
5050 2 2245 2275
5051 3 4926 6878 786
5052 4 2822 5459 8334 5171
5053 6 3341 9718 9971 336 4003 8039
5054 4 1521 7218 4252 9615
5055 4 1457 5572 3490 3398
5056 5 3372 9189 4675 1296 3315
5057 5 577 3483 6052 4421 1730
5058 4 4184 5801 8513 6581
5059 4 130 7218 40 8186
5060 6 1824 3812 7083 3396 2590 4253
5061 6 2498 8962 3724 9181 3567 5590
5062 4 953 8389 7162 8360
5063 2 4025 5037
5064 3 4798 4130 8440
5065 8 2189 6227 7984 961 8455 2625 4286 3522
5066 2 3716 7381
5067 5 1056 9844 113 4564 9830
5068 2 786 7584
5069 5 4597 7876 8722 6908 7048
5070 3 3653 7863 6160
5071 2 505 7903
5072 6 1505 3849 876 5164 2504 1144
5073 5 2224 6804 7708 3169 4735
5074 4 2569 5552 8423 9391
5075 6 4862 7117 2594 617 1386 8989
5076 5 1052 4164 4332 5823 2935
5077 6 2453 5369 2964 2701 2700 7648
5078 9 1479 7189 5911 349 4002 7750 462 978 6178
5079 4 3784 5420 374 5193
5080 9 3364 5519 6796 4101 9476 6331 6204 2994 9796
5081 3 1405 8158 8209
5082 7 57 6158 8023 9955 6494 5290 1316
5083 6 2003 8704 6858 5797 5018 6712
5084 2 543 8679
5085 5 1769 9130 2271 3733 5804
5086 5 4704 7643 3977 3376 6183
5087 5 2445 157 7025 6061 8172
5088 6 4512 6161 6455 7454 8659 5620
5089 7 2947 8573 9552 5657 9172 3834 2989
5090 3 4490 9251 1543
5091 3 4546 5844 4194
5092 10 2646 7339 9382 3561 8279 8128 5797 9421 3494 985
5093 5 3237 7628 7928 8831 6650
5094 3 251 9840 1477
5095 2 4609 3298
5096 2 2177 5194
5097 3 3442 2429 322
5098 6 568 6705 8952 9226 2040 6605
5099 6 2112 8884 4029 2803 5972 7482
5100 4 674 8201 5247 8486
5101 2 4881 8433
5102 10 653 7633 8809 4113 1610 9435 6222 2183 5757 9086
5103 3 2970 7280 5353
5104 5 2946 8162 8290 781 1542
5105 6 1646 7443 7591 6914 5518 6347
5106 6 3492 8592 9149 1745 2991 9314
5107 5 3157 6549 4353 6350 2471
5108 4 1933 3541 9935 3228
5109 4 2427 3076 2411 8543
5110 6 3054 4558 325 3641 9803 304
5111 3 3492 6345 540
5112 4 2055 2952 1857 596
5113 5 4287 5163 3699 8632 2100
5114 2 2415 3407
5115 2 4154 9609
5116 5 1509 8038 4152 8446 4859
5117 4 3817 5642 5974 5213
5118 4 3080 6889 3227 217
5119 3 584 6238 5271
5120 4 765 7774 8677 5309
5121 6 1975 6700 4405 6084 1445 7222
5122 7 4569 2469 689 6989 9429 8135 3292
5123 1 3397
5124 10 2444 8083 5406 504 8097 4666 2472 1814 583 5999
5125 5 4726 5997 7446 2364 1887
5126 10 3278 5820 6848 8982 9553 3015 6980 9584 9359 416
5127 2 2905 1286
5128 9 2073 5246 6289 8846 8657 1531 1928 9294 2306
5129 5 261 8263 4021 1447 761
5130 5 2954 2936 1526 1698 115
5131 4 4175 9848 4305 570
5132 7 1157 5919 7986 3895 7954 7485 4142
5133 9 776 2291 1225 8132 1284 8974 9417 9068 7424
5134 3 3736 5193 5636
5135 3 1039 8259 9724
5136 6 4209 5360 5577 1813 7971 1481
5137 6 1355 9965 7983 1513 9214 3194
5138 5 2405 7136 4666 5006 5387
5139 4 4858 3278 4222 1332
5140 6 2212 7529 8013 598 5852 6521
5141 3 2728 6160 5513
5142 4 1598 708 9331 9288
5143 3 2126 8036 4111
5144 4 3557 5301 5779 4826
5145 2 4275 2908
5146 5 3351 8235 9123 2428 2796
5147 5 2321 8852 3927 7617 7604
5148 2 4087 6266
5149 7 2279 5545 8561 5538 8721 9841 3411
5150 5 4883 1935 8913 5537 2853
5151 4 4551 9424 7175 7922
5152 5 4007 4076 8608 6293 9996
5153 3 906 5019 9878
5154 4 49 3618 4715 3708
5155 4 2600 8606 2076 63
5156 3 4673 6456 4575
5157 6 3942 5436 5837 3149 5659 1256
5158 1 3570
5159 8 4007 9389 9515 1168 6232 2369 9522 7087
5160 7 3877 7725 8222 28 4580 1773 3163
5161 7 634 9622 7409 2082 326 4297 2628
5162 4 4323 1883 5797 6513
5163 6 5113 5423 3456 8385 2493 8410
5164 4 2998 5780 5072 7472
5165 3 1511 451 4404
5166 5 4400 3634 1618 9613 3246
5167 5 785 6215 7795 864 2900
5168 3 3582 5960 7772
5169 2 2397 5876
5170 7 2265 7224 3571 3400 1180 4151 1933
5171 4 500 5293 5052 2184
5172 3 3906 6677 4688
5173 3 1750 7751 2514
5174 6 1846 5487 2187 2692 4394 349
5175 5 3480 6910 7564 4650 3846
5176 5 1552 6298 6066 9666 8510
5177 4 786 8396 6687 9485
5178 6 340 8428 8737 7770 6142 6517
5179 8 2339 6914 1969 4651 125 3205 1947 9241
5180 2 94 4252
5181 5 3 2932 3283 9936 9110
5182 7 583 9881 6011 431 9576 1731 250
5183 5 2879 2499 4185 7138 6987
5184 3 4974 3756 73
5185 4 2661 6790 9308 4877
5186 6 4935 7742 8916 8889 1075 7213
5187 7 1010 6245 1494 926 2971 1220 9175
5188 3 3825 5784 9263
5189 4 2836 6436 6821 785
5190 3 219 6997 5368
5191 2 2678 2102
5192 5 2394 6060 3685 8731 9033
5193 3 5134 9437 5079
5194 4 5096 346 4418 6722
5195 4 1199 5868 466 2860
5196 4 1660 7828 1647 2950
5197 6 2962 7390 8351 9141 7515 6013
5198 2 4208 2194
5199 6 2355 9787 6009 8973 5640 1554
5200 5 3192 3887 4104 9860 3579
5201 2 3383 6748
5202 7 1173 8846 1708 4026 5488 2308 2574
5203 6 1403 6616 7845 5505 2172 8937
5204 2 1055 5962
5205 4 4716 6358 4850 6509
5206 1 1709
5207 4 798 3384 6515 9833
5208 3 2191 4839 4315
5209 4 1017 5488 6393 1801
5210 6 1781 6748 5784 8432 2181 1258
5211 8 3663 5451 2884 2580 6443 1918 217 5674
5212 3 2828 8166 8068
5213 5 4735 8008 903 5046 5117
5214 4 6 9809 1697 3569
5215 5 50 9751 6308 7002 5222
5216 6 2836 5980 2822 3639 5462 6045
5217 6 2484 7240 491 7046 4962 911
5218 2 4637 8993
5219 5 990 7648 6587 9847 1014
5220 2 4978 1854
5221 5 2316 3986 9837 5845 6496
5222 6 3890 4622 5027 2946 8673 5215
5223 5 4167 7753 7341 4804 5349
5224 2 5025 3621
5225 10 3413 1652 9367 7607 2617 7689 3715 8304 2186 3816
5226 3 577 5290 403
5227 7 377 3766 7193 513 4668 4302 6824
5228 6 4275 9304 9439 2068 9302 2173
5229 4 3043 7174 326 3532
5230 7 1872 8229 219 5605 6317 9950 4714
5231 3 3698 5904 8232
5232 4 3675 3619 7540 8045
5233 3 1114 6570 6472
5234 2 801 6072
5235 4 562 9373 2264 6729
5236 3 2801 6070 9618
5237 6 3182 5718 9956 5533 4431 4207
5238 4 465 8147 6791 2860
5239 3 713 2366 7497
5240 8 3058 5822 7445 9944 3803 9625 3531 2316
5241 2 1522 4710
5242 5 964 1928 9924 6805 9328
5243 5 4796 5597 8378 1290 9882
5244 1 1547
5245 4 2542 9208 3175 4277
5246 3 5128 1176 723
5247 7 4950 9237 5530 5100 6936 4014 1863
5248 6 1808 8571 6681 8321 3452 3113
5249 6 82 6325 4465 5919 2672 2847
5250 3 1083 6611 538
5251 6 4342 9530 8518 235 2425 4299
5252 6 1319 1524 2855 4315 7941 9300
5253 5 3938 6982 3263 3489 5849
5254 2 2733 871
5255 4 1066 5719 7872 9769
5256 5 429 9724 9769 680 8699
5257 4 4032 5570 6549 4198
5258 1 4184
5259 2 3601 7186
5260 5 637 9127 7977 856 1758
5261 3 4216 1659 526
5262 4 4185 5635 2722 3039
5263 4 1606 2536 5385 2525
5264 5 2490 6973 7888 6985 7858
5265 1 2312
5266 2 3588 2224
5267 9 4858 6149 9111 6352 603 8942 4180 6841 749
5268 4 2274 3816 7967 4132
5269 5 4114 3503 8577 1404 2071
5270 5 3907 6045 6255 6617 9443
5271 3 359 7159 5119
5272 8 3737 8634 7704 247 9150 9958 8183 217
5273 3 2174 6261 7160
5274 5 2522 9653 2574 1594 7590
5275 5 3262 6407 9750 2532 7544
5276 5 855 3092 4963 1704 7358
5277 3 2153 1189 7692
5278 4 4561 9445 8219 9660
5279 7 1614 7281 7930 9479 2845 8984 7962
5280 4 1610 8787 5525 7250
5281 6 2348 325 3353 3603 7382 9118
5282 3 3029 6613 3309
5283 5 4489 8795 6155 2478 7379
5284 5 1517 291 1763 7329 9372
5285 6 2056 7612 6193 8188 1104 5884
5286 5 2722 7078 5489 9175 201
5287 6 116 196 4545 3134 6077 4964
5288 3 3598 9019 2415
5289 4 2304 995 7134 9216
5290 7 5226 7259 746 1545 5082 2734 6108
5291 3 4695 9143 1450
5292 4 1120 5296 597 9598
5293 3 5171 3537 7042
5294 3 1695 6695 3579
5295 2 919 8985
5296 4 5292 7294 7275 4662
5297 4 1325 9432 1660 4933
5298 6 3013 7294 3414 3286 6669 1889
5299 7 3013 7816 8619 4246 633 427 8221
5300 3 1576 6679 8910
5301 6 3867 9967 7970 5144 2091 4874
5302 6 1464 7229 9761 6817 4128 4031
5303 3 190 6441 5414
5304 5 3133 1556 5534 4706 8734
5305 9 4360 7049 9140 7968 2670 3309 9754 8810 1000
5306 6 4261 5542 7464 8737 1474 9484
5307 4 3945 8124 4654 8270
5308 7 1723 7175 7826 6793 534 6136 4278
5309 6 3241 7433 8458 3409 4596 5120
5310 4 2094 3322 9692 9712
5311 5 3387 5338 9900 1975 6796
5312 3 3624 3068 1660
5313 10 4029 5323 7732 7956 3729 7128 4689 3821 761 2496
5314 3 2672 9396 6407
5315 5 1816 135 7476 409 5435
5316 8 293 6360 9839 9595 2232 850 7651 2952
5317 3 1246 3287 9566
5318 4 2004 8986 8011 8154
5319 3 2684 2136 71
5320 3 504 7192 6121
5321 4 4142 7167 3244 6581
5322 5 182 7505 8975 8597 1304
5323 6 5313 8538 8118 7140 7278 5649
5324 5 2727 1250 8842 3247 9636
5325 4 1375 318 7905 8451
5326 4 1603 5569 1899 7321
5327 3 1654 3684 8929
5328 3 4799 5481 5815
5329 7 1997 6109 7068 8357 9642 7324 3246
5330 2 5010 2128
5331 6 134 7996 8989 8602 8120 197
5332 4 246 9108 423 3564
5333 7 4425 6901 2452 2321 5779 5580 6759
5334 5 2479 9955 6650 6881 3222
5335 3 3915 7315 7321
5336 6 3132 6095 6998 9120 2407 1488
5337 2 590 7505
5338 3 2597 5311 1913
5339 4 1189 8222 6636 6143
5340 4 2554 820 3629 4505
5341 3 1187 7237 7701
5342 4 4049 9056 4834 8907
5343 10 794 5717 6564 99 348 1026 9761 3304 7303 3496
5344 7 4772 7227 4064 4520 7796 726 4813
5345 4 3972 6321 1766 3613
5346 6 2383 7220 9605 5622 3408 7644
5347 6 1428 6839 9267 1136 2254 9109
5348 7 2333 5865 5871 7512 162 3931 4257
5349 4 2740 6971 5223 9959
5350 6 4434 5601 3458 1888 3746 2132
5351 3 1093 3476 3308
5352 2 528 7206
5353 4 2684 7077 7309 5103
5354 3 3556 6850 9964
5355 5 62 6723 7664 6839 6488
5356 3 1431 8984 7829
5357 5 4848 7936 2538 1742 5535
5358 3 2773 8081 8923
5359 3 3526 6577 205
5360 4 5136 2653 6797 3091
5361 4 948 66 43 4846
5362 5 2383 7065 7333 4121 2969
5363 7 49 6350 7621 1438 7217 8028 3487
5364 5 1021 4644 650 6490 9889
5365 5 2735 8766 3465 9372 2609
5366 3 2030 5039 8804
5367 3 598 5620 6837
5368 8 1628 6926 3183 2689 3350 5190 7444 8189
5369 4 5077 8847 5864 9672
5370 5 4339 45 3200 8651 4139
5371 5 4650 8975 6537 9963 6786
5372 3 2406 1317 2563
5373 2 3640 8521
5374 4 2299 8476 7719 7352
5375 4 537 8951 4423 1083
5376 9 799 8306 7403 1392 2777 8169 3718 9710 4839
5377 1 4169
5378 6 4786 8798 6490 5845 8839 1945
5379 4 4083 524 7558 4462
5380 4 1393 1 7784 7577
5381 4 1683 4923 9624 2326
5382 5 2414 6969 5566 5880 9410
5383 10 2589 5457 5933 6592 6642 4464 2576 8531 2894 1699
5384 3 3944 3099 987
5385 3 3007 4218 5263
5386 5 4282 5521 8304 8845 703
5387 3 295 8616 5138
5388 9 155 6038 8660 4264 662 5701 1395 9559 304
5389 5 4330 8447 2410 3270 6014
5390 2 3240 2889
5391 3 4443 6045 4797
5392 5 4702 5564 9326 9397 5741
5393 4 4045 9076 1808 8552
5394 5 1886 8132 1702 1325 2504
5395 7 1756 8955 6180 1656 6935 2066 7941
5396 4 3168 8113 1352 4773
5397 2 53 6377
5398 4 2501 5990 3861 9260
5399 2 4671 7813
5400 6 3066 8205 1590 1543 1246 8655
5401 5 3078 6481 7394 1675 8052
5402 3 3665 6258 2252
5403 5 867 7590 7360 5952 2064
5404 2 2459 1954
5405 7 1553 6764 7750 2624 9096 3441 1198
5406 5 4016 9729 8214 5124 9607
5407 3 4515 8546 2101
5408 7 2672 5887 4749 5042 8840 7884 4519
5409 5 4781 9423 4661 3573 9583
5410 3 1720 7984 8067
5411 5 102 6238 7835 5647 2938
5412 4 3169 8419 5923 2412
5413 5 3089 9654 3034 7817 6213
5414 5 2040 4379 105 28 5303
5415 3 36 5675 2193
5416 5 2506 162 9011 7918 2912
5417 3 3320 4720 8657
5418 4 4518 9246 3110 850
5419 6 3163 5694 7836 911 9271 7068
5420 5 5079 1283 8443 2610 6302
5421 7 2370 3264 8971 6960 3705 7510 2394
5422 3 3746 5431 4424
5423 6 5163 6235 7588 2475 7594 2227
5424 1 5004
5425 7 4827 8632 7242 365 593 1762 8755
5426 5 4462 5668 7702 8652 3591
5427 5 3332 6185 237 3574 5537
5428 2 4431 3193
5429 3 2451 1299 9867
5430 5 4574 6412 5828 3121 856
5431 2 5422 9533
5432 10 2721 6593 1293 9560 8697 8932 9345 1499 9397 5661
5433 2 2359 5664
5434 5 1679 5522 1574 8409 2122
5435 5 2746 5673 5315 3335 884
5436 6 5157 5852 4320 8489 7745 4178
5437 6 4883 7514 9115 8223 4122 8584
5438 4 2278 7589 8174 3965
5439 3 4853 1476 8213
5440 3 3594 5511 1109
5441 4 912 6689 3594 3044
5442 6 1070 8379 9633 3595 8727 7527
5443 3 3273 2740 3291
5444 8 2224 8778 6953 683 400 7620 1842 8628
5445 3 1941 4833 7672
5446 4 4980 7397 126 1562
5447 5 4735 5653 3187 3808 1973
5448 2 3125 8517
5449 8 781 2303 8442 797 4331 1711 7643 8478
5450 4 2128 5943 5971 2192
5451 10 5211 7565 8146 2528 6723 8723 2030 8857 1397 4401
5452 2 5029 4213
5453 6 1946 6020 6107 5811 2848 4540
5454 3 188 8211 9236
5455 4 4933 7771 3660 4191
5456 5 2834 6638 6942 9975 719
5457 4 5383 8486 7922 110
5458 8 4363 5647 5896 1019 9555 1906 3414 4098
5459 1 5052
5460 4 2938 8677 4243 298
5461 5 3382 1816 756 9048 6211
5462 5 927 7886 932 5216 9689
5463 6 2958 2393 888 6304 2141 9744
5464 4 677 5778 3283 8978
5465 1 3447
5466 5 4809 5661 9008 6188 6988
5467 5 1813 1048 7109 3807 5843
5468 8 1322 7211 5003 1324 3304 1347 2645 4811
5469 1 3571
5470 7 2178 7467 8678 2735 578 6882 875
5471 6 1002 1588 8819 4893 2809 4981
5472 3 1592 2663 4124
5473 3 4786 1350 6735
5474 4 341 2322 8395 924
5475 2 1513 7994
5476 9 5010 6814 7181 6064 8163 4056 5604 8776 3350
5477 2 3054 9707
5478 4 2714 6719 7336 1546
5479 2 915 9716
5480 4 1135 8497 5039 143
5481 9 2305 6605 7693 7925 4354 5328 6432 7998 1289
5482 3 2216 1018 1968
5483 2 3544 4272
5484 5 799 7037 623 9316 7323
5485 2 3447 3852
5486 5 3794 6945 3552 9237 5557
5487 3 5174 5937 9901
5488 8 5209 1662 8559 2165 894 7966 5202 7123
5489 8 1637 8780 927 5286 1777 4868 1493 7561
5490 7 2956 6195 4475 7814 4343 6239 5903
5491 3 3986 7138 3065
5492 3 1921 8573 4959
5493 4 2199 9482 9491 5765
5494 7 3954 8769 7019 8592 8876 1139 3913
5495 2 4672 3410
5496 4 1638 8832 1546 6558
5497 1 2203
5498 3 565 1120 7181
5499 1 178
5500 4 3016 6410 772 8286
5501 6 3234 7154 7472 2258 4046 3200
5502 4 2758 6999 8979 4928
5503 5 1800 6502 3658 3712 856
5504 2 1356 7441
5505 5 1789 8888 5203 6596 3244
5506 2 4206 1812
5507 2 2287 3668
5508 6 2345 9883 6444 1472 7436 8173
5509 9 1059 6228 3621 9643 689 4740 2218 2671 6348
5510 3 3097 2319 4455
5511 8 5440 9220 3979 9917 7206 5002 6307 2644
5512 3 3556 6521 7675
5513 3 2746 2375 5141
5514 1 3621
5515 3 4865 9474 3307
5516 5 2976 2416 2308 2042 1708
5517 6 4884 9628 7539 1679 5597 7801
5518 4 2721 7871 6835 5105
5519 3 5080 6525 239
5520 7 3624 7573 7784 9524 619 6868 2760
5521 4 4252 5386 5643 184
5522 4 5434 7779 9357 833
5523 3 1692 6676 5565
5524 2 1271 417
5525 5 251 5280 9612 548 2467
5526 10 2003 7458 8025 3534 4686 7007 6847 910 9979 6522
5527 5 2497 6757 9684 6945 6837
5528 6 3960 2992 6341 307 1083 4215
5529 3 3495 5849 3628
5530 6 4062 5776 7742 5247 8359 7657
5531 6 2202 2738 1187 3693 1477 978
5532 5 5035 6817 6819 3836 8488
5533 6 1481 9714 4294 5237 692 623
5534 6 2908 8849 2132 5304 6943 4748
5535 9 3600 6568 8312 2850 1707 700 814 5357 2498
5536 4 3057 2250 1787 8449
5537 7 4907 7223 9463 2031 5150 4678 5427
5538 4 407 5149 3375 8185
5539 1 513
5540 4 4068 4360 1890 66
5541 7 282 7722 9134 2267 4953 8737 7195
5542 6 5306 5676 1362 292 439 7173
5543 2 3974 707
5544 6 2608 8919 3827 718 3406 9143
5545 4 5149 7407 4126 3822
5546 3 4827 6886 7813
5547 2 4303 7053
5548 4 4684 4518 9361 1032
5549 2 3673 8431
5550 7 1207 6335 8422 4923 2357 8719 7475
5551 3 2418 8217 3448
5552 6 5074 3037 6601 936 6567 3198
5553 6 2600 4378 2803 6369 6785 4020
5554 3 5021 6976 7913
5555 6 2820 6145 1937 6740 9990 2096
5556 6 3212 6414 6180 6005 275 9787
5557 6 3047 6975 7807 2563 5486 7454
5558 8 2346 6565 8069 3188 1019 6613 7266 6391
5559 5 677 9150 8801 1580 9057
5560 8 2412 5991 7085 7554 7322 5790 2015 8268
5561 5 2190 5811 6760 7504 868
5562 3 3459 6705 2391
5563 7 2919 9306 120 1400 9393 6565 887
5564 4 5392 6005 6638 1145
5565 7 4467 7046 8890 9939 548 5523 3470
5566 9 3243 7482 8030 8066 9334 1801 6751 5382 2820
5567 5 3858 6924 4146 4777 3311
5568 4 4427 6163 3459 9625
5569 5 5326 5588 2446 5806 7474
5570 7 5257 7425 414 7697 9311 3361 7934
5571 4 3366 213 4950 5593
5572 1 5055
5573 5 2543 1515 9513 2671 2463
5574 7 2903 991 6196 1344 6458 9552 7787
5575 1 1662
5576 3 3553 5825 4107
5577 4 5136 793 6139 3528
5578 4 663 573 3410 6400
5579 4 1969 2145 3490 3590
5580 5 650 5814 5333 2092 1305
5581 6 4416 6321 405 2802 1086 7994
5582 2 1210 8690
5583 3 4697 8468 708
5584 7 117 6514 9376 6709 3826 5957 3973
5585 2 1654 6127
5586 5 3308 5929 6512 9375 8015
5587 5 4246 4930 7995 8646 4622
5588 8 2005 6307 5569 3578 9601 9458 9379 9038
5589 5 2174 9853 9861 1564 7334
5590 5 3020 5789 1435 1319 5061
5591 5 1758 7030 2527 7511 9314
5592 6 1804 2147 5622 1336 8038 3478
5593 6 1080 8965 9385 1602 9393 5571
5594 5 2640 27 7650 8749 4366
5595 5 3070 7929 8413 2458 7894
5596 4 50 2214 449 5816
5597 6 5243 8212 6500 5517 6448 4968
5598 6 2064 8347 4212 7955 2262 537
5599 6 4511 488 2662 6785 8347 8325
5600 6 1642 747 3598 714 1559 4133
5601 4 5350 9176 2963 523
5602 6 901 6396 7763 8772 478 4662
5603 6 200 4919 6510 9245 7633 1256
5604 6 4269 1399 6573 7705 314 5476
5605 8 1226 5726 3632 5843 7933 7606 8234 5230
5606 7 4173 5643 8167 7196 2123 8761 4102
5607 5 3937 7352 528 9830 641
5608 4 1059 7342 6703 2768
5609 4 2579 7047 6206 4868
5610 2 4594 3855
5611 3 4013 6629 1765
5612 9 767 3174 7196 7125 519 6068 9790 3105 6837
5613 4 4454 1765 843 8157
5614 4 961 8331 9564 8947
5615 4 2286 6838 6277 1434
5616 2 135 9414
5617 3 1375 8402 8087
5618 3 3505 5662 174
5619 1 242
5620 7 5367 9244 2084 4406 5088 1146 8591
5621 6 3880 9562 9952 7009 1460 6917
5622 5 4394 5346 9211 6738 5592
5623 5 3488 6001 1482 7523 3640
5624 5 2424 6179 3793 5818 6033
5625 5 2483 2416 2039 3965 7973
5626 2 665 6822
5627 4 45 5746 7120 6553
5628 6 3209 5854 1576 8534 8303 2176
5629 6 3291 6457 2079 2747 3163 4464
5630 3 1823 6628 7763
5631 4 332 7781 983 1770
5632 5 407 2766 4209 9004 3224
5633 2 4923 3655
5634 7 1438 7415 1915 9912 918 7618 9946
5635 5 5262 6911 6864 3805 3496
5636 7 1193 5972 485 7145 5134 7197 5773
5637 5 3285 9286 222 2018 9373
5638 5 4791 6378 9784 7932 2088
5639 5 2184 3968 5929 6272 3684
5640 6 4937 5880 6538 916 8814 5199
5641 4 3177 6418 6823 534
5642 5 5117 6002 8906 6 4250
5643 4 5606 8405 1044 5521
5644 4 779 6571 2465 2594
5645 5 1806 1645 2738 7059 1349
5646 6 4519 4045 9014 497 6067 9841
5647 4 5458 9852 5411 1413
5648 5 4006 7141 7906 5003 8509
5649 6 944 8453 4914 9045 5323 6975
5650 3 4303 3928 161
5651 6 2673 9050 3281 7802 9050 6828
5652 5 3117 6263 7615 8985 2341
5653 5 5447 7075 8752 8448 7690
5654 4 294 7532 6374 9349
5655 5 2908 6693 8814 8836 9281
5656 8 4144 9544 9574 8886 4462 6889 8200 7700
5657 9 3729 7072 9397 9662 7306 5089 9213 2423 918
5658 5 3118 6574 7460 4953 2993
5659 7 3352 2150 5157 6990 1080 277 2099
5660 4 1103 7116 2058 9575
5661 4 5466 6063 5432 9414
5662 1 5618
5663 4 1454 4385 7178 7230
5664 5 2892 5433 3975 1417 9302
5665 4 2969 7883 1557 2655
5666 5 1406 7935 7012 8923 1389
5667 4 3943 4448 389 3985
5668 5 5426 2219 4008 252 4526
5669 2 933 4994
5670 5 3536 7094 4065 4507 2199
5671 3 2215 7178 5043
5672 5 95 4319 8465 8064 5833
5673 2 5435 8961
5674 4 981 7391 9391 5211
5675 3 5415 6196 7727
5676 3 5542 3162 7704
5677 4 895 9010 9103 884
5678 2 3359 705
5679 3 4089 1196 6732
5680 1 2046
5681 10 454 7225 6610 586 4326 4914 8892 152 702 1294
5682 3 1426 4321 1126
5683 8 73 7305 7532 8538 6496 4478 8620 9055
5684 3 1456 9694 9143
5685 2 4604 7070
5686 6 4230 9243 7164 3929 2234 8630
5687 6 4768 8564 5707 3765 9275 3872
5688 6 4711 8791 2204 9430 3356 9189
5689 7 742 6845 7477 7335 1884 8266 3644
5690 3 4549 8995 7876
5691 2 4935 8883
5692 4 5017 556 7069 3786
5693 5 1560 6481 4555 2002 1670
5694 6 5419 9217 6575 5820 6745 2506
5695 5 2793 6099 6050 4455 3889
5696 4 1779 8664 6382 3699
5697 4 1484 3574 8656 8324
5698 6 739 7341 8060 1952 3086 378
5699 3 3719 766 6090
5700 6 4322 2150 5758 8969 4334 9761
5701 7 4299 8241 8405 8554 5388 3033 6618
5702 5 3225 5965 6437 5824 4664
5703 2 590 3053
5704 5 4389 6231 6306 9914 60
5705 8 3319 8383 8101 4295 2958 1617 2443 7549
5706 5 1504 8899 3657 996 705
5707 5 3181 5687 8346 8152 5809
5708 6 2344 9557 5840 810 570 1762
5709 8 1239 6937 146 151 9256 2531 1856 64
5710 7 1853 8007 8430 9773 1308 2298 3433
5711 2 968 6717
5712 7 1071 7541 9274 1092 8378 4049 2442
5713 5 506 6785 9812 7112 8522
5714 4 1268 9893 611 494
5715 3 2607 4493 323
5716 5 248 9101 4393 74 1639
5717 4 5343 6770 7214 6472
5718 4 5237 8931 2904 96
5719 4 5255 1196 2428 1688
5720 4 436 9031 7099 6035
5721 5 599 1335 2915 1045 2831
5722 4 1374 7875 3833 1145
5723 7 977 9104 6771 8687 788 4220 6660
5724 7 653 9800 7805 1273 3882 8860 5977
5725 5 1114 7022 7076 1953 9567
5726 3 5605 4582 8528
5727 3 3936 7777 4819
5728 3 1644 9777 6034
5729 3 3183 1983 4017
5730 3 615 9939 2912
5731 8 1204 6017 6669 8784 3681 68 9045 6407
5732 4 4177 6797 4103 3214
5733 4 1950 8281 3204 3447
5734 6 3180 3684 2040 8203 6256 4178
5735 5 1772 8605 6571 3963 6225
5736 7 2317 6667 9194 4126 1729 8986 7999
5737 8 1780 9869 8347 4248 573 6918 788 2781
5738 3 2820 6409 9206
5739 8 4150 7764 9526 9615 19 3678 1842 9516
5740 5 2665 6274 7867 3301 9361
5741 3 1752 475 5392
5742 3 4108 9792 1282
5743 6 569 8332 1602 4631 8349 372
5744 10 2134 5883 7557 878 4723 8026 4327 9927 7924 4450
5745 3 2379 6388 1080
5746 4 5627 6134 1864 7943
5747 3 1152 1237 502
5748 5 969 6903 6120 7333 2076
5749 3 1856 9116 1523
5750 4 617 6128 6268 7957
5751 3 247 5016 494
5752 6 473 9391 3650 2883 1356 9888
5753 5 912 8690 9829 2943 4108
5754 3 4054 2817 7448
5755 2 3149 4726
5756 3 927 2711 4166
5757 6 3253 3148 538 5102 3291 4606
5758 3 667 3640 5700
5759 4 4045 5835 7630 129
5760 2 4220 4957
5761 4 632 7215 3434 2764
5762 3 4746 9081 9770
5763 4 3075 8324 5783 8266
5764 3 3404 6000 6068
5765 5 2619 8516 5493 9019 766
5766 5 1039 7344 1411 7522 4321
5767 4 2561 7912 737 3446
5768 3 4564 3008 7779
5769 7 2060 4449 6867 2604 3025 9331 7211
5770 5 2435 8088 8530 9779 3401
5771 2 4162 9760
5772 4 4891 8309 1252 7882
5773 2 2686 5636
5774 9 4090 7913 3748 1957 459 9949 3802 8448 3601
5775 4 1199 8071 4450 1549
5776 5 5530 6034 6715 6910 437
5777 5 1422 7191 5907 3569 1267
5778 4 5464 6710 6804 8123
5779 9 4268 6370 7583 2316 5333 6634 9891 5144 8434
5780 4 1319 5164 7176 915
5781 5 878 1867 2759 6824 1279
5782 4 2826 7196 9698 1695
5783 6 1842 3951 6629 7509 5763 3186
5784 4 5188 1249 5210 9716
5785 5 347 8271 3268 1869 999
5786 4 3618 6439 2079 6064
5787 3 51 7402 3439
5788 4 426 6156 2254 6361
5789 7 5590 7383 5810 537 6669 8303 6854
5790 2 4841 5560
5791 4 2871 7594 1451 7913
5792 4 579 9713 7476 3750
5793 3 871 2922 9134
5794 5 4044 9568 6409 2963 953
5795 6 300 9127 3307 2770 542 6911
5796 2 1314 1831
5797 7 4629 2794 5083 5162 3401 5092 9215
5798 3 3417 9507 7394
5799 3 2409 2752 1178
5800 2 3023 8102
5801 4 5058 7298 7632 2848
5802 4 1451 7336 6007 3407
5803 7 3339 6134 8313 6558 4758 7016 7550
5804 6 4775 9512 5948 5085 3511 1806
5805 2 4860 6558
5806 9 1837 5818 8163 8879 1933 5569 2592 665 7234
5807 3 4608 8358 2989
5808 3 4969 9697 5010
5809 4 1537 5870 5707 1275
5810 4 4621 7571 5789 7063
5811 7 5561 6492 6684 5453 2349 9153 1501
5812 6 4364 7226 2568 2617 7404 8156
5813 3 2579 4514 6511
5814 4 5580 8409 3916 2836
5815 5 783 3670 5328 2670 416
5816 4 914 7445 6538 5596
5817 5 2766 6216 9106 1899 7709
5818 5 5806 5624 2031 293 9285
5819 4 3935 3819 1487 6585
5820 3 5126 9309 5694
5821 4 3010 9843 8661 3330
5822 7 5240 7426 6787 7129 7260 8724 7287
5823 6 990 4684 5076 5940 8301 1866
5824 6 3283 9367 9302 646 5702 8659
5825 6 5576 5959 8558 9762 829 1017
5826 6 2957 5888 3640 6150 7885 6696
5827 5 2041 9219 2890 7445 8731
5828 3 4347 5430 7731
5829 3 3281 4393 6936
5830 5 4218 9882 1803 9913 6144
5831 5 2519 6004 4331 1997 9409
5832 6 3708 2622 1987 440 8205 7821
5833 8 1271 6539 1321 5672 8393 6155 6821 1902
5834 3 2800 8980 9181
5835 6 4104 6789 5759 7377 8045 1205
5836 5 1296 2851 729 1200 1716
5837 8 5157 7028 8294 9786 328 3935 9976 2303
5838 4 3445 259 670 7989
5839 2 1254 7381
5840 8 3394 8330 1239 1179 905 5708 1284 5860
5841 4 4969 45 8882 7335
5842 3 4618 4517 8291
5843 3 1769 5605 5467
5844 5 5091 5981 821 9398 343
5845 6 3323 8813 9856 2034 5378 5221
5846 5 3154 6490 8437 6095 9764
5847 4 1 9091 3262 3773
5848 5 2170 8522 4413 1936 8385
5849 7 676 3309 180 1716 1906 5253 5529
5850 2 4708 3212
5851 4 2042 6276 7176 9249
5852 2 5436 5140
5853 3 158 7323 2177
5854 5 936 9898 5628 7976 2434
5855 3 3776 8321 6824
5856 1 136
5857 6 286 7543 9307 8338 1274 2265
5858 4 262 6168 5908 469
5859 3 2631 9436 1799
5860 5 1018 4203 2700 5840 76
5861 4 941 9179 9192 4444
5862 9 398 8131 6080 3527 658 3454 9014 4173 3482
5863 1 37
5864 5 2112 7677 8034 5369 5886
5865 5 5348 9795 9943 2129 2735
5866 3 3559 6383 4203
5867 4 3103 3241 4845 3874
5868 5 5195 698 8827 4370 2388
5869 6 3786 7758 103 2899 2692 8756
5870 8 4698 5809 1504 8604 9917 6913 9999 3049
5871 4 5348 1807 7153 7543
5872 4 2847 9571 8764 3231
5873 6 2638 9504 9450 3749 1386 9153
5874 4 20 6408 9217 393
5875 6 2510 9516 3373 8763 150 2854
5876 5 5169 6265 3227 8812 1138
5877 5 3873 5893 1214 2378 9643
5878 7 2374 3344 5966 8742 9776 9607 6335
5879 5 775 4768 4110 9558 3027
5880 6 5640 112 8249 2849 5382 9666
5881 3 4689 6073 8346
5882 4 5020 8501 3833 23
5883 3 5744 563 8408
5884 6 3135 8191 3666 7436 3560 5285
5885 2 1242 9094
5886 4 1978 9247 3736 5864
5887 4 148 7715 5408 1284
5888 2 5826 9540
5889 3 2761 8768 1185
5890 6 2275 6015 6773 3158 6728 8567
5891 3 4246 7286 2936
5892 8 2852 6994 8964 9248 2899 7845 8350 4504
5893 11 5877 6581 7948 8701 2432 2257 2606 1654 8524 4450 7084
5894 4 3770 3919 9388 1416
5895 6 2466 6816 6630 7183 8617 6967
5896 9 5458 8214 8445 4321 9041 6168 4882 6762 9339
5897 4 17 9911 8276 1013
5898 6 139 6974 6930 8056 936 6695
5899 5 1690 6763 9580 9731 6932
5900 3 3365 6319 7886
5901 7 4402 7050 9013 9633 2756 2759 1880
5902 4 2386 1052 8935 4870
5903 3 2606 9176 5490
5904 3 5231 989 7274
5905 4 2043 6012 6929 8449
5906 6 2269 2017 3179 4522 7712 5014
5907 3 2843 9542 5777
5908 8 4080 7769 5858 9902 2142 8861 6782 8353
5909 3 596 4642 9175
5910 5 3754 8274 2117 3326 114
5911 6 402 7836 5078 6374 7945 8887
5912 6 972 1781 8657 8061 9199 8635
5913 2 3522 1041
5914 3 4563 2706 3014
5915 4 2339 134 5018 8099
5916 6 703 7269 3023 8986 2175 3675
5917 4 3235 8316 6431 6578
5918 9 55 9561 7117 6201 3302 6614 4126 6411 9643
5919 5 5132 9034 4450 157 5249
5920 4 3315 1259 2851 2639
5921 4 3709 6931 8107 8219
5922 4 2555 6646 9708 7325
5923 6 3576 6088 5412 5992 8617 1124
5924 3 386 203 7701
5925 4 2571 4950 1440 172
5926 1 1066
5927 4 2763 1347 2266 9399
5928 4 2214 7072 7699 9876
5929 8 5586 140 5639 8418 8234 486 7643 8047
5930 5 1738 3887 8809 6780 6608
5931 3 4992 266 2584
5932 3 2587 7629 3509
5933 3 5383 2273 4186
5934 5 4518 6578 8047 2226 2787
5935 6 1937 6297 6419 7022 6900 4435
5936 4 3919 9268 2571 4116
5937 3 5487 8363 3698
5938 4 1415 7688 9552 6985
5939 4 3883 7500 2956 1445
5940 5 171 8961 7724 7869 5823
5941 5 4730 7199 1444 7524 5957
5942 3 4985 7889 364
5943 6 5450 9864 8062 4618 6754 6220
5944 2 1144 3035
5945 4 2550 1311 7672 3954
5946 3 1391 5967 3452
5947 5 4233 8796 9105 2167 307
5948 3 2555 9675 5804
5949 5 475 8424 444 2106 4559
5950 2 2346 2332
5951 4 4360 4417 9825 9896
5952 5 4694 7126 4599 5403 9082
5953 5 2381 2053 3451 4837 4141
5954 6 1983 9164 364 9001 4231 8914
5955 4 645 2337 8450 7316
5956 3 1085 1922 2951
5957 8 406 7612 5584 3243 2266 2302 5941 9374
5958 7 297 622 6149 3768 6275 4652 3856
5959 4 5825 6764 2792 502
5960 1 5168
5961 2 739 6616
5962 3 3969 7599 5204
5963 2 1684 556
5964 2 2751 3623
5965 4 5702 7500 2563 6155
5966 5 1758 5878 8499 9340 351
5967 5 5946 6009 1619 2838 7813
5968 1 261
5969 5 2641 7188 337 3028 3956
5970 5 588 8829 8729 449 624
5971 6 5450 3515 860 8772 4132 6945
5972 3 5636 649 5099
5973 3 4914 393 7710
5974 6 5117 6928 9683 4533 4662 7709
5975 6 4622 8319 6883 6767 291 702
5976 5 4647 9300 7576 6292 3215
5977 5 2553 112 4035 1262 5724
5978 4 1059 6577 2778 7396
5979 5 403 8837 6201 4063 7551
5980 2 5216 4691
5981 2 5844 4537
5982 6 3572 821 4997 1629 6682 3570
5983 3 5037 6538 9518
5984 3 718 3176 2090
5985 4 1729 3757 7372 2315
5986 3 137 2189 183
5987 5 1365 7543 2444 8538 7432
5988 3 3615 762 6159
5989 5 1054 6509 6803 8855 6534
5990 8 1990 7027 1198 8569 5398 8865 5996 4718
5991 8 5560 7149 7655 718 4031 519 4728 9371
5992 7 3709 6177 9885 9185 5923 1173 6222
5993 6 1411 8183 6096 332 6242 2489
5994 6 4904 9823 6728 1769 6673 4835
5995 11 4109 9544 9566 6625 3091 8785 7443 9374 8331 3726 6371
5996 7 2917 7354 6440 984 1586 5990 605
5997 2 5125 6917
5998 3 2782 7424 1757
5999 8 1442 8399 2345 7076 8059 1784 169 5124
6000 6 5764 1312 3071 1096 8905 7113
6001 6 3238 6107 5623 3286 6949 3119
6002 8 5642 8514 558 2358 3476 4327 6992 2740
6003 4 2831 6452 9098 8547
6004 7 5831 7377 7716 4380 4828 7935 7562
6005 4 5564 3584 7095 5556
6006 6 1366 9368 9342 1652 9814 7249
6007 5 2493 3723 5802 2565 673
6008 4 1403 9052 2829 6611
6009 6 5967 8173 3087 5199 3400 7346
6010 3 3935 4535 1961
6011 4 3442 1122 9055 5182
6012 5 5905 103 4044 2526 1707
6013 6 1553 6222 1474 1312 6053 5197
6014 4 2255 5389 4980 4140
6015 6 5890 2384 3349 7631 7508 2059
6016 3 961 6378 2371
6017 4 5731 9018 712 7171
6018 5 567 7728 4982 7803 1671
6019 2 11 4997
6020 2 5453 1834
6021 7 2154 6971 171 3428 3420 6431 3352
6022 5 127 6103 7474 8341 2140
6023 8 3004 6612 6780 7882 4551 8568 6650 4517
6024 3 4893 4139 7712
6025 5 758 9897 402 8227 2918
6026 1 3861
6027 5 4110 9546 6542 979 9848
6028 4 347 8739 9356 2685
6029 6 4626 7471 4411 3588 3179 7282
6030 5 4147 6305 2123 2910 3381
6031 9 3439 6036 4722 3820 3243 8133 1057 2532 7626
6032 3 2774 620 8183
6033 9 3281 7479 9229 1559 519 3197 1157 567 5624
6034 3 5776 6897 5728
6035 3 807 3444 5720
6036 4 6031 7785 1591 4279
6037 4 2407 8603 2278 3856
6038 5 5388 7545 9587 4238 9046
6039 3 4733 2397 1348
6040 8 4717 6501 8553 6490 505 6673 9867 8834
6041 1 1271
6042 1 603
6043 4 792 6365 6435 1524
6044 2 976 3528
6045 7 5270 4693 7853 5391 8294 5216 8416
6046 6 2729 1349 9210 761 9994 4622
6047 5 4521 6743 7389 3249 464
6048 6 1237 791 9771 3914 3485 8134
6049 8 2245 2384 239 3209 9198 9303 7529 6605
6050 7 2104 9084 7612 19 9817 5695 1328
6051 3 3336 6205 687
6052 5 1795 9427 9380 5057 2600
6053 6 4435 9563 4937 3740 6013 6510
6054 3 1698 2408 8271
6055 6 4053 9521 4448 1896 1413 496
6056 4 2329 9380 6666 1172
6057 5 2289 940 8290 392 8231
6058 3 657 8096 370
6059 2 856 8154
6060 1 5192
6061 3 972 5087 3338
6062 5 3345 9252 7392 3195 2265
6063 3 5661 9281 9731
6064 8 52 8464 1282 3078 5476 8573 6262 5786
6065 1 1525
6066 6 3973 5176 8287 1404 4922 841
6067 5 4590 9104 1402 5646 3626
6068 5 1387 9799 5612 9842 5764
6069 5 4344 8880 681 162 1539
6070 11 1420 7933 9520 9892 6877 1574 5236 3713 6655 4511 1566
6071 5 4890 6708 4424 2887 3564
6072 1 5234
6073 2 5881 6633
6074 2 1700 8944
6075 3 1294 855 7370
6076 6 979 3959 8686 4575 4184 2620
6077 5 4927 6149 6893 5287 8656
6078 3 3167 2910 9417
6079 8 4589 2166 6537 7937 6551 6304 7282 6478
6080 11 2515 6787 939 5862 6987 143 4080 1705 1996 3656 3083
6081 6 4389 8782 8407 7788 3295 6352
6082 2 2316 9813
6083 4 1951 2161 4788 4600
6084 3 4665 5121 6568
6085 3 3504 4216 3764
6086 6 3016 6859 7679 310 8964 2679
6087 5 5001 318 7936 2737 8625
6088 11 168 6202 6657 813 5923 8488 8123 2914 4751 7937 3292
6089 3 4050 411 7149
6090 2 2774 5699
6091 3 3537 159 9347
6092 5 3398 4515 2534 3010 7074
6093 3 2962 9331 7691
6094 2 685 9294
6095 4 5336 4740 5846 4869
6096 5 2562 3972 5993 351 2060
6097 3 3157 7711 3098
6098 4 4959 26 6674 4349
6099 7 2422 8889 8049 6279 5695 2214 8762
6100 5 4413 7610 406 7517 2407
6101 4 2723 7959 4200 2175
6102 6 62 4764 8462 9321 1690 3140
6103 9 6022 6202 3776 8640 4879 6123 3426 7139 2474
6104 4 972 6462 3644 9531
6105 2 1052 6441
6106 4 3018 7123 4177 2843
6107 7 6001 5453 4929 2693 2127 2121 8898
6108 7 3446 6128 2565 3010 9920 8494 5290
6109 5 5329 7743 7430 1605 345
6110 3 728 1484 6514
6111 5 610 1057 612 3528 2854
6112 3 2803 9458 8132
6113 2 1098 2616
6114 3 1550 766 4547
6115 4 1460 733 3294 7092
6116 6 680 7868 544 2732 959 2357
6117 4 2025 7680 8870 9276
6118 4 128 8203 1983 9492
6119 5 2358 7134 3961 3207 2850
6120 5 1574 824 5748 7692 6372
6121 8 3932 6907 1849 3056 8065 6648 3237 5320
6122 7 3295 1495 9765 7089 3437 3231 7875
6123 7 4568 6530 4765 3770 6103 493 1899
6124 5 1265 2791 2186 382 4565
6125 1 1032
6126 7 2285 8711 2709 9742 301 404 4352
6127 9 3001 3174 9129 2779 8843 3495 5585 1590 8009
6128 5 6108 8129 5750 4247 7174
6129 5 590 9301 9730 537 9797
6130 4 1721 8124 8167 794
6131 2 652 7946
6132 6 2769 8747 7963 6493 4374 4325
6133 3 4013 8686 7731
6134 4 5803 8545 5746 2911
6135 3 4576 69 1525
6136 6 2387 3875 4952 5308 2578 205
6137 7 2408 1023 2254 9585 2601 8126 3809
6138 3 2115 9531 4516
6139 3 771 5577 3073
6140 5 1368 218 4350 6847 1344
6141 6 1366 7581 1592 21 8276 8846
6142 5 4709 4481 5178 2921 6563
6143 6 4423 8850 3872 2667 4356 5339
6144 4 1791 9886 876 5830
6145 5 5555 9974 9176 6493 3574
6146 5 1775 7980 3467 9835 4675
6147 5 4532 9824 6274 7631 9407
6148 2 522 499
6149 5 5267 1281 6077 5958 943
6150 3 1789 4314 5826
6151 3 302 9173 9040
6152 1 4029
6153 3 2701 8320 9605
6154 3 1534 3040 1005
6155 7 4874 6836 5283 8282 5833 9983 5965
6156 4 5788 6264 151 4501
6157 3 4900 6405 1648
6158 4 5082 731 8962 6420
6159 7 930 6587 8093 4088 9824 2485 5988
6160 7 786 7238 7390 1458 5070 5141 4037
6161 4 5088 7692 6821 2426
6162 4 1155 7118 4757 2669
6163 4 5568 3539 9568 669
6164 9 1099 8994 308 7976 3708 3955 1988 4416 364
6165 2 1445 7767
6166 2 4242 7958
6167 4 98 8240 395 9296
6168 7 2532 9270 5858 5896 2056 4549 9170
6169 7 2871 2099 6799 7842 3298 7851 235
6170 5 1689 3812 8142 8899 179
6171 7 2060 7022 8797 6516 397 14 2966
6172 2 3224 9953
6173 6 1405 8480 7838 4602 1893 7448
6174 2 2503 9393
6175 7 2272 3567 9930 7120 7798 6790 7622
6176 5 4269 4847 9241 1613 2048
6177 3 5992 6516 7333
6178 7 689 9987 4920 3777 4739 8237 5078
6179 5 5624 9159 8638 8980 3528
6180 4 1793 5556 5395 7016
6181 5 1256 8376 8896 4065 8976
6182 4 2180 9937 4383 2611
6183 6 3260 9679 6900 3191 1034 5086
6184 4 287 6962 1301 8544
6185 5 1673 5427 3735 9710 1710
6186 2 2743 650
6187 3 488 7252 9041
6188 5 4666 5466 3105 7411 4118
6189 1 484
6190 3 4307 6644 2771
6191 7 2684 2518 4273 7835 841 8729 6940
6192 5 2275 9533 9919 8093 3745
6193 5 1928 8862 9920 5285 7831
6194 4 178 2441 8524 3102
6195 4 4943 5490 1971 2213
6196 5 5675 1856 5574 8864 8862
6197 4 2206 1746 2946 3124
6198 2 2558 6732
6199 2 4559 3371
6200 5 3690 8198 7999 8864 3901
6201 10 4750 6301 6820 5979 4410 5918 6415 8952 3406 4575
6202 7 6088 9036 4750 6103 7882 2273 1887
6203 5 4119 9657 3870 4028 6869
6204 7 2988 6673 7835 323 8310 5080 3540
6205 5 2657 6051 2180 2164 2103
6206 8 3175 8181 9210 6810 9108 5609 7094 7935
6207 6 5020 7168 1327 6797 752 2346
6208 4 134 7302 3682 2700
6209 6 3796 8076 2655 7279 781 8356
6210 4 3637 8574 9274 1410
6211 4 2673 7883 3050 5461
6212 7 4118 6655 7574 9408 2799 2104 6227
6213 4 307 9962 1762 5413
6214 3 1947 6640 6689
6215 7 3779 9320 5167 2841 9193 6857 7927
6216 7 5817 8167 9413 2954 1955 6714 2019
6217 5 4913 3251 6730 9567 7420
6218 2 1125 183
6219 5 2976 9016 667 8855 1296
6220 5 4651 9200 3731 5943 2877
6221 3 185 6812 8123
6222 5 6013 8797 5102 3264 5992
6223 6 301 1789 9865 9752 1063 1833
6224 4 649 4275 6241 3884
6225 8 3988 3079 7036 3614 6262 505 4032 5735
6226 1 1242
6227 6 5065 3042 8331 6212 1918 8496
6228 7 5509 2627 9656 7721 2358 4633 8625
6229 1 3356
6230 3 3301 3707 4385
6231 3 5704 9666 8859
6232 5 4515 5159 3893 2621 4145
6233 2 2142 8724
6234 5 229 1123 8853 701 8778
6235 1 5423
6236 4 4005 9103 8478 6307
6237 6 818 7740 3815 8357 6424 8776
6238 8 5119 6689 5411 6350 2466 8656 9248 9428
6239 3 818 4866 5490
6240 3 3532 9837 3763
6241 7 3970 6922 7616 4076 1044 1375 6224
6242 5 3661 537 4061 5993 1017
6243 5 55 1782 3989 750 1347
6244 4 3090 8419 9422 3496
6245 3 5187 1599 9230
6246 2 2767 8055
6247 5 4107 6625 8175 7300 4573
6248 8 173 6641 7060 9091 6330 8037 7544 8142
6249 5 355 2650 319 148 2035
6250 3 3222 1509 9651
6251 6 667 8270 1788 4884 9705 3758
6252 4 1962 8661 6720 6840
6253 3 2965 3496 1603
6254 5 4155 6259 8230 9891 6400
6255 2 5270 1475
6256 4 3215 6897 7936 5734
6257 3 747 7643 9759
6258 2 5402 4198
6259 6 6254 6944 8989 6346 2985 718
6260 6 730 6709 8348 9852 8773 1242
6261 4 5273 8886 7075 8259
6262 5 33 3550 6225 6064 2742
6263 3 5652 6451 9546
6264 3 6156 6424 1773
6265 6 5876 3138 8828 3328 6522 3997
6266 3 2032 7904 5148
6267 5 3404 3103 9347 1224 2371
6268 4 3217 2854 2002 5750
6269 6 1000 8870 6465 24 1062 2004
6270 3 561 9924 8625
6271 4 2085 9742 4104 680
6272 6 1391 8919 9075 5639 286 8197
6273 5 902 7250 3373 2913 8546
6274 7 5740 6293 8493 8559 7329 6147 1532
6275 4 5041 9592 7702 5958
6276 2 5851 7866
6277 7 2323 8957 5615 8278 3877 6869 6875
6278 2 2690 4630
6279 6 4523 6970 6099 2909 7720 6945
6280 4 799 7045 544 6348
6281 4 207 8428 6361 2458
6282 1 1237
6283 5 4621 8099 6844 2323 34
6284 5 2597 4505 8823 8670 8316
6285 4 3173 7320 6443 7807
6286 7 1822 9331 2254 4699 8178 7607 1823
6287 3 3210 8159 904
6288 7 2449 3834 8647 18 8488 5 4958
6289 4 520 7765 5128 168
6290 6 319 7366 8795 9154 1006 4876
6291 2 805 4691
6292 5 681 2414 5976 4246 8921
6293 4 6274 5152 758 4844
6294 4 1751 1003 9707 7099
6295 5 2789 9715 4769 4677 4357
6296 3 2575 7309 3973
6297 4 5935 8845 7119 847
6298 6 5176 1736 218 486 8752 2992
6299 2 673 1497
6300 6 453 7979 602 4924 6877 9537
6301 3 6201 5013 8939
6302 5 1201 7744 4079 684 5420
6303 4 1540 8347 3490 9957
6304 5 4121 5463 6079 3082 2463
6305 2 6030 6521
6306 6 5704 7144 7345 8511 9597 8148
6307 5 5588 8100 4975 5511 6236
6308 4 280 9468 5215 4121
6309 7 2493 6703 8016 3116 258 7196 7930
6310 2 4129 1480
6311 3 2879 2591 6755
6312 4 4738 5042 6944 2257
6313 6 4289 7687 9426 9632 8836 9393
6314 4 1108 8245 9399 4152
6315 3 3099 6594 2648
6316 2 4569 7546
6317 5 880 6574 1488 5230 37
6318 4 3236 9951 9200 3148
6319 3 5900 9901 7224
6320 3 1408 7833 8003
6321 4 5581 6724 5345 8766
6322 4 1498 4023 4978 6694
6323 2 1480 6428
6324 5 4394 6448 7254 3246 1403
6325 5 5249 6736 1823 9614 1616
6326 4 1012 9488 2144 9516
6327 3 4426 3089 9405
6328 6 4923 2729 1746 9953 1174 2094
6329 5 44 8285 3618 633 7356
6330 4 1018 2180 6248 4960
6331 4 3845 9257 6999 5080
6332 4 3164 6818 73 8896
6333 5 2604 7417 1450 7688 950
6334 4 3304 2976 9796 133
6335 3 5550 5878 6499
6336 3 3136 2115 1771
6337 2 1547 3108
6338 7 122 6642 7668 9545 600 4550 1625
6339 2 499 1785
6340 3 2865 9491 8542
6341 8 876 5528 1788 7852 6983 7855 3062 4444
6342 5 2229 3180 7102 459 9581
6343 1 2228
6344 7 4183 8050 4456 2940 7633 8056 2870
6345 6 2562 8144 3332 5111 6479 3240
6346 6 1653 7340 8456 6259 219 7984
6347 6 4713 7677 2301 6847 8148 5105
6348 5 3957 9023 4252 6280 5509
6349 2 2303 2193
6350 10 5363 7856 5107 2587 6366 6238 7150 1669 4947 6926
6351 2 2701 3751
6352 3 2281 5267 6081
6353 3 1720 6358 1244
6354 3 1644 9554 2418
6355 2 4406 6771
6356 3 4471 9202 6657
6357 3 2087 3522 1866
6358 4 5205 6673 6353 7899
6359 3 1948 570 4780
6360 5 5316 1305 3056 4746 6770
6361 5 2146 9548 5788 7647 6281
6362 3 4181 3322 2767
6363 4 935 6872 6990 1511
6364 3 1748 1924 1099
6365 3 6043 9304 2020
6366 5 226 7197 6350 8999 3897
6367 5 1153 6562 6630 3781 1036
6368 5 3368 2367 7853 6842 6966
6369 7 1949 9425 3919 5553 372 3718 476
6370 6 5779 8378 3174 1234 996 9771
6371 4 4971 1507 427 5995
6372 5 2486 2237 7926 6120 7676
6373 1 571
6374 6 2289 684 5911 9776 4991 5654
6375 4 144 8403 3433 9353
6376 7 1417 7760 3087 8198 7619 2154 2203
6377 7 4176 6606 9450 5397 24 124 3710
6378 3 5638 6016 7759
6379 6 652 8524 4829 8539 7257 6715
6380 1 2218
6381 3 4634 7941 4103
6382 4 3250 9028 5696 8115
6383 4 4866 5866 8478 4610
6384 4 3288 8763 2137 1786
6385 2 3218 749
6386 3 1147 8856 108
6387 3 2951 307 2319
6388 6 5745 8624 8069 1845 3036 1817
6389 1 4002
6390 3 2432 3718 8874
6391 4 3475 957 4533 5558
6392 5 1861 8308 4609 3552 1326
6393 6 5209 6727 8781 8206 8268 9018
6394 2 2275 4542
6395 3 4105 1849 238
6396 4 5602 6778 1303 1801
6397 1 316
6398 4 56 7230 7962 1542
6399 4 2154 9042 3264 687
6400 5 3886 3188 5578 6254 2956
6401 8 4616 3737 4946 2615 7535 9449 2710 4913
6402 3 1178 7885 172
6403 2 463 7019
6404 6 2543 7586 8917 8552 616 7339
6405 6 3394 7105 7253 8670 6157 867
6406 2 2595 2181
6407 6 4240 5275 5314 9008 7703 5731
6408 5 5874 64 4432 3294 2139
6409 8 1784 3906 6625 6972 3761 4641 5738 5794
6410 3 5500 9254 9450
6411 7 1151 7483 9830 446 7431 5918 9798
6412 4 5430 3584 8173 704
6413 2 121 6700
6414 5 2244 8032 5556 9694 2020
6415 3 436 6201 211
6416 3 4623 1645 2965
6417 2 1957 3122
6418 4 5641 1435 1262 7366
6419 8 1908 1513 4220 7813 6582 1038 5935 3959
6420 4 4732 1343 6158 1363
6421 3 188 673 3489
6422 6 4218 105 9412 4133 8526 8101
6423 2 2638 9328
6424 4 6264 6237 490 1679
6425 5 791 4980 60 2382 9313
6426 5 2744 7470 8358 8570 8600
6427 2 2519 7786
6428 3 6323 8688 3043
6429 2 3418 8599
6430 5 3897 1706 7881 3698 6431
6431 12 2613 5917 4440 9386 1915 9732 6733 8819 6822 6021 3175 6430
6432 4 3666 2793 5481 9361
6433 5 205 4607 565 4903 2865
6434 4 2119 8805 7417 9528
6435 5 3441 6714 4282 6043 2409
6436 3 5189 3388 4797
6437 7 5702 6472 781 4407 662 9103 4254
6438 7 2596 3219 8582 1360 1158 4438 1572
6439 6 5786 6966 4126 680 2455 3516
6440 3 707 5996 2303
6441 10 5303 9373 3803 6105 955 1880 317 8177 7837 1139
6442 5 1020 8450 7768 4066 1611
6443 8 1652 6285 7471 948 640 8800 5211 7648
6444 7 4966 5508 8471 23 2418 9778 809
6445 3 1652 3288 318
6446 4 4875 7650 3391 6951
6447 3 444 8092 4742
6448 6 6324 3270 1403 1539 3261 5597
6449 2 1879 8256
6450 5 1505 4040 5028 6890 2277
6451 3 6263 4872 2815
6452 2 3281 6003
6453 5 2329 8125 2251 2559 9915
6454 3 4108 9271 3756
6455 2 5088 956
6456 2 5156 9255
6457 3 5629 3206 7976
6458 3 1957 5574 277
6459 3 4466 9375 9853
6460 4 4078 2424 4311 9587
6461 3 1809 2815 4728
6462 3 6104 6687 8037
6463 6 937 9974 9525 6732 3927 7828
6464 7 14 9943 2063 1329 899 3240 9013
6465 8 2424 8506 6269 2859 3245 527 8838 8928
6466 7 4115 7079 7497 9542 160 448 78
6467 2 2131 9714
6468 9 4486 6646 917 1277 539 2583 3847 2537 8391
6469 6 3519 1770 8264 167 9897 4102
6470 4 1287 7907 3471 522
6471 3 2601 8467 2774
6472 6 6437 9121 5717 8928 7446 5233
6473 5 15 9539 4371 597 414
6474 4 3807 2626 1637 4561
6475 2 3305 7087
6476 3 2597 6719 8628
6477 2 2391 4769
6478 4 2470 9407 6079 6755
6479 5 3264 287 6345 1180 959
6480 4 3189 4726 3363 3451
6481 5 5401 5693 8629 504 924
6482 4 2003 7831 4445 2725
6483 4 4731 7975 3831 7455
6484 3 3082 3985 7714
6485 4 2708 858 399 9873
6486 7 4772 6965 9853 9029 7260 4703 9341
6487 3 3304 879 3362
6488 8 2726 8228 438 5000 9243 4173 5355 213
6489 4 2349 4002 311 249
6490 5 5846 5378 6040 5364 2265
6491 3 3470 1136 4928
6492 4 4556 8891 5811 1320
6493 5 779 9191 8688 6145 6132
6494 4 2062 5042 5082 2480
6495 2 2185 2388
6496 6 3269 7646 5683 462 886 5221
6497 5 4186 2260 8870 2258 4279
6498 5 943 9874 7816 2597 535
6499 7 2596 3013 4228 7318 7946 16 6335
6500 4 2277 9232 5597 1823
6501 2 6040 8796
6502 2 5503 4222
6503 3 2687 8396 7604
6504 9 1934 8395 1921 2681 1850 3168 871 4106 4503
6505 4 1600 9116 7036 8613
6506 3 898 4428 7464
6507 4 3598 7455 1709 507
6508 1 4322
6509 3 5989 8161 5205
6510 5 810 8140 5603 9461 6053
6511 8 1240 8010 9849 5813 9363 8212 6921 9454
6512 2 5586 8940
6513 5 3934 9838 1008 5162 3219
6514 2 5584 6110
6515 8 4657 390 516 4445 7391 5207 3101 4163
6516 4 6177 8191 1841 6171
6517 4 2263 4357 5178 9800
6518 5 4343 2024 5033 7546 6909
6519 4 2116 9359 1415 1901
6520 2 296 7968
6521 6 5512 161 62 8637 5140 6305
6522 4 4189 2087 5526 6265
6523 3 4009 3762 1543
6524 4 897 4224 51 6980
6525 5 5519 9984 6799 3497 8777
6526 5 547 3441 4949 1838 2403
6527 3 1309 2852 248
6528 4 4606 1894 1244 8549
6529 3 717 2490 7453
6530 6 4961 6123 4471 9799 787 3988
6531 2 1460 8189
6532 3 4452 7567 2043
6533 4 760 7069 3415 7221
6534 3 1491 1745 5989
6535 5 1745 9944 3593 8320 7472
6536 6 4083 6601 780 3907 1307 6545
6537 6 627 7604 5371 6079 2257 3867
6538 4 1600 5640 5983 5816
6539 7 5833 8753 9114 4835 3866 7855 9788
6540 6 2365 7054 7604 3194 3407 9376
6541 5 1685 9919 9891 2008 3120
6542 4 4503 7713 6027 9870
6543 4 1633 8174 7086 4909
6544 3 3164 8506 7492
6545 7 368 8103 8692 4958 3200 6536 3846
6546 1 4759
6547 4 4803 7755 2610 2536
6548 8 3011 7133 7312 1539 581 3650 1390 4172
6549 7 5107 8192 8245 9672 5257 2513 1402
6550 4 3269 9448 9288 6573
6551 4 1732 6823 6079 9416
6552 3 4066 9019 9780
6553 4 4170 8254 5627 3351
6554 3 4504 7136 3512
6555 4 2521 9536 3823 8738
6556 1 1501
6557 2 2419 3273
6558 4 5805 7511 5803 5496
6559 3 2757 9808 4095
6560 5 1086 890 4211 8481 1161
6561 2 2841 2261
6562 3 6367 4395 8799
6563 3 1042 1354 6142
6564 2 5343 4680
6565 5 5558 3865 4850 5563 3770
6566 3 3908 3079 8474
6567 4 4580 8663 9143 5552
6568 4 5535 8057 8295 6084
6569 2 10 6795
6570 3 5233 442 6955
6571 6 4982 7528 90 5735 5644 1794
6572 5 4431 6639 8759 4799 7267
6573 4 2666 6855 5604 6550
6574 4 5658 6674 846 6317
6575 5 4593 7663 5694 242 7322
6576 3 427 9059 3195
6577 3 5359 5978 86
6578 5 5934 6907 6904 5917 9594
6579 4 3704 8159 0 34
6580 6 1295 7334 7848 8803 536 8737
6581 7 5893 7796 1333 1594 4454 5058 5321
6582 2 3836 6419
6583 2 3116 1678
6584 10 3485 7563 7718 7865 4575 9819 450 8163 4659 9216
6585 4 4132 7504 5819 3871
6586 6 1296 8348 2856 2029 2696 2279
6587 4 6159 5219 675 7821
6588 7 146 6652 177 1427 207 6870 8437
6589 2 2651 6951
6590 2 1036 2645
6591 4 1295 8431 2044 2165
6592 3 5383 7128 3436
6593 6 5432 7527 3402 6851 2906 9033
6594 7 6315 6933 8888 2921 3267 2101 4899
6595 5 4374 9883 8451 3408 9095
6596 3 2385 5505 8364
6597 2 3317 6686
6598 3 3850 7980 7097
6599 4 976 9870 1310 1548
6600 5 2533 3878 1844 8958 3663
6601 7 6536 6976 5552 829 2082 251 9846
6602 3 914 4666 8089
6603 9 1011 7550 9677 3952 9146 8106 3170 4201 1669
6604 3 1403 9837 3887
6605 9 5481 7908 9363 2322 5098 3031 4159 8532 6049
6606 5 6377 8359 4773 3917 83
6607 4 2149 180 7040 1396
6608 4 2504 220 7245 5930
6609 2 4019 6827
6610 10 164 6927 7447 8131 1696 5681 4289 326 757 3868
6611 7 1207 7947 5250 2598 9468 6008 2427
6612 5 6023 7359 429 9897 4519
6613 7 3724 8204 5282 5558 9934 2965 2261
6614 5 1320 9370 4129 5918 9373
6615 11 2987 8383 9960 9075 4768 6867 3675 4377 7766 4469 3294
6616 4 5203 9288 406 5961
6617 2 5270 4965
6618 9 273 6996 7156 7141 3169 8691 3439 3682 5701
6619 4 45 7659 7955 452
6620 3 948 9447 8972
6621 3 3947 7299 4001
6622 1 4366
6623 2 429 2907
6624 6 5047 9428 4991 2232 3963 1440
6625 6 6247 6409 5995 1259 3888 7856
6626 1 758
6627 3 3918 1603 9019
6628 7 1541 8136 5630 1206 7127 1282 510
6629 6 5611 9679 5783 1072 4039 9379
6630 3 6367 5895 3305
6631 5 92 993 3463 3463 742
6632 2 1232 7740
6633 6 3462 4865 6073 8506 1377 3338
6634 4 4200 9950 5779 4450
6635 4 951 7359 1646 6989
6636 7 2346 9932 8193 4740 4124 8689 5339
6637 3 4136 998 615
6638 5 5564 8669 5456 1023 1140
6639 2 6572 4243
6640 1 6214
6641 3 6248 9595 8320
6642 6 6338 5383 7610 8716 8091 3226
6643 3 4491 7938 3871
6644 3 3991 7100 6190
6645 3 2638 8377 7802
6646 5 6468 5922 8051 8829 4742
6647 3 4937 2552 4512
6648 6 1208 7950 1054 6121 7393 4325
6649 1 1683
6650 5 4443 8178 5334 6023 5093
6651 3 4827 1795 947
6652 6 761 9125 6588 8077 2593 3091
6653 7 2579 9711 2960 1751 8256 2296 3172
6654 3 1020 1197 1155
6655 3 6212 1006 6070
6656 5 1608 8888 9022 963 3101
6657 5 2910 8488 6088 2535 6356
6658 6 9 8823 3884 3445 8168 7576
6659 3 398 2709 2539
6660 6 2715 1519 7773 1294 8705 5723
6661 5 984 8654 8394 9669 267
6662 7 371 7230 3367 2509 504 9956 4867
6663 5 984 7988 852 8488 9219
6664 1 1800
6665 4 1012 9207 9416 9064
6666 7 1413 7564 7942 6056 2015 8136 9675
6667 4 5736 7505 9732 7225
6668 3 784 1127 2598
6669 5 5731 9883 5789 5298 1112
6670 3 2823 7959 7360
6671 4 2978 979 3218 4494
6672 4 42 7061 8672 1666
6673 6 6204 6358 8293 6040 5994 1753
6674 5 6574 7614 6098 960 4546
6675 6 2737 7876 7420 8560 7677 9259
6676 3 5523 3236 3163
6677 7 4241 1684 9375 5172 332 3755 4642
6678 6 2414 7516 7137 2496 9729 4314
6679 3 5300 2557 89
6680 6 3757 8153 9912 7216 429 1032
6681 3 5004 9629 5248
6682 5 4090 8656 9711 4378 5982
6683 4 105 4539 2970 8985
6684 5 344 6858 5811 4341 276
6685 7 4662 6729 4780 4598 2332 2103 3321
6686 7 1081 6597 7804 144 9029 2886 9221
6687 7 3449 9335 1615 5177 6462 9039 543
6688 3 3718 8291 4867
6689 5 5441 9124 4501 6238 6214
6690 4 2298 8803 7281 7041
6691 1 1495
6692 4 1810 2015 2684 4532
6693 3 5655 3249 760
6694 6 292 4163 3694 4608 6322 1597
6695 6 5294 9872 7087 4245 3501 5898
6696 7 642 7743 9082 4853 2492 6786 5826
6697 3 1187 1404 4725
6698 6 3331 8663 6884 2797 3990 1399
6699 3 4590 8286 7118
6700 6 5121 7319 6413 3481 8161 3850
6701 2 3064 9911
6702 5 1263 7232 8081 7765 9530
6703 5 6309 9841 5608 3314 3132
6704 3 1097 1805 7587
6705 2 5098 5562
6706 2 2254 3189
6707 4 3787 6825 7218 2041
6708 5 6071 6872 2207 3439 3921
6709 5 6260 6735 5584 8037 3739
6710 7 133 5778 2084 4363 8561 9169 2590
6711 5 2252 9485 1533 8594 9619
6712 6 1676 7646 9809 9735 1502 5083
6713 1 4254
6714 4 6435 9482 6216 719
6715 4 5776 9264 2015 6379
6716 4 2412 7450 6731 9102
6717 5 5711 7166 4188 2984 8904
6718 4 1083 6894 55 4009
6719 4 6476 5478 8726 8335
6720 6 901 6252 1832 2434 1228 7458
6721 3 4702 7628 625
6722 7 1629 6863 6989 8804 8869 7179 5194
6723 8 5355 7698 1028 3806 5451 6890 499 9152
6724 5 6321 6806 7532 8819 2104
6725 1 1046
6726 3 399 9110 1220
6727 7 6393 8635 9090 2913 7650 2065 204
6728 7 3039 8812 5994 6901 5890 7913 3816
6729 4 842 6685 9223 5235
6730 4 3244 6217 2866 4696
6731 5 500 6716 7358 2545 8961
6732 7 4163 6198 7912 7473 6463 5679 4518
6733 6 2466 8875 8742 6431 1169 720
6734 4 4860 145 1362 9187
6735 7 6709 7754 4727 3871 7353 2313 5473
6736 4 6325 605 7597 3571
6737 4 3983 9267 9509 8651
6738 4 1958 3382 5622 1035
6739 5 2653 9741 1052 7567 4634
6740 6 2889 6970 8099 8173 5555 3563
6741 1 3181
6742 7 1967 4936 2712 4019 65 8974 7162
6743 6 6047 3062 7343 7986 7791 1030
6744 5 4809 7313 9678 6944 7484
6745 6 2415 9535 7767 4717 8618 5694
6746 4 3545 6871 7082 941
6747 6 4153 3996 8700 9402 1552 3860
6748 4 5210 8792 3146 5201
6749 5 337 9083 9279 7751 2836
6750 3 2134 8469 9750
6751 5 3765 9690 800 5566 3470
6752 6 3826 7494 2721 8105 9350 7043
6753 4 1696 9993 8627 9583
6754 5 455 76 3422 5943 1994
6755 9 822 7785 8606 9098 6311 4947 529 6478 7674
6756 1 3935
6757 2 5527 9261
6758 2 3009 8658
6759 3 878 9197 5333
6760 7 2766 4528 3085 5561 3827 1177 4743
6761 2 1253 3955
6762 4 70 9762 8147 5896
6763 5 5899 8374 3631 8180 955
6764 5 5405 8157 4829 5959 8878
6765 4 1831 8254 9105 2078
6766 4 3792 1175 3765 402
6767 5 994 4638 1214 9893 5975
6768 6 3871 3979 2426 7260 1127 2400
6769 4 1829 1396 622 3231
6770 2 5717 6360
6771 6 6355 2000 5723 8182 2241 1060
6772 4 2182 7929 3833 7369
6773 3 5890 9537 4430
6774 2 2964 7177
6775 4 1820 8633 3437 4761
6776 4 3370 7477 1313 994
6777 3 1585 4103 9983
6778 4 6396 9747 606 3992
6779 4 2136 3745 860 4713
6780 9 6023 7998 1931 1417 2044 8190 5930 1758 2268
6781 4 989 8353 3611 1491
6782 6 1454 4529 3074 3597 5908 4283
6783 1 4585
6784 4 1949 7660 7768 9735
6785 5 5713 8216 2907 5599 5553
6786 6 3066 3356 6696 9414 1418 5371
6787 3 6080 5822 2221
6788 2 4664 8126
6789 3 5835 2953 9042
6790 6 2508 7704 5185 6175 782 1957
6791 7 4215 8673 5238 7384 8459 903 4921
6792 4 551 6949 1419 8580
6793 3 1755 7837 5308
6794 2 225 2203
6795 4 6569 3529 3680 9132
6796 8 5080 6925 3910 9867 7220 4742 6799 5311
6797 11 1327 6830 7343 1020 6207 5732 312 5360 1805 7558 9937
6798 6 3627 7666 8139 569 4278 610
6799 8 3446 6525 6169 9034 94 6796 8349 3354
6800 2 3413 1435
6801 1 1372
6802 6 1379 7470 4149 3640 9201 9280
6803 3 5989 9803 8714
6804 6 5073 404 5778 1853 4059 2303
6805 6 4490 3930 7641 8965 5242 515
6806 7 6724 8269 2256 1340 8007 7836 9301
6807 3 4754 1360 7924
6808 2 1054 7074
6809 4 1936 8407 9016 7664
6810 7 3409 8694 6206 9157 458 184 9230
6811 5 93 1811 656 9869 9915
6812 3 6221 3231 5030
6813 2 1207 8201
6814 4 5476 405 617 3982
6815 2 2482 4594
6816 4 5895 2174 9259 2619
6817 3 5532 5302 8341
6818 6 2624 6865 2488 6332 4757 9751
6819 1 5532
6820 5 6201 7208 1863 4030 9749
6821 8 4003 7088 6161 1071 5189 3689 5833 4423
6822 7 5626 6890 8477 7722 6431 9505 459
6823 4 2660 7144 5641 6551
6824 7 2192 5781 1773 2411 4276 5855 5227
6825 5 2098 6707 1672 200 244
6826 6 2614 6880 9361 2190 6900 3045
6827 3 6609 8864 575
6828 5 416 3690 4208 1953 5651
6829 2 2160 2783
6830 3 6797 7707 3204
6831 1 4556
6832 3 3121 1047 2567
6833 5 2892 1451 9776 3331 4535
6834 4 696 8622 1606 4883
6835 4 2075 5518 6856 4013
6836 2 6155 2692
6837 6 4956 8508 7755 5612 5527 5367
6838 6 5615 9160 9279 371 3005 569
6839 6 5347 8576 4936 5355 3547 3579
6840 6 4273 9541 7702 6252 1001 8362
6841 3 178 5267 4876
6842 4 1035 3524 6368 7534
6843 3 4456 147 1117
6844 3 2940 6283 9564
6845 2 5689 9128
6846 3 2652 4890 4332
6847 9 2440 7295 8559 3993 5526 6347 2076 6140 1563
6848 5 5126 8246 2599 4584 3086
6849 3 1214 4778 7570
6850 3 5354 8599 4023
6851 8 1303 9732 560 9496 8056 3288 6593 4745
6852 2 4574 9097
6853 5 1645 9870 9042 9909 1760
6854 3 4097 5789 7058
6855 8 735 1211 4218 6573 969 4098 3999 3104
6856 7 1653 2954 6835 8127 7887 4590 7206
6857 6 2722 4363 3184 6215 7328 8774
6858 5 1515 6684 7438 5083 3546
6859 4 6086 7207 1472 3796
6860 2 1822 7325
6861 3 5035 9850 949
6862 4 105 7925 3653 7945
6863 5 6722 7406 2172 4009 8239
6864 6 216 5635 8502 3591 9200 582
6865 4 6818 9529 1453 7367
6866 4 1440 9829 1405 3621
6867 5 3236 5769 3025 9080 6615
6868 5 2883 5520 58 9449 3029
6869 3 2941 6277 6203
6870 3 3534 7505 6588
6871 3 6746 2769 75
6872 7 6363 7143 1232 6708 1963 3089 4859
6873 2 1975 625
6874 3 1073 7551 2393
6875 5 4280 7955 8821 6277 4091
6876 5 2563 9534 7963 7103 8074
6877 8 1439 1583 6070 7726 3662 9099 307 6300
6878 4 5051 4074 3417 7197
6879 5 169 4843 9287 7001 7351
6880 2 6826 7631
6881 5 1583 2144 5334 1764 3538
6882 5 4612 6897 7472 2431 5470
6883 6 3884 7771 7209 2073 9713 5975
6884 6 2077 3002 6698 6982 9719 1869
6885 3 4676 8699 1782
6886 3 5546 7458 2338
6887 3 1325 702 4450
6888 6 2582 9490 2183 7239 4674 4304
6889 7 5118 5656 2652 9926 1894 7859 4736
6890 5 6822 2777 6723 9775 6450
6891 3 2523 7437 2056
6892 4 3924 3652 9306 7830
6893 5 4605 6077 7082 9770 7372
6894 3 1625 8406 6718
6895 4 2716 4589 7080 502
6896 2 3969 8859
6897 6 6882 6034 4936 6256 882 747
6898 5 2627 997 9554 7357 1248
6899 6 584 1330 3248 2445 1606 9125
6900 6 2912 7264 6826 4233 5935 6183
6901 5 5333 8438 8588 6728 3146
6902 1 1844
6903 5 3889 5748 7087 44 664
6904 5 3563 6578 402 295 3938
6905 4 1900 3357 3455 7768
6906 3 2255 306 4085
6907 2 6578 6121
6908 6 1437 7618 7878 5069 9774 621
6909 9 3297 39 3372 1627 8644 6991 7044 8669 6518
6910 8 469 8863 9574 5175 3404 5776 9595 399
6911 6 5635 9241 2088 5795 751 407
6912 4 2511 292 8501 4122
6913 6 26 9321 3109 786 5870 7850
6914 2 5179 5105
6915 8 1953 8511 684 4098 8792 2183 4235 7193
6916 2 4355 4102
6917 7 5997 7549 8665 8061 3531 9558 5621
6918 6 4871 234 647 5737 5003 8184
6919 6 2719 9273 4855 8052 8574 579
6920 3 1023 4147 780
6921 6 4335 8138 8276 1877 6511 62
6922 4 6241 76 2599 392
6923 3 3663 9148 4306
6924 3 5045 5567 7851
6925 4 6796 2466 632 9879
6926 5 2339 5368 4713 2302 6350
6927 1 6610
6928 3 5974 7439 3786
6929 3 2362 9053 5905
6930 7 3549 5898 239 8719 1501 8794 8603
6931 2 5921 7784
6932 4 4945 2473 9494 5899
6933 9 265 6594 7118 3313 2908 3950 4256 1372 9114
6934 2 245 8489
6935 7 2315 2050 5395 1667 7879 4659 877
6936 5 51 919 5247 5829 3859
6937 2 5709 1411
6938 4 2894 7853 4442 86
6939 2 4901 9221
6940 4 5000 6191 1090 337
6941 6 1012 8229 8596 2367 9776 3956
6942 7 367 287 5456 57 4951 1042 8030
6943 3 3049 7971 5534
6944 3 6259 6744 6312
6945 9 1891 5486 3381 2064 7482 5527 3436 5971 6279
6946 5 1451 7898 7604 7505 8050
6947 4 3421 1017 9349 4970
6948 4 3650 203 4510 31
6949 3 6792 1645 6001
6950 3 1305 7709 7961
6951 5 4048 6589 6446 7271 3840
6952 7 4562 8328 8390 9265 2344 3922 4637
6953 3 1985 5444 3906
6954 6 3915 7839 7083 7334 824 4899
6955 9 3740 3974 3364 4702 6570 4129 920 7908 2889
6956 5 4878 7420 9604 4524 9256
6957 2 2942 70
6958 4 1658 8731 2743 496
6959 2 1270 8055
6960 6 825 4850 5421 617 3530 1606
6961 6 976 1399 7777 8950 3807 6970
6962 4 6184 9820 4750 8618
6963 6 861 3400 3890 1821 3606 7574
6964 4 3270 9464 9142 7339
6965 6 983 6486 3044 8920 7774 96
6966 3 6439 3055 6368
6967 4 691 620 5895 9352
6968 3 4848 8038 4375
6969 4 3261 122 5382 7054
6970 4 6740 6279 6961 1106
6971 2 6021 5349
6972 6 3291 4801 6409 4488 9747 953
6973 7 5264 8411 7146 1711 8684 7139 7639
6974 6 637 5898 2427 8972 870 3900
6975 4 989 8529 5557 5649
6976 5 6601 7806 5554 9184 761
6977 2 499 4546
6978 8 4943 4402 2991 4246 1151 7142 9403 8257
6979 2 1631 7438
6980 5 3698 5126 1324 7389 6524
6981 6 3306 8591 713 3894 3594 407
6982 9 4826 5253 3086 7793 9284 6884 295 8390 7127
6983 4 4850 2104 6341 9775
6984 2 281 8910
6985 6 3527 7079 9098 5938 5264 4839
6986 5 1668 9506 7757 1844 9540
6987 8 689 514 6080 7908 5183 1935 2758 8179
6988 5 4741 1874 636 7965 5466
6989 9 6722 7903 9753 2039 2111 5122 9887 6635 2824
6990 5 6363 2306 5659 9605 3028
6991 2 3346 6909
6992 8 3262 2448 2476 9481 6002 1262 7222 7833
6993 1 2038
6994 4 5892 9851 8721 8197
6995 6 4743 8061 982 2500 9820 9072
6996 3 6618 664 7504
6997 6 5190 1948 3757 9736 805 5012
6998 3 5336 8324 2608
6999 3 5502 6331 61
7000 3 679 8223 8245
7001 5 4484 1804 6879 4749 8080
7002 3 845 5215 3125
7003 4 1817 7481 4768 8684
7004 3 885 9104 8673
7005 1 1634
7006 6 4534 2621 1820 9493 7843 2885
7007 4 1547 9025 5526 4038
7008 4 4144 8908 4914 9543
7009 5 174 8901 7615 5621 9079
7010 2 2058 7249
7011 1 895
7012 7 3817 7154 2354 8086 8805 5666 2844
7013 3 2904 491 3605
7014 5 3376 2575 1704 9729 8736
7015 5 3604 1501 1240 9461 9968
7016 8 4293 7861 3784 9247 5803 675 6180 9880
7017 3 4408 3212 9615
7018 2 3023 7799
7019 5 6403 7493 5494 1968 8091
7020 4 351 7633 3297 9182
7021 4 3152 7351 7632 9237
7022 6 6171 5725 5935 2205 9008 4976
7023 6 1798 7146 8230 3626 7320 3318
7024 3 3595 7197 2058
7025 4 4870 8671 5087 4040
7026 1 4211
7027 3 61 5990 4034
7028 2 5837 9444
7029 4 3441 8707 7139 7835
7030 3 5591 7643 2946
7031 7 261 7746 980 1669 8880 3041 2376
7032 3 3903 7602 7300
7033 2 2153 3724
7034 5 2608 7106 1815 7741 8980
7035 2 3616 7213
7036 4 3131 9074 6225 6505
7037 4 5484 9921 8262 8654
7038 2 3663 9812
7039 6 3012 9460 1820 9720 1210 1828
7040 11 2273 4566 3969 6607 4053 3752 3602 8406 68 3203 833
7041 4 4144 4490 6690 9681
7042 2 578 5293
7043 5 3062 1338 8157 1062 6752
7044 6 226 2749 1530 1535 7706 6909
7045 4 6280 9361 7701 2263
7046 4 5565 5217 8015 3863
7047 6 5609 2838 9734 764 9853 1229
7048 6 2409 9079 433 5069 8958 7476
7049 4 5305 7898 9098 703
7050 6 5901 4962 8710 405 3082 1261
7051 4 2678 4831 7114 685
7052 2 4486 9797
7053 2 4954 5547
7054 4 6540 6969 1609 245
7055 4 2977 7153 1611 9176
7056 3 4576 4860 1694
7057 3 3810 8754 2011
7058 5 776 4973 621 4757 6854
7059 4 1074 8179 8278 5645
7060 4 6248 1005 514 9749
7061 5 6672 9289 9806 3326 1372
7062 3 242 7799 4415
7063 5 421 1271 7180 2118 5810
7064 4 2073 5045 8771 854
7065 3 5362 3378 2274
7066 5 298 7560 4960 2573 800
7067 3 3916 3463 2893
7068 7 5329 4096 7324 9348 5419 776 7487
7069 7 6533 8115 1490 8996 5692 2808 4866
7070 4 5685 9008 7559 3106
7071 3 2527 2627 9716
7072 6 5657 7578 5928 4777 1530 2878
7073 4 745 1420 9152 3259
7074 4 6808 2527 4078 6092
7075 9 5653 2921 6261 9189 2210 1613 9654 9329 385
7076 4 2681 5999 5725 502
7077 8 2920 7454 4486 5353 9046 8063 3560 7436
7078 3 2492 5286 7188
7079 8 6466 8528 45 6985 3719 2369 4185 1792
7080 6 924 8755 9147 378 6895 8741
7081 2 2091 3745
7082 5 6746 8770 109 6893 3032
7083 4 520 6954 5060 9842
7084 5 3295 5042 8714 5893 8065
7085 2 5560 224
7086 4 1865 9992 6543 9332
7087 8 6475 6695 6903 8068 3115 1224 3938 5159
7088 4 6821 9364 3964 8713
7089 6 2788 9846 1350 1851 6122 5015
7090 2 1545 2682
7091 5 4726 8381 9038 8934 9754
7092 2 303 6115
7093 6 4193 1398 1536 9827 7389 7370
7094 7 1875 1774 2274 5670 2107 6206 338
7095 4 4003 7621 6005 4238
7096 4 752 7364 3402 3537
7097 2 3104 6598
7098 3 649 8401 3963
7099 4 3018 5720 7124 6294
7100 2 6644 4822
7101 5 72 2143 3026 4264 8540
7102 3 4413 9933 6342
7103 9 47 151 4726 1217 1660 2528 705 139 6876
7104 2 75 7329
7105 9 6405 8441 153 7192 4533 1270 3182 4464 1734
7106 4 2972 7034 8871 4623
7107 2 646 7285
7108 4 4619 9837 935 4299
7109 4 2488 8377 9905 5467
7110 4 1002 587 4641 8456
7111 2 779 3926
7112 4 989 5713 8961 3144
7113 5 2388 7425 7847 3262 6000
7114 3 3067 8271 7051
7115 3 4267 3662 7211
7116 4 5660 2627 4156 4291
7117 4 5075 4789 5918 8089
7118 9 2976 7356 6933 173 6162 3294 8711 6699 8924
7119 4 2054 6297 3554 1517
7120 6 5627 8047 9695 258 6175 2672
7121 4 3453 6 9531 2756
7122 4 4252 241 9352 7984
7123 4 6106 969 271 5488
7124 3 2245 7254 7099
7125 5 353 7887 5612 8499 445
7126 7 5952 738 4289 3572 8361 9624 4577
7127 4 629 3642 6628 6982
7128 3 6592 5313 8056
7129 2 5010 5822
7130 7 444 7963 9187 4288 2957 3669 2385
7131 5 3886 2936 586 3414 3538
7132 6 2034 8077 1167 9527 3315 8345
7133 4 6548 2607 2575 8830
7134 4 6119 577 4527 5289
7135 4 2482 7218 7898 9083
7136 7 5138 9061 52 6554 3070 8973 7749
7137 2 176 6678
7138 3 5491 5183 7842
7139 6 3874 8768 7029 2059 6973 6103
7140 4 3407 5323 2832 1416
7141 5 2196 5648 9540 6618 8473
7142 5 1912 7739 6978 8181 2197
7143 2 6872 9477
7144 5 3150 6306 2471 6823 2892
7145 7 3632 1523 9250 7642 3220 5636 7505
7146 4 7023 6973 7959 862
7147 3 1107 4248 9440
7148 3 4517 63 9357
7149 6 5991 8545 3999 3981 2738 6089
7150 4 2216 9500 7344 6350
7151 4 4283 8943 9425 2448
7152 6 97 9759 1772 3903 8589 4594
7153 4 7055 5871 2310 7379
7154 7 5501 7012 9560 4675 595 4712 1787
7155 1 4420
7156 2 6618 8195
7157 2 2372 9619
7158 2 1106 744
7159 3 5271 4998 4133
7160 5 25 7261 8326 5273 8334
7161 3 2487 2758 952
7162 9 4071 9957 322 2241 5062 7818 2703 6742 8120
7163 5 534 4781 2755 2087 2976
7164 8 260 5686 7678 1753 8902 3932 4006 1394
7165 4 2604 8648 7715 8623
7166 5 6717 3743 1134 329 885
7167 5 5321 7523 7305 2126 7685
7168 4 6207 3982 3492 4701
7169 2 3786 9965
7170 7 4465 2312 2429 11 8000 4548 1852
7171 5 2797 3839 800 9603 6017
7172 3 2951 3784 2694
7173 5 2021 1654 5542 7296 8327
7174 7 2623 1476 5229 3861 8503 6128 1972
7175 4 5308 7300 8256 5151
7176 9 560 9053 574 5851 5780 3021 3178 328 4256
7177 4 4531 1040 3440 6774
7178 3 5671 5663 2528
7179 6 3126 1769 8711 9858 6722 3480
7180 3 3965 2994 7063
7181 7 5476 2304 419 7864 8782 5498 4955
7182 2 4675 2242
7183 9 2810 8127 9187 9266 8136 1688 9346 5895 2885
7184 5 485 3751 3467 1612 927
7185 5 1519 2352 9531 9744 4979
7186 6 5259 8916 417 9562 3541 9304
7187 5 4635 9850 917 9489 7
7188 7 5969 9141 3249 1580 3727 9130 7078
7189 4 5078 9521 424 9423
7190 5 628 1415 7888 244 8087
7191 6 5777 9582 9642 8938 9289 4019
7192 6 3579 7624 8541 5320 7105 8678
7193 3 2810 5227 6915
7194 4 512 9511 7372 3306
7195 6 1644 7536 8885 8246 771 5541
7196 6 5782 5606 5612 6309 4989 8974
7197 6 7024 6366 3197 9248 6878 5636
7198 5 1813 7917 1290 2247 1789
7199 5 5941 7376 8220 9905 7303
7200 3 395 9499 7270
7201 3 717 9011 3080
7202 4 3586 9680 7442 704
7203 5 657 8793 4816 2778 9826
7204 3 2431 4759 7608
7205 3 1987 9510 1863
7206 5 521 9130 5352 5511 6856
7207 2 6859 9342
7208 3 6820 1039 1500
7209 5 3530 465 6883 29 4955
7210 2 3630 3133
7211 4 5468 7115 5769 7494
7212 3 4311 2228 2690
7213 5 7035 9347 2954 3412 5186
7214 3 3112 5717 7562
7215 2 5761 1761
7216 2 3618 6680
7217 2 1269 5363
7218 6 5059 3013 7135 4349 5054 6707
7219 2 1434 4874
7220 2 5346 6796
7221 8 4815 1463 2221 2444 442 9217 8560 6533
7222 4 3445 8786 5121 6992
7223 6 5537 3575 890 7700 657 4076
7224 8 4665 9132 5170 4910 6319 2638 2804 1364
7225 5 5681 7916 7775 6667 9247
7226 2 5812 7981
7227 5 5344 9269 2363 4253 2664
7228 2 2093 1223
7229 4 5302 7830 814 3431
7230 5 6662 6398 1241 5663 3576
7231 2 2109 1205
7232 4 4448 6702 9115 158
7233 3 4257 2743 4024
7234 3 1059 3773 5806
7235 2 4386 641
7236 2 4435 7600
7237 4 1225 9876 5341 2991
7238 6 6160 9145 9371 3037 7792 2484
7239 5 466 6888 8877 7326 9317
7240 4 2432 5217 4983 2995
7241 1 3931
7242 4 1094 5425 9787 9785
7243 3 3156 8980 941
7244 1 4117
7245 5 875 4341 7790 6608 7832
7246 4 4469 8865 8848 1003
7247 4 4716 9209 264 1599
7248 1 3667
7249 5 2329 7010 1085 6006 543
7250 4 6273 5280 9402 9436
7251 2 4285 8279
7252 2 6187 3711
7253 3 6405 8091 4091
7254 5 6324 2435 9231 7124 830
7255 5 4959 8014 8742 3225 8170
7256 6 1616 194 4187 9328 176 9466
7257 4 3952 8325 6379 1496
7258 6 3357 7832 1179 1306 1344 7983
7259 2 5290 4637
7260 6 3393 9793 5822 6768 6486 4709
7261 9 7160 7747 7759 2057 3070 1278 3597 9766 1219
7262 5 4714 8583 3366 1079 7969
7263 4 1520 5010 4645 8664
7264 1 6900
7265 3 4218 9494 2687
7266 7 3390 2228 9487 5558 8660 2599 26
7267 7 4626 8776 2054 2018 967 3005 6572
7268 2 3762 4095
7269 2 5916 8743
7270 5 3233 8814 7200 2449 8678
7271 6 250 175 3116 8398 6951 1158
7272 3 2081 8035 977
7273 7 3692 9281 3046 510 4519 7596 3693
7274 3 3907 846 5904
7275 3 995 5296 929
7276 3 1955 4332 2371
7277 2 4146 1542
7278 9 3719 8519 1305 7919 5323 219 7361 268 9481
7279 5 3107 2709 6209 3722 2320
7280 5 645 3387 3345 5103 936
7281 5 5279 7455 6690 3346 3353
7282 8 3656 7879 6029 6079 1184 7731 1804 8893
7283 3 3787 7361 3914
7284 4 3650 4238 2535 9946
7285 3 7107 9308 9264
7286 7 387 3330 920 5891 9758 2995 4118
7287 4 3608 697 4341 5822
7288 4 1420 497 3382 4444
7289 2 2324 177
7290 6 2871 8015 768 3712 8221 8771
7291 4 2597 4714 9227 8692
7292 1 2464
7293 1 4682
7294 4 2554 4307 5296 5298
7295 3 6847 2381 4502
7296 4 2848 4620 7406 7173
7297 3 3868 1548 9593
7298 4 5801 8112 7418 2368
7299 5 6621 3918 1036 4340 2465
7300 10 7175 8020 6247 4424 4176 7032 1984 2850 1624 9570
7301 3 4765 7539 8367
7302 4 3058 2222 6208 8539
7303 8 4939 3716 2259 912 5343 7199 8904 145
7304 4 1475 9443 7815 7319
7305 4 5683 7167 3787 4911
7306 6 1101 5657 8423 489 9008 3369
7307 3 1389 7568 2374
7308 6 1055 3563 3342 1774 3446 4718
7309 7 865 1945 649 8304 6296 5353 2037
7310 7 974 9609 1254 9524 371 8145 2358
7311 2 4485 7675
7312 3 1483 7526 6548
7313 4 6744 9794 9335 8409
7314 5 4827 1446 9174 1671 4197
7315 6 5335 8667 8280 7666 7427 1894
7316 5 2430 4146 5955 9820 3351
7317 6 3203 7804 8170 8638 4274 4068
7318 6 838 7472 8410 9223 6499 2513
7319 5 6700 8978 9723 3512 7304
7320 8 6285 9196 9366 2647 7452 7023 3882 4888
7321 6 5335 7628 5326 1827 3307 4085
7322 7 2297 9621 4357 9873 1436 6575 5560
7323 6 5853 7611 7434 5484 3851 2581
7324 11 3363 8391 5329 8230 2303 4342 7068 4530 74 2155 882
7325 6 3766 2983 5922 4816 6860 4007
7326 5 3833 1869 955 7404 7239
7327 3 3980 2860 9429
7328 2 2341 6857
7329 8 2215 9705 6274 3751 1391 4256 7104 5284
7330 4 4534 7742 8361 7634
7331 1 4087
7332 4 3363 8237 8703 3196
7333 8 5362 8482 9824 6177 5748 521 3982 8567
7334 7 307 6580 1629 6954 9430 3146 5589
7335 4 3884 5689 655 5841
7336 3 5802 5478 1536
7337 6 4187 8625 9072 8166 9169 7454
7338 3 1573 3432 8288
7339 4 5092 9262 6964 6404
7340 3 6346 9152 7413
7341 3 5698 5223 7746
7342 3 5608 9999 3309
7343 3 6797 6743 1204
7344 3 5766 7150 1461
7345 2 367 6306
7346 4 45 8325 6009 1277
7347 4 4309 9169 8895 122
7348 3 1805 303 7406
7349 2 2958 1554
7350 4 4307 1914 237 7995
7351 5 4948 9858 7021 8293 6879
7352 6 1136 5607 2940 2063 5374 4162
7353 6 1499 8636 8466 6735 3450 9816
7354 5 5996 7681 8240 4454 5018
7355 2 4827 2406
7356 5 7118 8475 9292 9153 6329
7357 7 3983 8261 9727 9780 4059 6898 3342
7358 7 3103 7462 8273 7518 7993 6731 5276
7359 7 6612 8015 9043 6635 4809 9075 904
7360 7 1387 7657 2299 5403 6670 2695 9361
7361 6 3310 8859 7283 271 7278 7434
7362 3 867 2183 4229
7363 3 2978 1373 3653
7364 5 4711 9071 7096 199 1204
7365 1 3048
7366 5 6290 7673 3375 4574 6418
7367 5 3217 4852 7928 6865 3509
7368 5 3453 7396 3838 9568 4411
7369 3 3967 6772 8332
7370 5 219 2538 3552 7093 6075
7371 2 319 9307
7372 7 189 4382 3041 7194 8202 5985 6893
7373 4 4623 925 4230 2164
7374 4 2430 4564 8344 9308
7375 2 4419 1667
7376 3 1565 7199 2769
7377 8 2352 8676 6004 5835 8220 4407 15 4009
7378 5 4225 731 7695 9651 1104
7379 6 1605 9882 2241 9664 7153 5283
7380 4 1040 7431 8627 559
7381 4 5066 5839 3972 3995
7382 5 1384 8675 5281 4923 4867
7383 8 5789 7709 5036 4488 7966 55 9818 1780
7384 8 2683 7937 2411 3528 2363 6791 1225 1610
7385 5 1148 8999 4339 3851 1827
7386 5 3414 8305 8651 8990 3806
7387 1 4815
7388 2 2388 1158
7389 6 6047 9834 6980 9067 7093 3607
7390 3 5197 6160 8714
7391 8 1677 8260 1363 5674 8805 3212 6515 3187
7392 6 218 8598 6062 7440 9086 1391
7393 3 1730 237 6648
7394 6 5401 884 8529 2641 4191 5798
7395 3 667 2778 7524
7396 5 7368 2844 5978 2924 7799
7397 2 5446 1283
7398 3 3420 9837 1352
7399 2 4135 3711
7400 4 2978 607 7837 1738
7401 2 787 3325
7402 2 5787 4088
7403 5 1119 5376 8476 4729 143
7404 6 1761 7326 875 9520 5812 676
7405 6 2250 8481 8765 88 4928 4417
7406 5 2932 6863 7348 7296 4345
7407 3 5545 938 725
7408 1 3308
7409 7 5047 5161 8153 7523 2268 8019 624
7410 2 308 9250
7411 4 2831 8086 8163 6188
7412 3 1768 8462 97
7413 3 907 7340 4049
7414 5 118 7510 9462 3582 3297
7415 1 5634
7416 3 1669 1048 2086
7417 2 6333 6434
7418 4 1588 7298 8577 2953
7419 2 4746 8455
7420 5 6956 2538 6675 6217 4109
7421 4 4872 408 2643 1219
7422 2 4155 9954
7423 5 4795 2202 9053 1283 508
7424 7 4511 8256 92 2416 5998 5133 5018
7425 4 7113 9915 4900 5570
7426 5 5822 1065 8963 1717 8655
7427 6 4243 9340 7315 8706 1701 618
7428 1 1986
7429 1 361
7430 4 2677 9695 6109 7877
7431 4 7380 217 6411 4320
7432 3 2940 9843 5987
7433 6 5309 8416 8870 7699 4651 770
7434 4 2337 8045 7323 7361
7435 3 3302 2095 5010
7436 9 870 9646 9878 5884 2829 3357 5508 3167 7077
7437 6 1192 6891 4704 3447 1715 3436
7438 8 6979 6858 1771 8915 8379 3535 7613 855
7439 4 3577 3211 779 6928
7440 3 4449 7692 7392
7441 3 5504 4345 782
7442 5 1331 102 2270 7202 4045
7443 5 5105 3583 5995 777 953
7444 3 1101 7874 5368
7445 7 5240 5816 3802 2446 5827 1466 9295
7446 6 5125 3731 7832 8132 9279 6472
7447 6 6610 61 1012 7910 9524 598
7448 5 3515 9959 5754 9043 6173
7449 2 3182 7528
7450 2 6716 3243
7451 6 1910 8999 595 9187 4326 1478
7452 5 1050 1967 7320 1102 9279
7453 5 1382 8760 6529 4609 8333
7454 7 5088 7077 196 2051 9909 7337 5557
7455 7 1447 6507 7281 1554 6483 8527 2496
7456 2 3917 1515
7457 3 3896 9613 2822
7458 7 5526 6886 8697 7890 7816 9618 6720
7459 5 1945 1594 707 3959 9088
7460 1 5658
7461 2 40 2979
7462 6 1670 7358 4271 4580 9892 825
7463 6 4154 8746 3465 4196 9930 9308
7464 4 2950 5306 837 6506
7465 6 1481 8402 8031 2810 8125 7736
7466 3 1182 823 2742
7467 2 5470 7728
7468 6 1622 603 2519 710 1866 9015
7469 1 2377
7470 4 6802 7772 6426 9428
7471 8 1472 9486 2023 6029 6443 313 8098 1776
7472 8 7318 9628 6882 5501 7538 4033 6535 5164
7473 2 2226 6732
7474 4 6022 854 357 5569
7475 3 1989 4378 5550
7476 7 4317 5792 3467 8205 5315 9645 7048
7477 3 5689 9233 6776
7478 3 3122 4069 8456
7479 4 6033 4225 4508 315
7480 4 3036 251 1703 4927
7481 1 7003
7482 5 5566 8828 6945 918 5099
7483 5 6411 2231 9634 9922 4382
7484 4 645 28 719 6744
7485 8 236 2707 1690 3202 5132 4657 8842 2352
7486 3 4521 1608 1521
7487 2 2309 7068
7488 1 4119
7489 2 1322 2750
7490 2 775 8470
7491 5 3632 9429 771 7660 8915
7492 3 4438 9094 6544
7493 4 7019 9016 286 8670
7494 4 6752 2469 9988 7211
7495 3 16 4799 3063
7496 2 2689 969
7497 3 6466 8060 5239
7498 5 4413 9842 4069 4341 8300
7499 6 680 9311 1515 2073 2524 9675
7500 5 5939 5965 7979 7867 8289
7501 4 2179 3949 398 4708
7502 5 3422 139 2935 7610 9848
7503 4 2621 9613 4966 3194
7504 4 6585 5561 6996 9482
7505 8 5322 6667 6870 6946 4817 7145 5023 5337
7506 3 4039 623 7674
7507 3 3639 9629 2368
7508 7 42 9594 563 4656 6015 896 8681
7509 4 3416 8655 9573 5783
7510 3 7414 3309 5421
7511 6 4345 6558 8802 5035 5591 7794
7512 3 5348 4581 8502
7513 6 2240 8027 7884 4730 7566 9955
7514 2 5437 9565
7515 3 1652 1003 5197
7516 5 6678 8391 2813 114 2172
7517 4 3445 6100 168 1625
7518 9 4555 8324 8682 7358 4030 8480 7774 9119 1347
7519 4 1322 9578 2808 9534
7520 6 1009 2711 3183 422 4838 1177
7521 3 1046 9285 96
7522 3 4623 5766 721
7523 3 7167 5623 7409
7524 9 415 8517 8553 8185 703 3944 5941 7395 3451
7525 2 3504 7838
7526 4 7312 563 3189 716
7527 4 153 8893 6593 5442
7528 3 7449 6571 3495
7529 2 5140 6049
7530 1 1305
7531 3 3813 1536 2871
7532 5 6724 5683 3931 5654 2609
7533 2 3199 3193
7534 6 1210 1050 3292 7774 2121 6842
7535 4 4090 4480 6401 240
7536 2 7195 1627
7537 7 1076 7637 8616 3385 3674 9004 78
7538 2 1674 7472
7539 6 4136 1871 7301 5517 4127 4175
7540 2 3818 5232
7541 3 5712 3488 939
7542 3 2839 2749 1845
7543 5 5857 5987 9825 529 5871
7544 5 1939 9789 2305 6248 5275
7545 9 6038 7587 23 7927 8014 8739 9839 21 1053
7546 7 2808 4618 3541 6316 6518 4942 1816
7547 3 3023 7559 1334
7548 3 1677 3796 4001
7549 5 6917 7790 7998 3233 5705
7550 4 6603 9974 1976 5803
7551 3 1656 6874 5979
7552 5 4736 7963 7854 3113 4193
7553 4 2491 4361 9858 366
7554 2 5560 9939
7555 1 3952
7556 1 1715
7557 4 5744 1091 7948 3748
7558 8 3184 9110 8689 5379 7690 3133 6797 8823
7559 3 2602 7547 7070
7560 3 7066 9767 3803
7561 6 3860 207 1272 9760 1118 5489
7562 7 4536 8413 2060 7214 1631 405 6004
7563 2 6584 7869
7564 4 6666 5175 8556 2529
7565 3 5451 4490 1456
7566 3 3686 984 7513
7567 6 6532 1617 9424 4165 8886 6739
7568 4 7307 4567 855 7793
7569 5 2220 1720 8332 807 8615
7570 4 4165 7934 6849 9079
7571 6 1465 5810 3524 1241 4361 2222
7572 4 1826 4363 3996 9826
7573 4 5520 8529 1949 1382
7574 8 6212 1726 92 2206 3815 981 6963 1311
7575 4 2680 8913 944 1367
7576 8 2766 2800 4495 5976 3824 4641 9331 6658
7577 6 4225 2461 8365 9017 5380 381
7578 2 7072 8309
7579 5 2269 9566 2071 4600 1006
7580 6 4982 7767 9297 1886 877 2093
7581 7 6141 9869 2543 9592 2594 21 3581
7582 4 2431 103 8967 2485
7583 3 5779 8552 4604
7584 3 124 5068 3157
7585 3 3591 4151 8770
7586 3 6404 4848 8372
7587 2 7545 6704
7588 8 764 5033 2390 5423 4722 1429 9418 7923
7589 2 5438 4634
7590 7 1355 9201 2694 5403 4216 5274 711
7591 1 5105
7592 2 2843 8332
7593 1 2022
7594 7 5791 9126 2096 9137 470 7806 5423
7595 2 2479 9412
7596 4 170 4758 2294 7273
7597 6 4685 8145 8848 9929 6736 3597
7598 6 3580 9193 3333 8683 4720 1480
7599 1 5962
7600 5 898 9029 9194 7236 2650
7601 5 1761 8544 9388 408 873
7602 6 283 7783 9487 7032 210 1777
7603 1 3733
7604 11 6537 7873 985 1269 6540 6946 683 9396 5147 8642 6503
7605 4 436 1936 2081 8809
7606 2 4677 5605
7607 7 140 8986 5225 9740 1554 2545 6286
7608 7 1211 7733 3641 3200 752 7204 7835
7609 5 4543 9148 4300 7687 2484
7610 5 4418 7661 6100 6642 7502
7611 2 7323 1363
7612 8 5285 5957 6050 5039 4789 9928 703 9959
7613 3 4257 7438 3808
7614 3 6674 8653 574
7615 2 5652 7009
7616 4 6241 968 9686 8777
7617 6 1558 3808 5147 2973 9520 767
7618 5 6908 4793 9608 1040 5634
7619 3 3691 6376 1041
7620 5 1666 9137 1486 5444 9394
7621 3 7095 1188 5363
7622 6 2829 8644 9528 808 3998 6175
7623 6 4637 9316 9927 8859 4808 920
7624 3 7192 3555 8696
7625 2 2923 626
7626 5 2016 8116 8456 9400 6031
7627 2 1001 7729
7628 4 5093 8011 7321 6721
7629 3 1438 8835 5932
7630 8 3905 8000 8787 9302 1270 17 5759 4016
7631 7 6880 8953 9019 6015 8301 6147 3716
7632 4 5801 8918 3470 7021
7633 4 5102 7020 6344 5603
7634 6 929 8565 379 3554 1371 7330
7635 3 356 7864 4815
7636 6 376 1353 8249 8981 3848 401
7637 7 7537 4338 1672 4720 1898 8594 2317
7638 4 2189 9495 3523 9431
7639 4 3053 7897 6973 734
7640 3 2190 9748 652
7641 2 3096 6805
7642 5 4595 7145 2668 8576 9459
7643 7 7030 6257 8336 5449 5086 5929 890
7644 6 622 9999 1811 3096 5346 7935
7645 3 4265 3540 1306
7646 2 6712 6496
7647 3 3127 6361 108
7648 8 5219 114 15 3276 4329 2064 6443 5077
7649 2 736 8966
7650 7 674 6727 2078 6446 5594 532 1357
7651 4 3677 7708 5316 8957
7652 3 3876 8054 3756
7653 2 4940 916
7654 5 60 3844 222 7893 27
7655 10 5991 9451 9465 4629 2289 919 1709 4362 9333 745
7656 2 3428 8511
7657 7 7360 451 8370 8634 2486 5530 9527
7658 4 2087 1191 2846 1639
7659 3 6619 973 877
7660 4 6784 7491 854 102
7661 3 7610 768 3587
7662 2 927 8542
7663 4 6575 4879 117 4323
7664 4 1952 5355 6809 9124
7665 6 4023 9847 9271 1990 2870 539
7666 3 6798 7315 3545
7667 3 2291 3072 8928
7668 5 3403 2253 6338 8279 45
7669 2 3808 8334
7670 3 3308 4284 414
7671 2 4666 4127
7672 6 2966 7696 3269 2107 5945 5445
7673 5 1577 1476 8230 7366 9306
7674 6 2027 9410 7506 4783 4533 6755
7675 4 5512 7919 3271 7311
7676 4 4629 1404 4058 6372
7677 4 5864 9124 6347 6675
7678 5 3844 7164 1760 9902 8236
7679 2 6086 8634
7680 1 6117
7681 3 7354 3615 1989
7682 9 838 1908 1887 1368 4122 1099 9796 4532 2349
7683 1 4683
7684 5 4432 8042 2968 9839 593
7685 6 4749 3069 4392 7167 7897 9070
7686 3 1905 7963 3953
7687 5 6313 7805 7782 7609 3577
7688 5 5938 9314 6333 2240 999
7689 7 2927 3943 9317 50 5225 86 434
7690 5 4827 2865 5653 7558 517
7691 3 3842 6093 2860
7692 10 6161 7723 4699 7440 510 114 2996 6120 5277 854
7693 7 5481 1446 4849 4720 1989 8100 1333
7694 3 3929 263 4806
7695 4 510 8726 7378 4720
7696 5 7672 4732 4180 8446 9574
7697 5 1199 5570 2022 9058 4497
7698 4 6723 3410 8284 690
7699 8 4742 8872 2565 7433 5928 4712 3039 8215
7700 7 3206 8393 7223 9187 3266 9822 5656
7701 5 1433 148 7045 5341 5924
7702 4 5426 6275 8518 6840
7703 3 2723 7755 6407
7704 6 6790 5272 1987 1785 4004 5676
7705 5 3616 4587 5604 9534 626
7706 4 2713 9851 7044 8291
7707 4 6830 9077 3607 8301
7708 5 7651 5073 3574 848 8166
7709 5 7383 4375 6950 5817 5974
7710 3 4911 9376 5973
7711 9 3852 1673 6097 3316 1876 9402 3319 4535 2491
7712 4 2970 3596 6024 5906
7713 1 6542
7714 8 1497 9972 3610 4470 3023 9959 3178 6484
7715 4 5887 7165 9274 4462
7716 3 545 6004 1240
7717 5 4119 553 1699 1461 9153
7718 1 6584
7719 5 4238 9165 5374 8473 8361
7720 3 3105 9889 6279
7721 4 1652 6228 9039 3312
7722 5 5541 6822 4850 1939 3169
7723 1 7692
7724 3 4165 5940 8225
7725 2 5160 1039
7726 4 2600 1504 6877 323
7727 5 5675 9276 1834 4919 3493
7728 4 6018 129 7467 3639
7729 7 265 4925 542 2888 7627 9928 9105
7730 2 4338 7962
7731 5 4604 800 7282 5828 6133
7732 2 5313 2059
7733 2 7608 1570
7734 2 1842 3785
7735 4 3187 4636 3776 8181
7736 5 3139 9597 4118 7465 9529
7737 1 3441
7738 3 604 2646 9351
7739 3 3902 7142 3135
7740 4 6632 6237 4246 8710
7741 8 2510 8289 935 9683 1015 7034 1745 1936
7742 6 5530 5186 7330 8943 8621 1075
7743 4 6696 6109 71 3087
7744 4 6302 157 7 4540
7745 5 4973 8372 1174 9332 5436
7746 3 7031 9080 7341
7747 5 7261 1911 9670 3376 4842
7748 5 1251 7932 9575 8900 4888
7749 3 2812 8354 7136
7750 5 1955 5405 8160 3195 5078
7751 4 5173 6749 1416 9574
7752 6 2100 753 7876 8028 7998 9792
7753 4 5223 8957 8049 2109
7754 5 4206 6735 9881 8531 865
7755 6 6547 7703 9015 6837 9362 2348
7756 4 2248 4095 425 8389
7757 4 4819 3273 6986 4788
7758 4 5869 2240 167 9932
7759 6 7261 6378 9641 4679 2675 4935
7760 5 6376 8741 9957 5023 9589
7761 6 5036 3468 476 8387 3442 4006
7762 5 2965 2427 4098 9312 1173
7763 6 5602 9726 4487 5630 2826 4672
7764 2 5739 7902
7765 5 6289 7862 4268 8018 6702
7766 4 1917 9784 7906 6615
7767 5 7580 8501 6745 6165 4305
7768 9 6784 8314 8977 595 6442 4372 8609 9258 6905
7769 8 5908 7949 8665 9427 9385 4750 2387 8550
7770 2 3038 5178
7771 3 5455 6883 1541
7772 2 7470 5168
7773 4 3311 8115 7820 6660
7774 7 5120 482 1547 1459 7534 7518 6965
7775 4 3529 7225 3368 8140
7776 1 1473
7777 8 5727 2790 6961 1162 348 8505 564 3143
7778 3 3418 397 169
7779 2 5522 5768
7780 5 3934 8098 8693 9227 677
7781 5 1985 7934 9066 2320 5631
7782 3 2052 7687 3560
7783 1 7602
7784 7 5520 6931 5380 3266 8729 2482 7950
7785 4 6755 4033 6036 3121
7786 6 4417 8206 3563 6427 1142 9123
7787 5 2947 7843 3508 942 5574
7788 6 3549 8354 6081 2675 4744 614
7789 4 2648 276 3463 3272
7790 7 3780 8773 7549 8834 3727 2446 7245
7791 5 4232 1526 528 6743 9509
7792 6 4204 4089 8801 4587 7238 4250
7793 5 4302 8324 6982 7568 278
7794 6 4959 4516 1693 2393 7511 904
7795 3 3179 8882 5167
7796 3 6581 5344 9362
7797 4 840 4037 4371 1527
7798 2 683 6175
7799 6 7062 3847 7018 151 191 7396
7800 3 2163 2645 898
7801 8 17 8469 2493 537 8176 5517 3193 3675
7802 4 643 2916 5651 6645
7803 5 1986 9631 3045 6018 9477
7804 3 7317 6686 4130
7805 7 7687 2734 5724 961 8941 2891 4006
7806 4 6976 2557 8032 7594
7807 5 1447 6285 5557 136 1907
7808 3 117 9782 53
7809 4 3651 8840 8555 2427
7810 5 917 3183 2885 2863 416
7811 1 1318
7812 3 1169 9502 336
7813 8 5546 8010 6419 1045 895 8922 5399 5967
7814 3 1353 9190 5490
7815 3 3628 7304 8362
7816 6 5299 6498 601 1940 7458 2748
7817 6 2501 1240 9680 2345 8114 5413
7818 6 2825 8495 7162 2518 1005 9390
7819 3 2997 8086 1689
7820 5 1149 1163 7773 1075 8523
7821 6 4255 8989 36 5832 6587 3492
7822 6 3588 8105 4417 511 4898 681
7823 2 2672 3580
7824 4 1840 1346 9577 641
7825 2 2918 9263
7826 2 5308 2514
7827 3 2422 3987 97
7828 3 5196 9840 6463
7829 5 207 7966 5356 4354 2744
7830 5 1786 9008 7229 8256 6892
7831 5 1283 6482 6193 883 4604
7832 4 7258 7446 7245 798
7833 7 1018 9365 6320 993 3129 6992 9188
7834 3 3558 9080 4383
7835 8 6204 6191 9246 1731 5411 7029 762 7608
7836 4 5911 9037 5419 6806
7837 8 6793 2730 4609 7974 9439 7400 2412 6441
7838 3 7525 847 6173
7839 3 6954 8873 4404
7840 2 1781 2015
7841 3 1749 2034 4922
7842 6 320 6169 9838 2454 3306 7138
7843 4 7787 2334 1318 7006
7844 10 1854 8579 8773 9620 9737 3409 4455 875 1334 2720
7845 2 5203 5892
7846 4 2420 1451 2663 9295
7847 5 969 7113 3099 9294 1455
7848 6 292 4997 2361 1994 6580 963
7849 3 4366 8994 1259
7850 5 1699 3165 1371 2664 6913
7851 4 557 6924 6169 108
7852 6 2608 1519 6341 8784 1631 9216
7853 8 6938 3598 6045 9240 3832 3894 4371 6368
7854 2 902 7552
7855 4 1793 1923 6341 6539
7856 6 824 9783 2191 6350 2472 6625
7857 6 1844 9420 699 9994 5047 2997
7858 5 3822 3253 2682 5264 3755
7859 4 552 8198 4891 6889
7860 5 3786 8684 9524 3495 1682
7861 5 7016 8454 274 4226 3155
7862 4 7765 1904 8186 2677
7863 4 3662 2237 5070 3708
7864 6 1630 7635 4079 7181 4027 360
7865 3 6584 4903 4526
7866 6 6276 9867 8771 3533 105 2554
7867 5 5740 7500 8639 7938 1033
7868 5 3046 6116 9300 9726 1709
7869 7 885 9814 2774 7563 4075 5940 8030
7870 2 2998 4160
7871 3 5518 8800 4351
7872 4 492 5255 9663 658
7873 3 7604 8454 2581
7874 3 7444 8087 385
7875 5 5722 8167 9556 4387 6122
7876 6 5069 5690 6675 7752 4524 994
7877 3 4317 3975 7430
7878 2 2389 6908
7879 10 7282 141 3927 316 2856 2913 2767 6935 1873 2837
7880 2 376 3306
7881 4 1511 2962 3752 6430
7882 5 6023 3551 6202 5772 2379
7883 4 6211 9717 5665 8314
7884 4 4721 7513 638 5408
7885 5 3393 8414 9776 6402 5826
7886 4 5462 5900 3225 9387
7887 6 4848 7125 203 8772 6856 4848
7888 4 5264 9138 7190 3652
7889 6 874 4850 8640 5942 940 1061
7890 4 1127 8931 7458 9648
7891 3 3397 1373 1092
7892 4 2448 8762 3819 3652
7893 10 2751 8612 1981 1226 8251 3201 3112 4192 7654 825
7894 7 4003 2947 1821 9007 3063 5595 2454
7895 3 3490 3963 604
7896 4 4738 9350 1355 9858
7897 4 1769 7639 7685 7946
7898 4 6946 7135 7049 4472
7899 3 3388 6358 4468
7900 3 1116 4509 4736
7901 4 1773 4130 2364 4038
7902 1 7764
7903 4 6989 9136 5071 9370
7904 6 3807 8380 717 2097 6266 9506
7905 3 1185 5325 86
7906 5 4255 313 5648 7766 4127
7907 4 6470 8440 8916 3701
7908 8 3509 1312 6605 1431 6987 3811 2847 6955
7909 5 2188 7979 9601 3091 4761
7910 7 1491 9637 7447 192 1478 9290 4400
7911 4 3150 3024 983 3273
7912 2 5767 6732
7913 6 2230 5774 5554 8031 5791 6728
7914 4 1521 3789 609 2905
7915 4 3177 3672 3611 3109
7916 6 7225 9963 2500 2970 4677 4635
7917 7 2891 9590 4354 7198 9100 4524 4007
7918 4 1093 2020 5416 892
7919 3 7675 8400 7278
7920 2 1584 9918
7921 1 3551
7922 6 243 9865 5457 8446 3296 5151
7923 7 3341 9653 3538 625 7588 9619 1887
7924 7 3319 3751 9952 9329 1080 6807 5744
7925 4 6862 5481 8341 3660
7926 4 4634 772 6372 1514
7927 5 4184 7545 4162 1805 6215
7928 4 5093 7367 4822 4866
7929 8 6772 9569 5595 2334 9622 1298 245 1068
7930 2 5279 6309
7931 2 2229 9187
7932 5 7748 5638 77 439 3028
7933 8 6070 8375 5605 1 8257 4195 9223 2238
7934 4 7781 7570 8319 5570
7935 9 2644 9907 5666 4649 1965 3702 6004 6206 7644
7936 9 337 2345 5357 2000 3400 6256 939 6087 4925
7937 6 7384 8572 6079 6088 5037 2890
7938 6 4225 6643 1076 8878 7867 9098
7939 2 341 358
7940 4 2960 2865 1543 2176
7941 6 6381 5252 9341 4670 1810 5395
7942 2 6666 4938
7943 6 4313 9744 2090 9886 3553 5746
7944 3 227 764 1844
7945 7 3024 8039 5911 421 886 6862 8351
7946 7 6131 6499 2837 7983 8431 764 7897
7947 4 6611 8207 2873 2343
7948 2 5893 7557
7949 3 7769 8788 437
7950 7 6648 8340 2763 8975 1304 3987 7784
7951 3 4817 4719 35
7952 4 2762 856 2336 8478
7953 3 3332 8164 1493
7954 4 267 5132 4927 3303
7955 5 6875 9026 9927 5598 6619
7956 4 5313 2822 2437 9971
7957 3 4141 9261 5750
7958 3 6166 3965 4120
7959 8 6101 7146 3956 3640 3868 6670 9487 2332
7960 3 2623 4572 4730
7961 8 785 4554 8264 4633 2318 9728 6950 2437
7962 7 1062 7730 2628 3596 6398 4316 5279
7963 7 7686 9345 7130 7552 6132 6876 1291
7964 3 736 4296 8057
7965 7 2546 2144 4132 9005 8836 283 6988
7966 5 7829 4034 5488 3 7383
7967 2 2548 5268
7968 2 6520 5305
7969 6 1413 8134 1730 2871 4189 7262
7970 6 4643 8695 9001 5301 1859 2594
7971 4 754 3523 6943 5136
7972 3 2933 534 834
7973 4 4515 9583 3511 5625
7974 6 263 8826 7837 1673 8546 3686
7975 3 6483 4500 8888
7976 6 4756 1743 4840 6164 5854 6457
7977 3 3199 5260 506
7978 4 3725 9466 720 2042
7979 6 6300 7500 2399 7909 1850 1761
7980 4 6146 6598 305 9316
7981 6 1432 9295 9444 4854 7226 1164
7982 3 2337 3386 8921
7983 6 3889 5137 7946 3145 7258 2275
7984 5 5065 5410 6346 7122 8935
7985 1 492
7986 7 5132 8111 4043 2249 6743 1189 4155
7987 2 4937 222
7988 2 6663 1677
7989 3 1670 2779 5838
7990 1 2605
7991 2 1848 9878
7992 1 663
7993 3 1335 7358 457
7994 3 5475 5581 8275
7995 3 949 5587 7350
7996 2 5331 8652
7997 1 791
7998 7 6780 8631 1308 7549 7752 5481 4360
7999 4 3194 3196 6200 5736
8000 5 7630 3288 144 7170 4829
8001 5 1589 3928 918 2715 8117
8002 3 4745 9071 9724
8003 4 3038 9966 3387 6320
8004 4 3917 9711 3711 9334
8005 5 4107 3627 4826 2878 3908
8006 3 3993 9444 439
8007 5 5710 8209 9035 6806 1011
8008 3 2886 840 5213
8009 4 2465 8390 8658 6127
8010 5 6511 1370 7813 8508 9950
8011 4 818 7628 9774 5318
8012 1 2506
8013 6 1127 5140 2390 4374 3909 2550
8014 5 7255 7545 3450 9349 1897
8015 8 7359 7290 7046 3209 947 5586 3829 8412
8016 4 6309 4750 8687 897
8017 4 1329 9030 3029 3603
8018 8 400 9048 2839 8113 389 7765 9967 9497
8019 3 3685 4341 7409
8020 5 7300 8983 457 809 9291
8021 3 66 491 681
8022 2 2369 2524
8023 1 5082
8024 9 4628 3482 3229 3052 462 458 4791 3340 9860
8025 5 5526 872 3827 2751 3837
8026 5 278 9523 406 5744 2034
8027 7 4648 9211 7513 1863 9069 1444 1642
8028 6 119 9074 7752 4235 5363 1821
8029 2 1420 9232
8030 5 5566 1883 7869 6942 877
8031 5 4043 7465 7913 3863 3434
8032 3 6414 2492 7806
8033 2 1695 2097
8034 5 2050 5864 8286 3328 4786
8035 4 3882 8611 7272 9112
8036 1 5143
8037 9 3623 9657 3895 6248 6462 1307 3096 6709 3400
8038 6 2036 8293 5116 6968 5592 1639
8039 6 3380 7945 5053 9707 2567 582
8040 10 372 9347 1333 1481 2086 108 1833 1129 3626 8762
8041 6 4847 9317 359 280 632 448
8042 3 7684 9060 260
8043 5 4816 9329 484 2951 9668
8044 3 3379 8171 1743
8045 6 7434 5835 5232 8924 1228 4443
8046 5 1871 2604 8578 3820 2041
8047 3 7120 5934 5929
8048 1 4414
8049 6 680 321 295 6099 7753 2694
8050 3 6344 9747 6946
8051 8 3133 1419 1060 6646 9826 834 2594 8761
8052 4 5023 9024 6919 5401
8053 6 3102 9549 3669 9400 3969 9466
8054 2 7652 1000
8055 6 6246 9242 1531 2373 6959 9960
8056 9 1073 1638 5898 6851 3185 6344 2268 8275 7128
8057 6 6568 9078 2459 8810 7964 2656
8058 4 4875 3602 1118 1191
8059 4 400 5999 4537 3481
8060 2 5698 7497
8061 6 6995 8453 6917 8761 3258 5912
8062 4 447 69 4414 5943
8063 3 3966 3819 7077
8064 6 4330 5672 2905 4371 8792 107
8065 6 2959 8585 3683 6121 1707 7084
8066 3 5566 1714 1163
8067 6 3271 3666 693 4655 8761 5410
8068 7 1932 3145 7087 5212 4264 4886 3726
8069 6 5558 8603 8869 6388 9337 8837
8070 4 949 9714 8407 1422
8071 3 5775 9641 370
8072 3 3429 8343 859
8073 5 1476 8998 469 3944 8579
8074 6 1059 2210 1149 2110 4616 6876
8075 3 2870 8556 4809
8076 2 6209 1720
8077 3 7132 8732 6652
8078 10 1058 8595 3814 1632 9178 3889 4828 2372 9260 3713
8079 3 2693 8633 1854
8080 6 3052 4733 8178 2479 7001 1405
8081 3 5358 8842 6702
8082 3 2674 5023 8376
8083 3 5124 8603 2224
8084 3 4039 2287 1669
8085 4 88 2234 4624 3078
8086 7 3098 8148 7411 903 7819 9408 7012
8087 3 7874 5617 7190
8088 2 5770 2243
8089 8 2762 1838 8572 6602 2952 7117 1729 1546
8090 3 1219 3844 22
8091 8 1269 7253 7019 460 9016 6642 208 8223
8092 4 2443 6447 4382 570
8093 4 4311 6192 6159 197
8094 4 5012 556 4813 9162
8095 2 3081 1807
8096 6 6058 3465 148 3 9473 345
8097 3 1346 5124 2093
8098 5 7780 9382 7471 2012 3426
8099 6 6283 8748 5915 6740 9060 490
8100 4 6307 4267 7693 4387
8101 5 1949 1624 4616 5705 6422
8102 5 1283 8433 2201 5800 9864
8103 2 1013 6545
8104 5 451 9988 2504 3309 830
8105 7 1568 7822 9451 2222 29 6752 692
8106 3 2809 6603 8201
8107 1 5921
8108 5 2413 8912 8980 9000 4710
8109 3 4805 8479 1293
8110 2 2703 959
8111 2 2003 7986
8112 5 2945 8134 7298 3029 2499
8113 4 5396 78 8018 8760
8114 5 4953 3385 7817 8648 606
8115 4 7773 7069 3412 6382
8116 2 1236 7626
8117 5 4973 8264 2096 9560 8001
8118 4 2551 5323 1656 2425
8119 2 4065 2183
8120 4 1812 3550 5331 7162
8121 3 176 2345 356
8122 2 1609 8157
8123 8 3847 501 6221 6088 9957 698 5778 4290
8124 6 6130 4274 5307 3935 9966 3319
8125 4 6453 3650 7465 458
8126 3 2560 6788 6137
8127 6 7183 3084 3050 4011 4355 6856
8128 2 3113 5092
8129 2 6128 255
8130 1 3897
8131 3 5862 6610 2238
8132 5 5394 5133 477 7446 6112
8133 3 3865 8236 6031
8134 3 7969 8112 6048
8135 3 3818 3629 5122
8136 4 6628 8997 7183 6666
8137 2 4034 558
8138 4 6921 8767 8193 8977
8139 3 856 6798 1398
8140 5 1265 6510 8240 7775 1102
8141 3 4596 3256 4643
8142 4 2165 3192 6170 6248
8143 4 509 3598 2688 1144
8144 5 6345 1792 662 1973 9616
8145 5 7597 1008 1420 7310 1243
8146 2 4212 5451
8147 2 5238 6762
8148 6 8086 2898 4125 6347 9076 6306
8149 7 2783 4282 3463 3738 8745 3678 719
8150 6 4442 2645 8277 4306 8295 3509
8151 4 1187 126 8875 4176
8152 4 3197 1549 5707 536
8153 3 6680 7409 3376
8154 6 3116 8530 4746 2426 6059 5318
8155 3 1560 8525 9774
8156 4 3505 2465 2850 5812
8157 7 8122 6764 7043 259 1999 2470 5613
8158 2 5081 3563
8159 4 4415 6579 6287 1141
8160 2 213 7750
8161 4 6509 6700 8429 8492
8162 3 5104 9798 4141
8163 6 5806 3523 3687 5476 6584 7411
8164 1 7953
8165 3 4142 8407 723
8166 4 5212 4886 7337 7708
8167 7 6216 9344 5606 6130 7875 2416 9853
8168 6 1850 743 3595 6658 2383 2285
8169 3 61 1386 5376
8170 3 7317 9802 7255
8171 2 1063 8044
8172 4 4508 1671 5087 5024
8173 9 1349 6009 6740 6412 9944 1652 61 318 5508
8174 4 6543 5438 4438 1726
8175 4 6247 9658 1733 4066
8176 4 2997 1049 4299 7801
8177 3 1883 4410 6441
8178 8 6650 9820 1641 8080 4255 6286 2076 3495
8179 6 5008 2225 8565 7059 8911 6987
8180 2 3479 6763
8181 4 6206 7735 7142 9734
8182 4 4927 2796 6771 727
8183 5 1859 5993 1160 5272 6032
8184 4 4977 9590 1671 6918
8185 6 2019 9755 7524 3996 4576 5538
8186 5 131 7862 5059 9434 4336
8187 2 424 1849
8188 5 2037 5285 2919 1876 154
8189 4 4191 2309 6531 5368
8190 3 2823 6780 9448
8191 4 5884 6516 1331 9001
8192 6 6549 9309 2699 2394 1387 4882
8193 5 4480 8138 9234 6636 2570
8194 2 965 4286
8195 5 7156 1984 3187 2751 9761
8196 3 2817 4184 1445
8197 4 2577 9794 6994 6272
8198 5 508 6200 2960 7859 6376
8199 4 3138 8719 4204 999
8200 5 2024 2496 964 5656 896
8201 5 5100 1005 9522 8106 6813
8202 4 1819 7372 4593 9536
8203 5 6118 8822 56 2932 5734
8204 5 6613 8234 9171 4479 205
8205 4 5400 7476 9711 5832
8206 2 7786 6393
8207 5 4151 1555 7947 703 2732
8208 2 1139 2537
8209 2 8007 5081
8210 4 3816 4558 2090 937
8211 2 5454 9366
8212 7 1047 8694 5597 4478 580 1175 6511
8213 6 4569 2847 5439 2503 8587 1327
8214 5 5896 5406 9194 8451 1188
8215 2 1490 7699
8216 2 6785 9486
8217 4 1553 8933 1690 5551
8218 4 1010 9841 3525 9590
8219 9 5921 9492 1203 2554 3139 5278 9472 2581 757
8220 8 3988 591 8756 7199 2775 4966 8356 7377
8221 3 96 7290 5299
8222 5 5160 2608 1790 5339 524
8223 4 7000 4088 5437 8091
8224 4 4097 4058 4146 3559
8225 4 4313 9085 3132 7724
8226 4 4580 1943 8442 8853
8227 7 83 9986 3028 9808 1488 6025 4232
8228 5 1700 6488 1014 2130 1711
8229 7 6941 3875 5230 202 1408 9226 8579
8230 9 7023 3584 7673 7324 3597 9246 3562 6254 9057
8231 6 4387 3851 4756 2671 2500 6057
8232 4 3182 9931 775 5231
8233 1 2400
8234 8 18 9158 8204 5929 5605 9493 554 1784
8235 3 5146 1780 4692
8236 5 8133 8446 2328 4617 7678
8237 6 7332 3092 3938 1880 6178 9349
8238 7 4250 3873 8838 755 2314 9292 1638
8239 6 288 8338 1587 6863 266 4071
8240 5 2992 7354 6167 8140 111
8241 6 5701 9702 8282 1711 4327 3588
8242 1 2645
8243 4 1667 3223 360 8280
8244 5 2407 9625 4372 8325 136
8245 3 6314 6549 7000
8246 4 6848 7195 2028 4041
8247 5 2209 9588 8945 8766 4872
8248 3 3638 3504 3985
8249 5 3506 5880 7636 8377 9228
8250 4 2397 8736 513 70
8251 2 423 7893
8252 4 2735 9415 8694 535
8253 3 3203 9936 27
8254 5 6765 9126 6553 3638 132
8255 1 1417
8256 8 7424 433 6653 7175 3168 821 6449 7830
8257 5 4766 9848 7933 6978 635
8258 3 1200 2463 366
8259 8 461 8767 6261 1341 8575 3164 2169 5135
8260 4 7391 4492 4204 3243
8261 3 7357 8298 1772
8262 3 1852 7037 8450
8263 4 5129 3349 2312 2737
8264 6 8117 6469 7961 1731 3944 3628
8265 2 1403 3314
8266 8 2174 8645 3240 5689 2563 9262 2404 5763
8267 4 1373 2836 8620 4241
8268 4 1752 6393 2737 5560
8269 1 6806
8270 6 6251 9645 9382 1760 5307 3216
8271 7 7114 2739 3836 3649 5785 2809 6054
8272 5 2625 8654 266 2164 1266
8273 2 931 7358
8274 2 1098 5910
8275 4 4968 7994 8056 4129
8276 5 3518 2405 5897 6921 6141
8277 4 1066 8150 316 4062
8278 4 418 7059 6277 3053
8279 7 1189 9102 5092 7668 4125 1450 7251
8280 5 2415 8312 7315 8243 2790
8281 2 5733 1785
8282 4 1039 8241 3765 6155
8283 4 1960 9710 628 4360
8284 4 4110 3447 4310 7698
8285 5 6329 9157 2984 4076 0
8286 6 1014 8034 5500 4507 6699 2807
8287 4 584 3115 3088 6066
8288 4 1741 7338 347 3385
8289 4 7741 8941 7500 3846
8290 5 655 9253 5104 6057 8640
8291 5 4860 4693 6688 7706 5842
8292 1 1640
8293 4 8038 7351 3328 6673
8294 3 5837 2849 6045
8295 5 6568 9046 2501 8150 919
8296 3 4900 9067 4433
8297 3 2000 9982 4292
8298 5 3712 9129 8261 344 9584
8299 3 2299 9909 9593
8300 3 2486 1825 7498
8301 6 520 228 3186 7707 7631 5823
8302 3 3887 4718 3835
8303 6 3651 665 423 2035 5789 5628
8304 6 4415 9218 5386 5225 7309 8368
8305 4 7386 2734 8363 9644
8306 2 5376 4708
8307 4 3128 2572 984 2808
8308 5 3630 9856 6392 9280 2683
8309 2 5772 7578
8310 4 3211 8543 6204 9233
8311 1 411
8312 5 8280 8775 9903 5535 9877
8313 1 5803
8314 3 7768 4104 7883
8315 3 559 9730 4643
8316 4 5917 1226 2365 6284
8317 2 888 9521
8318 5 2985 8678 9317 825 1833
8319 7 5975 9070 9664 7934 1204 8661 2282
8320 6 3713 6153 6535 2159 6641 1325
8321 3 5855 5248 1644
8322 3 1015 3369 2351
8323 7 2400 4714 4259 1303 3337 9659 2321
8324 7 7518 5763 7793 3102 2888 6998 5697
8325 11 3726 7346 4623 2419 24 8816 7257 8412 8244 5599 2395
8326 2 2738 7160
8327 3 960 4019 7173
8328 8 6952 2671 3739 2993 1278 9124 9338 2345
8329 4 4315 8666 8912 8537
8330 7 827 5840 4767 2717 3165 4330 2283
8331 6 5614 6227 4074 3189 5995 144
8332 5 5743 7569 7592 7369 8848
8333 5 4416 9931 391 2552 7453
8334 6 2097 5052 2800 1428 7669 7160
8335 3 3329 2936 6719
8336 3 3739 9082 7643
8337 3 3281 2015 4095
8338 3 8239 5857 9809
8339 2 2378 2155
8340 4 7950 9355 72 4540
8341 4 6022 3074 7925 6817
8342 3 4913 2740 4607
8343 3 1952 8072 2426
8344 6 3451 8971 9640 4600 7374 4730
8345 3 3210 3583 7132
8346 7 4930 5707 5881 3886 4272 9098 2012
8347 8 6303 3262 5598 5737 4862 5599 2042 8893
8348 3 6260 6586 1810
8349 4 1373 5743 1049 6799
8350 5 930 9301 5892 956 3983
8351 4 5197 9414 2578 7945
8352 3 3211 4457 3164
8353 7 6781 8562 9796 2438 9850 8361 5908
8354 2 7788 7749
8355 5 2084 6 8846 4125 1785
8356 6 250 9528 8940 8220 6209 2005
8357 4 5329 9398 6237 627
8358 3 4739 5807 6426
8359 6 6606 2470 4536 5530 9900 3321
8360 3 3145 695 5062
8361 5 4468 7330 7126 7719 8353
8362 7 4945 7815 1992 597 500 8451 6840
8363 4 5937 9925 8305 4005
8364 2 1563 6596
8365 6 3713 3487 8 9507 7577 4673
8366 3 4592 505 4166
8367 3 4639 7301 2228
8368 3 248 2990 8304
8369 2 2163 1515
8370 4 2256 8393 7657 1222
8371 5 1912 8566 1581 1302 1043
8372 5 7745 8897 631 9624 7586
8373 5 1364 4804 47 2857 4949
8374 3 6763 4229 5034
8375 4 7933 1240 3221 8720
8376 5 6181 8474 8082 3400 8618
8377 5 7109 6645 2237 8249 1536
8378 9 6370 5243 9290 9300 9416 299 9815 2102 5712
8379 4 5442 9934 7438 910
8380 4 7904 9957 1090 2588
8381 2 7091 9290
8382 3 2222 2755 2680
8383 7 5705 6615 4934 2943 4262 8433 4416
8384 2 3774 8962
8385 4 3754 9238 5163 5848
8386 1 4746
8387 5 4318 7761 8863 1260 2756
8388 2 3512 9086
8389 4 5062 3170 3402 7756
8390 7 6952 8009 1518 2930 6982 3624 4411
8391 7 7516 2162 7324 4124 493 9852 6468
8392 4 2304 4942 3863 4346
8393 5 8370 7700 9123 9416 5833
8394 3 2319 9080 6661
8395 6 6504 1066 2373 5474 1140 2916
8396 5 6503 2249 5177 502 9860
8397 7 1644 8841 8902 1764 88 8678 1334
8398 3 836 7271 4639
8399 4 5999 8597 4622 2217
8400 4 7919 9740 9890 3336
8401 2 7098 8641
8402 3 4227 5617 7465
8403 6 3815 9165 6375 1865 9259 4987
8404 2 4072 3583
8405 5 5701 9228 5643 3349 2088
8406 2 6894 7040
8407 6 6809 6081 8070 8165 4154 2676
8408 6 4351 2143 2128 2887 5883 5039
8409 6 5814 2867 8965 2644 7313 5434
8410 3 7318 9522 5163
8411 1 6973
8412 6 162 9693 1918 8325 9459 8015
8413 3 7562 4280 5595
8414 1 7885
8415 4 3740 8434 4678 2118
8416 5 7433 8685 4049 725 6045
8417 2 3615 9136
8418 9 3862 9183 9556 2659 5929 3464 9596 689 9430
8419 5 5412 8967 6244 8831 3682
8420 4 1974 9628 3898 3543
8421 5 2329 9215 448 572 883
8422 3 5550 1331 4474
8423 4 5074 7306 4540 9698
8424 5 305 4898 5949 4735 3839
8425 3 3446 2826 9946
8426 4 1149 1188 3518 4024
8427 2 2521 3105
8428 7 5178 3114 6281 4298 3707 3265 3590
8429 4 2745 9984 8161 82
8430 4 5710 9133 2796 8811
8431 4 5549 4757 6591 7946
8432 3 488 5210 9561
8433 5 5101 8494 8102 738 8383
8434 3 8415 8698 5779
8435 2 2875 971
8436 5 4364 569 4471 3660 1121
8437 6 4903 1196 508 1396 5846 6588
8438 2 6901 3463
8439 4 3155 9759 1413 3044
8440 4 7907 9450 5064 8633
8441 2 7105 843
8442 3 3560 5449 8226
8443 2 348 5420
8444 4 1695 9770 9198 3630
8445 4 5896 3656 2779 9188
8446 7 8236 9989 2214 7922 7696 922 5116
8447 7 5389 9180 2040 3090 4791 130 4064
8448 8 3024 8899 1405 8729 9031 5653 5774 2293
8449 5 1073 2440 5536 5905 2532
8450 6 4260 8505 6442 4101 5955 8262
8451 6 271 1383 6595 5325 8214 8362
8452 4 386 9452 4635 2703
8453 5 8061 1959 5649 815 2139
8454 5 7861 7873 5023 4662 4551
8455 4 1941 5065 5049 7419
8456 5 6346 7110 7478 4254 7626
8457 4 411 9228 4308 9297
8458 5 5309 9606 8930 4005 3796
8459 3 794 4175 6791
8460 4 3268 750 2678 8771
8461 5 634 62 3919 3717 9583
8462 7 3643 6102 9857 7412 784 4293 446
8463 4 2117 4684 310 1382
8464 3 6064 4923 8773
8465 2 4585 5672
8466 2 5035 7353
8467 3 6471 161 581
8468 3 5583 8626 3781
8469 9 7801 8702 8636 2792 1553 6750 4552 8475 9711
8470 5 4018 7490 623 9224 3708
8471 4 1561 6444 3156 1985
8472 1 3223
8473 4 861 7719 9640 7141
8474 8 3038 9794 8376 6566 4464 2467 9918 527
8475 7 7356 8511 9100 4476 1893 8469 683
8476 3 1158 5374 7403
8477 6 1618 254 4238 6822 9489 2507
8478 8 4228 3000 7952 252 6236 5449 1789 6383
8479 2 990 8109
8480 3 6173 1726 7518
8481 3 7405 4144 6560
8482 5 82 7333 1077 9721 3947
8483 2 3691 9900
8484 2 3419 4567
8485 3 4219 9716 8521
8486 5 2220 5457 5100 9229 9556
8487 2 2980 3619
8488 6 6657 9294 6288 6088 5532 6663
8489 4 6934 4408 8740 5436
8490 2 3016 407
8491 1 4815
8492 3 3318 8161 8899
8493 6 6274 9896 1074 3143 9917 8715
8494 5 2956 8433 54 2324 6108
8495 4 1830 9770 7818 2315
8496 4 3099 4572 6227 4438
8497 1 5480
8498 3 3534 1329 8586
8499 3 789 5966 7125
8500 5 2719 2465 1088 3689 2462
8501 3 5882 7767 6912
8502 3 4862 6864 7512
8503 5 3565 8747 7174 1893 2383
8504 6 74 4606 2639 2187 1842 3485
8505 5 8450 9083 2347 7777 3755
8506 5 6544 6465 1268 6633 1076
8507 1 4871
8508 4 4820 6837 8953 8010
8509 2 4624 5648
8510 3 3908 9119 5176
8511 7 8475 4413 6915 1355 6306 7656 2359
8512 2 454 749
8513 4 4774 5058 9521 1652
8514 4 6002 2108 9205 4165
8515 2 567 2580
8516 5 5765 1468 9432 318 8901
8517 3 7524 5448 9303
8518 5 3389 5251 2486 7702 854
8519 4 4379 7278 2035 4271
8520 4 1192 3973 3903 1765
8521 3 5373 2697 8485
8522 6 5848 3897 9843 2660 9653 5713
8523 2 801 7820
8524 8 6379 9049 3617 611 1627 5893 2089 6194
8525 8 548 1080 8155 3714 718 315 9987 9661
8526 3 419 3903 6422
8527 5 5015 2019 4293 7455 2644
8528 2 7079 5726
8529 4 6975 7573 4000 7394
8530 4 5770 8154 9417 8631
8531 3 2925 5383 7754
8532 5 474 9275 534 6605 950
8533 2 2550 365
8534 2 3348 5628
8535 5 1989 2905 4445 2074 8644
8536 3 4068 9306 9421
8537 4 4166 219 8329 2234
8538 7 3323 3871 5323 5683 3405 5987 2020
8539 7 3638 6379 249 3170 4285 2323 7302
8540 3 1396 3255 7101
8541 3 7192 8618 4996
8542 7 122 1757 6340 989 4624 3428 7662
8543 3 8310 5109 4386
8544 6 7601 493 3795 9260 4609 6184
8545 3 6134 9437 7149
8546 6 2987 9062 5407 7974 1694 6273
8547 4 4834 9187 3422 6003
8548 2 4836 53
8549 5 2690 3507 9544 6528 3678
8550 2 3574 7769
8551 1 2298
8552 4 7583 2049 6404 5393
8553 2 7524 6040
8554 5 285 5701 9773 1456 8801
8555 4 1139 7809 2106 3554
8556 5 4758 8075 2159 7564 2763
8557 1 1085
8558 4 5825 1878 2182 4896
8559 6 6847 4242 6274 5488 4188 1854
8560 7 4956 9184 9008 853 2932 6675 7221
8561 4 1322 5149 2032 6710
8562 3 4015 8353 2057
8563 2 3837 4286
8564 3 5687 450 929
8565 3 1483 7634 8179
8566 4 8371 9872 2164 4468
8567 4 211 3512 7333 5890
8568 3 2242 6023 4727
8569 4 3990 5990 341 9524
8570 6 3525 4296 2802 6426 3557 2139
8571 4 5248 4203 94 2066
8572 3 3345 8089 7937
8573 6 5089 487 6064 5492 8923 3304
8574 3 6210 6919 8659
8575 3 4601 8259 685
8576 3 6839 1112 7642
8577 4 3471 5269 7418 3433
8578 5 190 9658 8046 2621 4708
8579 4 7844 8073 8229 2483
8580 5 1024 6792 2238 3933 2344
8581 2 2362 1105
8582 4 662 6438 3393 8759
8583 3 7262 308 1833
8584 4 3619 1748 3696 5437
8585 4 1375 8065 1759 3587
8586 4 4672 9048 1168 8498
8587 2 3619 8213
8588 2 6901 2505
8589 4 1607 8768 3026 7152
8590 5 1527 1593 1041 4287 2040
8591 4 6981 9983 999 5620
8592 5 5106 9478 5494 1031 1556
8593 4 4606 9471 4112 3350
8594 8 4143 5009 6711 362 7637 2356 3561 1836
8595 2 8078 731
8596 4 6941 3763 2907 4336
8597 3 4900 5322 8399
8598 2 3928 7392
8599 6 1723 6850 6429 4872 4584 9686
8600 6 900 4402 922 803 6426 1093
8601 1 1160
8602 4 4417 5331 9474 1420
8603 6 8069 2522 6037 8083 3094 6930
8604 2 4539 5870
8605 5 5735 3267 3549 333 3177
8606 5 5155 6755 129 92 64
8607 3 3231 8681 1783
8608 4 4381 5152 2560 787
8609 3 2119 7768 3016
8610 3 199 8938 710
8611 4 8035 9202 2647 4625
8612 1 7893
8613 2 1761 6505
8614 1 4081
8615 5 333 8727 8852 2578 7569
8616 3 5387 7537 4455
8617 5 1619 2963 5923 5895 4187
8618 9 8541 4475 773 8376 6745 6962 1404 5039 2214
8619 4 291 3353 5299 4043
8620 8 3085 4229 9945 1093 5683 8267 9756 9935
8621 4 4890 7742 17 1030
8622 2 6834 3779
8623 5 2972 754 7165 2558 3137
8624 2 6388 9428
8625 6 7337 6270 9525 6228 4454 6087
8626 4 8468 3158 2741 2601
8627 3 7380 6753 493
8628 6 1260 9163 3612 1215 6476 5444
8629 3 5040 6481 9739
8630 3 3793 1181 5686
8631 3 7998 643 8530
8632 4 5425 96 2719 5113
8633 7 1846 6775 8079 3146 2843 8440 537
8634 3 5272 7657 7679
8635 5 6727 1283 5912 3502 829
8636 3 7353 8813 8469
8637 6 3548 1854 3642 8779 6521 4131
8638 4 7317 688 6179 3043
8639 5 1430 7867 851 8748 4804
8640 5 3872 3460 6103 7889 8290
8641 5 2431 280 8401 233 1962
8642 2 1711 7604
8643 4 3738 9404 2972 9954
8644 5 7622 2809 6909 3672 8535
8645 3 3237 8266 297
8646 5 43 9211 5587 975 2135
8647 3 3404 9783 6288
8648 3 7165 1482 8114
8649 5 3580 4274 4775 4945 1563
8650 2 2796 1351
8651 5 3415 7386 1614 6737 5370
8652 5 2583 5426 1437 7996 9293
8653 5 7614 598 9705 4389 4900
8654 5 8272 1399 1589 6661 7037
8655 4 7509 7426 3251 5400
8656 6 4278 2954 6682 5697 6238 6077
8657 7 406 2395 5128 18 4373 5417 5912
8658 5 941 9947 6758 8009 4767
8659 8 4649 2568 5088 9663 8802 8574 3262 5824
8660 4 2137 5388 7266 2305
8661 3 6252 5821 8319
8662 2 4368 9832
8663 7 6567 1411 6698 4047 280 9309 51
8664 4 5696 2300 8884 7263
8665 2 7769 6917
8666 3 8329 8874 3665
8667 1 7315
8668 3 4709 329 1033
8669 3 6638 4387 6909
8670 7 2588 6405 3330 55 593 7493 6284
8671 3 7025 852 617
8672 3 6672 9063 649
8673 4 6791 7004 5222 1514
8674 2 4575 3867
8675 2 7382 9979
8676 3 4743 7377 9926
8677 4 1108 1737 5460 5120
8678 11 1050 8318 9176 5470 9957 361 8397 1443 8898 7192 7270
8679 4 5084 9385 357 3027
8680 3 416 922 8884
8681 6 4647 8728 9430 8607 701 7508
8682 2 7518 9714
8683 4 1534 9458 7598 9494
8684 7 4683 8867 7860 6973 674 1234 7003
8685 3 4202 3855 8416
8686 5 6133 2941 6076 4421 2152
8687 5 976 9400 9685 8016 5723
8688 7 6428 1060 9174 6493 9555 8800 1887
8689 4 2456 7558 6636 2347
8690 3 5753 5582 9293
8691 2 1052 6618
8692 5 2845 9362 1384 6545 7291
8693 5 4508 9153 9811 9865 7780
8694 4 8212 8252 6810 3829
8695 4 7970 2626 9694 35
8696 4 3145 7624 9187 4652
8697 5 2189 9406 9435 7458 5432
8698 3 1829 8434 144
8699 6 6885 9668 301 1061 4285 5256
8700 4 2551 466 6747 9230
8701 3 1135 5893 2322
8702 3 8469 3322 4681
8703 3 7332 3590 2722
8704 4 4377 5083 9666 3989
8705 3 1566 2352 6660
8706 4 5005 9920 7427 4305
8707 2 347 7029
8708 3 2471 979 4980
8709 3 2189 9817 9414
8710 3 4661 7050 7740
8711 7 683 1595 7179 6126 361 3874 7118
8712 1 4499
8713 3 4314 7088 1980
8714 5 4430 6803 7390 7084 1701
8715 5 1851 9800 3923 3752 8493
8716 4 4424 9681 6642 9580
8717 2 397 3757
8718 2 1947 4958
8719 6 3962 9170 8199 6930 63 5550
8720 3 3974 9258 8375
8721 4 2935 5149 1045 6994
8722 4 5069 2584 3964 4169
8723 2 5013 5451
8724 2 6233 5822
8725 2 1814 1741
8726 4 7695 9412 6719 1799
8727 3 8615 5442 9036
8728 6 8681 9314 9431 3108 9531 1710
8729 7 331 1384 6191 8448 5970 4266 7784
8730 3 1652 9181 9761
8731 5 6958 5192 360 5827 9912
8732 6 4872 8077 4336 2645 2681 1672
8733 4 4427 9176 4487 4311
8734 3 4485 1113 5304
8735 3 25 932 2921
8736 4 8250 8815 4344 7014
8737 4 5178 5541 5306 6580
8738 3 743 2923 6555
8739 4 6028 7545 5030 4154
8740 5 2850 370 75 8489 4036
8741 4 7760 7080 4038 1937
8742 5 1541 7255 5878 1743 6733
8743 4 4664 7269 1690 4561
8744 4 453 4963 4447 1228
8745 5 1109 8149 1211 3141 2217
8746 3 1146 7463 3831
8747 5 8503 9417 6132 1104 3792
8748 4 8099 8639 405 3088
8749 4 4668 2388 572 5594
8750 3 3096 2874 4427
8751 2 206 2728
8752 5 2089 5653 3103 4037 6298
8753 7 2804 9395 2711 6539 3232 3645 3764
8754 2 1553 7057
8755 3 7080 2632 5425
8756 7 4620 3445 8220 3025 2916 5869 3069
8757 5 3159 4332 1891 9062 178
8758 5 4210 8797 1654 618 887
8759 5 4428 6572 3473 3574 8582
8760 6 7453 8937 8993 2093 8113 4250
8761 5 816 8061 8051 5606 8067
8762 6 3115 7892 2883 8040 6099 1040
8763 6 6384 8981 5875 3386 2874 4951
8764 3 3446 2709 5872
8765 2 7405 1263
8766 3 5365 8247 6321
8767 4 8259 8138 776 3656
8768 4 7139 5889 8589 3067
8769 3 5494 2875 4831
8770 5 7082 4819 7585 9779 9170
8771 7 1831 2083 7064 7866 2017 7290 8460
8772 6 5602 89 5971 7887 1109 9812
8773 5 7844 7790 834 6260 8464
8774 3 1395 5013 6857
8775 2 8312 9471
8776 6 7267 9024 9909 4638 6237 5476
8777 5 140 4163 4752 7616 6525
8778 6 5444 1070 2623 6234 2062 9074
8779 2 2796 8637
8780 4 5489 2287 9164 3414
8781 5 6393 9095 9581 887 3232
8782 6 1200 6081 3340 7181 3699 2405
8783 5 2975 5023 1291 3945 1193
8784 7 5731 4062 3446 2385 9085 7852 292
8785 4 3795 9122 5995 239
8786 2 2377 7222
8787 3 5280 7630 4712
8788 5 7949 3088 9036 3683 9984
8789 2 4472 9532
8790 5 1783 3705 448 993 1888
8791 6 5688 8802 181 3527 3618 2202
8792 4 6748 2617 8064 6915
8793 3 766 7203 641
8794 4 2411 2020 9323 6930
8795 5 6290 5283 2050 8899 4551
8796 2 5947 6501
8797 3 8758 6222 6171
8798 3 4280 5378 3666
8799 3 3446 2291 6562
8800 4 2994 6443 7871 8688
8801 5 2375 7792 1774 8554 5559
8802 4 8791 7511 8659 8840
8803 4 1566 6690 6580 1361
8804 4 6722 5366 3876 2667
8805 4 6434 47 7391 7012
8806 2 3374 865
8807 2 504 4232
8808 3 59 4206 1906
8809 7 4313 5102 7605 4345 1821 5930 4016
8810 4 1519 8057 3698 5305
8811 5 3842 3800 4791 8430 3875
8812 8 3908 6728 3428 5876 2123 3541 629 687
8813 3 5845 8636 4622
8814 5 5655 7270 1060 5640 3587
8815 2 8736 1175
8816 4 1785 1098 8325 4345
8817 3 1564 619 478
8818 1 4676
8819 5 6724 4888 6431 5471 1735
8820 2 3188 26
8821 3 3396 4927 6875
8822 1 8203
8823 6 6658 4792 6284 4619 3454 7558
8824 4 3605 1050 9526 793
8825 1 1452
8826 4 3315 9329 7974 924
8827 3 4089 9031 5868
8828 4 1815 7482 3593 6265
8829 4 5970 2879 6646 2769
8830 3 4176 7133 4475
8831 3 5093 8419 1900
8832 2 5496 2256
8833 4 110 9527 5027 1796
8834 3 3599 7790 6040
8835 3 7629 3732 2858
8836 3 5655 6313 7965
8837 6 5979 4169 8849 4065 8069 8912
8838 3 897 8238 6465
8839 4 3905 207 2831 5378
8840 3 7809 5408 8802
8841 3 8397 2142 354
8842 6 8081 5324 3941 4261 4251 7485
8843 4 3533 6127 4474 4595
8844 6 3147 8946 9793 9736 4172 1402
8845 6 6297 9342 444 5013 9468 5386
8846 8 5202 8355 5128 8893 2318 2620 2462 6141
8847 3 4059 5369 4009
8848 4 7597 3159 7246 8332
8849 2 5534 8837
8850 3 6143 798 9815
8851 5 2204 2492 9505 239 3460
8852 3 8615 5147 3777
8853 5 4559 3127 6234 1286 8226
8854 5 4861 9699 9410 937 264
8855 4 3139 5989 1058 6219
8856 4 2150 6386 9782 279
8857 5 4799 724 5451 725 275
8858 2 3165 3069
8859 5 7361 2997 7623 6231 6896
8860 7 3890 4612 5029 184 2528 9841 5724
8861 3 3286 922 5908
8862 3 6193 1250 6196
8863 2 6910 8387
8864 5 6827 4468 9668 6200 6196
8865 5 7246 8889 5990 128 766
8866 2 4336 9924
8867 1 8684
8868 1 2738
8869 3 8069 6722 4978
8870 4 7433 6497 6269 6117
8871 3 3980 9588 7106
8872 2 7699 305
8873 4 7839 9658 1980 2389
8874 3 8666 273 6390
8875 5 1694 553 8151 6733 9747
8876 4 1177 9152 5494 4352
8877 5 2393 2912 7239 26 2845
8878 5 3579 1383 7938 6764 4331
8879 2 5806 9760
8880 4 3027 6069 9122 7031
8881 2 605 9314
8882 7 7795 9941 9367 4165 4424 9151 5841
8883 2 3511 5691
8884 5 5099 4966 8680 9518 8664
8885 1 7195
8886 4 6261 9939 5656 7567
8887 2 3525 5911
8888 7 5505 4970 6656 1817 7975 6594 133
8889 3 6099 8865 5186
8890 5 694 5565 3203 2262 3906
8891 5 6492 37 3563 1983 4790
8892 3 2977 8986 5681
8893 6 7527 8846 2444 273 7282 8347
8894 2 4671 2853
8895 5 2904 7347 535 3745 9654
8896 4 6181 9363 2226 6332
8897 4 895 9044 8372 1783
8898 4 3847 3042 8678 6107
8899 8 8448 9340 5706 891 6170 8795 8492 782
8900 2 3509 7748
8901 3 7009 4110 8516
8902 4 1406 8397 7164 9395
8903 2 4206 4710
8904 3 2017 6717 7303
8905 5 4574 2082 4078 3810 6000
8906 3 5642 9199 2611
8907 6 332 5342 9023 3422 2197 3244
8908 8 7008 9263 3848 3811 9458 1746 9300 874
8909 3 4719 2422 4983
8910 3 5300 701 6984
8911 3 1691 8179 824
8912 7 8108 9107 8329 3187 4293 8837 4029
8913 4 1358 3435 5150 7575
8914 3 2071 3743 5954
8915 5 1423 7438 3590 9059 7491
8916 3 7186 7907 5186
8917 3 4097 2655 6404
8918 4 2282 7632 2359 4653
8919 6 6272 8953 9012 3692 5544 160
8920 3 274 6965 4382
8921 5 3518 934 2009 6292 7982
8922 4 2621 2533 7813 2392
8923 6 5358 9127 3292 8972 8573 5666
8924 6 2130 757 279 949 8045 7118
8925 2 4170 3478
8926 5 3433 3047 4536 2251 1205
8927 1 740
8928 5 1427 6472 4813 7667 6465
8929 3 91 142 5327
8930 4 1187 8458 1837 4361
8931 4 5718 9920 7890 342
8932 4 5004 5432 9850 391
8933 4 3760 4945 8217 9516
8934 2 394 7091
8935 4 4816 5902 9817 7984
8936 3 3237 3462 3558
8937 3 8760 396 5203
8938 6 1301 8610 7191 2376 4285 4357
8939 4 825 9557 1669 6301
8940 3 6512 8356 4464
8941 5 133 8289 4609 854 7805
8942 3 238 2766 5267
8943 5 7151 3899 2974 7742 1476
8944 2 6074 3029
8945 4 3423 1475 8247 3150
8946 4 8844 238 2661 1797
8947 4 2271 5614 4201 4999
8948 4 311 534 758 1743
8949 2 32 9338
8950 4 4599 6961 2584 1187
8951 3 991 5375 4382
8952 3 5098 9143 6201
8953 6 7631 8919 8508 871 2045 645
8954 2 2551 4709
8955 2 5395 4360
8956 5 2999 4504 4020 3081 1488
8957 6 2528 6277 7753 4697 9779 7651
8958 5 1950 6600 691 7048 2762
8959 2 1956 9578
8960 5 122 3643 3094 3219 887
8961 5 5673 5940 4657 7112 6731
8962 5 5061 6158 9739 4132 8384
8963 3 4337 4678 7426
8964 4 5892 3529 6086 1112
8965 4 5593 8409 6805 5018
8966 5 292 9568 1935 7649 9745
8967 2 8419 7582
8968 1 1038
8969 4 2655 9473 5700 1984
8970 1 76
8971 4 8344 9382 5421 1628
8972 8 4589 4905 6620 6974 4944 1164 8923 20
8973 5 1677 7136 2478 9025 5199
8974 8 3709 3422 1960 624 5133 6742 569 7196
8975 3 5322 5371 7950
8976 4 561 9543 9361 6181
8977 2 7768 8138
8978 4 32 5464 7319 2013
8979 2 5502 48
8980 7 8108 5834 7243 3694 7034 6179 1864
8981 4 8763 4105 7636 2339
8982 1 5126
8983 4 8020 1224 770 3133
8984 4 5356 3823 4716 5279
8985 6 5652 899 5295 6683 4423 1452
8986 6 8892 7607 5916 5736 5318 99
8987 3 3069 2132 3910
8988 3 2263 9181 3016
8989 5 6259 3713 5331 7821 5075
8990 3 106 7386 1925
8991 3 2708 4820 682
8992 3 3271 9980 5004
8993 2 8760 5218
8994 2 6164 7849
8995 3 2295 5690 1285
8996 4 1973 7069 196 2218
8997 1 8136
8998 2 8073 930
8999 4 7385 7451 6366 4951
9000 2 8108 1778
9001 3 7970 8191 5954
9002 4 3531 2946 329 2752
9003 2 2575 376
9004 4 1491 1324 5632 7537
9005 6 1293 2626 1787 3332 303 7965
9006 2 2400 1888
9007 3 813 1520 7894
9008 8 7070 7830 6407 5466 2093 8560 7306 7022
9009 3 20 4869 1338
9010 3 815 1445 5677
9011 3 7201 5416 4350
9012 3 1646 8919 4701
9013 4 5901 2779 723 6464
9014 4 3248 5646 5862 2089
9015 5 3501 7755 9677 7468 1527
9016 7 6219 7493 3208 8091 6809 1662 2527
9017 6 3924 1305 11 7577 4092 4368
9018 4 2176 6017 9904 6393
9019 5 5288 6552 7631 5765 6627
9020 3 296 9621 3800
9021 2 888 3693
9022 4 2582 6656 4125 9065
9023 5 6348 2508 458 4858 8907
9024 6 8052 4799 8776 4674 2886 9627
9025 3 1254 7007 8973
9026 2 7955 4479
9027 4 2393 4432 2060 4809
9028 5 6382 4074 1285 9354 277
9029 3 7600 6686 6486
9030 2 8017 239
9031 7 903 3880 2148 8827 5720 4253 8448
9032 2 2517 3431
9033 4 3804 9772 5192 6593
9034 4 5919 6799 3240 9203
9035 6 4543 8007 9713 4313 9685 906
9036 9 6202 8788 1209 2829 180 4485 8727 884 9555
9037 3 7836 1570 379
9038 5 7091 9555 9374 1919 5588
9039 5 2239 7721 3069 6687 3885
9040 4 3190 6151 9041 9697
9041 6 6187 178 5896 2995 9040 4144
9042 4 4471 6853 6399 6789
9043 4 7359 1986 717 7448
9044 5 8897 9050 449 9676 2507
9045 6 4000 9822 12 5731 5649 867
9046 6 4279 8295 7077 9428 1159 6038
9047 5 584 4237 4151 9628 4215
9048 4 8018 8586 1608 5461
9049 3 8524 2601 3310
9050 4 5651 1011 5651 9044
9051 3 3553 2908 3527
9052 3 6008 9663 3112
9053 5 7176 6929 7423 1569 1346
9054 1 858
9055 4 4977 6011 4787 5683
9056 3 2398 5342 1748
9057 6 4612 3148 646 2489 8230 5559
9058 4 3733 2761 4895 7697
9059 5 6576 9969 3513 9499 8915
9060 7 1938 3748 8042 4092 8099 1293 3615
9061 3 7136 64 9779
9062 4 8546 1719 8757 778
9063 4 1907 3755 8672 296
9064 4 3399 3647 4668 6665
9065 6 3879 9178 4249 2253 1694 9022
9066 4 7781 9591 9769 4999
9067 4 8296 3711 9844 7389
9068 4 923 4039 5133 4190
9069 3 3951 8027 93
9070 5 1412 8319 2395 100 7685
9071 7 2002 7364 8002 9861 1435 1780 1382
9072 2 7337 6995
9073 6 1190 4287 3173 454 900 3575
9074 5 3247 7036 8028 2482 8778
9075 4 6272 6615 7359 2703
9076 5 5393 9297 2690 8148 1647
9077 4 751 7707 1920 2686
9078 3 8057 3725 2806
9079 6 3148 7048 4286 7570 3646 7009
9080 6 3618 7834 8394 7746 6867 1598
9081 6 2918 9701 2329 4003 2423 5762
9082 6 6696 4354 8336 3245 193 5952
9083 4 6749 7135 759 8505
9084 4 6050 1136 4404 1605
9085 4 4430 5029 8225 8784
9086 5 5030 2690 7392 8388 5102
9087 2 4001 5004
9088 2 2666 7459
9089 2 1565 1899
9090 5 6727 3999 884 2188 1834
9091 3 5847 9637 6248
9092 4 514 3532 3253 1005
9093 1 4353
9094 5 5885 3104 4208 7492 3801
9095 4 8781 1316 2879 6595
9096 3 3161 5405 2920
9097 2 2574 6852
9098 7 2913 6755 6985 7938 8346 7049 6003
9099 6 1749 6877 3403 2401 2651 9644
9100 2 8475 7917
9101 3 2105 4348 5716
9102 3 8279 2725 6716
9103 6 6236 9150 9593 5677 9735 6437
9104 7 7004 3740 5723 4725 6067 763 335
9105 8 5947 6765 3748 4710 9484 879 3107 7729
9106 2 5817 3568
9107 1 8912
9108 6 3649 6206 5332 1871 294 1113
9109 4 401 4298 64 5347
9110 4 6726 7558 4490 5181
9111 3 5267 9895 4819
9112 3 343 8035 4744
9113 1 2074
9114 3 4130 6539 6933
9115 5 1257 3025 5437 7232 2618
9116 5 2773 6505 2908 2958 5749
9117 4 309 34 3258 4790
9118 2 366 5281
9119 2 8510 7518
9120 4 5336 3312 4078 3144
9121 2 6472 2342
9122 5 8785 2628 8880 312 9212
9123 7 5146 9339 8393 7786 1290 3210 816
9124 5 6689 7677 4836 8328 7664
9125 6 6652 2848 314 2234 3234 6899
9126 3 7594 8254 3905
9127 7 8923 9905 5795 5260 5026 3495 3365
9128 4 4658 577 6845 4667
9129 2 8298 6127
9130 8 4262 5085 4661 4907 2776 7206 1203 7188
9131 5 3709 4925 4111 1329 4219
9132 5 7224 3067 1707 6795 925
9133 3 1399 8430 3833
9134 3 5541 1968 5793
9135 3 4762 9977 3942
9136 5 7903 9978 2242 3726 8417
9137 4 7620 9151 7594 9418
9138 5 1494 7888 4405 4234 3209
9139 4 294 863 1837 172
9140 2 5305 4184
9141 3 7188 5197 9635
9142 4 2617 3034 567 6964
9143 7 5291 9694 5684 8952 6567 5544 1803
9144 1 1252
9145 1 7238
9146 2 4776 6603
9147 6 2610 1418 7080 1464 9783 4553
9148 4 7609 2159 6923 9735
9149 3 5106 4374 4967
9150 5 9103 5559 620 5272 2936
9151 6 2249 5036 9137 9326 8882 3081
9152 6 7340 8876 3929 7073 3703 6723
9153 6 8693 7717 5811 9412 7356 5873
9154 4 6290 4612 4299 4006
9155 4 1130 146 3674 9321
9156 2 3588 3453
9157 2 8285 6810
9158 2 8234 2677
9159 4 2551 1457 6179 807
9160 2 6838 2695
9161 2 3543 9233
9162 3 3332 1028 8094
9163 3 4985 8628 3480
9164 5 5954 1999 8780 3900 1552
9165 4 7719 8403 2223 2258
9166 2 3189 76
9167 2 833 138
9168 5 2470 9325 2355 2947 858
9169 6 7347 4098 3856 6710 7337 3344
9170 5 1816 381 8719 8770 6168
9171 3 385 9302 8204
9172 3 2182 3988 5089
9173 3 6151 9304 491
9174 3 97 8688 7314
9175 4 604 5286 5909 5187
9176 9 8733 5903 8678 6145 5601 4468 2629 3043 7055
9177 2 2346 9353
9178 4 9065 9392 789 8078
9179 1 5861
9180 2 2859 8447
9181 7 8988 1414 2285 5834 8730 2899 5061
9182 5 4851 9234 2443 9789 7020
9183 5 8418 9223 9505 1563 105
9184 4 8560 4597 1614 6976
9185 3 1405 5992 9924
9186 4 2604 1523 2666 1988
9187 11 7183 8547 3272 7130 7700 7451 7931 6734 108 5022 8696
9188 6 906 2847 8445 4386 3242 7833
9189 7 2749 5056 3224 7075 4159 3392 5688
9190 4 1699 7814 4834 3298
9191 3 6493 3521 9291
9192 5 1999 1179 9454 5861 677
9193 2 7598 6215
9194 5 7600 5736 9577 8214 9898
9195 5 2720 581 2212 1733 2159
9196 4 7320 2780 9280 1621
9197 5 6759 3273 335 398 2320
9198 7 2776 1292 139 1831 6049 8444 1215
9199 4 5042 867 8906 5912
9200 4 6220 6318 2864 6864
9201 5 683 7590 6802 3676 9741
9202 2 8611 6356
9203 2 650 9034
9204 3 1568 2661 1634
9205 3 2565 8514 1827
9206 2 472 5738
9207 1 6665
9208 3 5245 2095 2185
9209 4 3257 9901 7247 3158
9210 2 6206 6046
9211 3 8027 8646 5622
9212 2 3234 9122
9213 4 4007 3858 2950 5657
9214 4 2093 725 573 5137
9215 6 8421 1712 49 5797 2125 9823
9216 6 3309 1474 6584 97 5289 7852
9217 5 5694 7221 2823 5874 9976
9218 4 3903 8304 2920 5029
9219 6 5827 2152 2445 324 6663 773
9220 4 181 5511 2033 2411
9221 4 2474 6939 9922 6686
9222 4 3278 2366 2266 3643
9223 5 9183 7318 6729 7933 2268
9224 3 2255 9732 8470
9225 3 746 944 4589
9226 3 5098 4753 8229
9227 6 3966 7291 344 1067 7780 80
9228 5 8405 73 2614 8249 8457
9229 3 6033 2931 8486
9230 4 1870 6245 8700 6810
9231 5 624 7254 2273 5008 783
9232 3 1483 6500 8029
9233 6 7477 8310 9161 3668 3524 2
9234 4 9182 4632 8193 3431
9235 5 524 4402 4840 2806 220
9236 1 5454
9237 6 3837 5247 4560 5486 3957 7021
9238 5 4152 8385 4781 3838 43
9239 2 2363 1413
9240 3 1327 2966 7853
9241 4 5041 6176 6911 5179
9242 1 8055
9243 5 5686 4392 6488 4930 4603
9244 3 4647 4495 5620
9245 3 4983 5603 1628
9246 4 5418 7835 8230 3746
9247 6 2090 1192 9271 7016 5886 7225
9248 7 2075 9379 5892 1403 7197 6238 1489
9249 5 2947 261 1116 5851 9362
9250 4 2566 7145 1909 7410
9251 3 4035 5090 3728
9252 2 6062 4085
9253 2 8290 524
9254 4 6410 1334 1906 3225
9255 3 2244 4741 6456
9256 7 398 9676 1548 5709 2165 6956 2925
9257 2 6331 3964
9258 3 3019 8720 7768
9259 9 69 9595 203 3172 4045 658 6675 8403 6816
9260 6 2654 8544 1176 700 8078 5398
9261 4 6757 7957 2646 9822
9262 2 7339 8266
9263 5 8908 5188 532 1753 7825
9264 5 11 6715 2176 7285 2651
9265 2 6952 4879
9266 3 7183 4423 2273
9267 6 5347 6737 2745 2340 2686 860
9268 4 5936 892 4662 1507
9269 3 3686 7227 1059
9270 2 6168 1863
9271 4 6454 9247 7665 5419
9272 1 1481
9273 4 6919 463 4287 4198
9274 5 5712 921 6210 7715 9412
9275 5 8532 4603 2007 5687 1032
9276 3 2436 7727 6117
9277 1 4507
9278 2 1882 4155
9279 5 6838 6749 3762 7446 7452
9280 5 2128 9196 8308 9819 6802
9281 5 4044 6063 7273 9301 5655
9282 1 1106
9283 2 3112 2940
9284 3 3823 2375 6982
9285 6 7521 50 2335 3743 4855 5818
9286 1 5637
9287 4 3789 9735 6879 1006
9288 8 4637 6616 3928 4379 2224 9604 6550 5142
9289 3 7061 2819 7191
9290 8 777 8378 1685 8381 2713 2529 407 7910
9291 5 3809 9483 538 9191 8020
9292 2 7356 8238
9293 4 116 9594 8690 8652
9294 4 8488 7847 5128 6094
9295 5 7981 7846 4387 1892 7445
9296 2 3983 6167
9297 6 3950 7580 9076 2357 2912 8457
9298 2 4259 1754
9299 1 2121
9300 7 4993 9737 5976 8378 7868 5252 8908
9301 7 6129 9724 8350 3013 6806 9281 4847
9302 8 2042 7630 5824 9171 3465 3829 5228 5664
9303 6 1927 293 8517 6049 9571 1432
9304 4 5228 6365 9173 7186
9305 3 145 3228 3570
9306 6 2608 8536 5563 4473 6892 7673
9307 6 3022 2505 4471 5857 4452 7371
9308 5 2347 5185 7463 7374 7285
9309 5 8192 5820 2160 3219 8663
9310 2 947 3452
9311 3 7499 5570 4513
9312 6 485 2686 1838 7762 1445 1822
9313 4 2729 3213 9724 6425
9314 7 8728 9329 7688 5106 8881 5591 795
9315 2 2536 2877
9316 6 7623 293 165 5484 7980 735
9317 5 8041 7689 8318 5018 7239
9318 1 2077
9319 3 2666 4827 4029
9320 4 6215 3876 9986 1743
9321 6 6913 6102 2532 150 9155 4186
9322 4 4159 3583 3780 795
9323 5 2458 2085 9654 8794 149
9324 3 1669 1962 1693
9325 2 643 9168
9326 3 5392 487 9151
9327 4 4790 774 3743 2453
9328 4 629 7256 6423 5242
9329 9 8826 9314 8043 1260 1300 7924 9638 2118 7075
9330 2 654 1122
9331 6 6286 6093 5142 1896 7576 5769
9332 7 3696 7086 4451 9750 872 1050 7745
9333 2 3002 7655
9334 3 5566 4330 8004
9335 3 6687 7313 9777
9336 2 2535 1246
9337 4 1957 8069 4949 534
9338 4 4984 8949 9861 8328
9339 4 3638 9123 2647 5896
9340 4 8899 7427 4179 5966
9341 4 1107 9723 7941 6486
9342 4 8845 6006 9903 7207
9343 3 2138 1879 9823
9344 2 1350 8167
9345 3 7963 5432 448
9346 5 609 9579 2004 7183 919
9347 4 7213 8040 6267 6091
9348 4 2861 305 7068 2809
9349 7 551 6947 3042 8014 9944 8237 5654
9350 2 7896 6752
9351 5 634 9679 7738 84 1710
9352 5 3801 7122 4632 6967 1098
9353 3 9177 9923 6375
9354 4 3011 2944 4787 9028
9355 5 8340 2293 9844 3551 4154
9356 5 356 3906 6028 4100 3120
9357 6 4134 9912 5522 7148 2878 1520
9358 3 3647 3538 2222
9359 3 6519 291 5126
9360 3 2630 9748 3690
9361 10 6826 2734 8976 5548 7045 5740 9993 2778 6432 7360
9362 7 3622 3800 8692 7796 1335 9249 7755
9363 5 8896 6605 6511 3806 4880
9364 5 7088 1027 2436 3063 815
9365 4 1447 7833 2853 3875
9366 4 8211 7320 2844 1998
9367 5 5824 5225 8882 903 9814
9368 4 4782 9605 2273 6006
9369 4 3818 4436 3629 467
9370 3 1349 6614 7903
9371 3 7238 4819 5991
9372 5 529 5365 9406 2711 5284
9373 5 6441 3380 5235 5637 6614
9374 4 1610 9038 5995 5957
9375 5 5586 6677 3252 6459 1490
9376 5 5584 7710 6540 9876 3133
9377 2 2463 2660
9378 3 5018 2250 1274
9379 6 9248 2096 2266 1592 6629 5588
9380 8 700 9619 6052 3928 4190 6056 9964 9432
9381 3 4559 1192 4171
9382 7 8971 5092 8270 8098 2617 2043 1049
9383 2 3368 62
9384 2 480 4045
9385 8 2223 8679 4088 7769 5593 3428 4306 9855
9386 6 2446 6431 493 2906 1774 2994
9387 2 1175 7886
9388 5 7601 3714 9592 5894 4137
9389 3 5159 1241 4156
9390 5 4716 4129 2205 7818 887
9391 7 5752 5674 5074 9905 609 994 2063
9392 2 1450 9178
9393 7 3213 6174 1847 5593 6313 265 5563
9394 2 68 7620
9395 2 8753 8902
9396 3 5314 9845 7604
9397 4 5657 4001 5392 5432
9398 4 1254 8357 5844 3602
9399 3 6314 5927 2554
9400 5 8687 1104 8053 1045 7626
9401 3 5000 3027 509
9402 5 3324 7711 7250 6747 2956
9403 2 3616 6978
9404 2 8643 3835
9405 4 504 3102 9669 6327
9406 5 8697 698 1537 9372 2563
9407 4 1013 543 6478 6147
9408 2 6212 8086
9409 3 3420 3925 5831
9410 6 255 7674 1933 8854 5382 11
9411 4 4546 9604 4235 1438
9412 9 7595 8726 6422 2145 2582 9153 3496 9798 9274
9413 4 6216 1205 9898 403
9414 5 5616 8351 6786 8709 5661
9415 6 8252 3145 4464 4846 597 689
9416 6 2218 6665 8378 8393 2554 6551
9417 8 8747 617 5133 6078 8530 4106 4545 2804
9418 7 2980 4449 1185 7588 9137 9557 460
9419 2 1400 3196
9420 2 7857 9837
9421 4 1100 8536 5092 4750
9422 2 2213 6244
9423 3 2446 5409 7189
9424 5 3945 7567 5151 53 3444
9425 5 6369 7151 3428 261 3619
9426 2 6313 375
9427 3 6052 7769 1788
9428 7 6624 8624 9818 7470 9046 4085 6238
9429 7 7491 1611 641 5122 4569 2051 7327
9430 5 8681 5688 3714 7334 8418
9431 5 8728 308 2304 7638 2541
9432 7 5297 2722 8516 104 9380 3499 9567
9433 4 807 3351 2972 2762
9434 6 2277 4081 4159 643 144 8186
9435 4 3770 8697 5102 1759
9436 7 1754 1496 2613 304 3765 5859 7250
9437 3 8545 9567 5193
9438 5 1227 208 3623 4367 9690
9439 3 2705 5228 7837
9440 4 3061 7147 641 4205
9441 2 619 4940
9442 2 30 580
9443 3 7304 308 5270
9444 5 7981 2318 8006 1353 7028
9445 3 5278 4794 3424
9446 2 2215 3005
9447 5 6620 9862 1814 1247 3055
9448 2 6550 8190
9449 3 309 6868 6401
9450 8 4326 8440 6377 26 2040 5873 6410 4129
9451 3 7655 8105 2420
9452 2 8452 1896
9453 4 2448 9550 4312 2903
9454 7 3540 9192 4066 2772 551 6511 3554
9455 1 434
9456 3 3464 1340 2342
9457 2 3963 309
9458 5 6112 8683 8908 1821 5588
9459 7 1034 3073 2421 2089 9750 8412 7642
9460 3 7039 4505 4179
9461 6 3064 9788 6510 7015 810 1108
9462 1 7414
9463 2 5537 4287
9464 4 6964 1653 2436 9777
9465 3 7655 2274 4922
9466 4 7978 1550 7256 8053
9467 2 4839 3863
9468 6 2207 6308 2184 2771 6611 8845
9469 1 3972
9470 2 4635 2751
9471 3 8593 211 8775
9472 3 2212 2952 8219
9473 4 3039 8969 8096 583
9474 2 5515 8602
9475 2 818 4001
9476 2 2390 5080
9477 4 7143 2281 3775 7803
9478 1 8592
9479 6 2142 1899 5279 4992 2225 4492
9480 2 4623 246
9481 5 2056 1008 9765 6992 7278
9482 7 6714 3455 5493 434 2713 9490 7504
9483 5 9291 9942 4090 3501 2991
9484 3 869 9105 5306
9485 8 1659 6711 2953 4826 5177 364 1031 5012
9486 4 7471 832 2253 8216
9487 5 7602 2140 7266 7959 3497
9488 1 6326
9489 5 3228 9630 4667 7187 8477
9490 5 6888 25 605 9733 9482
9491 4 6340 2156 754 5493
9492 2 8219 6118
9493 5 1131 4895 7006 8234 1096
9494 7 7265 995 6932 8683 123 241 856
9495 3 7638 2929 2293
9496 4 1367 6851 4115 2095
9497 3 3592 4206 8018
9498 1 4000
9499 3 7200 9059 3107
9500 2 3834 7150
9501 2 3182 3951
9502 5 4757 7812 1844 1627 265
9503 1 2199
9504 4 3293 5873 733 3415
9505 3 9183 8851 6822
9506 3 6986 7904 4425
9507 6 7 1980 3293 8365 5798 1637
9508 5 3730 3565 3409 160 216
9509 5 1416 6737 7791 3688 663
9510 2 7205 9803
9511 2 1898 7194
9512 3 5804 4465 2323
9513 5 3127 2962 3673 5573 2284
9514 4 1526 1765 680 4512
9515 5 2399 5159 9746 1858 2791
9516 6 597 2061 5875 6326 8933 5739
9517 2 5041 3381
9518 6 1316 518 4221 3235 8884 5983
9519 2 875 1283
9520 5 6070 1158 7617 7404 2642
9521 4 8317 7189 8513 6055
9522 5 4376 8201 8410 5159 462
9523 3 1177 9742 8026
9524 6 1266 5520 7310 7860 7447 8569
9525 3 3328 8625 6463
9526 5 5739 4839 171 1602 8824
9527 5 977 3876 7132 8833 7657
9528 5 7622 8356 1857 6434 2020
9529 3 6865 3638 7736
9530 3 5251 3577 6702
9531 6 6138 7185 7121 8728 3783 6104
9532 5 4523 2456 4438 4920 8789
9533 3 6192 5431 976
9534 5 1668 1738 7705 6876 7519
9535 2 6745 425
9536 2 6555 8202
9537 2 6773 6300
9538 1 3402
9539 3 6473 4327 1439
9540 4 572 7141 6986 5888
9541 5 70 6840 4777 3746 3719
9542 3 5907 6466 1990
9543 5 8976 4567 9952 2532 7008
9544 4 5995 9844 5656 8549
9545 2 1889 6338
9546 4 6027 623 1050 6263
9547 4 1840 9807 1683 2138
9548 3 6361 1942 9842
9549 2 8053 9736
9550 2 9453 224
9551 3 615 4101 1518
9552 4 5089 5938 797 5574
9553 2 5126 2472
9554 2 6354 6898
9555 7 9038 9790 5458 4770 8688 9932 9036
9556 5 8418 429 7875 3754 8486
9557 4 8939 9583 5708 9418
9558 3 350 5879 6917
9559 3 846 5388 426
9560 6 3448 7154 5432 8117 2226 3370
9561 3 5918 3917 8432
9562 5 5621 2713 7186 9765 324
9563 4 6053 513 9844 3381
9564 3 5614 3573 6844
9565 4 4635 7514 4558 3066
9566 6 3880 5995 7579 4291 5317 4833
9567 5 9437 6217 2182 5725 9432
9568 6 3993 8966 1184 5794 6163 7368
9569 2 7929 4377
9570 4 2588 2282 1281 7300
9571 5 5872 1939 9303 985 2147
9572 3 1054 4528 4154
9573 5 3762 2389 7509 919 1182
9574 8 2518 9610 6910 5656 3316 3492 7696 7751
9575 5 4468 7748 4618 5660 3131
9576 3 2236 5182 3664
9577 6 893 9194 4187 7824 3071 3057
9578 2 8959 7519
9579 3 9346 9798 1054
9580 3 5899 9989 8716
9581 4 8781 6342 9656 4610
9582 2 7191 430
9583 6 4146 7973 9557 5409 8461 6753
9584 3 3854 5126 8298
9585 3 278 4813 6137
9586 1 499
9587 8 190 6038 3966 6460 1271 9690 4870 1598
9588 3 8871 8247 2982
9589 3 1834 7760 1512
9590 5 7917 9761 8218 8184 1659
9591 2 9066 3111
9592 5 6275 9388 7581 1429 1396
9593 6 2386 8299 9103 4215 7297 2534
9594 4 898 9293 7508 6578
9595 5 9259 9880 5316 6910 6641
9596 3 1921 8418 4710
9597 4 1711 7736 2550 6306
9598 2 2118 5292
9599 3 3664 9781 922
9600 3 1469 104 3504
9601 5 215 145 432 7909 5588
9602 1 3486
9603 3 2140 2771 7171
9604 4 9411 6956 2365 9288
9605 8 3355 9368 3221 5346 6990 4099 6153 4235
9606 4 8458 4642 7 9981
9607 5 4932 1467 5878 3428 5406
9608 3 113 1619 7618
9609 3 7310 5115 2626
9610 6 9574 4286 9687 785 4124 4822
9611 3 464 1764 2798
9612 5 4898 1421 4151 5525 1255
9613 5 7503 7457 1564 1 5166
9614 4 483 9900 3134 6325
9615 4 4195 5739 5054 7017
9616 3 332 9669 8144
9617 2 1192 9738
9618 4 1965 3444 5236 7458
9619 7 1979 9380 185 6711 4263 7923 7157
9620 3 7844 569 2713
9621 4 9020 7322 3707 489
9622 2 5161 7929
9623 5 2885 784 152 2539 1252
9624 4 1620 5381 7126 8372
9625 5 8244 5240 5568 3244 3333
9626 3 1000 3604 151
9627 4 4721 634 1072 9024
9628 5 7472 8420 1429 5517 9047
9629 2 6681 7507
9630 2 9489 1674
9631 3 7803 3435 75
9632 2 6313 1357
9633 5 4292 5442 5901 2873 208
9634 3 4215 3390 7483
9635 5 3762 4549 1705 4602 9141
9636 2 405 5324
9637 2 9091 7910
9638 2 1299 9329
9639 4 3915 2442 4152 3327
9640 3 8344 8473 4000
9641 3 1564 7759 8071
9642 8 7191 5329 2967 1508 1820 585 3228 601
9643 7 5039 5509 2362 4925 3021 5877 5918
9644 5 1602 847 741 8305 9099
9645 5 8270 650 1540 7476 2128
9646 4 623 7436 4151 4788
9647 2 2922 3828
9648 3 3664 4748 7890
9649 2 58 4702
9650 5 2245 5010 4250 4527 770
9651 3 1772 7378 6250
9652 3 677 3322 2224
9653 3 5274 7923 8522
9654 4 5413 9323 7075 8895
9655 2 2216 4583
9656 3 2647 6228 9581
9657 4 6203 2580 8037 1710
9658 4 8873 8175 8578 1837
9659 4 2995 8323 4592 1563
9660 5 3911 9940 3204 5278 4804
9661 3 4045 9862 8525
9662 4 5657 781 2496 67
9663 3 9052 8659 7872
9664 4 3664 8319 7379 906
9665 2 1685 4183
9666 7 699 6231 8704 5176 9705 3867 5880
9667 2 3385 2496
9668 4 8699 8043 8864 4170
9669 4 9616 9405 6661 1804
9670 3 4302 3606 7747
9671 3 4971 3435 2265
9672 4 234 6549 5369 1012
9673 2 4293 3677
9674 2 1327 439
9675 6 4222 5948 3074 6666 7499 269
9676 3 9256 9044 4654
9677 5 6603 9015 3942 692 565
9678 1 6744
9679 3 6183 9351 6629
9680 4 7202 7817 1683 4671
9681 2 8716 7041
9682 1 4957
9683 3 5974 7741 1346
9684 3 5527 9864 3138
9685 5 3658 4485 8687 9035 2329
9686 3 2371 8599 7616
9687 2 2113 9610
9688 3 4623 4737 1002
9689 4 2734 3991 1404 5462
9690 4 6751 3891 9587 9438
9691 2 4543 3478
9692 8 4724 9810 4220 1856 2216 5310 3102 1381
9693 1 8412
9694 7 5684 9143 6414 3688 63 3505 8695
9695 7 7430 7120 2810 2971 9984 3504 4084
9696 3 2207 223 4836
9697 2 5808 9040
9698 4 4665 5782 4304 8423
9699 6 363 1881 8854 4386 2524 9851
9700 2 4198 3229
9701 2 9081 2793
9702 4 8241 4263 1099 3482
9703 1 4824
9704 4 3266 3532 1860 4531
9705 4 7329 8653 6251 9666
9706 2 1502 4322
9707 5 5477 2381 6294 1400 8039
9708 6 4664 3160 4783 4849 5922 2165
9709 6 1502 907 638 2437 4986 4116
9710 3 8283 6185 5376
9711 7 891 8004 6653 6682 8469 3690 8205
9712 6 1590 9994 4151 5310 4385 4733
9713 5 4839 5792 9035 9996 6883
9714 6 3325 5533 8070 8682 6467 1603
9715 1 6295
9716 11 1303 9890 9863 4205 5784 8485 5479 2662 4378 7071 9934
9717 2 4942 7883
9718 2 5053 4863
9719 2 1719 6884
9720 6 4797 2599 1724 4749 3508 7039
9721 2 4617 8482
9722 5 4629 853 4658 3640 4716
9723 3 9341 7319 1148
9724 6 9301 5256 883 8002 9313 5135
9725 2 4028 3159
9726 4 7763 377 700 7868
9727 1 7357
9728 4 3754 358 3323 7961
9729 5 5406 1981 6678 7014 267
9730 2 8315 6129
9731 5 5899 4372 4794 216 6063
9732 5 9224 6851 6667 6431 1532
9733 3 442 573 9490
9734 10 4294 9894 3468 4735 3184 3439 7047 953 3660 8181
9735 8 2426 6712 4476 9287 1641 6784 9103 9148
9736 4 9549 8844 2044 6997
9737 4 2107 9300 7844 3886
9738 2 9617 2816
9739 5 399 909 8962 8629 853
9740 4 8400 1109 7607 2041
9741 3 6739 4935 9201
9742 7 9523 6271 2888 6126 2473 4066 9781
9743 2 3277 593
9744 5 7943 7185 1938 1114 5463
9745 3 650 3060 8966
9746 3 164 9515 4394
9747 4 6778 8050 8875 6972
9748 5 7640 3774 9360 1597 800
9749 3 782 6820 7060
9750 8 803 490 5275 4142 9332 9459 6750 3490
9751 4 3835 5215 4927 6818
9752 3 2511 4530 6223
9753 1 6989
9754 5 2842 4174 5305 3300 7091
9755 2 8185 1696
9756 4 381 2486 8620 2105
9757 2 1244 386
9758 4 499 3349 324 7286
9759 7 8439 7152 9975 4552 6257 2644 2505
9760 6 8879 5771 1850 385 7561 2253
9761 6 5302 9590 5343 8730 5700 8195
9762 4 6762 5825 3497 3944
9763 2 3815 4787
9764 6 2739 2158 752 3692 5846 1188
9765 5 4539 6122 9481 9562 3268
9766 4 3399 1635 9771 7261
9767 2 7560 3934
9768 3 694 4601 562
9769 6 9066 1028 5256 760 499 5255
9770 6 2406 8495 8444 2899 6893 5762
9771 6 3402 9766 6048 3114 906 6370
9772 2 9033 9985
9773 3 5710 2260 8554
9774 6 852 3398 8011 6908 404 8155
9775 3 3580 6983 6890
9776 7 7885 3597 5878 6374 6833 3113 6941
9777 5 5728 4624 2732 9335 9464
9778 2 2775 6444
9779 6 4821 5770 9061 8957 8770 4001
9780 7 7357 2840 1439 134 1424 3519 6552
9781 4 9599 4474 3890 9742
9782 3 7808 4169 8856
9783 4 7856 8647 4413 9147
9784 4 5638 7766 3525 2996
9785 3 3357 2427 7242
9786 1 5837
9787 6 508 5199 1602 9962 7242 5556
9788 6 2151 3263 9461 1624 6539 3144
9789 2 7544 9182
9790 4 985 9555 649 5612
9791 1 4115
9792 4 5742 361 4393 7752
9793 5 8844 7260 675 4339 2158
9794 5 7313 8474 1372 1574 8197
9795 5 5865 4496 2736 3441 4865
9796 9 4812 8353 2651 1087 2970 7682 6334 5080 1868
9797 3 596 7052 6129
9798 6 8162 9579 2015 527 9412 6411
9799 4 152 6068 6530 9899
9800 3 8715 5724 6517
9801 2 3474 4786
9802 3 8170 49 4963
9803 6 6803 682 5110 2667 9510 1633
9804 6 6 1031 3887 2933 1329 4996
9805 4 3028 2774 4366 2687
9806 4 7061 9967 4478 4671
9807 4 9547 1645 411 9971
9808 6 3733 3182 8227 6559 3694 270
9809 3 5214 6712 8338
9810 4 9692 3293 205 1798
9811 4 972 9948 8693 1498
9812 5 4281 5713 2228 8772 7038
9813 4 4816 6082 5015 1435
9814 3 7869 6006 9367
9815 6 4964 2289 8378 4597 8850 856
9816 7 3321 1041 4939 3644 1211 3588 7353
9817 4 8709 6050 1452 8935
9818 3 496 9428 7383
9819 5 4524 6584 2379 9975 9280
9820 6 8178 6962 6995 7316 3206 944
9821 1 3134
9822 8 4023 4409 2573 9045 349 9261 7700 627
9823 4 5994 9343 710 9215
9824 4 6147 7333 1227 6159
9825 3 1489 7543 5951
9826 6 3117 8051 3108 7572 1522 7203
9827 3 3553 7093 1991
9828 3 3879 676 3886
9829 5 5753 2385 4273 3896 6866
9830 3 6411 5607 5067
9831 2 4830 2157
9832 6 4704 570 1522 3037 8662 1003
9833 3 3414 454 5207
9834 2 7389 4252
9835 3 2130 3135 6146
9836 2 2090 3663
9837 8 4851 9420 7398 6604 6240 7108 2846 5221
9838 3 3668 6513 7842
9839 5 5316 94 7545 7684 273
9840 2 5094 7828
9841 5 6703 8218 8860 5149 5646
9842 4 7498 9548 7083 6068
9843 4 5821 8522 2926 7432
9844 8 9544 9355 64 9067 5067 1594 9563 3471
9845 1 9396
9846 4 7089 1587 4779 6601
9847 6 7665 1271 5219 1704 3118 4303
9848 6 1572 8257 198 5131 6027 7502
9849 3 6511 4591 2113
9850 5 6861 7187 8353 8932 1401
9851 3 7706 6994 9699
9852 6 5647 6260 4206 8391 562 2260
9853 8 300 5589 3484 3692 6486 7047 8167 6459
9854 1 4722
9855 2 3622 9385
9856 3 8308 5845 3334
9857 4 3613 8462 4060 65
9858 7 1173 7351 7179 7553 1931 7896 1433
9859 3 4612 2725 2461
9860 6 3844 2726 1639 8396 5200 8024
9861 6 4200 2997 5589 9071 9338 1106
9862 3 9447 9661 3034
9863 5 1725 9716 3400 177 3352
9864 5 9684 1913 4045 8102 5943
9865 5 7922 6223 8693 3291 4780
9866 2 3468 2294
9867 5 173 7866 6796 6040 5429
9868 4 2311 3666 1388 3391
9869 5 7581 5737 3220 6811 5017
9870 6 6599 6853 303 8 6542 2543
9871 3 3755 1678 4864
9872 3 8566 6695 164
9873 3 2520 7322 6485
9874 2 6498 2699
9875 1 4525
9876 6 7237 291 3979 9376 5928 3918
9877 3 3360 3309 8312
9878 6 7991 3877 7436 5153 1453 3822
9879 3 2627 1010 6925
9880 3 9595 4667 7016
9881 4 3652 5182 273 7754
9882 6 5830 7379 4721 74 3126 5243
9883 5 6669 9904 5508 6595 3571
9884 7 1620 1117 3886 489 2799 4153 4649
9885 1 5992
9886 4 6144 7943 1282 833
9887 2 4337 6989
9888 4 337 1162 4533 5752
9889 6 2163 273 7720 4505 474 5364
9890 2 9716 8400
9891 5 1603 6541 5779 1046 6254
9892 5 6070 2260 2142 969 7462
9893 6 5714 2395 4947 3622 6767 4198
9894 5 1738 9734 2624 290 4126
9895 1 9111
9896 3 915 8493 5951
9897 6 6025 2983 1757 6612 2948 6469
9898 6 5854 2520 4757 3495 9413 9194
9899 3 4806 9799 3372
9900 7 9614 5311 5024 8359 8483 221 2431
9901 3 9209 6319 5487
9902 5 19 5908 422 3010 7678
9903 3 8312 9342 696
9904 4 9883 9018 3142 3696
9905 5 9127 2564 7109 7199 9391
9906 1 4816
9907 1 7935
9908 3 4425 476 1206
9909 8 8299 1086 622 8776 6853 7454 1529 1724
9910 4 1608 4890 189 2418
9911 3 6701 5897 3037
9912 5 9357 5634 6680 5018 8731
9913 2 3041 5830
9914 1 5704
9915 6 7425 5040 948 6453 6811 2342
9916 2 1717 1487
9917 5 4771 3350 5870 5511 8493
9918 4 7920 722 28 8474
9919 4 3529 6192 6541 4321
9920 4 6193 8931 8706 6108
9921 3 7037 2051 1452
9922 4 707 9221 1107 7483
9923 3 9353 4667 4322
9924 8 8866 4224 6270 620 9185 5242 2948 1708
9925 2 8363 4868
9926 5 5040 6889 4306 8676 685
9927 3 7623 7955 5744
9928 3 3955 7729 7612
9929 3 7597 4252 4091
9930 5 4573 6175 7463 4635 4373
9931 3 8232 351 8333
9932 3 6636 9555 7758
9933 1 7102
9934 3 8379 6613 9716
9935 4 2587 5108 3128 8620
9936 3 8253 1936 5181
9937 3 6182 1888 6797
9938 3 201 3297 601
9939 4 7554 8886 5565 5730
9940 4 9660 2999 4479 2184
9941 1 8882
9942 2 9483 2303
9943 2 5865 6464
9944 5 6535 5240 8173 953 9349
9945 4 4590 879 8620 2680
9946 5 771 641 5634 8425 7284
9947 2 2314 8658
9948 3 504 9811 1614
9949 4 3754 4956 5774 3916
9950 6 4972 6634 3428 8010 3415 5230
9951 5 6318 2100 377 2960 2752
9952 4 5621 9543 7924 791
9953 3 119 6172 6328
9954 7 4074 4757 4312 2899 1335 7422 8643
9955 4 5334 5082 3369 7513
9956 2 5237 6662
9957 11 7760 7162 864 8380 3057 8123 8678 1291 1217 6303 3136
9958 2 781 5272
9959 7 3473 2654 1421 7448 5349 7714 7612
9960 4 3253 6615 3907 8055
9961 4 482 360 4394 353
9962 4 6213 9967 9787 1012
9963 5 7916 4243 3212 5371 3569
9964 3 5354 451 9380
9965 5 5137 7169 3071 1217 4817
9966 4 8003 2170 8124 3318
9967 5 3343 5301 9962 9806 8018
9968 5 4652 4553 4413 4272 7015
9969 3 9059 685 3046
9970 4 368 3860 3328 1426
9971 5 5053 1661 7956 9807 4879
9972 3 7714 3038 4138
9973 1 2003
9974 7 6145 7550 170 6463 1518 1576 220
9975 4 4827 5456 9759 9819
9976 5 4410 5837 2223 2432 9217
9977 1 9135
9978 4 9136 862 5 2113
9979 3 8675 5526 2139
9980 4 1291 8992 4603 1176
9981 4 625 430 1731 9606
9982 1 8297
9983 4 2804 8591 6777 6155
9984 4 6525 8429 9695 8788
9985 6 1123 3110 518 2115 9772 191
9986 7 8227 4653 4620 2373 4028 1647 9320
9987 3 6178 4277 8525
9988 5 677 1017 8104 7494 1219
9989 4 8446 4068 9580 1245
9990 2 2102 5555
9991 4 2913 1461 3073 4211
9992 4 7086 451 325 329
9993 4 6753 3707 1983 9361
9994 6 1242 3211 9712 1850 6046 7857
9995 1 3542
9996 5 1450 2398 9713 3490 5152
9997 2 3036 4818
9998 2 4582 4402
9999 3 7342 7644 5870
SOURCE 0
