10000 24999
0 10 1 1 8 85 9 40 27 98 45 89 129 94 337 39 415 98 2991 14 7612 31
1 14 0 1 2 22 3 51 6 52 43 87 84 42 237 57 1663 8 5894 25 6751 22 2119 96 9666 32 7844 36 3631 74
2 14 1 22 4 58 5 62 15 19 16 91 49 13 77 44 2264 39 2924 23 7803 60 7739 66 2223 44 6286 39 2495 16
3 7 1 51 17 11 23 97 571 100 578 70 9386 54 7354 45
4 12 2 58 7 13 10 16 11 94 28 71 55 31 83 22 687 69 3765 67 4100 25 5797 99 4407 68
5 14 2 62 13 67 14 12 33 95 38 65 807 85 2446 95 2478 94 2531 84 3087 84 2652 95 2909 72 8320 12 7067 83
6 10 1 52 20 82 106 43 3685 77 5909 65 147 23 8313 52 1356 96 6528 54 5030 40
7 7 4 13 53 67 138 21 213 80 1536 12 5129 28 2569 5
8 12 0 85 101 9 109 63 367 97 695 49 700 35 2955 97 7966 14 8614 65 8505 94 2839 75 9880 53
9 9 0 40 12 57 442 43 1742 83 9114 21 6029 30 7497 50 9495 9 2106 76
10 6 4 16 2107 64 9268 58 975 51 6745 91 590 90
11 9 4 94 100 58 169 89 212 94 949 43 2137 32 2232 45 3980 67 9094 15
12 12 9 57 21 58 29 12 80 97 506 63 2988 3 7572 14 7693 38 3806 46 4767 89 5296 16 3617 13
13 13 5 67 19 36 25 40 323 81 397 89 504 96 2814 26 4175 85 6170 34 6417 34 9795 57 4646 85 4098 7
14 8 5 12 2683 92 9471 24 3174 48 8760 59 1205 34 171 83 4120 2
15 8 2 19 18 10 34 22 36 85 89 35 157 32 3329 10 6139 21
16 12 2 91 30 78 161 47 624 1 2303 89 3153 14 6034 1 6841 71 4631 33 3084 37 2098 30 1016 16
17 5 3 11 59 21 221 85 856 26 290 72
18 6 15 10 114 48 202 1 785 93 1241 38 6313 28
19 6 13 36 1212 94 1660 31 2972 34 6592 59 5162 27
20 8 6 82 24 88 32 13 37 31 62 25 65 44 85 54 7656 1
21 12 12 58 22 11 79 76 176 49 272 73 849 5 2470 10 9934 20 1665 70 9595 48 9919 53 5980 59
22 13 21 11 35 53 70 96 335 91 440 5 483 99 511 64 922 91 1021 36 1155 64 1802 44 7657 74 550 1
23 10 3 97 97 90 134 70 732 72 1189 62 1257 66 3028 75 9664 94 6628 80 3362 38
24 10 20 88 39 42 75 13 86 82 5736 32 8920 49 5277 22 2567 18 7903 37 5694 49
25 10 13 40 26 96 119 19 319 48 749 22 2081 91 3940 15 4312 45 9067 94 3678 22
26 11 25 96 91 41 474 93 509 77 760 90 818 49 5599 19 51 22 8239 52 4661 13 963 11
27 8 0 98 40 32 241 86 798 68 853 7 2506 33 4345 63 9719 62
28 12 4 71 57 78 88 97 130 15 148 6 597 93 773 29 1479 79 2552 16 8713 82 1183 24 5704 87
29 8 12 12 31 13 783 82 833 12 1275 80 1412 89 2749 38 9064 17
30 8 16 78 42 10 350 83 1121 36 3021 31 4239 73 7562 37 7051 44
31 12 29 13 46 32 153 48 186 73 614 12 623 97 781 44 2352 71 5241 38 5723 20 8654 80 5670 34
32 6 20 13 54 65 955 96 6562 48 8372 91 8876 86
33 12 5 95 64 35 67 5 105 96 131 74 449 82 458 28 2557 95 2690 27 2945 31 1634 10 9021 28
34 4 15 22 44 12 142 79 769 55
35 9 22 53 41 5 47 29 1543 64 1639 15 8919 47 8409 84 8538 58 1597 68
36 5 15 85 95 56 649 46 9183 5 4235 9
37 13 20 31 163 22 540 93 631 82 3863 17 4036 74 4366 32 5669 89 9146 29 9351 60 1949 9 3678 94 3944 91
38 12 5 65 102 84 133 57 275 80 424 49 2318 28 4962 67 6060 23 6578 48 4843 33 3973 23 5512 75
39 12 24 42 177 1 554 69 569 40 703 64 789 37 843 75 2231 30 2272 93 4434 19 8218 1 4085 37
40 6 27 32 386 51 621 1 5518 69 9807 92 3456 40
41 7 35 5 58 3 60 92 147 37 548 46 4245 63 3426 26
42 10 30 10 50 45 61 41 66 35 73 55 388 41 404 51 545 46 7730 20 3337 83
43 10 1 87 112 90 279 19 347 21 469 96 9843 56 86 1 1428 59 7005 82 2262 100
44 6 34 12 525 71 1185 12 3037 75 4102 5 9381 9
45 11 0 89 48 72 52 35 297 5 2418 6 8302 88 6373 49 8576 8 7110 55 2901 53 4750 18
46 8 31 32 56 77 154 58 191 60 658 61 1972 52 3496 71 6217 37
47 9 35 29 128 100 167 2 195 92 1611 24 5711 28 900 49 6615 41 3472 27
48 7 45 72 166 90 207 65 765 5 1062 4 2668 63 6161 32
49 7 2 13 78 80 268 98 355 29 557 74 2918 27 7796 7
50 13 42 45 51 68 93 6 172 7 203 89 365 52 1803 40 2196 86 3635 8 4789 12 8128 87 7082 74 1096 67
51 13 50 68 113 75 184 55 553 33 940 65 1117 6 3424 72 9819 94 9030 97 26 22 500 95 1796 47 4675 61
52 5 45 35 1236 3 3126 74 3231 12 1213 44
53 13 7 67 98 58 111 18 178 6 827 42 1072 21 1309 94 6092 89 414 99 5549 11 2334 76 3362 19 6728 78
54 11 32 65 187 4 214 62 220 71 1044 6 8252 84 8599 40 3554 2 2280 91 6565 29 2606 42
55 10 4 31 115 40 143 63 349 33 1213 67 2282 16 2068 95 8674 68 4432 100 741 8
56 9 46 77 76 62 82 7 359 99 1279 57 2254 32 3955 60 4292 15 9773 63
57 6 28 78 258 9 448 14 640 74 657 48 9049 18
58 8 41 3 63 25 69 86 2333 31 3107 85 3875 50 4638 32 2533 84
59 7 17 21 81 29 211 58 546 55 967 8 5246 49 8775 21
60 4 41 92 71 91 2692 62 7154 10
61 7 42 41 74 43 120 99 718 83 984 42 8581 21 3352 92
62 7 20 25 1647 28 2611 10 4496 92 7726 9 8431 24 9466 94
63 6 58 25 165 9 193 31 6769 41 1469 89 8599 84
64 11 33 35 194 83 2535 8 2679 2 6927 74 7308 34 7740 32 4849 95 6480 5 1332 22 1687 86
65 9 20 44 68 85 1098 38 1773 46 6842 89 7760 19 5763 2 578 88 7223 11
66 12 42 35 96 100 282 54 405 50 617 36 1973 36 2090 41 8887 8 953 27 7548 70 7145 1 3923 98
67 12 33 5 72 55 104 100 152 28 379 51 461 96 579 86 1578 33 9914 56 7883 99 7232 2 7077 20
68 5 65 85 374 91 7439 52 8595 30 562 48
69 7 58 86 4670 12 9763 5 5275 44 6984 61 4490 36 5128 74
70 10 22 96 136 95 196 67 312 11 475 30 954 5 2970 28 6292 72 6883 24 5698 96
71 9 60 91 309 77 1860 78 4031 51 9687 5 9113 34 6983 6 1041 14 9812 71
72 11 67 55 164 94 204 50 228 73 278 88 332 94 378 92 1593 1 4647 48 5409 4 6487 97
73 10 42 55 532 97 690 98 1029 66 1286 12 1908 27 7433 53 9481 91 1867 8 1499 11
74 12 61 43 103 96 197 48 240 90 520 39 1808 32 3066 48 5915 77 6678 35 1125 43 8504 87 1437 21
75 8 24 13 492 62 576 17 1892 71 2095 41 1421 24 9781 7 878 16
76 8 56 62 123 79 360 47 1000 60 1228 50 1821 72 1885 11 2581 52
77 11 2 44 90 98 132 25 273 100 417 15 486 91 916 29 979 29 4102 100 6748 44 6051 21
78 11 49 80 496 44 1067 69 1839 48 3102 67 4588 32 6768 48 3270 31 5680 92 5110 3 8120 76
79 5 21 76 87 36 239 98 1869 13 3974 78
80 10 12 97 595 85 1564 93 1918 30 3749 66 4680 65 9972 81 3104 60 5763 81 107 56
81 10 59 29 336 86 885 29 2121 48 3236 51 5257 2 9668 72 8313 80 5091 56 4071 22
82 9 56 7 108 30 380 18 584 89 3568 78 1373 23 740 99 5643 81 1356 29
83 9 4 22 92 7 94 30 168 25 1120 5 1696 66 3399 8 4022 40 4114 2
84 9 1 42 384 21 1449 54 1457 22 1796 49 9628 63 3145 72 7928 23 7867 82
85 11 20 54 155 46 613 39 3986 64 7813 54 5212 10 4707 74 9066 19 1742 39 4825 87 9514 2
86 13 24 82 260 18 330 86 923 95 937 92 1007 68 4065 44 1001 31 43 1 2926 95 9602 27 5882 14 5419 44
87 9 79 36 107 30 265 17 441 16 969 12 7316 83 3449 28 7153 62 6651 10
88 6 28 97 320 76 1138 82 2594 80 5773 53 1784 55
89 8 15 35 99 93 122 11 253 13 303 70 2105 67 2149 5 2609 30
90 11 77 98 421 29 582 30 878 14 5222 29 5558 43 6220 35 7123 53 5198 60 6019 57 5078 85
91 8 26 41 121 45 126 59 150 91 344 85 3855 64 6460 62 9165 48
92 10 83 7 118 45 149 57 292 93 443 35 3732 60 5523 97 7323 6 734 62 4265 93
93 5 50 6 246 21 4812 55 5886 6 6555 59
94 11 83 30 224 55 267 4 666 17 877 48 1032 28 3895 74 4816 8 5959 15 4192 38 6758 42
95 9 36 56 127 98 230 25 2341 53 4556 30 5458 66 5048 49 8367 100 9060 33
96 10 66 100 137 24 311 8 860 73 3885 62 5046 75 3525 20 7730 52 9931 56 2849 38
97 10 23 90 140 31 321 70 324 90 419 41 1638 15 5286 94 3793 93 4765 11 3995 4
98 8 53 58 117 65 3252 58 8044 73 4328 28 9101 88 8969 86 406 44
99 7 89 93 158 28 171 51 229 96 610 49 2053 46 2175 55
100 7 11 58 199 50 222 36 3265 22 4674 9 3764 53 2277 24
101 11 8 9 125 88 398 61 472 66 635 74 636 52 699 59 1070 85 1850 26 8955 57 9001 81
102 8 38 84 116 52 205 49 368 21 755 10 1116 53 1930 55 4056 91
103 14 74 96 318 45 663 18 802 22 904 52 1417 83 1534 49 2875 88 3042 79 3133 26 5672 27 8387 71 3291 81 9153 40
104 10 67 100 179 53 392 35 464 23 1723 64 2558 47 4504 72 8258 77 7104 39 2657 51
105 8 33 96 604 77 1135 18 1507 39 1671 13 5811 27 6268 21 6243 19
106 6 6 43 8118 93 9056 3 848 75 3327 27 2817 31
107 4 87 30 110 23 1607 25 80 56
108 6 82 30 478 87 2300 77 4978 19 5581 90 2848 48
109 11 8 63 353 47 549 60 962 9 1776 22 1863 20 7164 36 1544 97 5653 84 5564 29 8669 46
110 12 107 23 144 95 162 42 285 55 468 13 697 9 2675 76 6197 70 577 21 6812 28 1049 13 1881 75
111 5 53 18 1167 14 1339 20 2328 6 4033 20
112 6 43 90 146 29 182 97 816 80 6543 67 5523 68
113 12 51 75 159 72 271 26 1078 34 1175 36 4969 2 5466 67 3689 75 4570 11 1418 3 6445 9 1254 91
114 4 18 48 410 81 5535 23 7182 46
115 8 55 40 471 4 815 48 2542 8 2566 28 2823 22 3575 28 8756 35
116 5 102 52 234 94 3268 8 8468 84 1755 31
117 13 98 65 232 64 233 47 250 39 301 71 919 3 2522 22 4824 51 6181 12 7308 2 3240 65 6899 41 2676 8
118 8 92 45 135 28 1238 54 3023 44 3248 56 3583 55 9644 39 8611 62
119 9 25 19 225 30 346 7 1307 10 1920 94 3956 74 3837 98 6851 65 347 99
120 8 61 99 1216 56 1576 54 5808 56 7842 13 8914 19 7587 91 5400 6
121 10 91 45 124 81 455 47 503 49 1770 99 2911 4 7057 69 7728 17 3605 49 2375 62
122 10 89 11 713 51 4145 12 2493 51 5499 41 8434 29 6423 87 6260 8 4518 87 5171 4
123 3 76 79 8675 21 6654 67
124 5 121 81 9356 67 9453 84 134 33 3254 19
125 8 101 88 433 81 570 93 1229 42 3307 22 9684 13 779 11 3454 92
126 7 91 59 716 10 1499 32 1778 94 6975 92 6572 21 2527 30
127 9 95 98 139 46 218 44 426 31 5969 16 2127 58 9805 74 4031 45 4187 74
128 12 47 100 248 18 269 83 638 36 3162 4 4088 66 5552 4 6621 89 2987 33 8059 98 1872 85 8204 78
129 10 0 94 8142 87 7282 37 6538 9 6268 43 8842 41 1938 85 454 62 1443 39 7053 86
130 7 28 15 2108 71 5845 4 4100 42 8942 16 9387 58 5375 31
131 9 33 74 156 18 3325 14 4060 69 6710 28 7932 34 2996 71 2281 55 6086 41
132 8 77 25 141 70 201 76 1333 9 2858 46 4331 28 6914 58 6128 86
133 12 38 57 322 98 980 5 2174 43 2387 28 2469 4 3006 47 3225 45 5918 43 5081 72 3609 88 3017 73
134 7 23 70 145 26 226 93 444 38 8003 78 124 33 1338 27
135 7 118 28 331 14 450 28 2812 36 2844 47 3062 22 5608 39
136 4 70 95 3156 26 9390 22 2061 8
137 9 96 24 170 89 603 18 869 31 1535 92 4648 35 3036 58 7836 72 8206 95
138 9 7 21 181 43 1665 98 1667 27 2782 55 741 100 1641 97 8281 28 3662 41
139 10 127 46 247 90 249 4 629 28 942 11 5190 9 7636 79 7829 18 3420 83 1620 21
140 13 97 31 198 74 1856 83 1935 85 3484 60 7922 18 8943 57 6837 59 996 32 6510 3 3104 99 6067 72 5374 73
141 9 132 70 256 89 370 76 544 33 735 17 797 62 842 15 4214 91 6226 40
142 6 34 79 403 94 499 61 991 45 1435 17 1794 7
143 8 55 63 151 77 409 52 723 50 1817 40 1299 59 6886 74 4424 75
144 7 110 95 2086 17 8407 4 7241 78 5132 77 216 46 2780 71
145 8 134 26 192 7 1187 23 2027 54 5689 32 3499 70 6838 76 5001 46
146 16 112 29 235 100 266 52 287 17 348 20 451 65 619 62 1523 60 1643 36 3116 9 3657 15 4749 32 2661 27 5482 40 9448 85 2220 44
147 8 41 37 839 88 4704 50 2274 65 6 23 8046 11 2611 81 1090 4
148 7 28 6 646 83 2464 45 2781 64 8887 57 6275 4 6587 57
149 10 92 57 183 99 209 81 3365 13 7390 60 4766 81 1656 58 9681 9 3412 92 1536 98
150 5 91 91 556 71 910 20 9849 80 7902 79
151 6 143 77 175 31 180 1 208 16 1084 21 932 66
152 7 67 28 185 43 306 94 2110 44 4724 38 3597 18 783 81
153 9 31 48 257 61 276 89 537 13 876 94 1625 49 3705 63 9182 72 5858 85
154 10 46 58 160 84 463 17 1068 7 3736 30 4211 65 9951 14 4721 76 8658 99 3509 59
155 14 85 46 200 5 244 69 300 88 886 10 893 7 3253 96 4942 1 7859 62 7950 82 1050 8 4121 76 5688 45 8196 64
156 9 131 18 530 19 986 39 1476 69 2083 50 4653 20 9090 96 8066 2 9752 27
157 12 15 32 315 80 3241 19 3990 15 3802 11 8845 32 5197 95 298 88 6892 43 2724 76 5675 97 4589 53
158 9 99 28 215 12 643 28 2000 35 2761 81 5206 45 1160 76 8383 92 8861 60
159 3 113 72 5561 68 807 44
160 8 154 84 517 39 710 40 1039 27 1861 5 7537 20 5299 1 3010 17
161 3 16 47 238 90 263 37
162 7 110 42 206 20 1159 55 3931 29 4037 35 7432 57 1157 66
163 10 37 22 210 82 1657 16 4458 3 5556 97 7349 83 8200 64 4960 4 1559 44 6247 92
164 7 72 94 477 48 1059 20 4204 86 7781 55 959 30 3885 71
165 12 63 9 308 73 766 68 1953 41 2880 10 3541 36 6827 31 3519 82 8671 82 9322 2 4390 16 1720 50
166 11 48 90 283 98 1752 2 2870 14 6358 45 7886 5 4150 74 9664 53 347 67 868 50 4464 37
167 10 47 2 174 13 188 19 661 53 714 21 2001 15 7181 80 4667 70 5468 88 3109 60
168 8 83 25 173 16 573 87 958 5 4144 61 6646 56 7881 75 8230 33
169 9 11 89 217 45 1488 3 1672 68 3313 42 5003 95 2567 12 4463 7 9865 55
170 4 137 89 8684 34 2549 88 3958 29
171 9 99 51 190 55 507 73 1677 34 4744 43 7949 32 4626 63 14 83 4263 82
172 7 50 7 274 91 560 45 1698 81 5724 45 241 12 9266 20
173 6 168 16 536 78 898 33 5277 86 5819 94 5418 19
174 5 167 13 219 74 1834 30 4101 66 1481 54
175 10 151 31 288 23 307 84 2043 36 4046 61 5366 14 6131 7 7108 64 7416 43 5381 15
176 6 21 49 328 99 754 73 3647 89 6137 65 2092 29
177 4 39 1 291 10 9102 61 7213 39
178 8 53 6 342 45 1799 100 5048 81 8786 34 4607 29 3400 29 7321 97
179 9 104 53 825 98 2878 77 6681 96 9854 12 2411 22 3703 82 3332 8 9089 10
180 7 151 1 533 21 1627 46 3472 29 3032 51 1689 5 8974 43
181 5 138 43 1112 62 5417 13 4087 36 1867 4
182 9 112 97 543 10 562 54 2046 44 2384 95 5202 82 8737 84 8005 59 7706 26
183 10 149 99 243 3 251 80 252 21 1468 25 2849 72 6438 10 5355 17 6779 62 9265 59
184 8 51 55 895 67 1164 3 6265 45 8308 48 9377 45 7975 67 3875 87
185 10 152 43 216 7 299 78 382 29 2493 97 8742 35 6713 93 6729 42 8073 96 6914 55
186 7 31 73 281 13 702 34 719 61 7428 50 9745 80 3080 53
187 9 54 4 1077 48 1353 46 1557 8 4738 37 7542 90 8210 30 9242 99 7151 13
188 8 167 19 189 12 1938 84 3328 61 4042 90 6680 34 2415 11 9252 59
189 11 188 12 295 55 304 23 434 99 1656 72 1849 93 7583 36 7625 91 8604 69 8627 2 3031 79
190 13 171 55 254 9 329 84 454 61 4179 95 7972 87 5085 84 4454 93 3502 77 2996 90 9737 69 5799 7 8439 48
191 11 46 60 413 63 626 15 795 72 840 47 1250 83 4072 95 6582 93 9503 49 9643 49 5057 25
192 7 145 7 277 70 408 9 1003 16 1438 30 1744 19 5789 90
193 7 63 31 1542 45 3956 35 4322 27 3600 100 1041 1 3897 50
194 13 64 83 270 37 390 43 484 93 2363 19 3769 15 5026 79 7136 57 8107 100 1147 11 8846 83 6924 37 975 3
195 6 47 92 376 31 784 14 1190 89 1722 6 2376 19
196 8 70 67 296 14 2586 57 6677 90 2864 76 6850 3 6566 13 2104 31
197 13 74 48 339 36 722 79 809 84 1037 29 3149 7 3740 79 4300 42 4397 21 8086 53 8411 100 6935 33 5413 69
198 4 140 74 298 69 361 77 1258 19
199 5 100 50 245 98 600 26 861 31 6537 30
200 4 155 5 567 10 1083 69 6685 99
201 8 132 76 977 47 1495 76 7932 24 8951 99 8733 76 4730 64 6088 12
202 8 18 1 223 23 327 22 406 94 437 78 1378 75 4182 9 6167 64
203 10 50 89 460 14 1093 98 1503 20 2180 13 7243 18 5163 90 7091 100 2779 28 1438 7
204 4 72 50 231 33 8785 56 3865 8
205 6 102 49 313 65 2706 21 5039 7 1755 41 252 53
206 8 162 20 481 47 936 84 7199 15 3978 18 4315 70 9119 72 2909 4
207 9 48 65 290 99 473 3 524 92 2399 4 675 38 1132 42 986 89 914 74
208 5 151 16 227 39 1146 21 2445 64 2116 86
209 3 149 81 832 27 2224 88
210 15 163 82 399 70 425 23 498 66 508 64 513 5 1107 9 1247 41 1759 56 4543 74 4577 48 9096 46 685 9 404 27 9833 52
211 9 59 58 255 88 377 57 2578 86 4132 45 4630 13 9329 75 9686 78 2043 62
212 13 11 94 259 47 431 94 741 24 1199 51 2726 34 4452 65 5457 82 6940 46 5270 34 7171 90 4867 34 5040 39
213 7 7 80 1736 59 2192 30 2545 39 3604 54 6686 33 5278 91
214 9 54 62 236 9 387 36 956 70 1074 13 2983 87 4359 13 5833 54 6657 29
215 6 158 12 1211 3 1221 90 7888 36 5596 80 4274 9
216 11 185 7 402 52 495 19 832 25 1051 58 2118 95 8160 41 8173 68 144 46 3069 76 8050 89
217 5 169 45 396 36 2443 71 3357 84 602 7
218 13 127 44 363 46 4850 27 8101 40 9745 51 7599 87 2277 80 1526 72 5050 97 2098 97 3168 2 1580 71 3682 95
219 7 174 74 391 29 2232 50 2838 93 5864 94 9087 20 6905 33
220 6 54 71 343 5 608 11 1584 55 1962 28 1094 85
221 10 17 85 264 41 970 97 2146 22 2724 51 3278 91 6215 57 7029 35 5440 42 885 80
222 3 100 36 418 84 5542 7
223 8 202 23 594 99 1258 52 2754 26 3782 83 5113 61 2954 63 5904 69
224 7 94 55 294 7 3100 76 4622 72 5758 85 2153 44 2272 12
225 11 119 30 662 60 776 86 2115 27 2448 28 4834 3 9914 20 8572 88 4936 97 8443 18 7893 16
226 8 134 93 918 15 5803 40 7899 5 9797 27 2656 69 6465 90 8467 45
227 3 208 39 3206 24 4740 44
228 2 72 73 2483 20
229 5 99 96 493 39 4820 90 7042 71 2411 64
230 4 95 25 9101 44 5891 22 910 51
231 4 204 33 2942 7 6953 15 7724 51
232 13 117 64 325 47 681 98 1101 57 5037 91 6863 47 7769 17 7203 94 7875 55 2418 7 2837 77 2168 32 1189 46
233 9 117 47 880 30 2398 34 6465 46 8903 15 8520 96 3078 86 8654 1 1014 62
234 12 116 94 375 49 480 7 782 75 1420 63 4040 61 4984 8 8633 83 8957 24 6360 47 9176 34 522 82
235 10 146 100 280 14 372 55 4197 94 8623 31 3393 44 8665 38 9340 32 4569 97 4077 24
236 5 214 9 261 93 2518 87 3448 22 2355 13
237 7 1 57 338 64 715 94 838 79 1398 22 4508 13 1191 19
238 3 161 90 8529 40 1664 26
239 4 79 98 242 53 1418 41 6720 37
240 11 74 90 284 20 639 29 1308 37 1619 71 1898 58 4549 50 259 74 3763 43 5427 32 2677 70
241 10 27 86 523 30 6003 31 2441 59 8704 42 4543 43 172 12 7969 10 2783 99 4773 14
242 11 239 53 541 11 577 20 829 37 831 50 1193 22 1220 94 7412 70 4514 99 5923 66 9280 20
243 8 183 3 262 47 585 100 1057 96 1929 94 8890 12 6346 70 4386 67
244 7 155 69 430 48 644 20 728 13 2198 21 5264 53 2006 18
245 9 199 98 1658 47 1682 28 6185 67 6407 81 5954 100 2995 6 8955 61 6772 16
246 7 93 21 314 18 8641 90 1084 40 8781 61 9633 64 1771 84
247 8 139 90 808 13 879 20 2613 69 4776 93 9299 76 9948 62 5718 53
248 11 128 18 289 2 740 11 1475 3 1704 14 7761 92 4788 79 3435 51 8220 16 6138 7 2090 74
249 12 139 4 519 78 671 2 928 82 1444 55 2551 94 6135 21 2175 38 4942 79 2214 6 3990 100 6388 44
250 7 117 39 1980 4 9203 57 6625 33 1343 61 6100 82 6999 25
251 4 183 80 364 13 3321 56 8506 3
252 13 183 21 362 76 381 40 811 7 1158 10 2768 38 3665 62 5007 54 9544 97 349 19 6921 24 9187 91 205 53
253 11 89 13 465 11 935 62 2864 58 5127 36 5889 7 3819 92 8577 66 8876 93 1410 47 4360 42
254 10 190 9 706 38 1840 13 2460 99 2588 11 2634 12 1578 61 4112 27 5840 76 8296 58
255 11 211 88 515 75 1119 46 1163 9 1651 73 2197 8 3210 30 9214 10 840 5 2075 55 4372 86
256 8 141 89 317 65 5100 29 9722 21 9647 6 8421 58 7501 15 5718 16
257 5 153 61 1483 74 2016 45 7673 2 9938 3
258 6 57 9 944 39 4640 7 2389 52 502 66 6246 63
259 7 212 47 2092 45 2871 73 240 74 8938 21 3117 29 8491 28
260 7 86 18 428 38 1758 73 7050 11 8916 83 6801 23 3476 77
261 8 236 93 675 100 902 12 1278 97 5412 61 1658 23 7292 65 3401 63
262 8 243 47 1388 31 3298 58 9060 17 5767 56 815 40 3827 71 1761 4
263 8 161 37 664 9 1864 5 5157 100 8805 66 3707 55 6324 81 8383 56
264 7 221 41 286 65 558 52 1517 47 3727 21 4078 32 1372 66
265 5 87 17 4131 21 7772 46 9682 35 7126 96
266 6 146 52 310 98 611 77 2261 29 2500 44 4779 55
267 12 94 4 592 59 1312 20 2348 77 3120 52 4085 93 5315 62 7559 87 4023 75 8008 90 9303 78 5046 5
268 5 49 98 1152 74 3046 1 6468 100 3791 52
269 7 128 83 670 46 2502 92 6538 5 4767 2 8988 16 4249 75
270 9 194 37 302 40 1859 71 2224 26 4025 22 5155 84 2954 41 2059 60 1363 66
271 7 113 26 385 3 407 56 682 98 2159 79 2337 86 4526 9
272 8 21 73 293 74 757 62 1011 67 4310 47 9214 20 1597 34 3989 78
273 12 77 100 1264 42 2025 3 2665 76 8260 56 9935 7 1123 7 9159 4 7772 60 3519 26 3193 8 1829 35
274 6 172 91 1474 19 1896 91 5303 84 4397 14 1342 12
275 11 38 80 333 85 510 7 1018 11 1687 50 2336 87 5424 41 5619 99 6974 38 912 31 1060 70
276 7 153 89 354 72 605 66 2042 24 5225 46 6416 47 9725 78
277 6 192 70 823 93 1540 6 5469 42 838 84 8429 84
278 5 72 88 3907 11 3924 37 7279 13 3270 12
279 8 43 19 606 91 943 82 2757 81 4853 80 5250 64 3967 60 6045 15
280 7 235 14 438 15 550 78 2111 6 9356 97 7966 79 3447 9
281 7 186 13 305 38 356 10 1987 30 3465 41 5179 39 5521 22
282 7 66 54 427 99 505 29 7250 14 7090 52 3129 63 1219 6
283 5 166 98 389 21 669 50 3386 20 8987 63
284 6 240 20 453 82 5164 56 3480 57 3510 77 3093 54
285 9 110 55 938 41 1642 69 4334 20 6171 83 8619 42 5378 43 4465 58 807 5
286 14 264 65 345 19 400 54 642 82 1261 74 1314 59 2537 36 3351 11 4391 38 8836 87 7600 82 4390 12 6224 68 7268 2
287 7 146 17 652 52 837 71 959 64 7714 14 7981 71 318 83
288 5 175 23 462 4 555 86 659 19 3567 92
289 4 248 2 2742 84 3651 59 5913 38
290 12 207 99 4897 99 6939 81 7141 46 9373 88 1008 29 7780 98 2151 49 5065 39 1041 74 851 41 17 72
291 15 177 10 341 24 476 20 894 2 983 70 1381 98 2153 87 2326 17 5336 89 6504 15 1651 54 4308 60 8785 93 2957 86 1082 87
292 8 92 93 326 67 559 84 655 34 6012 9 6492 38 2456 23 6117 77
293 7 272 74 316 2 423 54 435 83 978 12 2599 8 7927 46
294 6 224 7 5630 90 5769 89 6745 8 6746 8 5468 91
295 5 189 55 1516 50 7067 98 5650 28 7203 77
296 10 196 14 534 8 685 78 2100 90 5206 39 5335 25 5182 66 6017 22 8308 64 4439 6
297 12 45 5 966 76 2510 74 7512 55 8139 86 1368 18 3825 81 5324 88 3652 64 382 22 5349 50 6221 85
298 7 198 69 5635 67 7632 45 157 88 556 60 1417 66 8172 84
299 7 185 78 581 79 686 41 2783 33 421 67 311 54 8743 39
300 8 155 88 352 71 1287 40 4339 65 5604 54 1707 43 2293 20 6800 76
301 5 117 71 583 46 6418 23 9287 69 6478 47
302 3 270 40 8909 27 5949 7
303 7 89 70 864 90 1370 2 1615 33 1939 33 9790 24 3627 88
304 8 189 23 429 36 528 20 3022 85 1249 15 9748 13 9478 58 3488 22
305 5 281 38 1835 40 4910 8 9175 98 9781 34
306 3 152 94 7242 34 8176 29
307 5 175 84 357 89 497 50 3206 41 3577 29
308 5 165 73 412 9 518 56 7329 9 1299 6
309 5 71 77 6775 73 7225 72 9414 51 1188 19
310 6 266 98 1156 41 1174 1 2343 1 9992 38 4239 44
311 13 96 8 439 24 542 94 1188 21 7253 79 8774 85 8793 18 509 62 299 54 5916 42 1155 13 9706 43 7853 64
312 11 70 11 334 85 459 49 1354 75 2073 82 2205 12 2949 39 6409 89 6800 39 9424 8 2224 67
313 4 205 65 2562 4 7890 10 9412 80
314 9 246 18 589 11 745 13 2024 86 9711 14 5120 83 2745 90 5261 34 952 67
315 9 157 80 479 99 2533 12 2671 60 2876 53 3284 8 9666 28 9388 89 5223 63
316 6 293 2 1539 29 9674 22 8770 30 5423 24 1869 88
317 8 256 65 366 41 383 95 6569 94 1514 9 7236 83 3271 31 796 16
318 10 103 45 531 47 1621 95 1862 53 5122 24 6362 84 287 83 5244 1 2600 63 396 23
319 8 25 48 5953 35 5974 15 3529 65 3300 24 9580 58 6436 78 7456 98
320 3 88 76 6081 46 3873 21
321 3 97 70 9602 40 1993 11
322 4 133 98 2218 15 2794 72 1010 99
323 5 13 81 3379 55 4958 69 3701 20 4116 73
324 5 97 90 588 17 1040 12 3786 90 2162 57
325 8 232 47 717 52 1028 56 2587 41 3294 70 582 24 918 3 8901 46
326 7 292 67 502 6 648 48 1424 24 1992 87 9740 55 4644 90
327 3 202 22 866 24 1122 67
328 5 176 99 395 15 1290 73 4356 47 6809 55
329 10 190 84 737 15 6851 92 2095 25 5860 47 5251 58 8755 42 4472 70 1530 5 4825 15
330 5 86 86 1110 50 4059 17 2237 29 1069 100
331 9 135 14 1818 80 3683 64 5101 49 6816 16 479 53 2906 11 6566 31 952 27
332 5 72 94 351 75 4582 82 8415 92 9009 1
333 9 275 85 373 12 627 60 650 79 859 6 2386 11 5530 79 8039 42 1455 86
334 6 312 85 340 59 814 44 1269 89 3040 54 4778 49
335 7 22 91 653 86 2775 41 3992 35 6774 85 1249 94 5433 9
336 8 81 86 1035 44 3309 40 4767 9 5636 52 6191 25 8203 73 4277 30
337 10 0 39 1103 6 3229 61 4601 23 9283 1 2010 98 3059 74 1633 58 3497 43 4087 15
338 4 237 64 9166 17 1729 64 3530 6
339 11 197 36 1153 37 1270 66 1716 47 2861 70 5114 27 5256 70 5762 7 6780 81 2408 91 2341 10
340 8 334 59 482 54 1877 53 2601 17 7650 31 9910 47 1648 61 4267 72
341 6 291 24 1676 98 3876 40 1104 13 5740 31 9101 91
342 7 178 45 401 53 8980 22 371 24 6832 87 594 33 5005 60
343 7 220 5 761 59 1511 94 2220 23 4208 79 2177 34 7878 33
344 7 91 85 358 53 2492 59 2336 51 3996 45 7493 97 9967 37
345 4 286 19 3526 55 3642 65 768 17
346 10 119 7 852 82 3012 59 5949 71 7830 76 7682 88 9254 70 6060 85 4359 85 3947 18
347 7 43 21 903 92 1094 48 2152 73 166 67 2325 100 119 99
348 12 146 20 709 39 1502 32 1741 51 1807 92 2439 88 4362 58 5562 10 9415 21 1659 64 5466 16 8082 29
349 7 55 33 394 90 890 45 2408 57 7933 77 6808 41 252 19
350 5 30 83 512 59 2070 1 5075 77 1743 77
351 14 332 75 491 41 552 20 750 29 753 41 1165 37 1195 97 1209 93 9177 9 1187 44 6365 42 9963 84 7918 76 8173 38
352 6 300 71 8515 47 6439 34 5690 84 9300 63 4634 21
353 12 109 47 516 20 982 97 1563 47 1695 93 4219 92 4224 19 7274 84 7521 67 3180 45 1556 46 8429 68
354 8 276 72 1713 29 4892 26 6485 77 1469 4 7502 100 7522 34 9147 71
355 12 49 29 1173 12 1327 73 1562 55 2723 64 3720 7 5164 95 5289 56 7399 91 9263 51 2091 87 7254 66
356 9 281 10 2234 40 6269 100 4496 47 7081 29 6912 31 9235 31 8376 51 4463 28
357 5 307 89 489 57 529 9 1143 76 1208 19
358 7 344 53 456 85 1633 56 5873 1 8302 68 2803 9 8839 47
359 8 56 99 618 93 951 11 3085 61 3211 95 9686 53 7530 17 732 2
360 10 76 47 393 72 467 28 801 32 925 2 4975 25 6933 66 3484 28 2603 52 9764 13
361 3 198 77 371 75 2960 17
362 12 252 76 436 43 1002 54 5150 59 8160 8 947 1 1740 3 7561 84 5938 20 9269 70 4940 11 1359 90
363 5 218 46 1260 64 1554 68 1587 25 4160 78
364 11 251 13 711 26 3223 17 4255 47 9869 78 7751 58 1362 84 7557 25 9912 55 3169 98 9394 16
365 5 50 52 1832 21 6883 46 8008 3 4580 46
366 13 317 41 414 50 1048 52 1076 2 1521 19 2712 67 7208 51 6333 92 2443 35 4639 47 6865 81 4154 53 1941 16
367 7 8 97 487 35 488 45 1874 61 7430 89 821 49 4618 96
368 7 102 21 369 59 752 62 1428 41 7527 2 4910 13 3774 98
369 6 368 59 4170 4 9863 96 4391 93 5687 41 802 5
370 5 141 76 2236 35 6531 17 3699 74 7169 36
371 11 361 75 564 87 848 98 961 38 3134 84 8116 80 9478 4 4674 43 342 24 6177 46 1137 83
372 7 235 55 411 22 1109 62 9969 96 8032 94 3912 31 8439 47
373 4 333 12 668 17 3244 69 8464 27
374 9 68 91 1184 14 1210 31 5437 29 7020 43 8132 31 9897 11 7953 72 6365 6
375 11 234 49 445 96 645 13 688 85 770 83 830 83 2943 50 3451 84 5676 76 1314 14 5498 75
376 8 195 31 1775 29 4264 12 7987 19 5746 45 8652 80 5534 27 891 43
377 10 211 57 633 37 1166 24 1879 57 4187 36 6123 1 6027 30 7292 21 5418 77 9369 94
378 7 72 92 1786 66 5658 40 5938 49 3140 14 1495 51 5944 9
379 3 67 51 1525 63 6343 5
380 7 82 18 470 73 6781 18 7946 8 6576 32 3309 81 1249 35
381 10 252 40 494 7 3477 68 3690 33 5329 65 1238 6 2379 84 2001 50 9529 47 5624 67
382 11 185 29 1298 71 2172 59 2342 32 2623 94 1365 94 7420 66 846 43 297 22 8456 94 7413 97
383 9 317 95 416 98 8491 90 8089 37 5532 82 9469 27 3864 89 2695 22 1476 94
384 3 84 21 8806 66 2281 62
385 10 271 3 1324 70 1530 50 2516 41 6023 8 6736 6 2588 40 7537 18 681 65 4802 16
386 11 40 51 835 30 1019 98 1065 55 1218 19 4033 42 4229 15 8434 7 602 29 6483 21 2804 91
387 2 214 36 1235 74
388 12 42 41 2101 100 5345 48 5035 23 4797 34 4458 37 3052 13 6850 93 9912 95 6256 62 3695 62 7601 26
389 8 283 21 1092 40 1423 33 527 22 2385 100 1893 98 4024 25 3053 41
390 5 194 43 1923 60 4516 10 4118 21 8860 51
391 12 219 29 1911 77 2266 39 2764 84 3462 3 9633 31 8746 94 8774 66 7468 23 6624 82 7742 66 3393 56
392 5 104 35 5339 1 5848 33 7509 81 5636 28
393 5 360 72 858 29 1421 72 4075 100 5302 5
394 6 349 90 1206 34 1728 23 8172 53 1198 73 9181 23
395 12 328 15 973 45 3445 61 3596 75 7022 15 9691 70 7426 62 2023 9 647 80 2845 52 2678 70 6426 54
396 7 217 36 2773 84 9684 22 471 18 2222 74 7972 3 318 23
397 11 13 89 845 28 3872 73 4032 78 6780 29 9485 12 1462 93 3410 85 5583 84 2391 52 2005 48
398 5 101 61 4034 26 7115 44 9895 70 8446 11
399 8 210 70 422 55 501 54 565 8 6371 41 7490 85 1605 2 8981 82
400 7 286 54 432 100 628 97 5229 18 3122 25 3144 50 3752 67
401 4 342 53 934 99 3843 7 9203 52
402 6 216 52 1497 42 1730 16 3904 47 6414 78 9006 78
403 9 142 94 568 57 3901 8 4043 38 4676 46 974 54 4934 63 4631 99 5544 55
404 8 42 51 446 55 622 14 1846 15 6234 85 486 7 523 92 210 27
405 6 66 50 1533 74 2093 97 3287 15 2959 82 2423 32
406 10 202 94 1139 47 1180 20 5082 29 6128 98 5235 87 1980 72 9023 75 98 44 9572 21
407 13 271 56 452 35 526 90 1004 60 1359 27 7819 82 7975 6 9717 50 1307 90 8826 34 9732 41 1686 56 784 27
408 7 192 9 607 99 1415 80 2517 26 4160 48 7974 89 8493 43
409 5 143 52 1393 51 3969 86 3905 47 4552 29
410 9 114 81 1131 45 1414 12 1509 77 2734 77 5594 12 6278 50 4496 49 5452 89
411 2 372 22 8739 99
412 7 308 9 924 55 1537 55 3412 19 5582 88 5569 59 4179 1
413 9 191 63 420 98 466 31 522 18 804 37 3524 24 1525 28 1752 5 6202 38
414 2 366 50 53 99
415 5 0 98 5551 26 5638 33 8334 21 2290 10
416 4 383 98 777 78 8788 33 1976 38
417 4 77 15 1566 49 5483 78 977 79
418 10 222 84 457 25 596 75 601 19 1064 17 2608 22 3589 2 8499 25 8603 40 2515 97
419 6 97 41 989 5 1815 6 3682 4 1570 92 3668 60
420 3 413 98 1137 87 2986 55
421 8 90 29 485 6 774 87 7980 65 299 67 8409 55 2229 52 5018 96
422 9 399 55 820 86 3016 9 3733 41 3068 99 8287 59 813 30 7056 7 9745 75
423 4 293 54 1463 96 5598 5 1594 18
424 5 38 49 514 15 2884 77 7128 73 5735 4
425 9 210 23 819 29 1743 50 2343 58 4164 25 6163 31 2731 60 9864 51 3381 41
426 8 127 31 2185 98 3104 62 3822 75 9469 65 4284 79 5484 5 2494 90
427 4 282 99 689 19 1596 19 8772 43
428 6 260 38 3726 77 9277 51 4004 22 4504 81 3908 42
429 1 304 36
430 13 244 48 574 93 615 35 873 61 2394 48 5549 61 6001 75 9492 1 7301 46 7263 60 1338 26 5071 89 1561 83
431 8 212 94 4323 52 4742 54 8468 61 9793 36 3302 62 3024 20 2860 99
432 7 400 100 995 21 2825 92 3620 41 1773 93 1452 2 5874 20
433 5 125 81 3171 38 3545 48 2644 44 9674 68
434 11 189 99 447 91 561 32 572 97 4617 26 9152 33 9249 10 1533 30 8934 30 6977 46 5196 100
435 6 293 83 769 31 8600 73 5768 45 7794 32 9391 76
436 12 362 43 3174 81 3977 77 4781 97 8097 20 7749 94 5716 86 6197 34 3507 82 6356 47 5070 27 3608 62
437 6 202 78 490 84 580 5 4482 5 7681 89 7373 96
438 5 280 15 1737 78 1936 10 5245 14 7211 2
439 5 311 24 1006 94 3131 47 3246 73 2715 4
440 10 22 5 500 72 896 93 1024 92 1183 88 2486 6 3739 68 4178 29 1394 15 780 39
441 10 87 16 2204 31 6284 71 6519 51 7668 69 8622 55 9317 4 7989 40 3413 14 8738 86
442 7 9 43 1036 45 1147 17 2052 69 8813 92 8321 78 4636 24
443 7 92 35 1668 96 2065 62 2359 3 8392 20 9751 27 2185 37
444 6 134 38 2780 97 3094 10 3333 26 8711 13 2913 48
445 8 375 96 1113 35 1246 81 2160 32 1812 37 1785 11 9149 25 2817 74
446 8 404 55 535 18 1289 99 4842 55 6443 86 5558 79 7437 40 8065 93
447 7 434 91 2984 11 3304 7 3695 27 4087 2 5707 22 2124 18
448 11 57 14 1217 82 4360 56 5597 34 5731 98 7204 13 3184 2 8480 65 1522 73 1950 60 2426 64
449 3 33 82 2421 84 7913 36
450 9 135 28 521 86 1544 67 1601 59 2124 37 3529 72 8259 39 9750 1 7651 59
451 10 146 65 1014 58 1371 63 1978 23 3775 43 5645 31 1714 47 9823 19 878 46 3555 32
452 11 407 35 747 72 1055 27 2128 53 2669 29 5931 78 8502 39 8828 75 7519 37 3038 66 7943 91
453 6 284 82 2427 11 3710 51 4233 35 4970 98 7767 17
454 9 190 61 945 92 1141 40 1384 50 4330 92 5404 73 129 62 4221 74 7014 59
455 5 121 47 1282 71 1586 9 9544 58 8256 91
456 14 358 85 563 4 1063 33 1240 43 1460 86 3121 83 5173 95 5677 24 4119 92 960 74 9639 34 3007 46 4094 42 3890 1
457 5 418 25 762 6 931 86 1843 60 3306 78
458 8 33 28 863 47 1177 96 1389 91 5506 92 3450 13 5931 4 9113 42
459 6 312 49 1963 48 2028 54 4442 70 7228 67 8105 90
460 5 203 14 8544 4 900 48 6500 51 6890 3
461 4 67 96 1372 1 8520 99 2902 61
462 5 288 4 5470 65 5836 34 6712 78 799 7
463 9 154 17 539 40 1123 19 1960 38 2693 71 3394 81 3766 88 3237 79 2139 29
464 6 104 23 630 27 779 91 1719 77 9691 40 8863 39
465 9 253 11 763 13 927 98 1446 62 1630 61 9168 100 9315 34 6115 73 3442 43
466 6 413 31 2215 92 8977 95 9604 80 8980 83 4489 48
467 7 360 28 800 54 865 62 1081 84 1882 22 3151 56 4641 34
468 3 110 13 2653 22 6928 45
469 6 43 96 1968 45 3346 15 605 20 5771 84 5941 15
470 5 380 73 908 46 6205 41 3633 82 5156 47
471 13 115 4 566 64 1170 30 1473 85 1610 29 2188 84 3243 82 3310 33 9118 21 5340 40 9857 85 396 18 1056 11
472 6 101 66 1140 5 5279 1 8547 56 9498 97 8635 14
473 6 207 3 790 74 1226 49 2109 49 2487 51 1069 65
474 7 26 93 3585 92 9955 33 1742 16 4147 65 4678 60 2449 10
475 6 70 30 1054 6 4862 74 4958 94 7141 65 5072 55
476 6 291 20 586 18 738 24 768 18 2049 19 7364 96
477 7 164 48 1283 86 1828 49 2836 8 9121 95 5642 27 5629 26
478 8 108 87 620 50 7378 3 9765 28 2940 72 2729 5 6551 47 9378 61
479 6 315 99 844 58 2317 2 643 81 331 53 1914 92
480 5 234 7 2684 39 3264 32 9560 16 2686 42
481 4 206 47 3199 7 5430 5 9310 76
482 10 340 54 538 25 693 100 1200 11 9483 83 1822 65 3404 54 6982 69 9989 71 3692 64
483 6 22 99 3762 17 5020 32 4766 88 6349 92 4690 80
484 5 194 93 2689 5 5410 44 6692 25 6750 6
485 8 421 6 3803 15 4424 96 4683 56 5364 81 5747 16 559 26 3887 48
486 6 77 91 751 76 6039 46 404 7 3991 49 3330 88
487 7 367 35 547 78 796 19 1454 100 3289 33 3741 24 4461 17
488 9 367 45 917 5 1097 95 1203 52 1335 50 4152 64 5986 66 7620 31 4478 26
489 12 357 57 851 27 2946 21 3492 15 4024 23 5172 49 3941 17 6938 68 7812 69 6930 20 5975 98 4558 87
490 3 437 84 3957 27 2088 97
491 2 351 41 7652 63
492 7 75 62 4627 86 6510 30 8791 26 1148 18 6519 21 3331 87
493 6 229 39 1702 16 7620 59 673 46 6065 94 9686 46
494 10 381 7 786 12 2021 76 2154 46 2274 90 2718 24 7820 95 9366 13 2868 37 1755 23
495 2 216 19 9287 83
496 7 78 44 891 52 948 53 1568 28 2854 53 6571 60 7131 10
497 6 307 50 1204 95 6334 1 6402 54 1441 52 4699 34
498 8 210 66 1263 90 1598 16 1622 98 3230 73 2339 30 9493 58 6861 85
499 11 142 61 826 91 836 35 1567 70 2314 36 2325 24 3579 13 8114 74 2763 16 4414 56 4952 65
500 10 440 72 746 75 805 59 1640 50 2719 15 8962 25 51 95 1523 13 1237 91 3373 52
501 6 399 54 2809 62 8223 18 8191 4 3793 71 2604 85
502 6 326 6 1239 66 4586 58 258 66 2303 96 7198 70
503 7 121 49 1648 80 5424 98 5961 49 9225 47 1385 21 8410 16
504 9 13 96 684 57 941 40 2803 50 4161 99 5018 7 2534 37 6792 73 5486 61
505 6 282 29 1045 30 1675 25 5148 67 8200 45 4568 26
506 7 12 63 625 26 2630 93 7243 3 6253 25 5776 89 4862 47
507 7 171 73 527 80 1801 12 3430 85 4242 39 6183 88 9515 46
508 5 210 64 5088 2 4516 61 5614 98 535 86
509 12 26 77 2830 42 5817 49 5934 9 6854 77 1870 27 8252 99 3421 13 311 62 4943 100 1569 26 1736 77
510 9 275 7 950 3 957 84 4221 29 4086 51 2576 5 7598 39 4742 2 6691 47
511 6 22 64 3702 54 7672 79 9768 51 5405 91 1000 54
512 6 350 59 704 81 1697 36 6177 4 7879 75 7490 45
513 4 210 5 2807 79 6107 49 1372 58
514 11 424 15 590 16 1300 86 2088 65 2944 91 3946 68 4128 8 8559 30 6025 67 601 15 4261 38
515 5 255 75 598 51 1369 17 3520 32 4426 10
516 5 353 20 3613 62 5835 13 4750 75 7909 95
517 5 160 39 4872 29 6769 74 6641 25 9602 2
518 3 308 56 1295 99 3142 5
519 7 249 78 1293 19 1686 80 2795 10 9846 9 1936 78 1285 31
520 7 74 39 1655 6 7676 11 8559 77 2146 78 7315 81 6584 94
521 11 450 86 739 54 767 29 847 97 1010 100 1842 50 2200 14 2564 35 3196 61 5257 20 3298 75
522 5 413 18 4415 39 4452 60 3748 50 234 82
523 8 241 30 707 72 3292 81 9503 32 8543 33 404 92 3525 62 2488 37
524 6 207 92 1285 43 6387 25 9691 90 6831 58 6704 67
525 4 44 71 5708 96 3266 22 2795 86
526 10 407 90 616 27 725 38 734 90 3135 86 6570 1 5924 40 5719 90 6564 56 2443 74
527 3 507 80 551 28 389 22
528 6 304 20 1254 32 9097 85 4004 85 3457 53 2991 30
529 9 357 9 1020 40 2504 82 3463 12 7163 32 4984 1 9200 19 667 73 6048 58
530 6 156 19 575 20 5732 6 7201 73 6623 96 4288 20
531 10 318 47 813 2 912 57 1433 74 3853 13 8808 75 2016 32 6239 83 2758 83 3661 10
532 4 73 97 1469 15 2553 56 6148 63
533 7 180 21 1069 77 1875 26 3201 91 5292 9 6825 38 8298 21
534 16 296 8 834 34 1351 97 1425 87 3435 6 4725 36 5996 23 7783 64 2037 89 8262 17 2058 35 7045 58 3846 1 3525 63 7116 60 5461 2
535 6 446 18 696 86 4697 3 4834 55 6296 72 508 86
536 6 173 78 599 30 1256 79 2731 87 3536 54 8873 74
537 6 153 13 758 79 4393 54 1676 45 2603 47 1526 44
538 6 482 25 946 96 1437 38 3860 52 7838 89 9449 32
539 8 463 40 641 16 1814 53 3179 78 5655 28 5685 27 731 87 5711 53
540 6 37 93 1127 77 3014 11 4134 68 8091 76 9409 35
541 9 242 11 1313 42 4757 41 5755 86 5119 60 7365 12 8370 62 6680 72 9328 53
542 7 311 94 756 38 971 90 1628 62 2031 76 3938 1 7537 80
543 6 182 10 654 21 1519 82 1902 65 2589 25 8572 44
544 9 141 33 724 19 793 6 911 32 1486 1 1748 81 3124 77 4563 63 1715 51
545 9 42 46 1008 67 1038 97 4895 49 5508 18 5610 32 7564 75 7663 78 6771 16
546 2 59 55 1356 74
547 9 487 78 1017 34 1451 15 2181 50 2808 94 4381 41 4646 3 2163 98 2774 75
548 4 41 46 1841 34 9066 20 9219 6
549 8 109 60 1674 66 3729 21 4174 73 8904 19 7256 90 2313 23 6862 25
550 10 280 78 656 36 1071 21 1684 37 2173 33 2301 54 4348 87 5248 33 22 1 1508 60
551 5 527 28 729 6 9330 41 6758 2 2097 99
552 5 351 20 4430 36 4950 84 5300 68 8174 53
553 8 51 33 1422 26 3648 74 4070 22 8537 69 9931 16 7549 96 9977 93
554 7 39 69 673 56 1015 62 1540 32 3781 93 5275 78 2665 68
555 5 288 86 3870 35 6434 50 7697 63 5780 82
556 9 150 71 1361 2 1670 23 2383 82 6367 90 3221 58 7503 13 5161 50 298 60
557 6 49 74 637 38 2316 92 4077 66 6796 94 8565 76
558 4 264 52 1431 60 8307 28 5807 71
559 3 292 84 2140 23 485 26
560 6 172 45 7707 96 8777 84 5251 60 3323 78 5786 40
561 8 434 32 667 22 1080 27 2568 37 9706 93 9910 9 4728 74 3744 29
562 8 182 54 1108 59 3031 83 5749 65 9868 4 68 48 6162 56 6772 67
563 8 456 4 1916 12 2003 1 8985 5 4806 66 2216 21 3377 42 2424 24
564 3 371 87 2879 75 1234 86
565 13 399 8 1005 86 3826 83 6455 31 8380 55 6622 34 3252 57 3145 11 2594 17 7206 82 1545 97 3817 90 7171 28
566 7 471 64 759 53 2951 96 4632 72 7997 81 2180 44 6036 99
567 11 200 10 632 6 721 5 726 24 1774 9 7054 58 5197 99 6395 53 5480 52 6714 15 9296 63
568 8 403 57 6980 93 6330 4 1958 18 2244 30 2405 76 715 58 2510 92
569 9 39 40 591 24 855 90 3487 91 7570 21 1865 23 3556 56 3794 48 1962 84
570 8 125 93 602 42 5625 66 8001 19 1927 47 4455 2 5665 35 9933 11
571 4 3 100 5081 75 8339 42 9813 57
572 9 434 97 678 22 870 38 1001 26 1145 99 7192 81 1275 90 756 37 3001 99
573 6 168 87 1271 56 2999 84 4657 83 5014 68 6604 72
574 4 430 93 634 45 1592 32 2112 71
575 8 530 20 975 53 1464 89 6930 97 7035 63 5896 8 9247 95 8599 10
576 3 75 17 6487 44 9446 97
577 7 242 20 1244 54 3018 32 1493 72 110 21 3447 54 7111 94
578 10 3 70 824 71 952 5 3942 9 3458 32 1766 26 7299 99 65 88 6219 95 3805 24
579 7 67 86 2242 17 2257 40 6329 76 9271 9 9963 6 1294 37
580 7 437 5 914 4 1581 4 2069 73 8739 66 8094 53 1752 48
581 8 299 79 672 59 2378 5 2628 76 3421 69 5733 30 8779 58 4794 98
582 8 90 30 799 75 2308 44 3091 17 8197 43 8722 17 325 24 1783 46
583 9 301 46 587 20 933 98 1225 24 4616 60 4552 11 4646 45 2814 27 3596 28
584 8 82 89 778 36 2059 1 4914 56 1310 58 3962 21 4080 81 8097 33
585 4 243 100 1232 1 3347 99 7878 13
586 11 476 18 1091 93 1343 60 2080 88 969 42 1691 46 4625 100 6952 11 7438 41 2692 3 5499 79
587 8 583 20 665 92 3934 69 8742 23 8784 82 5604 37 5071 51 5721 43
588 5 324 17 1325 47 1907 60 5314 99 4918 92
589 3 314 11 2280 76 6002 27
590 9 514 16 1624 81 7647 62 8758 15 7267 98 2271 55 2498 33 10 90 4400 22
591 5 569 24 593 77 1079 30 2432 36 3804 24
592 8 267 59 947 89 1118 38 2771 17 2993 13 4063 99 3958 36 7533 41
593 14 591 77 698 70 810 65 1207 9 1894 28 2112 88 2411 18 3431 83 7904 51 4423 51 6160 24 1886 34 8631 47 4499 86
594 7 223 99 2334 31 1764 5 7642 3 6456 23 342 33 1463 70
595 3 80 85 740 11 4559 37
596 8 418 75 1942 61 7251 3 8993 27 8962 95 9213 50 7534 18 1802 48
597 7 28 93 1765 2 2209 15 2340 70 2530 34 9099 85 2217 37
598 11 515 51 683 24 1791 18 2682 71 5814 59 1050 57 9118 23 2673 24 1812 89 5236 50 7260 6
599 4 536 30 1883 21 1784 28 2632 62
600 6 199 26 1016 94 1197 10 1296 98 8243 1 4531 97
601 6 418 19 803 8 1755 89 8650 56 8816 62 514 15
602 7 570 42 4662 67 4860 26 8781 71 1717 61 386 29 217 7
603 4 137 18 1154 70 2893 30 4921 15
604 9 105 77 609 55 1198 85 3143 61 3680 30 6831 94 2550 78 6819 79 5916 44
605 8 276 66 1574 93 1692 89 2136 4 2938 81 8705 94 469 20 6600 40
606 5 279 91 2573 80 5376 76 9989 93 4176 64
607 9 408 99 612 37 1251 52 5760 95 7366 40 9656 45 1854 18 2730 1 7196 52
608 10 220 11 1635 40 6586 45 6400 82 1403 33 7049 60 7780 38 6789 63 3597 44 6914 93
609 1 604 55
610 5 99 49 651 70 868 73 6011 53 2660 52
611 9 266 77 733 74 1394 53 1926 29 2123 85 9982 95 6779 55 1203 88 3232 15
612 6 607 37 2857 64 3200 57 7755 86 1142 77 3940 23
613 4 85 39 1368 71 2279 15 951 13
614 6 31 12 1303 12 2349 96 4650 15 8392 90 7215 41
615 5 430 35 794 12 5381 44 7518 33 4080 30
616 9 526 27 806 98 1572 73 2989 93 1745 54 7122 33 3375 42 1284 9 9076 49
617 4 66 36 2903 18 3417 43 9033 78
618 4 359 93 4418 94 4088 3 6017 88
619 9 146 62 963 5 2324 71 2632 16 3936 82 3989 72 4354 2 1761 97 7159 39
620 11 478 50 691 32 972 45 2458 62 2501 48 3224 9 4355 14 7555 88 9308 98 8186 58 7243 94
621 8 40 1 3057 9 6790 43 9065 88 2002 84 7433 16 5375 47 2662 4
622 6 404 14 787 11 2247 46 5648 26 2954 84 2318 25
623 7 31 97 705 44 1595 86 1605 77 5057 9 6508 61 2797 96
624 8 16 1 1318 9 1358 96 4248 82 4227 62 4259 53 5749 58 7595 84
625 8 506 26 674 53 884 6 1031 20 8788 94 5837 90 8005 89 4237 24
626 6 191 15 1087 22 3839 87 4453 17 6556 65 4479 60
627 9 333 60 720 10 7258 38 7458 68 8090 29 3390 33 1015 33 9471 36 3180 57
628 4 400 97 2626 61 3221 11 9693 72
629 7 139 28 1132 35 7213 44 2742 52 6886 94 5880 83 6117 52
630 5 464 27 3779 99 4026 31 6298 35 9197 61
631 3 37 82 3370 98 3001 34
632 8 567 6 1336 97 1531 35 1959 34 3783 73 3590 17 7161 75 9315 70
633 5 377 37 1913 53 2422 87 7965 44 3103 68
634 5 574 45 744 40 817 97 3138 71 2582 69
635 6 101 74 676 33 1779 85 4003 76 5777 66 2541 56
636 5 101 52 1566 1 7466 25 3209 62 9181 78
637 4 557 38 772 42 1708 58 6900 85
638 5 128 36 905 87 6380 81 5264 3 8281 20
639 4 240 29 727 68 3423 70 3880 84
640 7 57 74 1631 40 6720 78 6808 59 3522 54 5668 34 5528 34
641 8 539 16 915 19 960 11 3122 99 3689 80 6747 22 4839 21 2206 53
642 5 286 82 3062 27 5706 40 9797 1 2141 45
643 6 158 28 3087 42 3522 30 479 81 3816 16 9324 54
644 9 244 20 647 76 660 27 1255 27 1889 93 8237 23 2018 3 709 16 8416 19
645 8 375 13 1407 14 1709 18 3158 13 3988 62 4820 66 3857 51 3796 10
646 8 148 83 694 40 993 12 2920 80 3464 2 7101 70 4125 20 1077 43
647 9 644 76 692 97 1489 45 4755 85 9837 23 2627 83 395 80 1362 54 9034 10
648 5 326 48 1559 94 9301 75 3330 4 5379 99
649 10 36 46 1171 27 2273 50 3413 39 3972 18 5513 33 7413 82 7982 59 5025 78 7954 49
650 5 333 79 7024 3 3295 86 3339 17 8170 90
651 3 610 70 4810 94 9703 50
652 7 287 52 731 41 6776 31 3923 6 7090 90 2090 69 694 48
653 4 335 86 6100 20 2509 40 6902 19
654 8 543 21 1013 91 1034 74 2556 22 4550 45 9080 63 3464 41 4383 62
655 3 292 34 2320 33 6152 19
656 6 550 36 677 22 8899 51 1081 56 4635 42 4521 68
657 7 57 48 1023 15 4684 27 5002 58 9279 77 7096 66 3121 6
658 10 46 61 1344 69 1501 77 1599 16 1760 80 2275 95 3598 64 3945 36 9020 13 1117 39
659 5 288 19 846 11 7042 40 5592 61 3176 55
660 4 644 27 4751 58 1501 64 2976 41
661 8 167 53 1050 21 2640 95 5291 34 5501 17 5778 76 2298 83 7372 8
662 8 225 60 1311 61 1838 89 3086 8 3372 86 2657 69 2074 74 698 55
663 3 103 18 5135 67 4620 3
664 4 263 9 883 41 5484 86 4225 29
665 8 587 92 708 52 712 29 4645 91 3252 68 4155 99 9431 59 7900 21
666 7 94 17 1545 2 3228 2 8123 34 3882 68 9004 85 3098 67
667 19 561 22 679 35 1548 48 1927 10 1983 77 2255 10 3052 28 3531 29 4807 52 5136 5 7460 30 8144 51 9232 15 9609 75 529 73 1098 98 5343 59 7745 35 8428 4
668 7 373 17 822 29 846 65 1392 96 6850 79 7531 96 4482 84
669 10 283 50 1224 15 1981 18 3880 58 4449 90 5308 18 6557 63 2010 65 8435 31 8613 90
670 6 269 46 1977 22 2555 14 4533 18 7486 93 1247 55
671 6 249 2 4856 42 6319 17 9601 81 5823 71 3940 32
672 7 581 59 1826 66 2089 98 2902 6 8326 4 3456 81 2527 66
673 6 554 56 5667 4 7180 27 7344 82 493 46 9025 85
674 5 625 53 9801 18 952 10 4827 4 3353 23
675 7 261 100 730 79 207 38 5322 15 9427 54 3588 57 5099 44
676 3 635 33 5657 36 4890 19
677 3 656 22 2259 60 1275 17
678 4 572 22 3263 80 5508 29 9979 76
679 7 667 35 680 91 2036 36 3479 57 9733 13 1731 23 2196 33
680 8 679 91 1049 60 1161 98 3173 29 7482 12 6710 85 3072 9 1244 27
681 8 232 98 867 30 1281 29 1529 33 4759 68 7521 38 385 65 4933 20
682 6 271 98 3191 4 9611 6 3845 67 5797 7 2777 79
683 10 598 24 780 26 828 6 5227 19 7617 59 8716 39 4264 77 4218 76 1158 29 4530 48
684 7 504 57 1340 25 2777 41 2923 43 3299 12 3672 89 5926 66
685 5 296 78 2390 11 2476 25 210 9 2196 23
686 12 299 41 1450 51 3558 51 3881 6 4184 4 7058 38 1564 49 8698 40 5988 100 4964 90 5345 74 8964 72
687 3 4 69 3034 62 8363 86
688 5 375 85 5973 31 1223 29 6741 88 7174 4
689 5 427 19 8353 14 6805 27 5675 51 6786 91
690 6 73 98 7300 32 8125 42 8756 36 5121 64 3738 87
691 4 620 32 4514 63 1424 63 9873 89
692 4 647 97 3055 56 4567 98 4649 43
693 5 482 100 3446 32 4985 67 8547 75 5883 18
694 9 646 40 854 74 2607 39 3013 28 7816 58 9944 30 7635 74 652 48 3117 67
695 7 8 49 736 21 1129 47 1757 22 9202 99 3644 58 9329 80
696 5 535 86 8416 36 9163 25 9533 37 7009 58
697 9 110 9 701 33 976 16 2436 47 3827 87 4074 62 9485 70 1357 51 3206 56
698 7 593 70 6931 71 3617 54 4979 45 8306 19 8733 47 662 55
699 11 101 59 742 46 1061 19 2598 87 3770 42 5880 15 7516 17 8096 72 9447 45 4331 94 3890 43
700 5 8 35 3708 57 6008 67 8288 10 6972 52
701 5 697 33 4237 6 5181 22 2550 41 2976 52
702 14 186 34 1128 20 1571 27 1949 86 8414 28 5305 11 2856 86 816 26 2739 10 1987 9 2790 11 7129 43 4329 51 6921 46
703 4 39 64 1811 15 1991 91 2846 3
704 6 512 81 6974 66 9158 54 2480 87 1057 17 4694 27
705 3 623 44 7235 96 1450 47
706 4 254 38 2559 2 4580 30 8870 54
707 7 523 72 775 32 1089 66 3554 40 5026 73 7015 18 3788 68
708 10 665 52 1934 2 2597 33 3034 27 3678 75 4181 31 7720 5 9488 67 6464 30 9611 82
709 8 348 39 1355 86 6030 45 8792 74 8931 82 6789 52 3184 91 644 16
710 9 160 40 1058 40 1466 79 1948 14 2952 97 7332 96 3686 94 3578 100 7118 96
711 7 364 26 1922 38 6799 63 3881 69 1120 30 8466 77 887 43
712 6 665 29 1914 12 2620 14 3884 91 4814 2 8954 80
713 8 122 51 1106 28 1149 71 3234 77 3502 44 7602 14 7007 55 2928 89
714 5 167 21 1245 95 1876 89 2996 30 6875 67
715 4 237 94 771 8 5177 54 568 58
716 7 126 10 1253 61 1315 92 2887 72 4029 19 6049 2 2263 40
717 6 325 52 3048 56 5054 29 7889 92 1642 10 3593 41
718 9 61 83 3508 14 4953 43 8265 64 806 18 8923 32 4561 67 5720 91 2346 52
719 11 186 61 743 30 1487 75 2008 71 6314 86 8617 85 9379 52 7236 85 2062 26 4900 36 4032 83
720 6 627 10 788 91 3381 50 7603 16 3905 6 3431 66
721 6 567 5 2051 46 2686 93 4044 74 9958 98 6667 41
722 2 197 79 2305 41
723 10 143 50 1030 79 1133 66 1397 42 1746 16 2332 41 3575 76 8310 18 4751 72 8766 95
724 5 544 19 1151 14 1720 34 7196 73 5112 87
725 11 526 38 1654 14 6240 35 6632 100 6579 29 990 72 862 83 7881 78 1135 17 8250 18 9688 47
726 8 567 24 1500 46 1790 25 2940 54 4373 80 6583 63 3141 8 5702 60
727 4 639 68 3755 34 6301 84 9991 44
728 3 244 13 8545 81 1392 39
729 6 551 6 1248 54 1974 24 5070 8 1271 31 1642 30
730 7 675 79 4365 82 7372 9 6823 38 6655 62 8068 82 5598 95
731 8 652 41 9828 16 3913 58 5837 86 2592 94 539 87 6875 70 6522 48
732 8 23 72 2949 29 8155 56 8736 48 9932 96 8481 63 359 2 2383 1
733 6 611 74 768 12 2688 15 4809 20 5167 99 6573 68
734 11 526 90 748 8 9098 17 5998 67 92 62 2432 57 4610 41 4454 78 2479 60 4101 77 8776 28
735 5 141 17 1052 52 1295 56 3374 22 5067 81
736 9 695 21 871 10 1292 85 3364 44 9529 26 2160 40 4606 68 7970 81 4322 60
737 4 329 15 3815 8 5402 8 6744 50
738 3 476 24 920 96 1720 11
739 6 521 54 1053 49 2243 2 6792 15 5127 100 3623 42
740 6 248 11 2328 13 5014 19 3138 36 595 11 82 99
741 8 212 24 862 77 1242 75 138 100 4082 24 5099 64 55 8 4674 87
742 6 699 46 1338 96 1480 15 4350 43 7064 2 1391 37
743 5 719 30 1604 39 3590 99 8265 36 1460 55
744 6 634 40 1305 23 3141 45 9472 35 4991 15 5933 27
745 5 314 13 3345 83 3480 98 966 87 5955 76
746 10 500 75 1582 79 1868 59 2142 33 2425 23 4164 3 4004 82 775 15 2128 91 7657 91
747 12 452 72 1943 72 2307 54 3301 44 4594 20 5290 32 2378 87 7373 91 2196 70 5650 16 6469 100 2053 68
748 10 734 8 1614 13 3638 90 8571 100 6121 32 7321 72 3907 50 2183 52 4011 18 1068 100
749 9 25 22 1731 44 5641 37 6556 57 5142 45 7131 79 3669 28 3825 100 2864 60
750 7 351 29 1430 7 4532 83 5138 89 6972 8 7929 56 4257 67
751 9 486 76 821 83 3887 68 4422 92 5151 12 7459 92 2065 35 6103 77 9783 36
752 11 368 62 1919 91 3662 98 4932 65 5492 32 6007 63 5508 64 6683 69 5079 47 7417 34 9284 68
753 9 351 41 2544 23 3167 81 7265 31 7985 46 956 29 8134 76 2374 66 5684 42
754 9 176 73 2806 40 5041 75 5259 18 5871 85 2856 70 2031 43 6517 83 2971 29
755 9 102 10 1215 35 2910 23 3284 50 4912 48 2898 45 6219 81 8470 6 2987 98
756 5 542 38 1830 87 2281 16 9522 74 572 37
757 4 272 62 3659 77 7395 70 8822 6
758 11 537 79 764 14 812 44 1041 46 1964 53 6508 15 2727 95 9235 40 8685 93 2415 36 6303 87
759 7 566 53 1513 75 2499 62 4813 11 4956 100 5258 57 3163 20
760 9 26 90 1104 12 1252 94 1432 61 2311 30 2848 4 3384 74 3563 55 8360 4
761 6 343 59 4696 67 4728 17 9028 9 2467 78 2899 98
762 6 457 6 9327 27 5768 66 8656 35 7358 49 3067 69
763 4 465 13 5833 51 3060 82 9603 54
764 9 758 14 1150 86 1194 48 2743 23 4212 46 9477 30 1786 26 6294 21 9323 83
765 3 48 5 1319 85 5059 74
766 4 165 68 3290 20 6958 51 2574 82
767 10 521 29 792 92 2582 86 3452 23 3320 20 5296 26 9032 53 2592 41 2115 9 5395 57
768 9 733 12 1419 20 7612 44 2978 90 3012 87 7791 54 476 18 345 17 9709 54
769 7 435 31 3327 95 6448 41 6200 73 34 55 7055 20 9801 75
770 6 375 83 939 53 953 9 2221 73 2456 16 817 57
771 8 715 8 2009 89 2420 66 4928 35 8202 31 6719 24 2163 87 5640 77
772 4 637 42 5445 58 4940 3 4347 1
773 6 28 29 1134 76 1268 49 3654 21 6033 59 4728 89
774 8 421 87 2426 72 3925 12 6164 15 7528 93 5294 77 8071 30 7094 94
775 8 707 32 2852 38 3461 28 9224 85 2288 73 4621 54 746 15 886 90
776 7 225 86 913 71 2416 52 3371 35 8653 16 1296 69 9631 74
777 2 416 78 8418 9
778 5 584 36 4469 22 2850 37 8834 13 8538 55
779 7 464 91 1025 27 4919 91 8914 27 3374 26 125 11 2684 48
780 5 683 26 6683 53 6764 62 440 39 2775 89
781 6 31 44 791 17 1333 53 6200 31 2823 68 8210 57
782 6 234 75 1701 7 1761 83 2664 31 4598 89 4508 62
783 7 29 82 1085 61 1553 46 4713 45 7244 74 6217 58 152 81
784 6 195 14 7570 25 9669 41 7616 100 3431 43 407 27
785 7 18 93 1230 87 3709 30 5180 82 3997 39 9108 93 6273 95
786 4 494 12 857 92 1982 74 2453 76
787 8 622 11 1299 71 4756 85 5094 91 4493 43 1165 12 9477 91 9024 15
788 3 720 91 2222 18 5613 9
789 4 39 37 7256 23 5768 50 8062 67
790 6 473 74 1906 46 1917 5 2214 52 4740 93 5024 52
791 5 781 17 6874 88 9277 29 3735 5 4315 56
792 6 767 92 8400 36 2561 81 3198 42 3407 78 7754 13
793 6 544 6 872 32 2061 89 2877 88 6551 45 8995 77
794 4 615 12 1957 65 4877 89 8368 24
795 6 191 72 3449 16 9258 40 9365 63 3849 11 9686 66
796 7 487 19 1549 83 1608 95 4159 16 3930 65 317 16 4513 80
797 3 141 62 6730 100 2621 52
798 7 27 68 1047 27 2787 46 4868 36 8256 82 4251 55 5923 37
799 7 582 75 1205 46 2077 4 2649 18 4814 63 2685 94 462 7
800 12 467 54 974 36 1316 50 1465 34 3632 21 4945 80 2411 18 4676 96 3585 36 6713 65 9108 86 8972 75
801 9 360 32 850 1 964 58 992 14 1280 52 2705 71 3303 27 6469 79 4295 12
802 7 103 22 1360 76 2828 20 3641 1 5728 28 369 5 9884 60
803 9 601 8 3493 13 5871 5 7099 100 6213 63 1215 91 3879 73 2270 98 9084 21
804 7 413 37 1440 98 2746 5 8959 7 2709 16 5295 6 8408 2
805 2 500 59 6481 32
806 12 616 98 1861 25 3948 86 6659 3 6688 94 9896 29 7057 33 4731 84 2555 63 718 18 3300 4 3404 26
807 8 5 85 1518 55 2694 41 6852 39 6083 29 159 44 5658 52 285 5
808 5 247 13 3208 7 5578 39 7897 5 9509 71
809 6 197 84 3354 23 3361 4 9854 35 2244 79 4324 94
810 11 593 65 1967 75 6915 13 2804 31 3214 68 8259 9 2069 30 5882 54 2027 51 7813 95 5322 49
811 3 252 7 8478 77 5630 91
812 6 758 44 1172 94 1561 84 8510 95 1902 48 2339 54
813 8 531 2 1411 94 2014 8 9728 35 7815 9 422 30 7222 96 3895 40
814 3 334 44 2672 45 6143 77
815 7 115 48 881 39 5858 34 5744 78 7010 39 262 40 6318 74
816 6 112 80 702 26 980 90 839 60 8949 11 7721 6
817 6 634 97 1347 8 1747 83 6905 17 5408 13 770 57
818 8 26 49 930 48 2023 28 2030 10 4068 70 1584 51 4333 13 7389 21
819 5 425 29 1114 19 8314 95 8007 73 9540 98
820 5 422 86 5951 76 6084 88 5364 99 3544 39
821 9 751 83 887 81 2345 53 6670 48 6976 24 9805 43 1410 99 2208 17 367 49
822 7 668 29 882 93 2164 80 3979 51 7145 18 7729 6 7598 65
823 10 277 93 2433 70 6849 62 7524 82 4106 80 2598 24 8664 62 5924 35 3997 22 1772 12
824 7 578 71 2489 51 3573 94 3753 57 4435 40 4603 66 8289 79
825 9 179 98 3084 23 4623 55 8807 36 2927 28 8785 70 5912 62 4184 35 3366 36
826 9 499 91 1410 93 1413 14 2818 61 8205 57 4637 76 4755 18 2148 62 2305 18
827 3 53 42 841 17 6303 98
828 5 683 6 1569 47 2018 56 2841 19 3978 33
829 2 242 37 4987 84
830 8 375 83 2076 92 7095 74 9640 86 4729 30 5015 10 6499 37 6672 58
831 4 242 50 8845 83 6444 84 8075 13
832 7 216 25 2410 14 3017 70 5087 87 7314 98 209 27 3711 12
833 7 29 12 1827 79 9194 71 4766 92 6446 57 2531 57 7312 96
834 8 534 34 1492 77 1792 35 3440 53 7930 53 3444 10 3897 53 8932 70
835 4 386 30 2918 9 5436 61 1314 32
836 5 499 35 1322 29 7573 47 9450 32 8810 62
837 7 287 71 921 30 1750 42 1932 77 8815 24 9098 23 7750 60
838 8 237 79 996 30 1157 64 5020 64 277 84 1490 27 1064 15 8198 14
839 6 147 88 1176 9 9536 67 816 60 9667 45 1155 71
840 5 191 47 981 49 6149 46 255 5 7697 18
841 5 827 17 2372 63 8353 72 2864 43 1545 48
842 9 141 15 892 71 1009 58 1130 30 5078 45 7956 89 3265 2 5550 10 5612 77
843 5 39 75 8476 75 9320 40 1578 67 9337 95
844 7 479 58 3170 16 3971 10 5015 65 4288 11 7557 36 8780 51
845 7 397 28 1208 51 2150 94 6082 99 8325 57 2988 46 9556 83
846 7 668 65 1969 1 4443 59 9947 2 659 11 382 43 2895 54
847 5 521 97 994 71 2760 88 4822 6 1710 9
848 7 371 98 1352 3 1809 87 5902 100 106 75 8173 97 1280 98
849 5 21 5 1115 68 3824 53 8964 4 6688 83
850 7 801 1 889 2 1965 79 7510 60 1804 85 3952 94 3059 56
851 9 489 27 1273 18 1320 81 3000 41 6396 68 1103 80 2562 80 8846 75 290 41
852 6 346 82 3469 99 9045 80 9764 85 5200 17 8417 75
853 4 27 7 7200 21 6001 88 8184 95
854 6 694 74 7635 76 2218 40 6016 41 7713 79 3554 71
855 8 569 90 1367 36 3414 32 7452 54 7677 39 8815 70 9582 53 6552 76
856 5 17 26 874 82 3242 45 5332 26 2708 17
857 5 786 92 5389 65 6111 99 1071 46 3135 99
858 12 393 29 2182 40 8766 53 3948 49 4450 100 2247 18 7631 83 6026 38 3489 77 4268 20 3260 62 5094 67
859 7 333 6 4525 29 8943 41 974 2 9681 18 7172 25 5645 87
860 5 96 73 1812 19 2151 65 6384 3 3875 79
861 5 199 31 7859 77 9335 3 3548 81 956 3
862 8 741 77 4572 95 7304 55 8395 29 6764 36 725 83 5654 31 4825 49
863 7 458 47 968 1 1626 85 2102 57 9277 44 3963 78 5347 29
864 7 303 90 1265 64 2358 96 8527 91 4277 14 6352 85 6263 27
865 7 467 62 2618 77 9483 14 8899 46 3909 17 2648 45 1237 37
866 5 327 24 1680 68 2941 91 4089 18 8180 87
867 7 681 30 875 84 2477 76 8345 26 8863 14 6028 44 6432 86
868 8 610 73 2392 59 4564 19 7070 2 7456 27 5501 85 166 50 5538 90
869 9 137 31 909 40 1033 74 2459 33 3436 15 3471 81 3512 83 7649 67 5024 93
870 10 572 38 888 9 1909 25 6055 57 3310 66 7696 46 2016 15 1647 94 3876 79 3742 30
871 4 736 10 1379 47 6160 34 9910 14
872 10 793 32 899 31 2148 73 3273 16 5255 14 5682 11 6261 40 8718 17 8309 41 9441 88
873 7 430 61 1727 91 2228 95 4364 30 4735 25 1305 76 6937 53
874 4 856 82 1405 40 3312 8 6534 55
875 5 867 84 1334 75 6078 2 6559 69 3622 12
876 8 153 94 1233 40 1346 10 2619 70 6967 72 1693 78 3590 92 9145 28
877 7 94 48 907 99 2695 60 3854 53 4162 67 3170 26 3246 85
878 7 90 14 901 89 8940 2 8422 86 451 46 4612 12 75 16
879 10 247 20 999 9 1385 50 1485 79 1703 94 2119 91 2428 22 6472 95 6672 35 8445 16
880 6 233 30 1073 30 2424 61 2867 73 5012 24 2396 62
881 4 815 39 4459 32 5702 60 8563 95
882 2 822 93 7484 55
883 6 664 41 988 49 1022 75 1461 32 7382 77 4507 16
884 7 625 6 2635 62 8966 4 2541 56 6750 88 2374 8 2345 72
885 8 81 29 2415 21 3898 16 8611 30 6783 54 221 80 7845 82 6204 5
886 12 155 10 3115 51 7176 14 7937 63 6033 84 5298 43 775 90 1331 18 5147 11 9214 94 924 78 1715 93
887 11 821 81 1243 8 1505 83 2184 24 2371 36 9444 69 4095 85 8266 38 6505 43 1499 2 711 43
888 7 870 9 1026 49 1455 44 1510 64 5633 66 9494 38 4009 78
889 6 850 2 3355 45 4873 37 4006 95 2659 75 6680 86
890 9 349 45 897 90 900 78 1406 66 1989 25 3117 69 3518 24 6834 65 1314 71
891 7 496 52 1551 25 2374 12 3490 48 1948 94 5929 69 376 43
892 7 842 71 2629 45 5198 82 7113 57 9442 95 8024 65 2591 45
893 6 155 7 906 19 5522 88 6676 17 7527 55 5128 88
894 6 291 2 2659 86 8041 63 2525 24 5852 38 2887 53
895 4 184 67 1458 86 2762 24 8424 45
896 3 440 93 3207 16 3490 10
897 8 890 90 1124 82 3335 68 6442 91 8864 18 9729 23 5335 69 7716 88
898 9 173 33 4239 5 5829 5 7232 99 3455 14 6232 35 2692 67 5001 83 2035 83
899 7 872 31 929 8 4034 38 9199 17 9477 33 4799 24 9319 87
900 7 890 78 926 56 3650 29 47 49 1836 27 4254 35 460 48
901 6 878 89 1944 7 2049 26 6757 63 7853 39 5522 97
902 2 261 12 8983 6
903 7 347 92 1387 30 3539 8 6957 79 931 61 6906 43 1204 33
904 4 103 52 1853 80 1602 81 1719 80
905 4 638 87 2058 16 7902 6 7551 95
906 4 893 19 2060 88 2820 55 9716 86
907 12 877 99 932 83 8894 44 9110 18 4540 75 5255 68 9036 56 9884 65 6151 2 3792 6 7485 21 3177 41
908 5 470 46 1538 78 9852 73 1160 64 8477 55
909 5 869 40 1362 30 2856 68 3419 69 995 75
910 6 150 20 3030 58 3198 75 3828 61 230 51 9655 43
911 6 544 32 4416 71 9473 46 5834 81 3640 42 6061 73
912 5 531 57 2313 83 6451 82 275 31 5649 58
913 4 776 71 1390 72 1729 89 7829 32
914 8 580 4 1056 75 1178 83 2451 92 2605 76 4603 99 207 74 1237 33
915 3 641 19 1304 42 4019 63
916 4 77 29 2054 16 4777 95 1666 79
917 4 488 5 3929 51 5521 32 4872 39
918 3 226 15 3737 40 325 3
919 4 117 3 4278 39 5788 43 8309 91
920 8 738 96 1833 38 2244 40 6247 4 6609 96 5484 9 6460 59 5226 40
921 2 837 30 5399 13
922 3 22 91 2661 45 7095 11
923 6 86 95 4209 22 4848 88 7526 36 5108 55 8244 83
924 5 412 55 5821 66 3812 22 8416 48 886 78
925 8 360 2 2096 91 8791 17 1664 43 1238 40 3683 73 9128 94 7425 44
926 3 900 56 8609 85 1363 67
927 12 465 98 1375 34 2294 29 4629 50 5902 34 6374 58 4187 52 4529 88 3167 53 2806 11 5206 72 4350 58
928 2 249 82 8569 3
929 15 899 8 1294 93 1349 60 2441 92 3342 45 4592 39 7336 57 3765 35 6552 17 1618 39 7481 4 7589 44 1880 47 4178 21 1841 19
930 5 818 48 1578 35 6248 66 6904 52 6319 70
931 8 457 86 997 26 1090 67 1099 22 6993 97 4892 98 903 61 8965 89
932 9 907 83 7124 82 9505 61 1300 66 5316 5 3251 75 8665 28 8133 34 151 66
933 3 583 98 3748 96 8484 96
934 7 401 99 2013 2 4796 27 6552 23 7638 95 6326 68 7283 60
935 7 253 62 2744 100 4636 37 5367 64 5514 5 4997 18 9682 9
936 6 206 84 2802 83 9959 31 3708 90 9934 73 9497 39
937 7 86 92 3468 15 4374 39 4563 12 4568 61 4921 10 6050 23
938 7 285 41 1075 72 1924 45 2696 62 2957 44 7510 23 8365 56
939 3 770 53 1023 10 4261 53
940 6 51 65 3299 72 6472 76 1324 56 2966 28 9135 65
941 5 504 40 3633 93 7521 99 9762 91 2840 37
942 5 139 11 2082 31 4039 80 7687 62 9716 82
943 7 279 82 2357 63 5586 18 3886 89 5110 4 2421 2 8238 17
944 7 258 39 1162 100 1408 56 3866 52 6065 34 7598 70 9626 77
945 4 454 92 7264 33 9833 9 2723 8
946 4 538 96 1027 88 1237 99 1543 99
947 2 592 89 362 1
948 10 496 53 2026 35 2239 52 2977 43 8269 79 9070 85 9208 32 2595 25 1463 18 2838 48
949 4 11 43 2091 37 6723 12 4272 82
950 5 510 3 1441 4 8438 46 2889 2 6511 29
951 8 359 11 2297 91 9364 20 2277 81 6263 33 3286 4 613 13 2102 29
952 9 578 5 1772 33 3177 78 3488 82 7187 63 674 10 314 67 6979 10 331 27
953 6 770 9 1377 3 3974 75 66 27 5592 5 8776 85
954 6 70 5 1306 30 2732 51 3474 2 6287 80 5302 100
955 5 32 96 3586 87 3216 40 6925 43 3206 77
956 7 214 70 965 71 1276 74 2670 100 753 29 7241 24 861 3
957 6 510 84 1753 66 3312 48 6324 66 5694 57 1268 53
958 5 168 5 3137 32 4295 70 8217 23 6384 21
959 10 287 64 3288 87 9754 20 164 30 9071 63 6634 45 8546 98 3656 85 2680 94 8302 13
960 7 641 11 3792 3 7677 82 3970 94 456 74 1136 78 6807 36
961 8 371 38 3489 19 6322 15 6828 72 6926 67 2520 15 8907 83 1385 19
962 8 109 9 2045 28 2078 26 4049 99 8635 82 5878 30 8925 60 8857 50
963 8 619 5 1891 3 8693 32 7656 61 5573 22 4148 88 7685 98 26 11
964 12 801 58 2213 95 2249 57 2379 45 3145 98 5891 67 3747 24 8569 96 3810 36 5338 89 9798 85 4654 48
965 4 956 71 998 5 6565 59 4896 2
966 7 297 76 1136 64 2127 25 2859 65 3251 41 3503 31 745 87
967 6 59 8 1711 42 2482 90 4486 75 9814 86 6364 91
968 3 863 1 8810 96 3596 40
969 6 87 12 3717 59 5714 84 586 42 6192 6 5729 14
970 6 221 97 987 92 2210 29 3306 26 8294 77 3477 98
971 11 542 90 1756 9 2784 94 7688 58 7800 22 9850 64 7497 14 2941 65 7429 42 5820 90 9417 29
972 2 620 45 7965 6
973 4 395 45 4894 90 7796 8 7975 1
974 8 800 36 1979 81 6965 59 859 2 2901 51 8619 67 2455 76 403 54
975 9 575 53 985 80 1259 48 1797 27 9654 86 2759 41 194 3 3828 68 10 51
976 9 697 16 990 42 1111 16 1262 51 3804 85 7506 76 1473 30 8932 56 6386 60
977 6 201 47 4118 84 5189 46 5474 93 2254 34 417 79
978 3 293 12 4959 63 6970 27
979 8 77 29 1223 62 1555 10 6046 36 4460 15 8696 84 4845 57 4079 53
980 6 133 5 8383 46 8721 26 9906 8 2059 91 816 90
981 7 840 49 3910 40 7939 77 9439 35 6993 57 7994 96 6501 32
982 6 353 97 4316 7 5355 71 1508 8 8102 14 2587 95
983 4 291 70 4977 15 2005 95 7892 24
984 7 61 42 1043 4 8342 60 2846 25 9587 67 3490 6 9285 97
985 10 975 80 2067 76 3390 37 6053 17 7100 45 7143 66 7326 72 6542 87 2949 27 3341 97
986 5 156 39 1088 29 2912 55 6880 71 207 89
987 10 970 92 1494 48 1547 98 7766 62 8223 66 2212 70 5990 43 4721 70 9963 85 8454 97
988 11 883 49 1148 87 1267 19 1886 53 3232 63 7191 62 2611 14 8534 5 7391 89 8043 14 6851 41
989 8 419 5 2339 61 2721 86 5684 21 4711 59 6315 1 7088 29 5646 40
990 5 976 42 1012 7 3795 75 725 72 2436 100
991 10 142 45 1472 51 2066 30 3509 17 5176 62 4891 39 5515 49 4301 16 8084 20 8725 49
992 8 801 14 1471 13 3878 57 4667 5 7227 64 7650 76 6116 5 2723 6
993 7 646 12 1082 17 1636 62 2571 89 3192 24 6929 13 9961 19
994 10 847 71 2252 100 3983 57 4997 62 1715 27 8676 28 7608 70 4415 4 4091 32 5321 10
995 6 432 21 2810 46 6471 94 8087 97 909 75 4237 20
996 5 838 30 7092 44 140 32 9177 98 4757 65
997 4 931 26 1946 8 9487 74 1335 97
998 2 965 5 7279 65
999 4 879 9 6984 7 6997 34 4066 36
1000 5 76 60 2171 98 3387 1 6498 47 511 54
1001 5 572 26 1820 91 4685 19 86 31 6805 63
1002 6 362 54 1707 66 1988 48 1965 53 1684 71 7883 42
1003 7 192 16 2287 49 3160 80 8240 95 2041 27 7835 34 5820 71
1004 9 407 60 2145 98 7010 32 8369 57 9146 82 9952 21 3211 53 1874 46 7418 61
1005 4 565 86 4186 19 4315 17 8050 74
1006 5 439 94 1565 100 2565 25 3760 36 3118 85
1007 7 86 68 1046 90 1940 65 4384 2 2457 90 1224 9 8265 8
1008 4 545 67 6971 68 290 29 3437 2
1009 10 842 58 3783 22 3980 72 6501 42 6886 73 8733 87 1858 30 3631 16 2166 83 3763 48
1010 5 521 100 4507 28 5637 52 2552 20 322 99
1011 2 272 67 1708 59
1012 2 990 7 1202 24
1013 8 654 91 1042 53 9134 89 6153 70 3232 85 1468 19 2845 22 3901 100
1014 6 451 58 1321 1 3576 32 4664 65 4307 94 233 62
1015 6 554 62 6545 33 4926 24 7368 65 627 33 1583 82
1016 6 600 94 7722 99 4080 66 3670 81 16 16 1749 49
1017 5 547 34 3608 5 9385 2 1984 94 1388 52
1018 4 275 11 2113 10 4817 35 8389 38
1019 9 386 98 1102 62 1186 17 1328 73 3206 54 4967 95 8182 21 3764 62 9429 43
1020 8 529 40 1100 76 1857 91 6667 22 9870 11 3753 5 7622 46 6824 34
1021 8 22 36 2474 29 4020 91 6062 57 9338 49 4612 40 6739 11 5479 80
1022 2 883 75 3495 62
1023 12 657 15 2431 38 4854 24 9605 48 4355 2 2170 3 5000 47 5617 94 4954 69 3157 22 939 10 5876 65
1024 6 440 92 1616 61 3202 81 1626 94 9552 27 3022 24
1025 4 779 27 1590 2 3763 39 1348 19
1026 4 888 49 1302 81 2820 32 3856 1
1027 2 946 88 1395 32
1028 6 325 56 1515 31 2708 6 5166 18 8812 81 1697 11
1029 9 73 66 1301 78 1416 42 3542 30 6837 35 5532 97 5182 38 4629 27 4357 4
1030 7 723 79 1326 58 2758 81 3212 66 4790 85 6857 17 2119 65
1031 6 625 20 2550 14 3495 76 1324 77 1998 49 3525 14
1032 6 94 28 2929 72 4513 93 8990 99 7174 2 8487 14
1033 6 869 74 1060 52 7182 3 6206 64 2000 8 7688 9
1034 4 654 74 2400 12 2666 59 6210 90
1035 7 336 44 1266 59 2774 90 2980 37 3088 53 2023 7 9763 21
1036 9 442 45 3245 73 3318 42 2057 55 1094 54 6522 43 7469 84 2994 75 7309 45
1037 7 197 29 1357 52 1685 35 9043 60 7995 4 2315 61 1154 79
1038 7 545 97 4304 99 4798 71 8679 52 4334 18 7319 65 9695 83
1039 11 160 27 1947 10 2796 64 4257 39 5194 40 7522 4 7558 38 7579 14 9219 80 6930 93 8882 51
1040 3 324 12 1442 100 3624 45
1041 12 758 46 1086 72 1350 21 3611 14 3871 6 7512 29 7428 72 193 1 3729 19 8369 26 290 74 71 14
1042 5 1013 53 1169 36 2846 92 4250 7 5334 66
1043 3 984 4 7732 60 6087 97
1044 2 54 6 1188 4
1045 8 505 30 1524 53 1740 90 4783 48 6214 88 5066 67 1210 93 6473 17
1046 6 1007 90 1768 10 2896 50 1471 8 8254 19 5880 86
1047 5 798 27 4134 45 7669 78 9565 73 5589 3
1048 4 366 52 1168 31 1274 31 2636 58
1049 6 680 60 2407 5 7322 50 2775 77 110 13 4710 37
1050 7 661 21 1214 87 155 8 598 57 4900 48 3593 54 9597 65
1051 5 216 58 2509 54 7143 25 7041 39 5293 3
1052 2 735 52 8477 30
1053 3 739 49 2099 17 9480 61
1054 7 475 6 1781 61 2402 29 2525 19 7970 52 6403 10 6569 45
1055 4 452 27 5466 38 6517 63 8956 81
1056 9 914 75 1498 97 1880 65 2380 7 3423 94 5205 28 8987 81 6416 50 471 11
1057 7 243 96 1341 85 1546 42 4787 85 5954 22 704 17 3540 83
1058 7 710 40 1192 4 1556 77 3637 72 1918 9 2441 66 2866 91
1059 7 164 20 2503 13 4618 15 9924 81 4797 72 8246 49 3087 93
1060 9 1033 52 1337 42 1881 81 4189 66 8415 95 6717 64 7618 81 275 70 1797 30
1061 8 699 19 2886 4 3363 52 4090 90 4823 55 5756 31 5362 78 9834 83
1062 5 48 4 1845 78 2170 67 2304 17 6714 72
1063 2 456 33 1434 9
1064 9 418 17 1066 60 1689 74 6894 49 3920 76 8534 2 838 15 6064 21 4448 2
1065 3 386 55 2156 35 7937 66
1066 2 1064 60 3669 97
1067 6 78 69 3859 75 2218 89 1520 2 3229 87 3117 70
1068 8 154 7 4462 70 5008 13 7204 63 2636 78 4803 89 5357 1 748 100
1069 8 533 77 1182 7 1729 36 7249 85 473 65 7174 87 330 100 9696 15
1070 5 101 85 2882 31 3154 98 9008 14 1373 15
1071 6 550 21 2225 68 5517 73 8272 22 857 46 4201 6
1072 5 53 21 5337 14 7274 15 4492 5 3219 16
1073 13 880 30 1345 44 1496 73 3852 26 7764 20 9492 50 4695 14 8152 19 6495 47 1231 45 7661 22 4344 60 9651 69
1074 2 214 13 5679 28
1075 4 938 72 5451 75 6308 45 3876 25
1076 6 366 2 2987 89 5661 8 6949 19 4623 19 9367 14
1077 7 187 48 1096 98 4371 13 7411 31 6413 8 646 43 5438 8
1078 4 113 34 1386 43 5524 92 8678 39
1079 6 591 30 1160 89 2526 80 7155 25 7060 34 3398 41
1080 1 561 27
1081 6 467 84 1201 9 4535 75 656 56 5093 25 9885 11
1082 6 993 17 1693 86 7658 34 2595 65 9778 90 291 87
1083 2 200 69 8128 71
1084 5 151 21 1493 95 7590 75 246 40 1689 77
1085 9 783 61 1227 61 1477 33 3639 20 4166 4 8409 71 3948 7 6590 10 9812 98
1086 2 1041 72 8115 48
1087 5 626 22 1793 81 2967 57 8270 19 1515 41
1088 6 986 29 1142 92 2271 35 3615 57 2510 95 4243 13
1089 5 707 66 1105 24 9928 78 8617 30 9599 97
1090 13 931 67 1095 17 2283 66 3061 32 3943 49 4016 24 5674 92 7907 28 4495 59 9655 66 2337 52 147 4 5423 20
1091 6 586 93 1144 30 2368 61 1102 25 2819 8 7584 51
1092 5 389 40 7489 62 5734 47 2685 93 3818 56
1093 7 203 98 1436 22 5050 58 8650 32 6855 77 3492 17 6819 33
1094 8 347 48 1591 44 2104 48 2829 78 1036 54 8278 30 220 85 2670 26
1095 4 1090 17 2662 62 7574 55 3059 81
1096 5 1077 98 4207 7 7753 77 50 67 9610 16
1097 3 488 95 9918 58 3649 85
1098 5 65 38 1332 50 8435 69 667 98 4813 53
1099 4 931 22 1526 88 1575 91 3109 80
1100 3 1020 76 2038 66 7125 51
1101 6 232 57 4321 10 4593 15 5427 72 6090 20 4606 97
1102 6 1019 62 2437 16 6694 27 1931 52 4152 61 1091 25
1103 5 337 6 1179 30 3172 9 6564 53 851 80
1104 5 760 12 1819 29 1888 77 7715 90 341 13
1105 7 1089 24 1125 84 2135 89 2528 69 1544 16 2254 15 7513 1
1106 6 713 28 2068 39 4357 77 6042 62 4572 43 9180 68
1107 7 210 9 1126 98 1550 12 6127 94 9555 35 4528 32 5787 94
1108 5 562 59 1219 70 3700 45 8060 32 5198 95
1109 5 372 62 3952 38 5459 68 7027 86 4576 98
1110 4 330 50 9817 85 7337 40 8012 68
1111 5 976 16 1733 42 4911 2 6977 13 1978 13
1112 3 181 62 3675 77 8808 62
1113 4 445 35 2752 38 3266 100 3298 42
1114 6 819 19 8331 2 7227 86 5030 47 7021 73 8322 53
1115 7 849 68 1602 98 1837 78 6163 30 7219 100 2671 60 7273 92
1116 6 102 53 2430 18 6748 3 1117 24 6506 71 6423 29
1117 10 51 6 1447 13 1440 1 4524 100 7360 88 1116 24 9666 35 658 39 9727 69 2963 98
1118 6 592 38 1374 95 1522 20 3341 65 9014 98 6204 95
1119 5 255 46 1724 25 1296 89 3782 83 2304 65
1120 5 83 5 5377 72 711 30 2051 25 5255 91
1121 2 30 36 1644 63
1122 6 327 67 5495 74 8602 23 5429 56 6893 95 9488 6
1123 5 463 19 4124 41 5882 48 7294 50 273 7
1124 9 897 82 1391 87 1589 53 2604 45 4058 68 8515 32 7823 24 8455 82 8093 54
1125 9 1105 84 1603 36 9741 92 3639 9 74 43 9909 51 1551 49 1174 68 3804 90
1126 3 1107 98 1769 85 3090 35
1127 7 540 77 2772 27 3377 50 4380 52 3471 49 7185 52 9266 63
1128 5 702 20 8900 97 6461 46 8724 43 3717 92
1129 2 695 47 8573 18
1130 10 842 30 3169 77 3572 90 4080 61 4705 64 6088 82 5577 94 3878 89 8161 59 6252 2
1131 6 410 45 1456 86 4294 60 6158 69 6594 95 7603 54
1132 3 629 35 3725 68 207 42
1133 2 723 66 6772 85
1134 3 773 76 1903 91 5631 38
1135 9 105 18 1426 59 2256 58 4218 22 8415 36 9703 19 3143 35 725 17 7998 68
1136 5 966 64 1745 40 4383 3 960 78 4833 21
1137 10 420 87 1649 31 2631 29 3367 72 8523 52 4185 39 371 83 2641 64 5366 40 6841 54
1138 9 88 82 2789 47 6844 88 5256 43 7395 86 9134 98 4324 56 8759 13 7289 4
1139 6 406 47 1912 22 1986 84 2207 18 3002 63 5641 24
1140 8 472 5 1829 50 2364 97 2549 63 4495 81 6872 66 2478 11 7181 3
1141 7 454 40 2201 68 4847 14 3916 72 2127 9 1189 56 7902 89
1142 9 1088 92 1585 46 2851 67 5276 53 7629 88 1373 96 612 77 1796 77 7349 71
1143 8 357 76 1506 43 1613 14 3323 82 5045 16 8417 81 5356 76 7725 52
1144 4 1091 30 1196 62 4084 13 8261 57
1145 6 572 99 2006 37 3811 32 5730 27 7137 60 3061 56
1146 6 208 21 2831 26 5616 12 5867 42 3195 70 7214 10
1147 8 442 17 7446 69 194 11 9140 76 7501 18 3616 4 4031 74 5889 42
1148 8 988 87 3528 20 492 18 8598 37 7140 40 1390 87 1693 87 9660 4
1149 8 713 71 1364 11 2186 48 2203 94 2592 62 3267 65 2121 86 5643 92
1150 4 764 86 8541 3 5718 46 9014 70
1151 9 724 14 1231 66 1623 69 2964 61 3274 80 4190 74 5458 55 2555 45 6166 54
1152 4 268 74 2564 29 9355 59 5311 55
1153 14 339 37 1382 63 1462 21 1527 52 2248 46 4439 62 8202 25 9429 25 7847 92 8524 83 2780 16 2137 1 2089 16 1959 100
1154 5 603 70 1249 48 3172 45 3342 62 1037 79
1155 11 22 64 4884 96 7463 86 6301 95 2682 74 5501 71 839 71 9337 77 7365 26 311 13 6145 6
1156 5 310 41 2962 49 5372 54 6298 12 4745 22
1157 8 838 64 1588 40 2106 30 2638 31 9295 14 162 66 9864 52 2034 12
1158 6 252 10 3889 60 9045 44 6798 83 683 29 9543 56
1159 6 162 55 1363 63 1583 99 2293 32 3891 75 3717 29
1160 6 1079 89 6388 11 8851 63 4375 57 158 76 908 64
1161 5 680 98 2414 26 2815 18 7278 41 9611 83
1162 5 944 100 1514 98 1662 93 4343 90 4738 58
1163 3 255 9 1396 20 4321 5
1164 4 184 3 5523 52 8992 37 5129 65
1165 9 351 37 4671 19 6574 52 2956 52 787 12 7115 17 2447 86 3717 51 9823 80
1166 6 377 24 1181 88 4407 94 9480 26 9929 50 2703 98
1167 4 111 14 2094 44 7854 56 6529 25
1168 6 1048 31 1373 62 2355 76 7097 17 7853 16 1938 87
1169 6 1042 36 1788 41 5200 85 1475 58 9341 64 8208 30
1170 6 471 30 1191 52 7872 70 4775 23 4019 76 4558 4
1171 6 649 27 1594 44 3817 66 8029 27 6524 2 5989 46
1172 11 812 94 4217 9 4477 22 5785 54 5830 5 6276 66 9426 28 3859 20 6881 23 3162 84 9411 40
1173 9 355 12 2019 30 3649 68 4396 73 8690 42 4145 85 2554 46 2593 100 5339 67
1174 9 310 1 3396 60 3930 4 4845 65 8502 46 7677 78 1125 68 1449 77 6227 30
1175 12 113 36 1234 28 1329 18 3745 73 4183 16 9151 37 9395 49 2584 93 7927 11 9635 76 2685 28 3094 48
1176 5 839 9 2064 91 5965 79 2481 90 2148 41
1177 9 458 96 1691 30 1878 38 2971 33 4793 53 3344 47 5726 6 3941 71 7437 7
1178 9 914 83 8685 54 6382 19 5569 77 3310 70 6080 64 5595 78 9925 95 9279 56
1179 6 1103 30 9879 45 8181 71 9564 74 3933 91 5322 63
1180 8 406 20 2139 15 3544 37 5171 13 3122 33 2621 60 7383 4 1483 60
1181 4 1166 88 1365 95 5861 42 7052 50
1182 3 1069 7 1222 33 2449 10
1183 5 440 88 1297 57 1380 33 9157 94 28 24
1184 12 374 14 1284 20 2586 95 5125 36 5175 98 8419 18 6087 13 2527 7 2960 93 5269 54 2867 3 3963 92
1185 6 44 12 1342 11 1399 86 2982 37 1980 57 4285 4
1186 7 1019 17 2381 24 2082 58 7552 58 4866 41 4083 70 7947 91
1187 9 145 23 1288 42 3322 40 4406 45 4851 35 2955 32 351 44 6689 64 3520 22
1188 7 311 21 2453 30 6527 20 3080 5 1044 4 6681 100 309 19
1189 9 23 62 1664 78 5192 85 3429 36 3497 37 6200 41 1141 56 7830 20 232 46
1190 7 195 89 4205 18 4261 11 6361 60 3216 58 4376 40 5976 12
1191 5 1170 52 5263 26 9052 68 237 19 5366 32
1192 3 1058 4 3480 70 5698 35
1193 4 242 22 8738 23 5236 15 3834 25
1194 5 764 48 8291 34 1975 87 3671 51 9468 98
1195 6 351 97 1904 78 6023 28 5852 70 2932 82 9270 68
1196 7 1144 62 3567 92 5055 18 6067 74 7051 72 7743 13 9400 26
1197 4 600 10 2074 70 6529 99 7326 49
1198 8 604 85 1323 28 7708 63 8152 96 7771 42 394 73 9076 59 6211 25
1199 5 212 51 1915 56 3259 98 2865 87 9336 72
1200 6 482 11 1401 84 3781 82 4479 22 2273 3 2788 43
1201 4 1081 9 1512 78 2138 55 7217 91
1202 4 1012 24 1890 50 2233 82 8858 73
1203 5 488 52 3773 21 4999 33 8661 36 611 88
1204 6 497 95 1376 5 3075 87 6378 99 3487 69 903 33
1205 5 799 46 1825 58 14 34 3877 71 2849 34
1206 3 394 34 5626 98 9573 33
1207 4 593 9 2538 84 2645 60 6585 61
1208 8 845 51 1694 22 1873 36 7005 15 2158 96 357 19 9128 52 8549 78
1209 5 351 93 8749 17 5598 80 2599 89 2540 34
1210 9 374 31 2040 2 3271 38 5688 81 7197 95 1045 93 9699 82 9158 22 8694 85
1211 8 215 3 1872 62 2391 99 3383 94 9643 74 3720 36 2049 75 1319 82
1212 4 19 94 1478 62 1811 66 4298 25
1213 12 55 67 2319 56 4293 45 6684 89 8238 27 9147 31 52 44 3626 5 1701 61 1915 28 5330 31 7748 90
1214 3 1050 87 4637 75 5835 88
1215 4 755 35 1945 51 803 91 8096 45
1216 2 120 56 1309 100
1217 5 448 82 9382 45 3577 66 9988 46 4610 1
1218 3 386 19 2615 46 3913 88
1219 5 1108 70 1669 4 7353 34 282 6 8792 60
1220 5 242 94 9870 44 9185 82 6665 2 3612 44
1221 2 215 90 2195 51
1222 5 1182 33 1541 30 3671 25 1855 88 4921 69
1223 7 979 62 2240 20 6617 3 8207 29 688 29 6698 62 7068 90
1224 6 669 15 2208 38 3703 74 1007 9 3686 61 7987 26
1225 5 583 24 2649 25 7869 25 2885 16 3117 87
1226 14 473 49 1445 81 1632 86 2227 44 2767 62 4305 10 5545 48 6397 94 3809 5 8661 76 6772 23 8284 76 8094 28 7130 40
1227 10 1085 61 6880 52 6954 97 9476 1 7550 82 9669 80 6793 73 1472 90 2262 38 3942 60
1228 6 76 50 3095 26 7798 55 2342 68 8101 58 6757 37
1229 7 125 42 2663 35 3096 59 4475 55 5787 34 5887 72 8303 87
1230 7 785 87 1272 17 2496 27 3741 48 3008 82 9435 6 3248 1
1231 8 1151 66 2189 25 2755 28 2881 25 7188 24 1073 45 2237 34 9083 59
1232 6 585 1 1520 26 2084 93 6924 24 7384 26 9428 14
1233 9 876 40 1985 64 3214 53 8189 52 8765 24 8745 22 4925 15 4181 85 9248 11
1234 5 1175 28 3592 47 4359 35 564 86 6992 25
1235 10 387 74 1717 44 2055 49 3785 65 5141 25 9416 62 6759 2 1738 52 2300 99 1501 97
1236 9 52 3 1597 21 2921 66 6270 7 5008 24 9354 72 5069 66 7502 77 8189 39
1237 6 946 99 4075 9 3041 38 500 91 865 37 914 33
1238 6 118 54 1847 16 5818 68 381 6 5999 47 925 40
1239 6 502 66 4471 4 2430 25 4227 46 4164 75 4358 23
1240 8 456 43 1331 100 2230 31 6412 12 8119 80 5690 6 1377 43 8627 45
1241 7 18 38 2129 49 3026 91 6534 63 2055 53 1748 100 8503 17
1242 8 741 75 1291 72 2382 7 2554 32 7007 2 4943 8 6611 26 7018 62
1243 9 887 8 1277 15 1813 59 2510 84 2428 90 4047 92 3319 11 9644 20 2666 55
1244 6 577 54 5847 49 3123 89 3663 98 680 27 7508 10
1245 2 714 95 7096 26
1246 6 445 81 1400 97 2155 11 9552 7 4863 37 5118 56
1247 6 210 41 4913 32 6624 69 670 55 9094 63 2868 89
1248 4 729 54 2698 43 3782 90 7533 90
1249 7 1154 48 2157 51 3275 48 9311 55 304 15 380 35 335 94
1250 6 191 83 1991 29 1997 46 5227 94 4567 48 8685 76
1251 9 607 52 1491 76 1749 56 2035 61 2412 11 8233 61 8760 6 4424 76 8089 82
1252 6 760 94 9961 38 7888 23 8279 70 8056 86 1946 67
1253 7 716 61 2029 65 2161 47 9013 65 3140 91 9745 14 4023 36
1254 6 528 32 2063 29 2917 19 3560 34 4216 73 113 91
1255 3 644 27 1484 54 2367 19
1256 7 536 79 3973 22 4599 34 3180 83 6735 29 2573 62 8396 62
1257 3 23 66 6615 21 3762 11
1258 4 223 52 6273 88 6558 93 198 19
1259 6 975 48 1609 82 7034 17 9517 41 3229 99 9846 57
1260 4 363 64 2961 43 7151 22 6672 94
1261 5 286 74 3089 82 7344 26 9135 81 6239 29
1262 2 976 51 1851 44
1263 9 498 90 2481 81 3674 35 4168 21 1944 7 1804 29 6421 74 4199 61 4573 92
1264 6 273 42 2217 98 5069 43 5759 43 9447 49 6055 87
1265 3 864 64 2323 67 7230 60
1266 8 1035 59 1560 30 4299 92 4585 81 7646 93 3477 25 7500 71 2547 51
1267 5 988 19 2401 86 3258 13 3527 88 3658 59
1268 11 773 49 1482 52 1577 21 2494 26 5774 73 6178 40 6457 90 7664 22 9679 96 957 53 7090 22
1269 2 334 89 9659 69
1270 3 339 66 4801 75 6704 15
1271 8 573 56 3295 39 7607 78 2470 57 2793 90 729 31 5956 60 2984 63
1272 2 1230 17 7597 18
1273 5 851 18 1310 59 1330 45 1855 9 1714 43
1274 4 1048 31 8125 46 9030 68 3485 6
1275 11 29 80 1789 28 1831 41 1995 25 2513 36 2904 16 2954 85 572 90 6360 1 7796 14 677 17
1276 5 956 74 2309 14 6379 15 5002 32 7848 58
1277 6 1243 15 2337 92 5334 71 6182 48 7383 60 3239 76
1278 8 261 97 1470 78 2644 37 6349 95 6684 27 2991 67 5905 55 9402 34
1279 10 56 57 2141 63 2144 35 2524 48 5639 26 9302 63 4007 69 2776 32 1706 60 2168 22
1280 4 801 52 1721 22 3558 13 848 98
1281 3 681 29 6612 61 1489 34
1282 13 455 71 4386 22 4821 54 6868 34 7593 40 1636 14 2482 42 5131 90 7674 86 8849 47 4254 85 6335 50 3113 47
1283 9 477 86 2877 72 6103 22 5246 73 5530 15 5721 66 4897 46 1359 5 9326 16
1284 4 1184 20 3554 68 9902 87 616 9
1285 6 524 43 1317 58 7255 18 7532 31 5858 39 519 31
1286 5 73 12 2975 90 5102 51 7999 59 6619 7
1287 2 300 40 6517 62
1288 5 1187 42 8786 19 3094 39 5116 49 3195 41
1289 8 446 99 1699 37 3482 98 2475 76 3032 100 9110 24 6943 22 7146 72
1290 6 328 73 1734 89 1956 28 9212 83 3492 31 4630 98
1291 4 1242 72 3807 32 5123 82 6026 40
1292 6 736 85 1690 66 1845 55 6750 53 5566 15 5377 35
1293 8 519 19 2212 82 2804 78 7308 76 8702 72 4785 42 9730 84 4900 63
1294 3 929 93 1683 60 579 37
1295 6 735 56 8022 24 8386 96 4311 44 518 99 3750 76
1296 7 600 98 1448 54 6075 35 1119 89 776 69 5049 64 5669 81
1297 3 1183 57 2665 37 5800 46
1298 6 382 71 3050 14 4618 59 5753 100 9801 61 5224 40
1299 9 787 71 2947 73 5013 67 5987 86 6466 75 7322 11 143 59 308 6 8658 32
1300 6 514 86 1453 83 9534 100 932 66 1344 64 8983 47
1301 4 1029 78 3775 55 5559 19 3902 11
1302 5 1026 81 1900 51 9395 2 6978 38 3161 88
1303 6 614 12 5868 79 6145 19 6331 82 1820 59 2393 33
1304 3 915 42 6528 24 8994 6
1305 9 744 23 5421 47 6679 37 2244 72 873 76 6503 38 9135 50 5667 63 9664 63
1306 7 954 30 1409 39 2930 76 3029 3 7511 29 3951 3 4299 55
1307 7 119 10 2289 39 8254 54 407 90 9577 87 3635 67 7500 29
1308 7 240 37 1739 51 8242 50 2997 96 2436 84 5765 14 6986 16
1309 7 53 94 1766 41 1848 37 3296 80 6369 64 1608 1 1216 100
1310 7 1273 59 1754 17 7191 72 7380 12 584 58 7154 34 9922 60
1311 6 662 61 1402 9 1617 73 9995 14 5201 93 4291 5
1312 6 267 20 2833 16 2985 69 4379 57 5804 81 3262 2
1313 2 541 42 3063 74
1314 4 286 59 375 14 890 71 835 32
1315 6 716 92 2167 26 2317 85 6325 65 2048 34 3620 83
1316 5 800 50 3646 32 3919 10 5717 95 4035 36
1317 6 1285 58 2913 54 8694 53 7255 42 6696 45 9703 23
1318 7 624 9 1366 85 2776 33 2948 49 5713 16 8449 31 9917 38
1319 3 765 85 5852 82 1211 82
1320 5 851 81 1429 40 3915 85 8858 91 5716 15
1321 5 1014 1 2169 91 2715 9 3146 58 9114 71
1322 4 836 29 2012 65 8624 5 6221 92
1323 6 1198 28 6205 83 9921 7 4194 41 7099 8 5051 22
1324 7 385 70 1031 77 940 56 2830 36 1538 67 8513 3 7898 3
1325 8 588 47 1785 41 2462 87 4932 82 9329 74 5888 22 1555 65 4337 40
1326 3 1030 58 1383 37 4603 81
1327 3 355 73 3939 28 9255 99
1328 6 1019 73 2206 86 7858 76 7923 23 1500 92 6988 94
1329 2 1175 18 4882 43
1330 3 1273 45 1705 87 5523 61
1331 8 1240 100 3376 18 6091 44 9005 96 2927 11 7747 80 4963 22 886 18
1332 6 1098 50 3529 64 3918 36 64 22 7076 48 7339 11
1333 9 132 9 1678 69 4920 3 7133 17 7272 86 7851 76 781 53 7904 7 8609 86
1334 5 875 75 2725 47 6165 7 3951 96 3205 13
1335 7 488 50 1348 19 3454 15 7278 72 997 97 4509 5 7999 59
1336 9 632 97 2508 25 7567 21 2442 89 6518 89 8286 93 3904 24 2054 66 7276 69
1337 5 1060 42 2377 14 5258 18 3143 6 6111 60
1338 9 742 96 2547 83 4448 33 5247 36 6895 51 7679 84 8260 44 430 26 134 27
1339 11 111 20 2512 68 2821 72 4731 66 9268 89 8221 9 2379 13 6303 58 3322 29 9308 55 8510 63
1340 3 684 25 3148 19 7425 54
1341 7 1057 85 5468 83 9803 34 7382 21 1572 86 6527 83 9175 25
1342 6 1185 11 1532 54 4319 83 9000 99 2671 21 274 12
1343 9 586 60 4147 56 7248 71 3067 98 6491 88 3392 65 250 61 4564 2 7186 26
1344 4 658 69 1895 76 5509 18 1300 64
1345 6 1073 44 1955 20 2286 58 4241 6 6415 41 7074 20
1346 5 876 10 1641 20 2245 50 2822 5 9524 60
1347 7 817 8 5472 55 6969 77 8285 72 6689 23 9564 19 8283 70
1348 6 1335 19 1941 41 4200 25 9058 24 6421 66 1025 19
1349 5 929 60 2792 43 6731 47 8341 83 9568 53
1350 9 1041 21 3038 71 4234 48 5483 84 7058 89 2602 36 9520 35 2697 76 4397 11
1351 5 534 97 5411 45 7495 82 5969 41 8012 60
1352 3 848 3 3610 94 6886 22
1353 2 187 46 5514 7
1354 5 312 75 5660 98 7440 68 7495 19 4994 11
1355 3 709 86 2143 34 6482 3
1356 6 546 74 2338 78 3030 75 6 96 7938 2 82 29
1357 6 1037 52 2344 31 9335 42 4524 36 697 51 6866 12
1358 6 624 96 2191 20 6760 55 5589 29 6045 95 4705 74
1359 7 407 27 5946 43 2397 9 7214 15 4348 25 1283 5 362 90
1360 7 802 76 1573 47 7221 30 2683 90 2695 75 6785 15 4876 99
1361 3 556 2 4067 92 1855 67
1362 7 909 30 5907 65 6094 8 4208 47 364 84 647 54 3715 18
1363 8 1159 63 2327 5 3627 57 2695 25 926 67 6224 61 2499 70 270 66
1364 9 1149 11 3621 84 6359 57 6373 26 8725 22 8740 20 2987 97 2862 2 5997 64
1365 4 1181 95 3967 69 382 94 9906 44
1366 4 1318 85 7038 73 2823 52 9796 90
1367 3 855 36 5462 57 9026 8
1368 8 613 71 3959 72 4414 73 297 18 2356 48 5696 30 9439 18 1386 50
1369 5 515 17 1990 25 2899 75 3571 19 8948 16
1370 7 303 2 1673 97 3823 82 6742 35 3944 52 4559 98 1560 80
1371 10 451 63 2423 9 5581 90 8561 19 9184 12 9705 78 5403 78 8742 37 6025 92 6901 12
1372 7 461 1 4103 5 6321 93 264 66 3060 35 1817 35 513 58
1373 12 1168 62 1404 77 2498 20 2741 91 7675 68 2863 88 7645 62 7102 34 1142 96 82 23 3109 90 1070 15
1374 5 1118 95 4340 39 4927 36 9989 84 2481 51
1375 5 927 34 1811 74 6936 17 5731 59 7099 2
1376 5 1204 5 4501 46 8415 12 2523 76 8589 53
1377 3 953 3 1240 43 9452 9
1378 5 202 75 7218 70 2582 7 5638 17 6614 34
1379 4 871 47 3437 99 7996 29 2988 91
1380 5 1183 33 7347 25 2615 95 3073 44 5138 38
1381 6 291 98 4846 80 9742 43 5333 69 3189 27 6290 10
1382 8 1153 63 1764 49 2291 47 4403 89 6010 21 6765 89 7243 51 1788 29
1383 9 1326 37 2890 81 4202 34 6724 42 8978 45 7967 70 7847 28 6630 60 6504 83
1384 2 454 50 9167 73
1385 12 879 50 1784 56 2514 47 5553 45 9648 29 2181 92 7082 21 3214 93 8874 88 503 21 3385 12 961 19
1386 7 1078 43 1805 96 1887 5 4035 23 4857 61 1368 50 2251 35
1387 5 903 30 1620 70 7382 33 6421 83 6684 72
1388 4 262 31 1710 67 3556 39 1017 52
1389 6 458 91 1403 38 1504 29 5122 3 9132 49 9900 55
1390 4 913 72 1645 26 6263 92 1148 87
1391 7 1124 87 2258 69 3904 9 742 37 3402 19 8060 39 8360 67
1392 7 668 96 1427 30 5383 98 7839 90 1905 12 5093 91 728 39
1393 10 409 51 1443 68 2637 20 3101 2 3676 84 1479 4 4157 98 6301 1 6019 41 7557 90
1394 6 611 53 8072 64 6511 34 7988 4 440 15 1628 54
1395 5 1027 32 3862 29 7804 36 9538 85 4528 70
1396 6 1163 20 7913 65 2302 26 5349 59 2938 86 5433 99
1397 3 723 42 2603 34 3963 86
1398 4 237 22 4198 36 7023 9 8425 100
1399 9 1185 86 1459 67 2895 65 3239 21 6878 88 3017 86 2980 84 6435 41 9100 36
1400 6 1246 97 2730 59 6241 84 2277 71 3817 12 5125 74
1401 9 1200 84 8725 93 8649 22 1719 41 8193 38 1917 36 5930 92 8009 53 3582 87
1402 4 1311 9 4120 32 8196 94 5175 61
1403 6 1389 38 3584 76 4211 50 8893 93 608 33 5803 89
1404 7 1373 77 2766 17 5373 52 8676 75 3076 64 1631 18 3927 68
1405 4 874 40 4047 42 2710 43 8024 69
1406 5 890 66 1508 71 3235 42 8508 80 9150 55
1407 9 645 14 1439 98 2668 56 9132 40 2114 1 8973 21 2950 49 4159 75 3166 60
1408 7 944 56 3796 63 6523 46 3308 12 8391 98 5700 63 3939 11
1409 4 1306 39 1738 99 3305 42 4038 74
1410 8 826 93 2485 6 3744 47 821 99 4884 79 5390 17 253 47 8390 88
1411 5 813 94 1813 93 5439 26 9862 23 9639 49
1412 9 29 89 1467 33 5679 29 7609 50 7072 98 3167 25 9968 81 2490 49 2344 46
1413 3 826 14 1637 39 6566 89
1414 4 410 12 2505 3 3470 46 7895 97
1415 3 408 80 3743 90 6080 99
1416 5 1029 42 1580 99 2693 33 2088 36 1630 17
1417 4 103 83 298 66 9244 40 4659 82
1418 9 239 41 2134 64 2574 93 5851 27 7209 52 2037 36 113 3 3835 44 6021 32
1419 4 768 20 5721 85 5303 55 6803 99
1420 4 234 63 2353 28 5849 95 1515 68
1421 5 393 72 1763 87 3010 96 7266 18 75 24
1422 7 553 26 5511 99 8640 23 5001 19 4027 35 5683 95 6359 5
1423 7 389 33 3634 3 9077 80 7539 66 4590 60 3842 55 5418 14
1424 6 326 24 1600 69 3252 67 7014 43 691 63 2374 10
1425 4 534 87 5691 85 9173 62 4512 36
1426 6 1135 59 1490 76 1688 23 3222 83 3568 78 1893 54
1427 6 1392 30 3138 82 8754 57 2950 5 1957 17 9328 86
1428 4 368 41 3653 13 43 59 7552 75
1429 2 1320 40 5677 81
1430 9 750 7 3600 16 5420 96 5434 69 9721 57 8558 47 9915 62 7212 25 6037 64
1431 5 558 60 7641 29 8319 75 3255 12 5905 74
1432 7 760 61 1762 45 2959 34 7696 69 5099 20 6324 18 9082 33
1433 3 531 74 2039 26 8438 62
1434 3 1063 9 7881 87 6005 69
1435 5 142 17 1481 67 2163 21 3453 76 5568 23
1436 5 1093 22 1952 99 5309 11 2839 81 3672 20
1437 7 538 38 1798 68 3269 14 4258 30 7361 71 74 21 5675 79
1438 9 192 30 2062 65 2103 62 4631 31 3458 2 6143 100 6555 75 6837 29 203 7
1439 5 1407 98 3798 98 6996 37 5552 78 6253 11
1440 5 804 98 1117 1 4316 87 4406 39 3370 49
1441 5 950 4 2181 76 6761 67 497 52 6494 43
1442 6 1040 100 1735 12 2347 24 5514 48 7123 80 6604 72
1443 6 1393 68 2805 3 3677 44 4361 92 1955 93 129 39
1444 10 249 55 1452 99 2087 36 5341 60 5450 72 5495 64 9520 19 8775 65 1791 82 5445 69
1445 5 1226 81 2166 30 2799 82 8143 13 6976 10
1446 4 465 62 4661 14 8109 68 2095 76
1447 5 1117 13 2974 100 4673 59 9485 48 3628 44
1448 6 1296 54 2606 10 3644 42 3614 56 8011 96 7675 17
1449 8 84 54 1806 27 2132 91 7872 26 8150 73 5020 32 7600 48 1174 77
1450 3 686 51 4352 12 705 47
1451 4 547 15 1629 88 4285 31 9828 30
1452 3 1444 99 432 2 1755 2
1453 6 1300 83 4584 37 6340 61 9155 84 7916 7 6066 42
1454 6 487 100 3302 76 3320 52 9076 31 3303 90 3575 69
1455 7 888 44 1612 48 6477 56 6115 24 9849 45 333 86 8199 15
1456 3 1131 86 4415 97 3030 95
1457 5 84 22 9515 77 7602 11 8674 22 5020 85
1458 7 895 86 4092 62 1722 61 9094 75 3851 53 3438 63 4712 80
1459 4 1399 67 4216 67 1972 93 2860 98
1460 7 456 86 5223 36 7369 69 743 55 8491 82 2396 95 2246 56
1461 7 883 32 3800 97 3921 65 4012 66 6105 69 3195 97 5499 20
1462 5 1153 21 2219 14 4363 91 397 93 2191 37
1463 4 423 96 948 18 6613 26 594 70
1464 3 575 89 5309 70 7955 61
1465 4 800 34 2396 6 8449 8 3699 79
1466 4 710 79 3343 66 4471 26 4694 95
1467 4 1412 33 9856 69 6175 73 4357 52
1468 10 183 25 2753 43 8623 65 8800 67 5617 23 6775 90 1013 19 8227 74 9284 68 4226 50
1469 8 532 15 3511 11 9971 4 354 4 9996 59 5996 41 63 89 6670 99
1470 5 1278 78 3046 18 7075 12 3580 76 7661 43
1471 7 992 13 8821 75 1046 8 7196 86 6568 97 8589 56 5743 90
1472 5 991 51 1659 37 3681 39 9126 89 1227 90
1473 6 471 85 3953 88 3425 23 6622 10 3864 5 976 30
1474 7 274 19 2584 84 3242 98 6260 56 8873 9 5707 68 1856 62
1475 7 248 3 1905 46 6053 14 4794 52 1169 58 6683 33 2855 100
1476 7 156 69 8178 44 2199 97 1872 28 2039 10 2773 58 383 94
1477 7 1085 33 1528 76 1816 15 2909 57 3045 10 3262 15 8725 32
1478 6 1212 62 2226 99 3178 33 5124 89 6491 40 5587 23
1479 3 28 79 7968 72 1393 4
1480 5 742 15 4748 8 5222 80 5807 16 4281 37
1481 7 1435 67 4730 82 8813 75 5406 7 2483 42 174 54 2383 13
1482 3 1268 52 6981 9 4620 64
1483 2 257 74 1180 60
1484 6 1255 54 6212 11 9218 45 8826 46 4120 95 3134 33
1485 6 879 79 5776 71 6613 54 9825 3 6111 91 3944 12
1486 8 544 1 1578 39 8391 35 8896 16 9555 67 2524 76 8918 83 5475 95
1487 8 719 75 1725 86 2395 24 8165 13 3773 28 2582 17 7978 77 4501 40
1488 7 169 3 3008 36 3219 73 4908 48 5350 93 8417 58 4797 70
1489 8 647 45 8005 8 1281 34 5938 33 7504 61 6610 13 8468 15 4876 42
1490 6 1426 76 1795 54 8088 44 838 27 3525 20 9183 92
1491 5 1251 76 1579 52 1653 11 2393 45 8364 89
1492 3 834 77 1652 11 7929 1
1493 7 1084 95 1634 78 3747 65 4869 29 3537 16 577 72 5351 78
1494 6 987 48 3618 5 3821 31 6222 71 8963 1 9460 9
1495 9 201 76 3746 22 6783 77 9430 38 1535 38 378 51 2334 73 4439 76 2994 78
1496 4 1073 73 9720 28 4199 54 2540 39
1497 5 402 42 1771 20 1961 90 5620 40 9153 75
1498 5 1056 97 2826 51 6265 41 4538 72 8466 93
1499 7 126 32 2714 46 1825 63 8929 40 73 11 887 2 3336 82
1500 9 726 46 1858 54 4607 34 8827 14 9614 49 4591 59 2145 34 8317 93 1328 92
1501 6 658 77 660 64 8939 91 8283 13 3028 15 1235 97
1502 7 348 32 1650 49 3848 41 5897 40 6249 38 1751 83 5603 36
1503 5 203 20 3446 7 9294 54 8237 74 9369 63
1504 6 1389 29 1715 39 3207 27 5615 53 4530 43 9640 21
1505 4 887 83 3612 45 6300 68 7870 78
1506 6 1143 43 5384 2 9258 62 7308 81 4972 28 3927 25
1507 4 105 39 3981 73 8366 53 6522 63
1508 8 1406 71 2375 18 3834 89 7342 79 5256 50 982 8 9834 44 550 60
1509 7 410 77 2652 80 7111 73 9496 3 4123 43 3007 67 5708 52
1510 6 888 64 1552 70 1646 24 9816 86 8428 80 6154 86
1511 8 343 94 1824 92 5113 30 5922 25 1817 72 5038 42 4873 48 6739 56
1512 7 1201 78 1570 33 3527 41 4843 97 3002 60 7835 29 4421 75
1513 4 759 75 1933 2 5908 98 5904 46
1514 10 1162 98 2037 91 3176 82 9034 97 7607 10 7362 78 8531 23 317 9 3320 98 5773 21
1515 9 1028 31 2733 68 5149 68 9767 4 1087 41 8058 64 1420 68 4943 61 6099 66
1516 5 295 50 2457 45 3450 5 4073 30 5959 72
1517 7 264 47 1937 40 2467 55 3020 69 4513 92 6396 96 2407 4
1518 6 807 55 3928 95 3245 11 3486 19 6465 45 6355 73
1519 3 543 82 3658 74 6057 54
1520 5 1232 26 2295 90 2369 83 6208 83 1067 2
1521 5 366 19 1681 36 4567 72 5475 93 2275 81
1522 10 1118 20 1782 86 2158 8 3538 34 3646 10 7893 33 8873 4 448 73 4303 66 2566 50
1523 5 146 60 3706 100 9995 50 9411 76 500 13
1524 4 1045 53 3626 54 5323 45 5446 7
1525 5 379 63 2660 23 4762 55 413 28 7187 74
1526 13 1099 88 2633 50 3533 52 3756 51 5999 13 8497 16 7998 32 6836 65 537 44 218 72 8715 2 9422 31 1682 3
1527 3 1153 52 8690 23 8475 88
1528 6 1477 76 3731 43 4668 11 8785 36 2704 61 5049 87
1529 6 681 33 3806 91 3897 69 1642 50 3771 19 5825 51
1530 5 385 50 6195 12 8428 72 1540 97 329 5
1531 6 632 35 3951 40 2626 13 5247 87 2237 18 1973 48
1532 6 1342 54 3338 53 4711 38 6324 89 5459 36 1973 36
1533 5 405 74 3192 23 434 30 5206 66 2047 84
1534 6 103 49 4708 71 8563 39 6887 11 6416 20 9137 21
1535 9 137 92 6244 14 5865 6 5982 65 9359 74 1495 38 7727 97 7921 27 9097 96
1536 5 7 12 3059 70 5148 58 8202 87 149 98
1537 5 412 55 1679 100 9161 61 5684 9 1561 80
1538 5 908 78 4392 67 2556 48 6688 53 1324 67
1539 3 316 29 9591 53 8489 54
1540 7 277 6 5980 69 5609 62 554 32 1530 97 1749 77 9953 51
1541 6 1222 30 1958 16 6333 35 9936 13 2058 98 5848 75
1542 2 193 45 1650 57
1543 9 35 64 2697 71 4555 89 5298 18 6970 63 4862 36 946 99 9894 50 3104 21
1544 5 450 67 7342 44 3561 81 109 97 1105 16
1545 6 666 2 8544 32 565 97 5192 50 841 48 3627 68
1546 6 1057 42 8456 88 9515 70 3742 69 5247 20 8196 56
1547 5 987 98 1618 31 3220 57 8716 3 8176 42
1548 3 667 48 9138 33 7327 11
1549 4 796 83 2007 49 3142 29 3985 18
1550 9 1107 12 4066 38 4466 10 5295 52 3147 84 7826 12 2764 67 7541 68 9702 97
1551 4 891 25 6758 95 9412 2 1125 49
1552 9 1510 70 2480 85 7139 90 3302 73 8355 26 7092 38 3443 29 4994 47 3387 87
1553 6 783 46 3927 32 9377 66 8339 26 9731 93 1974 21
1554 6 363 68 2397 24 6136 11 3321 38 8939 100 6851 49
1555 8 979 10 2546 53 3707 100 4480 35 7006 70 2573 51 2202 30 1325 65
1556 12 1058 77 1558 11 2072 5 2393 11 3403 40 4303 11 8720 45 4448 6 2224 88 1606 68 353 46 8896 34
1557 5 187 8 1869 31 2834 48 4383 17 7634 97
1558 5 1556 11 1787 56 3968 91 5911 45 9251 98
1559 6 648 94 2444 39 7488 64 5581 45 163 44 3529 46
1560 7 1266 30 2354 39 4739 45 2980 77 2293 89 1370 80 9692 28
1561 7 812 84 3701 88 7238 99 2513 57 1829 79 1537 80 430 83
1562 4 355 55 2442 92 8794 81 5344 40
1563 5 353 47 2869 92 5731 75 7910 50 8763 15
1564 4 80 93 4206 14 686 49 8160 10
1565 5 1006 100 1726 54 8450 77 8087 58 9302 82
1566 7 636 1 3432 98 8439 34 7732 43 417 49 3432 73 1935 79
1567 5 499 70 2278 25 3267 57 4583 91 5744 90
1568 4 496 28 2701 27 8603 37 3417 23
1569 3 828 47 3247 24 509 26
1570 3 1512 33 5692 6 419 92
1571 6 702 27 2083 66 5062 10 1758 3 9572 11 5382 59
1572 5 616 73 1823 88 1931 4 6014 26 1341 86
1573 4 1360 47 1653 89 3668 96 4811 97
1574 5 605 93 2710 55 3534 37 6306 12 3424 21
1575 5 1099 91 5532 78 9196 92 8637 91 9650 37
1576 7 120 54 2905 21 3203 86 4746 39 4358 79 3203 62 6932 83
1577 8 1268 21 2677 15 2680 37 6830 62 7071 71 9916 42 7501 4 3403 47
1578 9 930 35 2687 69 7289 2 1486 39 254 61 67 33 843 67 8185 92 8967 48
1579 6 1491 52 3969 42 4210 3 4808 59 2585 17 4722 8
1580 7 1416 99 1706 81 2356 73 5820 98 4610 79 4018 29 218 71
1581 8 580 4 5741 6 9929 82 2006 18 2688 92 8163 7 2640 99 6515 38
1582 5 746 79 1780 3 2237 93 2296 38 9415 97
1583 7 1159 99 2804 74 3402 99 9220 65 1015 82 2734 58 5354 30
1584 5 220 55 818 51 7371 45 4695 83 2630 14
1585 6 1142 46 1718 23 2532 64 5448 27 6175 89 7315 22
1586 4 455 9 3724 37 6316 59 9167 69
1587 9 363 25 5971 63 7489 41 4965 31 6147 32 8683 94 6992 9 2710 26 2025 48
1588 2 1157 40 7893 78
1589 4 1124 53 4464 66 9623 67 5614 88
1590 3 1025 2 4266 80 7802 96
1591 9 1094 44 8206 47 7746 95 6198 54 2813 21 1643 87 4734 4 7349 33 6685 30
1592 4 574 32 3954 29 6077 100 1960 43
1593 7 72 1 5001 83 5419 18 5451 1 3160 39 6673 87 3411 51
1594 8 1171 44 2005 84 3358 87 4904 8 4647 82 8143 43 6073 51 423 18
1595 7 623 86 2238 88 2269 75 2703 65 3789 96 4901 81 2230 50
1596 3 427 19 4567 39 6017 39
1597 5 1236 21 3711 47 7320 94 272 34 35 68
1598 4 498 16 3271 40 5318 85 4464 56
1599 6 658 16 5156 53 3574 81 6985 62 3139 47 5919 30
1600 5 1424 69 2235 44 8292 1 9084 91 4270 58
1601 8 450 59 9045 17 2763 9 4065 49 6056 51 3405 45 7845 68 4067 48
1602 6 1115 98 7659 33 9753 94 904 81 6738 8 2956 39
1603 3 1125 36 5161 1 5671 43
1604 5 743 39 6632 67 3705 17 3285 55 4183 23
1605 10 623 77 1606 68 9077 85 2228 55 5388 86 8617 3 399 2 4574 50 9558 33 3145 63
1606 3 1605 68 1556 68 4870 12
1607 4 107 25 4649 33 2358 87 9342 46
1608 4 796 95 7317 8 1309 1 3821 72
1609 8 1259 82 5591 80 5805 98 6020 4 8626 86 9353 37 7899 59 4325 91
1610 4 471 29 2622 2 3542 20 3602 70
1611 4 47 24 3129 20 7106 49 2506 23
1612 7 1455 48 2057 32 3902 73 2922 31 4393 25 2400 46 3461 59
1613 4 1143 14 9967 19 7481 86 7693 28
1614 7 748 13 3060 16 3161 37 5075 33 3711 10 9737 24 8573 18
1615 2 303 33 7366 1
1616 10 1024 61 1836 43 2885 68 3361 89 4412 88 5108 96 6514 31 3022 95 7155 30 8051 31
1617 8 1311 73 8298 63 8902 44 3731 83 6380 61 5527 75 4155 85 5988 33
1618 9 1547 31 1925 4 2511 91 4933 68 9660 42 929 39 9785 23 2766 8 3447 77
1619 2 240 71 5886 47
1620 6 1387 70 1984 33 3838 19 3022 10 2084 9 139 21
1621 7 318 95 2788 72 3961 16 7905 65 4735 45 3588 51 6881 50
1622 1 498 98
1623 6 1151 69 4510 40 8830 81 9348 58 7325 23 3177 29
1624 4 590 81 2866 14 9645 4 7987 77
1625 9 153 49 1852 62 2704 16 3108 84 3606 3 6574 68 2645 59 2115 91 4011 34
1626 4 863 85 5919 6 1024 94 4040 16
1627 6 180 46 2020 22 2994 17 3190 28 8211 92 8670 55
1628 9 542 62 6577 62 5807 59 3363 51 5479 27 1394 54 3677 36 9738 7 9111 28
1629 1 1451 88
1630 9 465 61 1854 80 3617 88 9818 42 2356 50 3200 66 3869 87 5015 83 1416 17
1631 9 640 40 2403 4 6963 51 1404 18 7754 25 7659 94 5613 94 4637 67 3435 11
1632 4 1226 86 2914 83 3668 64 6640 93
1633 8 358 56 3307 20 5438 9 5556 4 337 58 1795 42 2287 41 3962 73
1634 2 1493 78 33 10
1635 8 608 40 2676 92 2815 6 4887 77 6645 41 4915 91 9858 62 4023 36
1636 6 993 62 2417 50 1282 14 2230 99 9874 22 4089 7
1637 7 1413 39 5961 18 9120 45 2760 94 5553 68 4571 84 1701 27
1638 3 97 15 7578 71 7049 37
1639 3 35 15 7702 46 8918 27
1640 4 500 50 7969 1 3496 72 7889 72
1641 3 1346 20 2995 43 138 97
1642 11 285 69 2863 70 8037 53 9622 38 1529 50 717 10 1723 30 729 30 9313 11 6216 63 9704 34
1643 9 146 36 1661 89 3684 5 6421 50 8024 28 1591 87 6270 10 9140 46 8998 90
1644 9 1121 63 1666 18 2125 81 4196 1 5573 59 9979 26 3072 47 4298 42 1803 64
1645 5 1390 26 3362 58 5353 44 6765 48 7333 78
1646 7 1510 24 3119 46 6582 47 9250 12 4818 14 3653 97 2767 71
1647 2 62 28 870 94
1648 4 503 80 2329 10 340 61 3687 96
1649 6 1137 31 1712 42 1971 49 2641 22 3212 13 2622 20
1650 5 1502 49 1800 56 5357 41 1542 57 2395 44
1651 7 255 73 3825 38 7474 43 3380 47 291 54 2281 7 3378 93
1652 4 1492 11 2284 50 7214 2 9615 40
1653 7 1491 11 3670 14 7756 82 7818 63 8512 18 1573 89 5892 25
1654 6 725 14 1867 37 2211 58 8674 20 3740 69 8935 71
1655 6 520 6 2250 89 8756 8 9466 86 5930 53 2026 79
1656 11 189 72 6516 69 7711 57 9013 28 149 58 5030 38 4235 11 7296 40 4387 14 2934 56 5583 74
1657 6 163 16 6561 58 8587 98 8376 68 5246 54 6639 34
1658 6 245 47 4527 75 6626 76 8271 98 261 23 7880 94
1659 3 1472 37 5923 90 348 64
1660 7 19 31 3886 78 7280 15 9992 41 1815 8 7805 64 2359 98
1661 7 1643 89 3106 32 4474 59 7531 47 6346 77 6182 84 4681 84
1662 7 1162 93 2966 40 3552 96 7488 91 5640 63 7188 1 8249 79
1663 4 1 8 3420 73 9194 32 6397 42
1664 8 1189 78 4086 36 5525 75 5952 11 7499 79 5847 62 925 43 238 26
1665 7 138 98 3911 27 6912 72 4580 76 21 70 5909 86 7391 74
1666 4 1644 18 3977 59 2892 70 916 79
1667 4 138 27 8011 14 6496 88 9437 5
1668 7 443 96 1751 76 4411 29 7207 26 3684 29 5779 91 8438 52
1669 5 1219 4 2298 57 5246 9 6621 6 2547 92
1670 6 556 23 3849 64 4226 65 4828 47 5297 13 6023 95
1671 7 105 13 1921 72 2147 4 2422 62 5415 74 7350 8 6254 31
1672 7 169 68 5148 14 3988 62 2378 78 6869 9 2039 66 7439 81
1673 6 1370 97 2133 53 2479 73 5925 16 2007 32 4366 16
1674 6 549 66 2047 75 7318 80 7616 39 6383 37 7467 10
1675 4 505 25 2440 82 2843 42 6905 30
1676 8 341 98 6572 33 537 45 7256 74 5997 94 4630 33 5104 20 4946 47
1677 5 171 34 5565 28 5855 56 1681 62 9603 33
1678 12 1333 69 2335 36 4222 52 4485 8 4561 19 4829 17 9764 9 2511 82 3853 73 8354 31 4086 49 3510 18
1679 8 1537 100 1700 13 3549 81 7507 67 2287 68 4154 50 2231 63 3153 77
1680 6 866 68 6583 56 7047 56 3494 59 7381 28 5561 22
1681 9 1521 36 9617 21 7601 20 9349 10 5009 1 1677 62 9616 66 7857 49 3080 87
1682 6 245 28 4048 18 7311 54 9387 57 7855 34 1526 3
1683 6 1294 60 1732 69 8341 29 2967 23 9128 28 4307 59
1684 5 550 37 1870 25 4311 70 5638 99 1002 71
1685 3 1037 35 4878 38 6941 11
1686 8 519 80 9603 5 3940 22 4784 29 3755 85 407 56 3263 3 9385 40
1687 5 275 50 2811 17 9186 57 5155 16 64 86
1688 8 1426 23 2827 40 4390 43 8668 61 7258 26 6656 17 3429 2 8588 13
1689 7 1064 74 7548 18 9875 51 7799 56 180 5 1084 77 2276 19
1690 8 1292 66 1804 4 1844 37 2131 93 3189 47 6747 9 3710 91 8523 7
1691 8 1177 30 3382 80 8505 67 9246 37 5430 67 8884 98 2442 60 586 46
1692 4 605 89 1952 24 4932 11 7964 39
1693 8 1082 86 4378 51 876 78 1148 87 6510 12 4354 9 2678 82 9649 87
1694 7 1208 22 4180 36 6999 80 8045 41 6784 74 2677 62 5876 95
1695 4 353 93 2720 8 4274 78 6456 21
1696 6 83 66 1714 92 8832 38 8041 94 9199 90 8942 80
1697 14 512 36 1996 27 4672 21 5589 16 6654 72 2720 8 3521 2 4093 25 8323 9 1724 46 8166 74 5859 42 1028 11 7642 12
1698 4 172 81 8134 69 9625 74 5352 44
1699 6 1289 37 4675 70 6216 65 9445 47 3779 75 8274 30
1700 5 1679 13 1884 12 8401 51 5797 51 6618 9
1701 8 782 7 6728 11 9655 7 2117 43 6298 22 1213 61 6454 76 1637 27
1702 5 493 16 8487 95 1912 59 1976 26 8386 17
1703 8 879 94 2452 18 5750 94 7872 46 9406 22 1811 43 3051 91 7461 71
1704 4 248 14 2612 21 6431 64 7799 66
1705 4 1330 87 2246 74 2577 50 3124 31
1706 6 1580 81 4427 51 8850 43 4653 24 1279 60 9102 67
1707 10 1002 66 3865 85 4879 25 8670 77 9109 9 9179 21 2695 21 2182 55 300 43 5419 100
1708 6 1011 59 9019 62 637 58 2231 33 9711 36 8987 63
1709 4 645 18 3110 33 2151 43 8783 41
1710 6 1388 67 4459 4 1870 61 7749 36 847 9 3405 84
1711 6 967 42 2085 5 3092 47 7150 76 2799 15 6460 19
1712 4 1649 42 4010 28 4108 3 6072 83
1713 5 354 29 3127 38 7852 9 7482 23 3496 97
1714 6 1696 92 2702 4 6337 34 451 47 1273 43 6942 37
1715 6 1504 39 3723 24 994 27 5235 52 544 51 886 93
1716 8 339 47 3408 63 4838 61 4776 96 5790 12 4489 87 4797 33 7489 74
1717 4 1235 44 2850 76 602 61 3206 77
1718 4 1585 23 5219 62 5709 38 6820 5
1719 7 464 77 2122 95 5816 72 6507 14 7815 35 1401 41 904 80
1720 7 724 34 3511 42 738 11 6379 18 6842 54 2361 5 165 50
1721 6 1280 22 2621 55 9382 70 9492 79 3934 100 2249 46
1722 6 195 6 2925 82 3562 54 3565 57 9484 44 1458 61
1723 7 104 64 2032 54 2465 41 4255 53 1642 30 4213 79 5686 41
1724 5 1119 25 1994 8 2577 57 8530 55 1697 46
1725 2 1487 86 4553 98
1726 6 1565 54 5195 78 2555 3 8985 94 4535 34 6536 90
1727 4 873 91 2199 100 3799 93 3144 85
1728 7 394 23 5093 37 3632 39 7170 49 7934 4 7279 80 7430 100
1729 11 1069 36 1777 36 4491 41 5044 97 6807 36 7492 43 4724 48 9502 13 913 89 338 64 6957 49
1730 4 402 16 6859 36 6387 39 9340 25
1731 5 749 44 3425 70 4901 95 679 23 5342 80
1732 2 1683 69 3598 17
1733 2 1111 42 5959 82
1734 5 1290 89 1871 32 8576 40 7910 70 9981 70
1735 3 1442 12 4457 87 8949 98
1736 4 213 59 8803 70 509 77 3961 77
1737 6 438 78 3831 83 6297 40 8264 90 8590 93 7575 62
1738 9 1409 99 4324 73 4336 58 5322 27 7351 33 9278 69 9967 57 1235 52 5431 76
1739 2 1308 51 5139 8
1740 5 1045 90 1950 97 362 3 6169 84 2085 40
1741 2 348 51 3538 78
1742 11 9 83 2722 53 4598 12 7954 49 9260 96 1828 72 9572 84 474 16 85 39 8368 90 8406 97
1743 11 425 50 1810 40 3966 83 4665 83 6584 17 9746 41 2326 90 6907 89 5727 7 350 77 5654 70
1744 4 192 19 7582 41 9249 4 2094 56
1745 8 1136 40 1783 57 9285 60 616 54 6558 5 3091 20 6294 63 3749 5
1746 6 723 16 2585 72 9859 37 6707 91 8214 48 2448 64
1747 7 817 83 2193 82 2262 3 9756 71 4676 63 6204 82 5614 27
1748 9 544 81 2117 37 2299 32 3007 62 4243 10 7509 39 3824 77 9159 78 1241 100
1749 6 1251 56 2017 99 9786 92 5022 63 1540 77 1016 49
1750 5 837 42 1928 98 3139 57 8517 49 7277 7
1751 6 1668 76 2010 59 6040 83 8729 77 1502 83 9587 82
1752 11 166 2 2388 38 5799 94 6375 2 9622 25 8144 74 7307 21 413 5 580 48 6092 65 3910 39
1753 4 957 66 2321 16 8333 87 8924 55
1754 8 1310 17 2176 58 2798 9 4741 3 8635 61 2138 27 5436 71 1988 63
1755 10 601 89 1975 2 2507 56 205 41 116 31 1452 2 2898 43 5921 11 2490 70 494 23
1756 7 971 9 2233 28 5352 80 6636 6 7053 66 2137 8 3847 90
1757 4 695 22 8915 52 7822 76 5437 37
1758 7 260 73 2832 50 6173 52 5402 9 1571 3 8214 90 3472 81
1759 6 210 56 2709 93 7147 96 7262 62 4303 10 7659 29
1760 3 658 80 9430 9 9624 44
1761 4 782 83 4356 55 619 97 262 4
1762 6 1432 45 2362 86 5187 54 5359 85 7046 44 1903 66
1763 4 1421 87 4477 36 3111 24 4262 6
1764 5 1382 49 594 5 8982 55 8847 87 6704 48
1765 6 597 2 1767 26 3180 41 8315 39 3290 30 3359 36
1766 7 1309 41 3393 71 3902 4 6369 18 8790 47 7294 75 578 26
1767 6 1765 26 2370 65 2396 84 3281 28 4614 32 7379 4
1768 4 1046 10 4196 43 8988 40 3120 16
1769 6 1126 85 3594 29 3761 65 8557 26 2853 8 2227 96
1770 5 121 99 2461 23 6428 91 3938 75 4673 59
1771 4 1497 20 9949 83 4193 93 246 84
1772 6 952 33 6804 22 9110 50 7925 35 7511 57 823 12
1773 6 65 46 1899 69 6426 49 8355 25 432 93 2034 15
1774 4 567 9 9094 54 6896 79 3543 45
1775 3 376 29 2569 68 3919 79
1776 3 109 22 6852 42 9037 34
1777 2 1729 36 2717 4
1778 6 126 94 2331 41 3719 95 2274 12 8167 68 3625 90
1779 3 635 85 4130 69 8689 51
1780 6 1582 3 2002 82 2050 47 9779 84 3963 65 7058 14
1781 5 1054 61 2998 52 4839 1 7127 53 9669 34
1782 5 1522 86 2973 100 6797 99 7105 26 2911 34
1783 6 1745 57 8608 86 6752 78 5747 97 8169 32 582 46
1784 5 1385 56 2011 38 88 55 599 28 7363 11
1785 4 1325 41 2915 10 445 11 2045 53
1786 7 378 66 2657 12 3317 32 5243 49 9196 65 764 26 2494 97
1787 4 1558 56 4642 20 4704 56 8138 5
1788 8 1169 41 3802 11 6782 77 7504 53 8079 88 9476 33 1860 54 1382 29
1789 3 1275 28 5902 26 4061 37
1790 6 726 25 3213 84 3297 91 6638 44 4608 50 4483 63
1791 7 598 18 2595 88 4736 83 7849 11 4766 86 8424 36 1444 82
1792 5 834 35 1977 99 9046 78 4382 13 3541 50
1793 4 1087 81 4045 52 8662 85 4121 13
1794 9 142 7 1910 34 3459 86 3713 17 8530 26 3887 45 8741 66 6270 31 3329 79
1795 7 1490 54 2419 50 3858 53 3121 40 1633 42 6860 95 2772 67
1796 7 84 49 1951 75 9398 17 2663 4 1142 77 5677 88 51 47
1797 7 975 27 4552 63 4698 54 6236 56 8421 84 5928 79 1060 30
1798 4 1437 68 3194 100 7569 45 5487 83
1799 10 178 100 3840 22 6114 56 9407 100 7429 60 2044 98 9270 32 1953 51 8045 37 7979 89
1800 3 1650 56 2610 94 3922 89
1801 10 507 12 3277 71 9647 65 5097 69 9614 58 7040 99 9099 36 7642 36 5837 62 1950 54
1802 6 22 44 3208 36 9954 83 596 48 2384 6 8585 76
1803 4 50 40 1644 64 3313 5 2608 74
1804 8 1690 4 4586 34 9027 62 6276 75 8939 79 850 85 1263 29 6499 10
1805 6 1386 96 1822 68 3227 87 3015 57 6781 84 4658 43
1806 8 1449 27 2990 27 3261 33 3557 18 5599 26 5896 96 3381 38 2133 97
1807 8 348 92 3837 72 3891 87 4752 73 6236 63 8069 34 2390 31 5422 14
1808 4 74 32 1893 46 2642 24 5822 52
1809 7 848 87 4445 60 5899 19 7289 48 2925 13 8974 27 7922 87
1810 7 1743 40 7456 58 2027 77 6019 89 4581 85 9246 38 8592 90
1811 5 1375 74 703 15 4805 75 1703 43 1212 66
1812 7 860 19 7981 92 8890 79 6648 25 445 37 598 89 2700 93
1813 8 1411 93 6364 21 7093 90 1243 59 4898 57 8258 68 6318 43 4279 81
1814 7 539 53 3147 14 9061 28 3432 23 1867 6 7354 62 6512 32
1815 8 419 6 3039 59 3478 4 9256 54 2817 63 8113 4 3104 68 1660 8
1816 5 1477 15 5134 28 4396 85 7861 64 8869 67
1817 7 143 40 7854 23 1511 72 1372 35 9745 73 8369 34 1970 66
1818 5 331 80 3593 71 2129 67 3824 42 9505 27
1819 5 1104 29 7734 77 2755 9 3086 56 4529 10
1820 7 1001 91 3112 4 4666 59 5021 50 1303 59 5511 100 5146 12
1821 4 76 72 6903 55 8934 77 5585 69
1822 5 1805 68 6766 90 7724 19 482 65 6458 5
1823 6 1572 88 1865 53 8173 72 9151 53 6297 31 2999 95
1824 5 1511 92 8699 64 5431 77 5448 71 8690 35
1825 5 1205 58 1499 63 7173 11 2540 65 4902 3
1826 4 672 66 6834 5 4437 52 9483 65
1827 9 833 79 1866 71 2434 80 2596 22 5414 7 5870 68 2611 15 4077 49 4946 26
1828 5 477 49 9903 45 2868 32 1742 72 3024 40
1829 7 1140 50 4281 34 6707 62 1561 79 6993 43 7365 75 273 35
1830 4 756 87 2617 24 4099 74 5275 18
1831 3 1275 41 3349 71 4725 92
1832 3 365 21 6106 48 3132 88
1833 5 920 38 3913 24 9993 4 8776 71 8126 30
1834 1 174 30
1835 6 305 40 7000 6 2351 74 7157 84 6837 3 3031 39
1836 9 1616 43 2251 12 7233 88 7441 33 8094 96 9025 71 900 27 2005 96 4659 23
1837 6 1115 78 8461 28 8898 58 8797 15 8946 71 5470 71
1838 7 662 89 1970 57 2711 61 3976 55 4634 31 2454 60 3294 81
1839 7 78 48 4171 23 7472 35 7639 30 9606 14 9332 36 5276 76
1840 4 254 13 8263 40 4577 64 2980 42
1841 6 548 34 2576 52 9300 18 4793 36 929 19 6479 75
1842 5 521 50 4353 36 9026 83 7974 49 3104 32
1843 5 457 60 7132 78 7963 55 3720 74 4297 32
1844 5 1690 37 7868 96 3683 71 6036 18 7245 76
1845 3 1062 78 1292 55 7072 56
1846 6 404 15 5814 98 5074 73 3871 71 3229 12 4819 57
1847 6 1238 16 2041 31 4079 56 7714 39 4407 36 2156 84
1848 5 1309 37 5837 13 9806 22 4476 83 6587 33
1849 8 189 93 7096 57 8227 67 8463 52 7612 18 9238 89 4539 14 3551 85
1850 3 101 26 6654 55 8465 50
1851 8 1262 44 7061 35 3721 44 1856 89 5480 68 9609 49 9652 12 4810 49
1852 4 1625 62 3415 90 5165 87 6760 55
1853 3 904 80 5982 95 8534 93
1854 9 1630 80 2347 98 3950 88 4709 18 4917 31 607 18 9650 8 9567 8 4107 42
1855 5 1273 9 4881 56 6350 83 1222 88 1361 67
1856 9 140 83 2290 46 8350 70 8213 25 1851 89 9251 29 6376 67 5311 99 1474 62
1857 5 1020 91 3832 37 7404 45 4716 39 4506 73
1858 5 1500 54 2992 38 8206 26 9838 42 1009 30
1859 5 270 71 3254 46 6697 45 6638 37 3666 43
1860 8 71 78 4140 60 8259 86 9717 92 9152 39 1788 54 7086 42 9925 62
1861 6 806 25 3532 2 160 5 5663 35 7806 96 2895 74
1862 5 318 53 2309 26 5040 6 4427 46 4928 8
1863 6 109 20 1901 10 4090 47 3857 18 3243 31 8838 94
1864 6 263 5 4138 14 8018 7 8220 92 9456 74 7118 26
1865 7 1823 53 5593 4 2476 92 569 23 2743 75 2602 86 8969 95
1866 4 1827 71 9697 2 6443 53 5078 16
1867 10 1654 37 2004 90 3352 18 3794 78 4030 99 4455 91 5343 31 1814 6 73 8 181 4
1868 3 746 59 2429 49 8216 93
1869 5 1557 31 5632 38 79 13 5624 90 316 88
1870 6 1684 25 1993 3 509 27 1710 61 8529 26 4867 89
1871 7 1734 32 2484 10 8600 48 4511 11 9091 13 5359 73 5592 10
1872 5 1211 62 2939 33 1476 28 128 85 3512 6
1873 3 1208 36 6764 78 7302 99
1874 8 367 61 5787 91 7425 57 7047 49 1004 46 5623 20 7889 55 4260 73
1875 8 533 26 1954 92 2183 8 4332 21 6907 80 3915 55 2935 4 5379 13
1876 6 714 89 2735 39 4220 14 6543 2 9416 52 3298 73
1877 7 340 53 2048 41 5059 50 5825 13 7045 62 3563 47 5039 9
1878 4 1177 38 2350 87 3750 12 3976 24
1879 6 377 57 2190 41 3260 91 5452 32 3298 29 4868 58
1880 4 1056 65 4320 7 929 47 8854 69
1881 10 1060 81 3777 80 8247 58 8642 15 9204 35 4734 92 2399 25 6628 3 5102 82 110 75
1882 5 467 22 6858 26 9747 42 3647 4 9020 32
1883 5 599 21 1998 36 6285 36 8237 61 5299 11
1884 3 1700 12 7366 77 5661 79
1885 4 76 11 9596 40 5949 5 5001 88
1886 8 988 53 3439 42 3850 67 4523 59 8501 75 593 34 6783 84 7851 4
1887 3 1386 5 1897 58 5665 61
1888 2 1104 77 9982 9
1889 5 644 93 2624 71 5954 67 9210 4 7971 62
1890 6 1202 50 7560 47 9073 71 5294 64 3212 55 4167 94
1891 8 963 3 2292 98 3601 77 5595 61 8589 5 2189 40 8337 87 4857 68
1892 6 75 71 3914 84 8005 9 2607 20 9321 62 6018 86
1893 7 1808 46 5843 16 7691 65 389 98 4414 83 1426 54 7431 5
1894 7 593 28 4688 4 5443 3 8393 70 5929 43 6614 5 2742 47
1895 3 1344 76 6526 18 7511 35
1896 3 274 91 4796 99 6238 57
1897 2 1887 58 3577 34
1898 7 240 58 2366 25 4602 94 8124 64 2121 45 3848 37 3537 85
1899 7 1773 69 1976 18 3137 61 6937 74 4795 31 2770 72 7148 85
1900 5 1302 51 7079 83 9802 75 6164 96 5624 80
1901 6 1863 10 3605 30 8842 9 8186 48 5768 13 3892 46
1902 6 543 65 7860 21 812 48 8716 71 3951 38 6679 16
1903 4 1134 91 3293 29 5746 34 1762 66
1904 4 1195 78 3515 37 6955 63 3290 96
1905 8 1475 46 6389 5 7525 8 9378 15 1392 12 1910 97 5621 12 4910 66
1906 8 790 46 3036 49 3109 17 4149 71 4815 21 2275 74 7852 67 5219 85
1907 6 588 60 2015 80 3759 38 2333 20 7187 55 5764 55
1908 8 73 27 2756 80 2916 32 3249 90 8266 66 1942 67 9633 99 3254 34
1909 7 870 25 2260 71 3734 33 6404 70 2885 83 4232 44 4894 25
1910 7 1794 34 5843 23 1905 97 2864 17 4880 90 5348 55 8433 38
1911 4 391 77 9561 77 4786 22 7872 37
1912 7 1139 22 2614 10 3937 10 5349 25 1702 59 8992 49 6695 75
1913 3 633 53 3113 10 8791 52
1914 4 712 12 2187 38 7824 13 479 92
1915 7 1199 56 4126 52 9662 22 1213 28 3534 2 5689 78 9158 84
1916 5 563 12 2674 19 3841 67 4707 41 3553 65
1917 3 790 5 3187 13 1401 36
1918 8 80 30 3574 18 4008 28 1058 9 4412 8 4294 92 6723 95 4660 100
1919 10 752 91 3165 6 4906 18 6385 35 9907 75 7900 57 5770 19 8792 96 4599 82 7602 71
1920 6 119 94 2270 17 2900 66 3830 73 4409 39 3167 16
1921 5 1671 72 3140 53 5346 72 7063 67 4135 1
1922 5 711 38 1966 2 4822 90 8077 3 8144 93
1923 2 390 60 2174 78
1924 6 938 45 5456 5 7398 60 5697 22 6608 47 3750 87
1925 4 1618 4 2450 6 8923 14 2905 97
1926 2 611 29 9543 53
1927 3 667 10 9720 47 570 47
1928 2 1750 98 7260 51
1929 6 243 94 3496 61 6458 73 9192 21 2879 46 4441 15
1930 7 102 55 4289 70 6412 63 8237 81 5798 20 9784 95 7793 46
1931 6 1572 4 1102 52 2920 15 2656 63 9524 4 5643 56
1932 2 837 77 6631 47
1933 1 1513 2
1934 4 708 2 7834 61 8311 81 8171 37
1935 7 140 85 2079 17 2656 97 7518 19 4696 25 5952 46 1566 79
1936 8 438 10 2322 94 2466 71 9215 15 6423 50 9939 15 519 78 4110 95
1937 6 1517 40 2034 26 4157 100 5780 17 7337 2 2393 80
1938 8 188 84 2447 45 2567 17 8986 83 129 85 2966 58 1168 87 9390 10
1939 4 303 33 8076 16 7543 45 5001 62
1940 5 1007 65 5207 33 5512 13 4635 67 6628 88
1941 5 1348 41 9135 25 3928 34 9230 36 366 16
1942 7 596 61 2044 91 2194 17 1908 67 9456 6 9573 54 7644 32
1943 7 747 72 2022 92 8729 78 2303 5 4915 40 3500 38 8646 99
1944 7 901 7 2650 74 2806 64 1263 7 4636 46 2369 4 8676 23
1945 5 1215 51 7292 24 5464 73 7561 39 8000 89
1946 10 997 8 3698 29 4531 84 7165 39 9049 53 3126 68 8906 11 9747 83 6925 40 1252 67
1947 6 1039 10 3185 60 3898 28 2103 86 9360 9 9751 11
1948 5 710 14 3369 63 6460 60 3108 47 891 94
1949 7 702 86 5105 90 5791 2 6963 53 6568 40 37 9 5867 90
1950 7 1740 97 2747 68 4792 88 6064 65 448 60 1801 54 5760 94
1951 7 1796 75 2365 62 7444 11 6073 87 8028 93 9743 86 5554 81
1952 5 1436 99 9418 75 1692 24 9831 46 8801 85
1953 8 165 41 8328 83 2192 39 8240 36 1799 51 4267 34 7317 81 8064 86
1954 6 1875 92 4259 29 4555 63 2874 79 9074 43 3633 11
1955 6 1345 20 2177 39 6597 2 6773 27 1443 93 2117 27
1956 6 1290 28 3069 16 6847 40 7042 39 6826 51 3447 65
1957 7 794 65 2777 51 1427 17 8367 76 2391 78 8837 7 9625 99
1958 6 1541 16 6162 5 8659 56 3523 65 3752 99 568 18
1959 8 632 34 7483 24 2355 82 8497 40 9707 89 9177 1 8761 15 1153 100
1960 5 463 38 9377 32 3805 9 6202 93 1592 43
1961 8 1497 90 2797 22 3805 82 6184 49 6663 61 9518 68 6640 67 9619 14
1962 8 220 28 3808 78 4655 81 2024 55 7298 9 7207 23 4042 75 569 84
1963 7 459 48 1999 71 2894 96 8793 93 6639 68 7640 30 2923 94
1964 7 758 53 2468 39 2616 26 3204 13 3913 58 2332 10 3022 31
1965 9 850 79 3033 30 4236 75 1002 53 4958 70 5744 32 7717 71 6074 24 7519 28
1966 5 1922 2 4069 15 7674 48 3958 98 9057 68
1967 6 810 75 2593 66 3676 45 9796 27 5457 87 8906 31
1968 4 469 45 2770 23 2303 100 3092 97
1969 5 846 1 4446 12 6170 66 3415 67 2174 20
1970 5 1838 57 7621 26 6741 94 8370 56 1817 66
1971 2 1649 49 2842 4
1972 7 46 52 3550 95 1459 93 9599 77 9166 6 3413 6 5691 68
1973 6 66 36 3879 10 5300 2 1532 36 4023 38 1531 48
1974 12 729 24 7391 76 8016 18 8550 40 8632 6 7992 72 9023 9 8503 44 5196 62 1553 21 9263 1 3982 54
1975 5 1755 2 2075 73 5744 96 1194 87 5838 68
1976 7 1899 18 2475 37 5815 26 7928 56 416 38 9451 94 1702 26
1977 7 670 22 2114 45 1792 99 3800 1 5268 69 4320 37 2454 50
1978 4 451 23 8859 85 5861 59 1111 13
1979 5 974 81 2216 43 8092 58 6656 34 3270 62
1980 6 250 4 3254 78 1185 57 406 72 5367 22 9091 42
1981 1 669 18
1982 4 786 74 2361 14 3291 58 3478 72
1983 8 667 77 2729 34 3044 16 4795 39 6027 56 6517 25 6591 94 9974 38
1984 5 1620 33 3332 58 3409 67 6740 24 1017 94
1985 8 1233 64 3580 70 4270 34 3120 9 9167 11 7728 14 3396 93 2948 25
1986 3 1139 84 8044 63 9019 17
1987 4 281 30 702 9 3103 37 4919 8
1988 9 1002 48 9308 64 9993 38 4828 7 2739 92 9996 4 9089 63 1754 63 8894 46
1989 9 890 25 2195 6 3319 83 3485 9 4764 86 5585 94 5027 21 6263 14 5707 32
1990 2 1369 25 9488 54
1991 8 1250 29 7030 69 2544 63 7601 17 2890 22 7736 94 703 91 2074 78
1992 8 326 87 2097 92 2648 100 8194 99 9755 93 7982 66 6899 7 5588 55
1993 8 1870 3 4971 76 9533 89 9936 93 321 11 3755 18 5646 77 4541 71
1994 3 1724 8 8523 96 7636 28
1995 3 1275 25 6349 75 9705 49
1996 3 1697 27 5531 7 8479 77
1997 4 1250 46 3868 57 7705 24 3990 32
1998 10 1883 36 5738 9 5401 53 4637 3 1031 49 3649 40 2099 76 9813 15 6956 85 4457 7
1999 3 1963 71 3195 47 2345 68
2000 8 158 35 2580 22 3751 11 3940 78 8143 94 8530 82 1033 8 4989 1
2001 5 167 15 8848 3 6360 70 381 50 9113 40
2002 6 1780 82 2265 42 2579 57 621 84 4733 74 2247 59
2003 6 563 1 2116 28 3247 79 9851 1 3829 7 3415 92
2004 6 1867 90 8159 26 4571 61 7552 59 6547 74 8895 4
2005 11 1594 84 2691 32 2855 11 7216 42 983 95 9234 11 2987 19 5767 80 1836 96 397 48 3173 85
2006 8 1145 37 2560 85 5519 73 5793 12 9940 14 6769 80 1581 18 244 18
2007 4 1549 49 2162 88 1673 32 8054 4
2008 2 719 71 3266 57
2009 3 771 89 2793 94 3686 71
2010 8 1751 59 4423 98 4900 2 7364 89 669 65 337 98 5203 98 5921 92
2011 5 1784 38 2178 93 4327 62 7018 23 4617 97
2012 6 1322 65 2284 88 5752 11 7619 66 9051 4 2497 21
2013 5 934 2 2126 71 3322 60 4812 75 5733 30
2014 8 813 8 2539 99 7453 45 8073 6 6403 52 9368 44 7605 46 5686 83
2015 9 1907 80 2033 41 4686 14 4727 38 8177 74 7663 97 3439 34 9502 72 5482 75
2016 6 257 45 2491 15 4817 43 8752 79 870 15 531 32
2017 7 1749 99 4859 18 7995 20 3316 92 6787 16 9942 54 9735 44
2018 6 828 56 2591 78 3233 17 644 3 7211 90 3821 24
2019 5 1173 30 3181 83 5448 25 4406 100 6991 17
2020 7 1627 22 2071 12 2165 20 9082 84 9164 56 8070 54 5394 19
2021 7 494 76 2098 13 4265 66 7337 10 5264 40 6638 14 7583 34
2022 6 1943 92 5802 70 6910 59 8823 23 9402 75 8214 92
2023 7 818 28 4921 33 395 9 1035 7 3411 8 8043 98 5378 75
2024 6 314 86 5269 23 1962 55 9409 83 8295 68 9028 31
2025 9 273 3 2840 54 3053 35 4871 67 7715 79 2426 64 2130 22 7381 50 1587 48
2026 6 948 35 2312 7 3235 71 2383 3 1655 79 2731 73
2027 10 145 54 6637 33 6871 97 4712 22 9893 69 9325 38 1810 77 3014 23 810 51 5584 86
2028 2 459 54 4937 80
2029 9 1253 65 3433 35 4534 67 5363 32 8512 32 9306 27 6308 93 7327 59 7021 91
2030 7 818 10 2351 98 5311 29 5968 98 6772 79 6037 40 4156 60
2031 6 542 76 5497 94 5439 14 2765 15 754 43 2252 56
2032 6 1723 54 2389 48 3419 28 5392 53 6155 99 4154 97
2033 6 2015 41 8235 48 9117 59 2047 80 5434 46 4668 4
2034 5 1937 26 2145 10 1773 15 1157 12 4459 31
2035 7 1251 61 3067 99 4565 87 6109 50 5228 72 7803 95 898 83
2036 1 679 36
2037 7 1514 91 8562 49 534 89 1418 36 8662 51 7778 27 7641 35
2038 5 1100 66 2651 79 3136 17 5273 40 3666 74
2039 7 1433 26 2056 96 5460 43 1476 10 1672 66 4711 7 5072 59
2040 6 1210 2 2223 30 3359 45 3540 91 5883 46 7369 76
2041 5 1847 31 9578 58 1003 27 2453 25 7881 62
2042 5 276 24 4985 74 8776 15 8752 46 7770 46
2043 2 175 36 211 62
2044 8 1942 91 8271 47 1799 98 4876 38 6915 77 5948 89 3630 82 2261 37
2045 7 962 28 2288 52 3467 63 8809 24 4335 42 6177 44 1785 53
2046 2 182 44 8042 66
2047 8 1674 75 7135 53 9925 92 2033 80 6242 59 6987 11 1533 84 4879 58
2048 6 1877 41 5430 41 8731 6 2140 8 3754 17 1315 34
2049 7 901 26 2976 49 8043 95 6927 56 476 19 6719 54 1211 75
2050 4 1780 47 3193 86 2786 10 7072 90
2051 3 721 46 9144 93 1120 25
2052 5 442 69 5936 89 7640 27 8767 23 6242 89
2053 4 99 46 5418 79 2677 86 747 68
2054 4 916 16 9629 65 6063 56 1336 66
2055 5 1235 49 7164 91 1241 53 8540 4 8179 52
2056 5 2039 96 2202 82 2583 66 5015 16 9192 36
2057 5 1612 32 6721 64 7943 13 5077 43 1036 55
2058 9 905 16 3466 76 9328 22 2910 98 534 35 1541 98 5535 17 6480 68 4715 8
2059 8 584 1 2646 29 3392 53 980 91 4106 40 270 60 9423 21 5480 69
2060 5 906 88 2315 30 2717 63 8196 49 9371 38
2061 4 793 89 9377 32 9177 82 136 8
2062 5 1438 65 3344 72 9817 67 3976 57 719 26
2063 2 1254 29 5045 90
2064 6 1176 91 2120 60 2819 98 3564 58 5197 92 9338 50
2065 3 443 62 8764 75 751 35
2066 3 991 30 3035 28 4574 26
2067 3 985 76 2168 89 2891 70
2068 5 1106 39 5601 90 55 95 9293 21 3689 45
2069 9 580 73 3308 20 4184 93 6711 23 6017 7 5696 63 810 30 4402 40 7187 45
2070 9 350 1 3080 11 4382 45 7299 51 5910 69 5818 36 3041 62 7755 25 3449 36
2071 7 2020 12 3099 89 4150 75 6204 50 3083 50 6726 90 6347 11
2072 8 1556 5 5650 22 6110 25 8008 68 3463 82 5624 6 7982 23 2448 98
2073 7 312 82 4803 61 8418 21 9228 5 7538 98 6625 9 5693 60
2074 7 1197 70 4092 70 6901 54 5813 2 6020 18 1991 78 662 74
2075 12 1975 73 5770 58 6977 88 9101 64 2987 83 5121 45 6423 6 255 55 4308 59 4946 61 5601 28 6833 64
2076 4 830 92 2306 100 5622 2 7231 20
2077 10 799 4 2253 48 3603 61 3857 27 8508 58 4265 87 5194 3 3438 95 3544 44 6988 5
2078 5 962 26 2561 28 5327 32 9127 41 3742 66
2079 6 1935 17 2540 45 6934 25 9649 2 9491 20 4171 55
2080 5 586 88 4778 40 5678 32 9643 54 6639 43
2081 5 25 91 6827 98 4512 78 9029 78 9470 100
2082 7 942 31 4830 29 9843 39 9930 97 2374 40 9421 66 1186 58
2083 5 1571 66 2931 51 156 50 3719 60 8497 20
2084 5 1232 93 6846 100 4797 59 6144 14 1620 9
2085 8 1711 5 2310 60 3213 76 6977 32 8298 99 1740 40 8509 46 9628 88
2086 7 144 17 2648 2 7332 94 9861 43 9548 45 9542 94 8642 78
2087 8 1444 36 2346 34 4317 53 5491 59 6627 6 5011 54 3798 9 9831 89
2088 8 514 65 4799 42 8424 96 7665 38 1416 36 490 97 9219 16 6019 39
2089 7 672 98 2515 12 4135 67 4802 18 2090 8 1153 16 8049 90
2090 10 66 41 4235 83 5967 70 652 69 6833 94 3477 18 9212 9 6838 14 2089 8 248 74
2091 2 949 37 355 87
2092 3 259 45 176 29 8112 88
2093 8 405 97 3814 99 4337 35 4964 86 8226 18 4158 74 4669 6 3525 28
2094 5 1167 44 8222 55 6965 71 1744 56 4812 3
2095 5 75 41 4228 65 329 25 1446 76 2692 31
2096 4 925 91 3070 40 4912 44 4644 87
2097 5 1992 92 6655 53 2837 95 551 99 5369 96
2098 6 2021 13 2302 56 7282 99 3382 55 218 97 16 30
2099 4 1053 17 8822 91 7940 64 1998 76
2100 9 296 90 2748 69 2936 43 3215 12 3688 5 6151 87 5037 3 9091 60 3353 2
2101 5 388 100 2490 52 5025 6 5884 49 6899 33
2102 5 863 57 5407 65 6491 7 951 29 6062 33
2103 4 1438 62 6405 74 9212 4 1947 86
2104 6 1094 48 3264 67 4313 100 7805 3 196 31 3979 11
2105 8 89 67 4370 97 5675 33 6225 68 6770 85 8530 52 9870 34 5138 33
2106 5 1157 30 2130 50 4972 51 8321 68 9 76
2107 8 10 64 4291 54 9854 17 8944 63 6617 81 7278 74 5323 31 3388 66
2108 5 130 71 2523 60 5265 93 6262 10 7037 64
2109 3 473 49 6578 83 6210 44
2110 4 152 44 3475 33 9983 80 5684 70
2111 4 280 6 7166 94 4643 92 6240 23
2112 7 593 88 3631 80 3673 29 4386 48 7648 21 574 71 7517 47
2113 10 1018 10 2276 38 4938 95 5901 21 7930 39 4336 56 6686 42 2746 21 9534 7 3014 34
2114 7 1977 45 2778 42 6009 63 7030 64 5721 69 1407 1 5594 92
2115 8 225 27 2268 17 5244 43 5584 50 8431 85 1625 91 767 9 5394 95
2116 3 2003 28 2267 25 208 86
2117 6 1748 37 8571 50 8634 26 1701 43 1955 27 5851 34
2118 6 216 95 7569 81 9500 61 2337 76 7840 8 4208 59
2119 6 879 91 8021 22 1 96 3369 38 5488 100 1030 65
2120 4 2064 60 6566 35 5565 94 6866 79
2121 5 81 48 6755 81 9271 59 1898 45 1149 86
2122 7 1719 95 3442 25 5888 67 5828 100 2864 19 3473 81 9072 45
2123 2 611 85 6791 19
2124 9 450 37 3900 72 8364 82 6193 38 6388 69 447 18 9698 8 6200 71 7006 9
2125 4 1644 81 8033 35 6321 94 8837 15
2126 7 2013 71 2263 2 2908 22 3595 32 2758 33 9854 59 6736 34
2127 5 966 25 4262 23 5333 85 127 58 1141 9
2128 6 452 53 2658 62 9406 63 8854 60 5400 62 746 91
2129 5 1241 49 4575 5 5654 42 1818 67 5592 47
2130 5 2106 50 3947 91 7597 6 8139 96 2025 22
2131 7 1690 93 2279 34 3256 80 6644 66 8652 73 7314 3 8140 44
2132 8 1449 91 3721 97 5321 10 5877 15 7153 72 5250 16 5885 50 2284 100
2133 9 1673 53 5061 22 5380 48 6988 9 8466 62 3686 82 2691 55 1806 97 2465 84
2134 5 1418 64 8863 60 8814 89 4095 88 5557 37
2135 4 1105 89 8512 85 6439 68 3889 89
2136 5 605 4 6711 66 4068 78 5470 27 4486 72
2137 4 11 32 1756 8 1153 1 6131 61
2138 11 1201 55 2385 85 3609 75 5010 42 5990 38 6429 75 6563 68 2286 82 2395 83 1754 27 7153 31
2139 7 1180 15 4001 88 4484 86 8677 17 463 29 7294 55 9314 3
2140 4 559 23 2048 8 9682 84 2496 33
2141 7 1279 63 2873 86 7118 23 8124 56 9013 62 642 45 5917 44
2142 8 746 33 5083 53 5288 58 6473 72 9026 54 6442 84 3902 37 6265 38
2143 4 1355 34 4806 86 5518 92 6326 83
2144 7 1279 35 7427 30 7747 88 8928 63 4927 5 8176 55 5370 8
2145 5 1004 98 2175 3 3718 45 2034 10 1500 34
2146 3 221 22 520 78 6740 78
2147 6 1671 4 9906 14 8367 35 5804 89 4042 2 8109 4
2148 8 872 73 4461 55 6619 16 7661 74 8291 89 7842 58 826 62 1176 41
2149 4 89 5 4965 8 2201 83 5661 56
2150 2 845 94 8998 6
2151 11 860 65 4367 84 5266 43 5856 46 1709 43 9832 37 5579 91 4444 82 290 49 9935 55 2534 3
2152 3 347 73 6046 73 8591 77
2153 5 291 87 2956 72 224 44 4853 36 7966 100
2154 5 494 46 4399 16 8543 59 2940 25 9497 11
2155 3 1246 11 6881 45 7739 16
2156 7 1065 35 2728 85 5488 80 5296 5 2449 78 4845 57 1847 84
2157 5 1249 51 4133 40 5727 65 9800 83 8216 92
2158 10 1522 8 2405 74 2643 61 2889 27 4509 100 8680 85 1208 96 2823 47 4129 64 7743 94
2159 8 271 79 2737 63 3064 44 4837 18 8308 42 6792 29 6882 17 8617 8
2160 9 445 32 736 40 6417 34 5374 62 9153 38 6662 100 9846 5 3842 55 2519 31
2161 6 1253 47 3623 95 7840 18 8591 56 5056 84 5805 5
2162 6 2007 88 2736 47 3578 87 4148 70 324 57 6315 97
2163 4 1435 21 771 87 547 98 5939 98
2164 5 822 80 3519 44 5398 67 8234 36 7358 87
2165 5 2020 20 8960 21 5966 88 2422 36 6289 97
2166 8 1445 30 2647 80 3277 25 3827 65 7845 33 9329 12 3234 68 1009 83
2167 4 1315 26 7016 27 8553 95 5020 62
2168 7 2067 89 2872 30 8599 99 2840 26 7010 97 1279 22 232 32
2169 3 1321 91 2179 84 3260 74
2170 8 1062 67 4273 31 9160 82 1023 3 5521 20 5888 83 9533 8 9631 76
2171 10 1000 98 4769 12 5368 89 6813 1 9823 96 5770 85 8921 93 6159 64 5823 6 8421 60
2172 8 382 59 3105 73 4172 7 2178 79 4369 20 2704 82 4009 91 9414 76
2173 4 550 33 5403 73 8411 86 9463 94
2174 9 133 43 3984 92 4907 70 5668 35 1923 78 9740 59 1969 20 8596 50 2776 43
2175 8 2145 3 2454 85 249 38 4721 49 9517 88 3174 69 6802 89 99 55
2176 2 1754 58 6460 98
2177 5 1955 39 9602 69 343 34 7863 2 3035 75
2178 5 2011 93 3938 43 2172 79 9091 34 3722 81
2179 3 2169 84 2241 50 9109 42
2180 8 203 13 2455 96 3402 49 8573 1 9558 6 566 44 3008 84 8154 64
2181 6 547 50 9305 32 7493 21 2283 95 1441 76 1385 92
2182 6 858 40 9310 27 3654 59 1707 55 5826 95 8712 2
2183 6 1875 8 7721 36 2934 12 8828 68 6625 76 748 52
2184 5 887 24 3845 84 4986 61 6725 36 6370 91
2185 3 426 98 6987 22 443 37
2186 4 1149 48 2538 6 4685 7 4484 3
2187 3 1914 38 5710 14 3288 57
2188 4 471 84 7163 82 5260 93 7672 28
2189 6 1231 25 8665 74 2333 88 5293 11 9906 95 1891 40
2190 2 1879 41 7951 5
2191 10 1358 20 2229 31 3772 91 4282 63 5147 53 7847 7 1462 37 9810 77 9598 77 6895 16
2192 6 213 30 4758 47 8354 33 1953 39 7592 89 8777 36
2193 4 1747 82 3525 25 9304 59 2529 3
2194 2 1942 17 3125 62
2195 7 1989 6 4151 33 8201 44 9230 15 5985 8 5690 70 1221 51
2196 8 50 86 2488 29 4493 5 747 70 6946 12 679 33 685 23 4968 17
2197 4 255 8 5431 7 7978 30 5098 77
2198 5 244 21 2983 23 8934 9 5264 60 7032 40
2199 5 1727 100 8404 6 1476 97 8893 73 8587 30
2200 4 521 14 2939 39 6511 27 9407 73
2201 6 1141 68 3132 26 6471 93 9330 80 4637 10 2149 83
2202 6 2056 82 6103 21 4360 81 7530 77 1555 30 6949 40
2203 2 1149 94 9447 29
2204 2 441 31 2409 30
2205 5 312 12 7491 17 7832 94 9022 99 9493 62
2206 6 1328 86 5110 59 6759 46 2450 24 5975 76 641 53
2207 8 1139 18 2529 50 3869 100 6718 55 3949 62 6611 46 7378 2 6888 26
2208 5 1224 38 3754 94 8161 71 821 17 3636 18
2209 7 597 15 4486 9 6541 33 5182 12 6656 60 3438 84 7775 98
2210 6 970 29 2824 21 3009 38 5147 38 3369 80 7257 24
2211 10 1654 58 5716 29 5844 85 6622 57 7299 61 4272 25 8381 74 3892 53 6176 68 7058 13
2212 4 1293 82 4201 3 987 70 9575 96
2213 5 964 95 3401 43 3967 42 8235 25 2601 63
2214 3 790 52 9387 34 249 6
2215 3 466 92 8775 54 4458 6
2216 4 1979 43 8163 29 2517 98 563 21
2217 3 1264 98 8501 5 597 37
2218 4 322 15 4926 71 1067 89 854 40
2219 3 1462 14 5108 74 7153 53
2220 5 343 23 6903 72 6622 14 7021 98 146 44
2221 3 770 73 4432 99 3994 62
2222 6 788 18 2590 30 4855 54 4987 72 396 74 8509 72
2223 9 2040 30 6913 58 7399 27 8824 17 9197 52 4719 11 5635 46 2 44 3277 64
2224 10 270 26 2837 48 3864 54 5097 32 8164 4 1556 88 209 88 4696 78 4163 84 312 67
2225 4 1071 68 8544 93 5489 96 9515 11
2226 5 1478 99 5370 48 9721 23 4124 31 2985 10
2227 8 1226 44 3093 63 3193 66 4298 58 6343 92 9111 99 7233 50 1769 96
2228 8 873 95 3003 84 7367 96 6706 60 1605 55 8295 5 7819 34 9374 45
2229 6 2191 31 4053 66 8925 86 5962 16 2728 23 421 52
2230 6 1240 31 9019 20 2703 11 9053 58 1636 99 1595 50
2231 5 39 30 2463 32 1708 33 9938 39 1679 63
2232 5 219 50 5230 92 11 45 4000 41 6788 38
2233 6 1756 28 6814 90 1202 82 2528 31 5477 88 5349 55
2234 7 356 40 2521 58 3764 97 4931 54 8663 32 4690 74 2634 43
2235 4 1600 44 4023 9 5163 60 7808 63
2236 7 370 35 7973 10 8460 29 3230 20 4646 41 7808 58 3965 26
2237 8 1582 93 2277 82 6832 37 330 29 7964 95 4261 1 1531 18 1231 34
2238 7 1595 88 2958 70 8354 30 6732 15 9541 22 6087 63 9057 28
2239 7 948 52 4695 8 3833 4 3155 43 4184 42 9771 1 9755 54
2240 2 1223 20 4741 73
2241 8 2179 50 4057 25 3249 74 8328 3 3849 2 9698 68 9297 51 2396 71
2242 4 579 17 9954 45 8041 68 5108 88
2243 3 739 2 3316 54 5651 51
2244 9 920 40 2285 83 3238 4 4714 49 5168 13 1305 72 809 79 568 30 8495 62
2245 7 1346 50 2932 59 4073 10 5997 89 6295 98 9414 16 2905 80
2246 4 1705 74 7274 35 3954 68 1460 56
2247 11 622 46 3418 55 3896 43 3999 44 4528 46 5250 94 6115 38 858 18 3724 53 3229 61 2002 59
2248 8 1153 46 3049 64 9362 68 9964 48 5381 28 7039 83 7837 63 7094 15
2249 4 964 57 2898 1 8732 34 1721 46
2250 5 1655 89 5497 12 5508 100 7111 60 9103 3
2251 6 1836 12 2927 98 3842 2 3553 19 5296 72 1386 35
2252 4 994 100 2937 56 2031 56 3906 13
2253 7 2077 48 2627 38 5988 37 6811 16 7492 83 4032 9 5209 22
2254 4 56 32 5758 64 977 34 1105 15
2255 4 667 10 4188 14 2346 89 6181 6
2256 3 1135 58 9069 11 9180 93
2257 4 579 40 9535 10 7218 25 6234 7
2258 6 1391 69 2330 97 9472 90 2568 74 6019 73 4344 50
2259 7 677 60 4017 73 4309 19 9294 41 9926 41 8564 53 5335 48
2260 5 1909 71 2801 55 6096 72 9511 80 4857 3
2261 2 266 29 2044 37
2262 6 1747 3 4583 23 8079 91 6153 15 1227 38 43 100
2263 8 2126 2 3336 100 6995 16 8878 57 5346 77 7964 89 8948 57 716 40
2264 4 2 39 3276 60 9740 8 9918 46
2265 8 2002 42 2473 45 3175 26 8111 1 7800 46 6584 53 7813 40 8217 69
2266 5 391 39 3791 86 4639 34 7181 57 5910 86
2267 7 2116 25 2883 35 4995 24 7896 6 3481 50 6268 80 8656 12
2268 8 2115 17 3076 25 3195 80 8840 87 2405 78 6225 77 9273 42 6343 18
2269 3 1595 75 2997 41 8995 19
2270 6 1920 17 3262 61 4502 83 8155 63 2802 78 803 98
2271 5 1088 35 5036 52 6908 97 8147 20 590 55
2272 7 39 93 3905 18 5885 41 6735 75 5816 2 7891 1 224 12
2273 5 649 50 1200 3 7226 98 4441 79 6854 92
2274 11 494 90 4306 37 1778 12 3299 69 147 65 5673 24 4744 75 2932 31 5085 69 4679 34 4002 59
2275 5 658 95 1906 74 2912 19 7288 45 1521 81
2276 8 2113 38 3128 51 4296 79 5351 20 7418 29 5091 22 5506 36 1689 19
2277 9 2237 82 7541 28 7760 76 8217 91 1400 71 951 81 100 24 9648 94 218 80
2278 4 1567 25 3041 73 6537 97 5693 42
2279 6 2131 34 2897 10 4924 44 7146 94 2880 38 613 15
2280 6 589 76 7865 28 54 91 8169 48 4503 33 2407 42
2281 7 756 16 2373 26 4283 87 4419 53 131 55 1651 7 384 62
2282 3 55 16 2785 69 7519 83
2283 5 1090 66 4110 15 2181 95 2904 65 4550 26
2284 7 2012 88 4125 27 4643 36 6962 94 1652 50 3829 56 2132 100
2285 7 2244 83 7278 83 8922 66 5858 97 6522 1 8144 36 2290 43
2286 10 1345 58 3250 67 4094 76 6941 74 4764 55 2138 82 9186 98 8751 62 3140 59 5992 68
2287 4 1003 49 1679 68 1633 41 8444 3
2288 3 2045 52 775 73 7214 73
2289 6 1307 39 2575 93 4441 56 3176 65 7389 50 8403 20
2290 7 1856 46 4747 21 7088 72 415 10 5498 94 2285 43 8959 39
2291 5 1382 47 4447 63 3765 32 6966 28 6464 29
2292 4 1891 98 2602 96 4136 62 7753 79
2293 7 1159 32 2625 49 9795 55 1560 89 8015 52 5382 44 300 20
2294 3 927 29 9068 57 5583 69
2295 7 1520 90 2934 4 3456 28 4447 92 3924 83 7711 20 3528 69
2296 3 1582 38 8594 18 5831 25
2297 3 951 91 9231 60 5903 62
2298 6 1669 57 2497 83 3982 16 8780 93 661 83 4292 91
2299 6 1748 32 2906 47 6819 63 7159 67 5316 85 9020 98
2300 7 108 77 4861 7 6548 42 4025 84 4566 96 7040 34 1235 99
2301 3 550 54 8084 12 6523 49
2302 6 2098 56 2654 83 1396 26 9748 99 9310 70 7628 33
2303 6 16 89 1943 5 1968 100 502 96 6411 93 7989 25
2304 4 1062 17 6338 90 4232 9 1119 65
2305 5 722 41 8205 53 2320 85 3238 100 826 18
2306 8 2076 100 7462 83 4026 49 4898 7 2498 60 9043 73 3634 55 9262 88
2307 4 747 54 4966 35 5736 100 6780 40
2308 5 582 44 4207 48 7610 69 5320 19 6907 38
2309 8 1862 26 2495 63 5767 5 9801 76 1276 14 8979 23 6508 63 3481 71
2310 4 2085 60 7575 99 9641 57 5199 26
2311 4 760 30 2572 68 6982 63 9935 68
2312 10 2026 7 4950 96 3347 4 6864 34 5545 75 8241 35 7551 33 4662 24 4495 55 7455 9
2313 4 912 83 8199 75 8664 70 549 23
2314 6 499 36 2750 12 2717 98 2569 52 4456 82 3120 58
2315 4 2060 30 5653 69 6079 12 1037 61
2316 6 557 92 4947 64 5134 71 9705 46 5399 82 6659 4
2317 6 479 2 1315 85 6741 25 2600 59 8297 31 2559 25
2318 7 38 28 6126 8 8123 5 7406 55 622 25 2946 65 5422 33
2319 8 1213 56 3326 43 7468 54 3742 34 7759 25 2970 43 4958 91 6547 15
2320 5 655 33 6753 64 7740 9 2305 85 8352 78
2321 4 1753 16 6539 69 9748 64 9811 21
2322 4 1936 94 7237 16 4857 72 8300 7
2323 5 1265 67 2968 38 3970 4 4288 31 4863 1
2324 6 619 71 4154 55 7503 99 6641 50 4078 44 5462 36
2325 8 499 24 3068 6 7809 23 9091 64 4123 33 4670 15 3803 18 347 100
2326 6 291 17 2471 52 4100 42 1743 90 8424 97 9299 100
2327 8 1363 5 7091 55 7610 28 7726 30 6633 22 7457 92 3091 97 4108 80
2328 5 740 13 8679 59 111 6 8059 4 7028 71
2329 4 1648 10 4090 95 7229 69 9787 23
2330 7 2258 97 2673 93 3103 13 3933 16 6619 32 2926 82 8031 71
2331 5 1778 41 8299 72 4626 27 5270 92 3153 45
2332 4 723 41 1964 10 9928 75 5666 5
2333 7 58 31 2600 72 9776 76 1907 20 2189 88 8022 88 5344 53
2334 8 594 31 4082 49 6053 13 9562 61 53 76 6202 100 7634 65 1495 73
2335 5 1678 36 3073 38 2700 7 5351 100 6107 12
2336 6 275 87 344 51 6715 46 5510 35 9157 65 8071 100
2337 6 1277 92 2545 98 2118 76 1090 52 6266 55 271 86
2338 4 1356 78 6140 90 3923 47 7892 16
2339 9 989 61 3615 44 6344 59 8897 78 498 30 812 54 9789 48 4204 42 6566 43
2340 5 597 70 3521 28 5147 47 6307 74 9658 3
2341 3 95 53 2458 19 339 10
2342 6 382 32 4510 6 1228 68 4422 22 2902 36 8175 81
2343 3 310 1 425 58 9174 6
2344 6 1357 31 3499 2 2926 82 3728 91 6260 34 1412 46
2345 5 821 53 4404 33 1999 68 8750 83 884 72
2346 9 2087 34 2472 76 4349 41 6011 32 5235 48 2909 36 3003 16 2255 89 718 52
2347 6 1854 98 2953 22 1442 24 6277 92 5476 15 6002 31
2348 7 267 77 2413 35 3993 98 4215 65 6092 55 2609 49 3510 46
2349 3 614 96 5133 20 8491 30
2350 2 1878 87 2360 60
2351 6 2030 98 2926 64 1835 74 9971 84 8847 100 4567 69
2352 3 31 71 9396 14 3273 62
2353 6 1420 28 8413 64 2901 12 5975 51 7699 44 5867 15
2354 6 1560 39 3767 45 5118 19 7608 67 2780 47 5421 49
2355 8 1168 76 3599 7 5602 22 1959 82 9075 26 236 13 5506 73 9749 19
2356 6 1580 73 6956 61 1368 48 6338 62 2479 61 1630 50
2357 4 943 63 7421 63 3776 14 7961 94
2358 3 864 96 1607 87 4540 16
2359 4 443 3 4734 27 9233 16 1660 98
2360 3 2350 60 3378 59 4514 90
2361 6 1982 14 2404 40 8404 15 2579 32 1720 5 9968 95
2362 5 1762 86 4768 98 9167 90 8341 81 2886 98
2363 8 194 19 5499 5 5709 52 6196 16 6994 37 5231 42 9749 93 9234 33
2364 7 1140 97 2563 70 6543 95 4102 34 6146 70 7873 49 5747 93
2365 4 1951 62 3372 93 6820 40 2378 10
2366 6 1898 25 2979 10 5356 100 5467 93 8767 100 8934 28
2367 3 1255 19 2716 51 4998 24
2368 6 1091 61 3098 50 4690 85 7625 91 7007 43 9600 95
2369 3 1520 83 3486 15 1944 4
2370 5 1767 65 5529 19 5622 66 5330 32 7176 8
2371 6 887 36 2536 67 3877 13 5032 86 6297 42 7948 40
2372 5 841 63 8192 91 9889 18 2919 26 4780 22
2373 2 2281 26 8906 13
2374 7 891 12 4193 57 2082 40 6892 28 1424 10 884 8 753 66
2375 8 1508 18 2527 7 2699 28 7836 72 7734 99 4689 13 121 62 4021 90
2376 1 195 19
2377 7 1337 14 4148 56 4188 40 2754 47 3193 7 4450 10 6679 44
2378 8 581 5 3411 79 6620 14 5222 70 1672 78 747 87 9644 58 2365 10
2379 4 964 45 9701 96 381 84 1339 13
2380 3 1056 7 3589 68 5029 37
2381 4 1186 24 2519 20 2874 61 4906 64
2382 6 1242 7 6000 85 5212 60 6443 92 4688 28 6751 71
2383 5 556 82 5544 27 2026 3 1481 13 732 1
2384 7 182 95 8076 52 6891 33 8653 51 4433 67 4985 83 1802 6
2385 5 2138 85 2888 67 9571 33 389 100 5516 92
2386 5 333 11 2769 96 5042 41 9501 3 7319 7
2387 4 133 28 5129 76 8475 52 3794 39
2388 3 1752 38 2406 52 4800 100
2389 12 2032 48 2438 34 3286 46 3553 31 3646 65 4104 85 5019 66 4748 98 258 52 3903 77 2602 88 2939 18
2390 9 685 11 3625 90 8055 19 8296 19 5487 99 1807 31 7981 48 7055 58 5508 7
2391 9 1211 99 2520 45 3237 60 8056 82 9220 63 3281 82 5358 65 397 52 1957 78
2392 4 868 59 2707 75 8503 42 4383 19
2393 9 1556 11 8234 36 9941 87 6985 30 7434 15 1491 45 6257 56 1937 80 1303 33
2394 2 430 48 3483 78
2395 7 1487 24 3032 75 4626 12 5507 42 8865 39 1650 44 2138 83
2396 10 1767 84 5073 11 6925 89 1465 6 8539 70 880 62 1460 95 3521 89 2241 71 9413 72
2397 9 1554 24 5464 94 7334 38 7546 35 1359 9 7153 46 9513 82 9883 18 4982 59
2398 5 233 34 5879 100 9537 4 8722 2 6484 68
2399 4 207 4 4460 45 1881 25 9922 97
2400 2 1034 12 1612 46
2401 7 1267 86 2738 100 3311 59 9137 47 4800 7 6825 44 8584 91
2402 6 1054 29 4121 18 9525 17 4315 34 7112 12 8163 76
2403 5 1631 4 6579 20 8888 45 9210 7 6114 75
2404 7 2361 40 2435 69 2685 23 3958 94 6420 73 6480 3 9434 81
2405 8 2158 74 2667 32 5169 34 2268 78 5331 87 7547 100 568 76 3688 71
2406 4 2388 52 3893 26 7566 62 4101 61
2407 7 1049 5 2790 65 1517 4 4902 18 7223 56 8835 31 2280 42
2408 4 349 57 2740 97 4701 48 339 91
2409 3 2204 30 5261 15 5904 85
2410 2 832 14 8390 72
2411 8 593 18 6273 51 9841 48 4798 56 800 18 4943 35 229 64 179 22
2412 5 1251 11 3074 95 6763 96 5377 44 4692 80
2413 3 2348 35 5140 75 7386 34
2414 8 1161 26 2639 78 3694 18 4492 83 5096 71 5131 1 5021 53 6403 1
2415 5 885 21 7172 68 5022 40 188 11 758 36
2416 4 776 52 3315 90 5236 42 2799 29
2417 7 1636 50 8250 24 8776 4 9191 27 9782 40 6930 27 8008 49
2418 5 45 6 3562 56 232 7 8022 99 6802 2
2419 3 1795 50 3405 60 8854 52
2420 3 771 66 8554 6 8413 60
2421 9 449 84 3514 48 5764 10 6146 25 8048 25 2432 81 943 2 4658 75 9735 14
2422 11 1671 62 2543 39 4574 72 9998 66 6506 12 633 87 2165 36 7162 46 8228 69 9913 82 3940 60
2423 3 1371 9 4710 28 405 32
2424 3 880 61 6372 24 563 24
2425 4 746 23 7187 48 7531 96 6820 89
2426 8 774 72 3712 68 6767 74 4166 21 2025 64 3214 32 4124 99 448 64
2427 6 453 11 2765 17 5480 94 7549 52 6721 65 6855 33
2428 4 879 22 1243 90 7809 70 6740 61
2429 5 1868 49 8109 55 4801 11 2916 61 5876 82
2430 6 1116 18 4512 61 3645 33 1239 25 9730 58 6922 34
2431 4 1023 38 3448 92 7898 93 8627 20
2432 6 591 36 7154 66 734 57 2421 81 3944 22 6150 31
2433 6 823 70 8911 58 9860 73 2721 20 5839 94 7100 30
2434 6 1827 80 7640 85 7749 86 8592 37 6635 95 8409 85
2435 5 2404 69 5590 57 5566 100 3910 74 7392 85
2436 14 697 47 3410 15 3812 84 7066 54 5488 81 9945 83 3531 9 5086 60 4208 71 1308 84 5263 60 990 100 5591 14 3679 16
2437 6 1102 16 3918 41 7534 67 7667 5 5292 33 8143 1
2438 4 2389 34 6167 21 6595 42 3532 50
2439 2 348 88 5935 41
2440 7 1675 82 7551 5 2873 12 7432 33 4631 5 9097 81 4653 34
2441 5 929 92 3833 34 241 59 4197 50 1058 66
2442 9 1562 92 2655 75 3763 61 3846 3 4408 62 6298 32 1336 89 3613 38 1691 60
2443 6 217 71 366 35 8661 70 2675 32 2801 31 526 74
2444 4 1559 39 2727 23 5492 36 7959 65
2445 2 208 64 3305 30
2446 3 5 95 3801 91 6368 52
2447 5 1938 45 7788 55 5473 28 7775 19 1165 86
2448 9 225 28 4557 37 9763 1 6349 55 2745 64 8842 73 2072 98 6187 15 1746 64
2449 6 1182 10 7784 42 9153 70 2156 78 9252 57 474 10
2450 8 1925 6 8648 92 3805 7 7608 89 3910 70 2206 24 3181 31 3885 83
2451 3 914 92 4141 64 3460 64
2452 4 1703 18 3758 33 3962 85 9735 73
2453 7 1188 30 5981 18 7771 76 2041 25 6185 91 786 76 2769 11
2454 9 2175 85 2763 10 3641 10 5080 51 9908 2 9009 41 5469 82 1838 60 1977 50
2455 4 2180 96 3591 19 8826 94 974 76
2456 4 770 16 292 23 3187 68 7651 86
2457 5 1516 45 3168 23 5502 91 9057 64 1007 90
2458 4 620 62 5132 21 4036 53 2341 19
2459 7 869 33 2853 12 6257 50 7540 77 6160 46 9394 40 6001 90
2460 1 254 99
2461 5 1770 23 9046 30 8147 5 2608 11 6413 90
2462 3 1325 87 5972 33 7485 44
2463 6 2231 32 3622 99 5071 66 8601 8 8396 27 5167 51
2464 1 148 45
2465 4 1723 41 2933 74 3692 8 2133 84
2466 5 1936 71 2860 10 9690 27 3603 47 4268 28
2467 3 1517 55 3016 22 761 78
2468 3 1964 39 3160 41 4221 47
2469 6 133 4 5836 75 8342 6 3443 47 5764 8 3040 94
2470 4 21 10 9229 10 1271 57 7898 15
2471 6 2326 52 3551 67 6734 63 5575 13 7563 94 7618 96
2472 7 2346 76 2892 51 4359 32 4337 6 2940 48 9796 90 8237 31
2473 4 2265 45 3867 65 2720 89 9471 16
2474 3 1021 29 9279 16 7011 35
2475 6 1976 37 3619 56 4694 78 6496 86 1289 76 9913 7
2476 5 685 25 3025 68 1865 92 9338 82 3992 27
2477 7 867 76 2800 36 3715 97 5944 57 5958 36 6633 46 3443 49
2478 2 5 94 1140 11
2479 11 1673 73 3070 18 8011 8 9884 26 4257 41 734 60 6799 36 6688 3 2356 61 3172 64 4286 27
2480 7 1552 85 5007 27 6313 12 704 87 8167 92 7933 60 4780 45
2481 9 1263 81 2759 8 3780 8 4194 100 9677 36 1374 51 1176 90 2795 28 7744 6
2482 2 967 90 1282 42
2483 7 228 20 3856 7 5794 94 8261 58 6701 81 1481 42 9601 76
2484 4 1871 10 3144 57 9438 88 2672 92
2485 2 1410 6 5820 69
2486 5 440 6 5187 59 7633 24 4661 90 8363 94
2487 6 473 51 4517 99 7032 79 9103 16 7953 36 3479 83
2488 5 2196 29 6818 79 7281 5 523 37 8356 19
2489 2 824 51 5537 78
2490 7 2101 52 2570 44 5440 97 9571 30 5240 83 1412 49 1755 70
2491 3 2016 15 5813 17 5764 56
2492 5 344 59 5213 17 6657 98 2865 17 4984 20
2493 7 185 97 2745 33 3932 89 5624 2 122 51 7985 88 5419 49
2494 7 1268 26 4663 3 4861 58 426 90 1786 97 8992 20 8755 80
2495 6 2309 63 9357 10 3429 89 2 16 6288 19 9180 39
2496 7 1230 27 9323 87 2140 33 5735 61 7227 75 7102 75 6524 42
2497 4 2298 83 8258 96 8562 42 2012 21
2498 12 1373 20 5016 97 6949 93 2306 60 6987 28 4936 55 6668 16 590 33 4033 6 7878 20 2964 26 4326 27
2499 5 759 62 4979 51 9234 88 5539 36 1363 70
2500 8 266 44 6219 18 6942 47 7028 97 7998 41 5364 53 5083 22 7121 14
2501 7 620 48 2534 7 9878 30 3658 81 5586 76 4816 26 9772 1
2502 7 269 92 4788 100 7313 20 6958 30 5996 27 6664 42 9180 47
2503 3 1059 13 4195 75 9028 22
2504 6 529 82 5613 60 9085 93 9908 94 9804 69 7492 36
2505 2 1414 3 8080 76
2506 4 27 33 1611 23 6541 25 2788 1
2507 6 1755 56 4786 14 6138 1 9161 68 8492 29 3811 82
2508 9 1336 25 3447 98 4062 95 4619 60 8246 34 9080 72 5375 20 5354 66 2677 83
2509 7 1051 54 2541 73 6795 20 8810 36 653 40 7437 42 3742 62
2510 8 297 74 1243 84 1088 95 5330 36 3618 61 7570 25 7508 64 568 92
2511 5 1618 91 3581 20 9623 84 1678 82 3177 96
2512 5 1339 68 7638 48 3751 86 9111 73 7426 28
2513 5 1275 36 3071 11 3598 72 1561 57 3794 44
2514 8 1385 47 2678 76 5024 70 7090 49 3665 48 4341 33 5318 52 7400 66
2515 6 2089 12 6045 3 6152 56 7332 16 418 97 7524 18
2516 4 385 41 4424 37 7527 18 8939 69
2517 8 408 26 6378 49 8168 86 8355 21 2216 98 4133 57 4844 57 9230 89
2518 5 236 87 3476 91 5076 2 4182 89 4638 14
2519 3 2381 20 5163 37 2160 31
2520 8 2391 45 3350 84 4877 68 6444 37 961 15 3087 76 8081 79 3192 99
2521 4 2234 58 4703 85 2965 22 8910 66
2522 4 117 22 2960 84 4506 6 5493 8
2523 6 2108 60 3776 78 3836 20 5861 41 4642 75 1376 76
2524 5 1279 48 3119 56 7507 14 2740 91 1486 76
2525 5 1054 19 3155 36 8548 14 894 24 5581 95
2526 3 1079 80 5940 58 6019 49
2527 9 2375 7 3150 67 4231 96 6354 84 5222 48 672 66 8211 12 1184 7 126 30
2528 6 1105 69 2233 31 8705 37 6980 2 9511 15 7589 46
2529 8 2207 50 3056 64 4454 77 5252 67 4086 96 8292 7 2193 3 7846 78
2530 8 597 34 6120 83 7540 97 4611 76 9998 13 5772 96 9460 74 9298 79
2531 4 5 84 2862 60 7496 83 833 57
2532 3 1585 64 7460 5 8957 61
2533 8 315 12 2548 91 8038 65 58 84 9182 14 3272 47 5971 33 4754 77
2534 6 2501 7 3015 68 504 37 8593 92 4926 64 2151 3
2535 4 64 8 7993 31 8373 94 3934 75
2536 2 2371 67 7229 100
2537 4 286 36 2928 55 3444 58 5914 33
2538 7 1207 84 3226 11 3760 99 6700 13 2186 6 8144 98 4291 30
2539 6 2014 99 2839 16 4837 54 5849 8 7045 16 5513 8
2540 9 2079 45 9809 41 1496 39 2875 2 3101 20 1209 34 5314 34 1825 65 7560 77
2541 8 2509 73 3656 8 4664 90 6332 18 3751 13 635 56 6976 9 884 56
2542 9 115 8 8300 24 3619 43 7019 94 7802 25 9197 98 5689 66 4694 20 4302 51
2543 7 2422 39 3239 22 4325 92 4772 44 9748 94 7223 99 8272 74
2544 3 753 23 8276 11 1991 63
2545 6 213 39 3991 89 2337 98 3281 79 5610 20 3512 1
2546 4 1555 53 4675 97 6971 58 4051 94
2547 5 1338 83 9378 79 1669 92 1266 51 3188 99
2548 6 2533 91 4409 1 4518 13 4383 54 9637 56 6618 12
2549 5 1140 63 2751 95 170 88 4521 52 9569 42
2550 6 1031 14 3097 46 8934 88 604 78 701 41 8296 24
2551 5 249 94 4576 32 8598 58 9241 21 8939 38
2552 7 28 16 3285 17 8811 79 3722 80 2575 47 9681 68 1010 20
2553 7 532 56 5680 33 6392 77 8686 88 2931 56 8433 12 5996 85
2554 2 1242 32 1173 46
2555 8 670 14 2786 34 3714 43 4490 12 1726 3 5989 59 806 63 1151 45
2556 3 654 22 1538 48 8368 47
2557 6 33 95 6821 27 7522 50 7914 18 5942 11 7306 60
2558 4 104 47 6428 80 7622 98 6526 32
2559 3 706 2 3072 83 2317 25
2560 3 2006 85 6691 27 5794 76
2561 6 2078 28 6734 39 792 81 5321 55 7438 85 6071 92
2562 3 313 4 851 80 9231 22
2563 4 2364 70 7474 14 6208 76 6499 27
2564 5 521 35 1152 29 7469 19 5374 93 3756 24
2565 4 1006 25 2907 3 2773 27 7520 41
2566 6 115 28 3027 67 6611 28 8191 4 9523 52 1522 50
2567 6 1938 17 4128 11 169 12 7076 2 2967 59 24 18
2568 7 561 37 7140 1 7352 65 8940 36 8892 12 3561 75 2258 74
2569 9 1775 68 3163 86 8432 16 6749 6 5626 32 7 5 8742 23 2314 52 3130 61
2570 5 2490 44 2845 91 5643 25 7929 69 6284 11
2571 2 993 89 9715 35
2572 5 2311 68 3152 15 9737 59 5874 50 5158 32
2573 7 606 80 4038 59 4405 66 6502 77 1555 51 1256 62 8991 40
2574 3 1418 93 5303 54 766 82
2575 4 2289 93 4819 40 6370 29 2552 47
2576 7 1841 52 3652 17 4681 81 5722 53 8023 96 510 5 7745 43
2577 4 1724 57 1705 50 4786 37 5031 87
2578 5 211 86 9667 14 5793 54 4611 19 2880 13
2579 7 2002 57 4109 66 5898 51 2361 32 5379 19 3533 44 5427 90
2580 7 2000 22 8961 33 8522 5 3909 81 7467 73 9038 90 5259 96
2581 4 76 52 3507 28 5405 66 9565 45
2582 8 767 86 4028 95 1378 7 9679 91 634 69 1487 17 6537 62 4656 77
2583 2 2056 66 6027 9
2584 7 1474 84 4497 65 8485 8 8666 98 6526 83 1175 93 6352 20
2585 8 1746 72 4249 16 5865 5 9528 47 6946 20 8907 58 5071 1 1579 17
2586 5 1184 95 3218 34 7776 26 8535 68 196 57
2587 8 325 41 3643 23 6188 69 6290 82 8386 31 8063 17 7715 81 982 95
2588 4 254 11 5011 19 385 40 5194 96
2589 4 543 25 8593 86 5085 99 7592 48
2590 2 2222 30 4245 59
2591 11 2018 78 2922 49 3005 2 3166 19 7385 41 7298 62 7377 81 892 45 7272 88 3988 30 6875 31
2592 6 1149 62 4852 11 6873 49 731 94 767 41 6837 10
2593 4 1967 66 3458 82 9812 92 1173 100
2594 7 88 80 3941 13 6401 54 8936 30 9490 13 565 17 7478 85
2595 5 1791 88 5954 80 1082 65 948 25 4394 11
2596 7 1827 22 3283 14 7877 76 6289 5 2715 7 7757 41 7341 77
2597 4 708 33 9461 9 9710 4 3536 41
2598 5 699 87 8115 39 8504 36 823 24 3879 85
2599 3 293 8 5663 58 1209 89
2600 5 2333 72 3797 46 2317 59 6941 61 318 63
2601 4 340 17 3051 9 5719 34 2213 63
2602 9 2292 96 3140 44 1350 36 5212 29 9074 70 9263 53 1865 86 2389 88 8179 33
2603 8 1397 34 4260 83 6382 89 7660 24 537 47 4540 4 360 52 8589 43
2604 8 1124 45 2813 1 2912 17 3602 69 4873 21 8469 33 501 85 4767 41
2605 2 914 76 3733 98
2606 3 1448 10 7419 50 54 42
2607 5 694 39 4729 22 9457 72 4555 67 1892 20
2608 6 418 22 9382 80 8525 16 6344 27 2461 11 1803 74
2609 5 89 30 2348 49 5529 91 6409 12 7162 44
2610 9 1800 94 3666 95 8059 84 8552 72 9503 38 2949 11 3194 60 2657 46 9855 64
2611 5 62 10 7957 75 988 14 1827 15 147 81
2612 2 1704 21 5622 54
2613 3 247 69 2919 87 8246 49
2614 5 1912 10 6737 90 7727 55 9692 55 9079 62
2615 5 1218 46 4226 19 1380 95 4553 95 2974 85
2616 7 1964 26 5435 66 3290 30 5113 13 5042 21 4484 41 2791 92
2617 4 1830 24 5089 88 6295 42 5752 41
2618 3 865 77 5479 3 9369 53
2619 3 876 70 6381 10 4283 91
2620 6 712 14 3197 88 5848 35 6919 28 7105 20 6618 30
2621 7 1721 55 7708 54 797 52 4416 100 5814 60 1180 60 6596 33
2622 6 1610 2 5887 37 1649 20 4013 69 8492 88 5209 17
2623 3 382 94 7631 2 7327 72
2624 5 1889 71 3001 71 3230 79 9323 16 6015 65
2625 4 2293 49 6211 55 4669 7 4131 26
2626 11 628 61 3909 48 5998 84 8119 2 8533 52 7860 47 1531 13 4640 69 6462 80 6441 65 2744 65
2627 10 2253 38 3434 60 3444 40 6771 64 6653 26 647 83 6090 65 3446 86 8867 70 3584 100
2628 7 581 76 6737 96 4292 24 6108 38 9149 62 5644 8 3280 19
2629 3 892 45 4367 45 4311 6
2630 5 506 93 5676 90 4860 80 1584 14 7758 83
2631 4 1137 29 8468 71 7368 56 7963 55
2632 5 619 16 7461 89 3729 20 599 62 4260 50
2633 1 1526 50
2634 9 254 12 4465 96 6818 62 5502 81 8449 70 4618 10 5816 51 8321 13 2234 43
2635 3 884 62 7816 45 6416 36
2636 6 1048 58 3790 75 4456 26 9648 38 6318 10 1068 78
2637 6 1393 20 3672 100 4581 62 7464 9 7506 87 3392 83
2638 3 1157 31 3047 2 6025 56
2639 8 2414 78 4450 22 4922 45 5178 84 4729 74 9060 94 7377 41 6228 25
2640 6 661 95 4354 84 9598 44 8587 25 4931 99 1581 99
2641 6 1649 22 4990 45 7127 74 8146 40 1137 64 9711 56
2642 1 1808 24
2643 6 2158 61 3043 29 3975 41 6581 48 7078 12 5990 7
2644 6 1278 37 3847 91 5823 60 7794 90 7381 48 433 44
2645 8 1207 60 5041 62 1625 59 8840 14 6999 94 6327 97 4966 60 3973 16
2646 4 2059 29 7231 20 8738 64 8888 94
2647 4 2166 80 2779 42 2868 43 6332 85
2648 7 1992 100 4173 28 6741 33 2086 2 9172 43 9739 55 865 45
2649 5 1225 25 2700 24 799 18 6960 49 7083 62
2650 7 1944 74 5839 83 5716 50 5247 13 5006 56 8757 50 6153 99
2651 3 2038 79 2694 73 8599 39
2652 4 1509 80 2681 82 7179 11 5 95
2653 3 468 22 8364 64 2932 8
2654 6 2302 83 2819 63 3384 14 4472 30 9729 43 6785 50
2655 2 2442 75 4777 77
2656 7 1935 97 5144 13 5234 82 1931 63 226 69 3045 66 6065 73
2657 8 1786 12 4269 6 5265 37 2610 46 662 69 3330 55 5065 1 104 51
2658 4 2128 62 4049 62 5310 23 5914 43
2659 5 894 86 4122 56 7695 19 2955 47 889 75
2660 4 1525 23 7661 85 4628 87 610 52
2661 7 922 45 3547 79 7242 89 6598 56 146 27 7891 37 7588 43
2662 6 1095 62 8070 100 6462 29 4090 82 8379 99 621 4
2663 5 1229 35 3111 1 7887 54 1796 4 5205 59
2664 3 782 31 6588 24 7186 62
2665 9 273 76 3645 73 9570 30 1297 37 4709 54 8613 86 3723 48 554 68 7609 36
2666 5 1034 59 5481 5 9616 62 5856 80 1243 55
2667 5 2405 32 7423 1 9015 96 6898 88 9990 3
2668 8 1407 56 5956 39 4311 95 8982 37 5983 33 4489 26 48 63 8028 41
2669 5 452 29 2969 25 2981 13 3344 35 4352 80
2670 4 956 100 6769 81 9981 48 1094 26
2671 5 315 60 6838 62 8656 11 1115 60 1342 21
2672 6 814 45 5753 34 2484 92 8219 52 7091 49 8750 17
2673 8 2330 93 3079 62 3164 40 4794 14 8383 100 5110 31 9642 83 598 24
2674 4 1916 19 2816 63 5075 74 6796 16
2675 4 110 76 3222 87 2443 32 9614 94
2676 4 1635 92 5608 56 117 8 3718 13
2677 9 1577 15 4394 80 6437 74 4667 73 1694 62 240 70 2508 83 6670 49 2053 86
2678 4 2514 76 8773 6 395 70 1693 82
2679 4 64 2 6702 52 8143 67 5778 25
2680 5 1577 37 8716 16 3748 4 959 94 9009 98
2681 8 2652 82 9949 37 6424 53 5316 97 8282 95 3300 90 2844 65 8946 6
2682 8 598 71 4912 46 5017 83 7622 7 7829 20 1155 74 8310 71 5070 6
2683 5 14 92 2713 56 3500 64 1360 90 3195 72
2684 6 480 39 3793 36 4868 8 6597 93 779 48 8978 40
2685 5 2404 23 4949 29 1092 93 1175 28 799 94
2686 8 721 93 2817 81 5985 54 6398 76 7134 40 4282 84 7775 50 480 42
2687 5 1578 69 2901 90 7666 65 4008 42 8194 33
2688 2 733 15 1581 92
2689 3 484 5 7609 21 5041 79
2690 3 33 27 2905 15 6280 45
2691 3 2005 32 9261 89 2133 55
2692 7 60 62 5392 1 9784 26 2828 11 2095 31 898 67 586 3
2693 6 463 71 4041 7 6348 71 9602 10 1416 33 6332 1
2694 7 807 41 3123 89 2651 73 4284 40 3040 66 4379 8 6456 16
2695 6 877 60 2739 45 1707 21 1360 75 1363 25 383 22
2696 5 938 62 8258 50 9019 6 7599 79 8486 82
2697 3 1543 71 7829 67 1350 76
2698 4 1248 43 7533 30 4293 55 2943 28
2699 6 2375 28 4137 93 5782 64 7634 31 7661 54 5098 69
2700 7 2649 24 4347 25 6932 26 8057 25 2335 7 1812 93 7842 65
2701 2 1568 27 3534 69
2702 6 1714 4 3058 28 5621 80 5959 59 4254 84 7917 87
2703 9 1595 65 2847 44 4153 37 2230 11 8852 79 1166 98 3586 18 3228 68 5082 80
2704 6 1625 16 9535 12 2172 82 9855 73 1528 61 3265 72
2705 3 801 71 4656 52 4791 71
2706 5 205 21 5068 82 7239 26 5359 89 9483 48
2707 8 2392 75 3558 93 8307 78 8636 83 9282 21 7224 26 6797 89 8303 47
2708 6 1028 6 3851 20 9176 81 5748 96 856 17 3495 15
2709 5 1759 93 4554 9 9994 44 8913 48 804 16
2710 6 1574 55 8472 29 1405 43 1587 26 9280 98 5087 6
2711 4 1838 61 8467 95 5855 88 5095 62
2712 4 366 67 7542 59 5218 73 3457 16
2713 8 2683 56 3735 6 7276 100 3911 3 5364 73 6370 27 3481 71 8437 89
2714 3 1499 46 6453 48 2913 1
2715 3 1321 9 439 4 2596 7
2716 6 2367 51 3926 27 7085 71 8975 35 3606 3 8815 12
2717 8 2060 63 4571 100 7734 26 1777 4 9310 76 8484 42 9805 4 2314 98
2718 5 494 24 6192 64 6973 24 5273 88 6159 62
2719 4 500 15 8870 40 3228 64 3942 77
2720 5 1695 8 5063 2 1697 8 2473 89 9788 53
2721 2 989 86 2433 20
2722 3 1742 53 5743 19 4969 3
2723 3 355 64 992 6 945 8
2724 7 221 51 5762 90 8498 79 8411 52 4185 28 157 76 3063 28
2725 4 1334 47 4155 92 4545 37 7604 3
2726 7 212 34 6994 83 8204 100 8569 26 9162 11 8919 63 5742 91
2727 6 2444 23 2791 33 6409 28 758 95 8893 16 6835 1
2728 4 2156 85 2229 23 4603 76 5744 39
2729 4 1983 34 3816 12 6810 2 478 5
2730 5 1400 59 3360 37 8551 2 607 1 3351 74
2731 6 536 87 3784 55 8448 100 9982 61 425 60 2026 73
2732 6 954 51 3078 71 8519 63 6100 24 3823 14 7646 79
2733 4 1515 68 3660 6 8773 23 7612 76
2734 3 410 77 4672 14 1583 58
2735 5 1876 39 3373 27 6697 61 5467 82 4775 21
2736 6 2162 47 3130 6 6061 80 6499 41 6398 11 8288 10
2737 5 2159 63 8573 54 8332 61 9912 11 6310 3
2738 4 2401 100 4710 100 4481 41 9967 6
2739 5 2695 45 3455 4 4140 34 702 10 1988 92
2740 8 2408 97 3380 83 5550 27 6035 25 6390 29 8971 66 2524 91 7189 39
2741 2 1373 91 6974 66
2742 9 289 84 2868 62 7359 32 629 52 3786 79 3968 74 9853 53 1894 47 3566 54
2743 6 764 23 4018 45 4329 21 7498 76 1865 75 8933 38
2744 7 935 100 3209 11 8429 40 7106 35 7806 39 9760 30 2626 65
2745 5 2493 33 314 90 7229 32 2448 64 4807 63
2746 7 804 5 4177 1 4726 24 7932 85 4724 97 2113 21 4330 31
2747 1 1950 68
2748 2 2100 69 4158 14
2749 5 29 38 2965 2 3054 60 5412 71 4101 98
2750 5 2314 12 4609 44 6003 67 3956 85 7055 94
2751 4 2549 95 5705 77 5801 36 4994 97
2752 6 1113 38 5106 64 4822 96 7020 16 4158 80 5731 64
2753 5 1468 43 6076 40 6266 14 7472 43 2867 79
2754 3 223 26 2865 1 2377 47
2755 6 1231 28 4905 38 5299 41 8982 63 1819 9 8560 69
2756 6 1908 80 4797 36 5249 28 8538 23 8669 64 9229 62
2757 5 279 81 7983 81 8767 55 5484 64 6725 43
2758 5 1030 81 8010 25 2126 33 7417 60 531 83
2759 3 2481 8 4052 31 975 41
2760 5 847 88 5690 92 5845 82 1637 94 3930 99
2761 8 158 81 2769 75 2963 1 3024 70 8669 37 9651 26 6832 59 9563 98
2762 6 895 24 2835 50 3416 37 5220 71 6264 90 8598 46
2763 6 2454 10 3065 100 1601 9 7291 23 499 16 8991 94
2764 3 391 84 3257 47 1550 67
2765 5 2427 17 5571 62 6497 75 5731 31 2031 15
2766 3 1404 17 1618 8 5047 34
2767 3 1226 62 3995 63 1646 71
2768 4 252 38 3208 86 3229 93 6666 20
2769 7 2761 75 9595 68 2386 96 8656 52 3364 12 2453 11 3453 85
2770 11 1968 23 3663 51 4301 30 5607 57 6890 57 8383 87 6012 31 9923 28 1899 72 4809 82 8967 47
2771 6 592 17 3521 13 6947 33 5976 42 8526 44 9600 1
2772 7 1127 27 3331 28 4612 57 5064 59 5167 84 6134 33 1795 67
2773 7 396 84 4878 38 6242 30 2834 15 2565 27 1476 58 3103 38
2774 6 1035 90 4980 50 3955 22 7631 85 5617 24 547 75
2775 4 335 41 1049 77 4569 55 780 89
2776 8 1318 33 4474 29 5740 29 2882 11 3056 26 1279 32 2174 43 6734 68
2777 3 684 41 1957 51 682 79
2778 6 2114 42 3252 30 3657 97 5636 88 7857 39 4055 24
2779 3 2647 42 203 28 5394 92
2780 13 444 97 4560 41 5035 74 6906 77 7094 66 7718 32 5360 91 5214 13 1153 16 7177 17 2354 47 6183 37 144 71
2781 3 148 64 4892 97 3488 67
2782 3 138 55 3566 55 9172 11
2783 4 299 33 6099 86 5880 67 241 99
2784 3 971 94 9607 25 4762 41
2785 3 2282 69 2891 2 6279 91
2786 3 2555 34 7179 27 2050 10
2787 2 798 46 7896 59
2788 8 1621 72 7055 10 9369 9 4680 44 6540 100 2506 1 1200 43 7216 82
2789 5 1138 47 3300 51 9917 15 8028 19 4469 99
2790 5 2407 65 7539 9 8183 26 2957 58 702 11
2791 7 2727 33 7516 20 5572 6 6676 28 6200 11 5331 16 2616 92
2792 4 1349 43 3821 77 8294 4 3631 98
2793 4 2009 94 1271 90 7153 83 9100 83
2794 5 322 72 9932 4 5071 73 8830 6 5544 29
2795 5 519 10 7382 93 4295 40 2481 28 525 86
2796 6 1039 64 8627 46 9375 14 4574 6 8126 61 6916 67
2797 6 1961 22 3964 57 4597 30 5971 69 7993 82 623 96
2798 2 1754 9 5124 83
2799 6 1445 82 3687 6 4217 29 1711 15 6757 72 2416 29
2800 3 2477 36 5099 32 9017 1
2801 3 2260 55 9669 38 2443 31
2802 3 936 83 2270 78 6919 63
2803 4 504 50 358 9 3116 22 4018 46
2804 7 1293 78 3114 25 4925 46 4968 10 810 31 1583 74 386 91
2805 5 1443 3 4389 23 5577 39 7270 50 9578 73
2806 7 754 40 6079 23 7827 5 1944 64 4687 19 3302 84 927 11
2807 6 513 79 6155 18 6529 60 8586 33 3329 24 6176 28
2808 10 547 94 3334 67 3516 31 4145 39 5030 42 5783 89 9592 8 6899 71 3935 12 5988 86
2809 5 501 62 4332 40 5756 15 7601 42 4705 18
2810 4 995 46 6625 49 2835 16 9712 98
2811 3 1687 17 7067 12 9985 24
2812 3 135 36 4254 28 3476 56
2813 6 2604 1 4268 85 5633 80 5900 68 1591 21 8778 36
2814 5 13 26 8245 43 3149 86 583 27 3347 21
2815 7 1635 6 5043 30 7795 74 5870 5 3040 24 4518 43 1161 18
2816 3 2674 63 9159 65 6630 70
2817 10 2686 81 3429 18 3903 10 9732 62 8680 16 1815 63 6576 19 7517 27 106 31 445 74
2818 3 826 61 8751 91 6868 34
2819 6 2064 98 7102 24 8437 96 2654 63 1091 8 9192 56
2820 4 906 55 3716 22 1026 32 9499 10
2821 3 1339 72 8634 21 7257 64
2822 1 1346 5
2823 8 115 22 5543 54 2158 47 3901 38 1366 52 781 68 4399 62 7501 66
2824 6 2210 21 4883 71 7797 30 5364 53 3103 84 9145 43
2825 5 432 92 4377 43 7328 64 4303 63 7521 73
2826 5 1498 51 7377 62 2965 88 9252 38 5092 49
2827 7 1688 40 6203 71 7620 19 9645 100 5149 33 8273 77 9181 95
2828 4 802 20 6835 8 4139 65 2692 11
2829 5 1094 78 7109 39 7238 8 7888 31 3025 39
2830 5 509 42 3004 35 8027 40 1324 36 4034 16
2831 2 1146 26 4718 27
2832 3 1758 50 4000 2 8806 74
2833 3 1312 16 9031 67 3777 85
2834 2 1557 48 2773 15
2835 5 2762 50 3339 83 2810 16 4643 32 3454 45
2836 3 477 8 9689 95 8103 53
2837 5 2224 48 6622 96 232 77 6967 31 2097 95
2838 7 219 93 3368 10 7120 76 9442 28 4860 80 948 48 4408 29
2839 4 2539 16 1436 81 7182 84 8 75
2840 5 2025 54 8864 10 2168 26 941 37 3358 32
2841 4 828 19 5520 44 8570 37 5289 91
2842 5 1971 4 3240 46 3263 96 7332 19 6283 46
2843 6 1675 42 6125 81 7619 73 3019 66 2888 75 5401 30
2844 5 135 47 5924 11 9892 16 7737 25 2681 65
2845 7 2570 91 9383 80 395 52 8198 90 4340 5 7876 74 1013 22
2846 5 1042 92 9302 3 984 25 3831 60 703 3
2847 2 2703 44 4369 33
2848 7 760 4 3513 99 4051 65 4489 12 7950 88 108 48 3553 63
2849 3 183 72 1205 34 96 38
2850 6 1717 76 4341 87 778 37 9569 69 5467 96 6612 7
2851 2 1142 67 3372 21
2852 5 775 38 4652 83 8575 64 9623 27 6729 84
2853 5 2459 12 4307 58 3250 6 1769 8 6709 14
2854 4 496 53 7792 13 4505 13 8304 13
2855 4 2005 11 4668 41 1475 100 6735 3
2856 7 909 68 4994 80 702 86 9621 85 754 70 9637 88 9217 25
2857 4 612 64 7470 29 4653 79 9805 6
2858 5 132 46 6891 52 8080 38 8532 32 4436 90
2859 3 966 65 8148 41 4925 73
2860 6 2466 10 3404 49 3539 44 1459 98 5219 12 431 99
2861 5 339 70 3517 41 4436 81 9241 8 9267 14
2862 6 2531 60 7894 10 8063 12 1364 2 8702 20 8211 14
2863 6 1642 70 4410 27 5683 75 1373 88 6867 96 8117 89
2864 10 253 58 4277 48 9138 64 3114 40 841 43 1910 17 2122 19 196 76 8338 11 749 60
2865 4 2754 1 1199 87 2492 17 4185 36
2866 5 1624 14 6351 7 6893 74 8868 10 1058 91
2867 10 880 73 3397 22 4719 11 5609 30 8927 60 2753 79 2958 53 4307 14 9460 13 1184 3
2868 7 2742 62 4227 30 5316 27 2647 43 1828 32 1247 89 494 37
2869 2 1563 92 6918 64
2870 5 166 14 3356 25 7450 11 4991 93 7289 47
2871 4 259 73 5810 86 9818 92 3449 47
2872 5 2168 30 7682 100 9334 70 6230 94 4077 75
2873 6 2141 86 6422 81 8101 85 3526 13 2440 12 5855 48
2874 6 2381 61 6797 80 1954 79 9136 75 8756 57 5747 8
2875 6 103 88 3081 96 8065 5 3854 89 2540 2 8550 75
2876 6 315 53 6980 98 8866 43 7759 65 9695 77 7492 62
2877 3 1283 72 4472 67 793 88
2878 4 179 77 5395 86 6142 53 7087 1
2879 3 564 75 9703 28 1929 46
2880 7 165 10 3696 23 2279 38 4435 67 2578 13 6714 68 8515 52
2881 6 1231 25 3324 84 4682 89 8607 60 6158 45 9363 77
2882 3 1070 31 2776 11 3043 49
2883 4 2267 35 9927 7 6248 54 9049 96
2884 8 424 77 4687 34 5675 8 4950 87 3566 23 7463 96 5209 54 9949 80
2885 5 1616 68 3426 90 8274 11 1225 16 1909 83
2886 4 1061 4 4433 8 9578 52 2362 98
2887 3 716 72 3835 41 894 53
2888 5 2385 67 6084 10 9152 96 4649 24 2843 75
2889 3 2158 27 950 2 4013 3
2890 6 1383 81 3389 7 8323 99 4550 25 1991 22 3756 17
2891 3 2785 2 6739 25 2067 70
2892 3 2472 51 1666 70 9263 21
2893 5 603 30 5084 50 5212 83 5912 95 7327 73
2894 7 1963 96 9731 4 7862 41 9369 59 7388 46 6660 70 7558 69
2895 7 1399 65 3935 81 6093 72 8985 7 846 54 2967 15 1861 74
2896 5 1046 50 5834 85 4155 54 3682 73 6125 62
2897 9 2279 10 5449 20 8031 13 4409 27 9112 40 9218 62 4827 23 3369 49 3622 15
2898 5 2249 1 5033 97 755 45 8191 99 1755 43
2899 4 1369 75 4368 98 6749 28 761 98
2900 4 1920 66 3337 47 3443 57 6824 64
2901 9 2687 90 6288 62 9786 38 2353 12 7347 39 974 51 45 53 6640 5 8507 29
2902 4 672 6 3679 37 2342 36 461 61
2903 3 617 18 9289 14 6716 27
2904 4 1275 16 4238 15 5200 51 2283 65
2905 5 1576 21 1925 97 2245 80 2690 15 3584 42
2906 4 2299 47 7663 6 7903 67 331 11
2907 5 2565 3 7855 8 3719 7 4262 45 7259 68
2908 5 2126 22 4050 30 4902 96 4132 85 4026 39
2909 10 1477 57 9317 85 2346 36 5 72 7374 13 9117 72 9303 32 206 4 9230 4 3819 68
2910 3 755 23 2058 98 3457 65
2911 9 121 4 5179 93 6363 55 7533 9 6455 93 6382 91 8800 66 4229 45 1782 34
2912 4 2604 17 2275 19 6371 63 986 55
2913 7 1317 54 3279 61 8229 54 444 48 2714 1 8918 77 6725 6
2914 3 1632 83 3280 78 7338 90
2915 5 1785 10 3912 11 5407 88 9639 18 9869 71
2916 4 1908 32 7652 71 2429 61 5324 32
2917 2 1254 19 7530 42
2918 6 835 9 49 27 9408 94 9761 91 8891 59 7278 64
2919 4 2613 87 3829 78 4783 78 2372 26
2920 4 646 80 9404 67 1931 15 6705 10
2921 2 1236 66 3533 99
2922 7 2591 49 4733 53 8843 18 1612 31 9289 84 3310 1 8904 79
2923 3 684 43 3917 60 1963 94
2924 3 2 23 3535 93 9499 28
2925 4 1722 82 6085 62 6805 25 1809 13
2926 5 2351 64 2344 82 86 95 2330 82 3749 10
2927 6 2251 98 7871 5 9595 44 825 28 1331 11 5177 16
2928 5 2537 55 4532 18 4987 71 713 89 5594 48
2929 5 1032 72 2935 44 8671 21 8979 9 7706 98
2930 6 1306 76 3908 74 4444 12 7669 12 9419 6 7271 14
2931 5 2083 51 6353 32 9477 88 2553 56 6960 94
2932 6 2245 59 1195 82 2274 31 5249 75 2653 8 3869 35
2933 5 2465 74 5712 77 8065 58 3641 72 4327 31
2934 9 2295 4 4721 41 6898 90 6904 29 2183 12 4822 2 9407 75 1656 56 4847 35
2935 4 2929 44 1875 4 3359 86 7688 96
2936 5 2100 43 7450 61 8426 11 7043 46 6879 48
2937 3 2252 56 7273 25 7020 91
2938 3 605 81 1396 86 4933 10
2939 6 1872 33 4992 73 2200 39 5556 5 8588 35 2389 18
2940 6 726 54 6932 81 8494 95 478 72 2154 25 2472 48
2941 6 866 91 4096 35 971 65 5186 58 8638 73 4227 29
2942 6 231 7 5993 1 8614 86 5919 96 7529 63 3582 43
2943 10 375 50 2978 2 3375 5 6536 38 9270 58 4842 39 7090 85 8126 90 9328 45 2698 28
2944 3 514 91 8482 72 5357 72
2945 5 33 31 6987 10 5468 39 8540 92 3191 47
2946 6 489 21 4538 61 9374 17 2318 65 9218 11 4517 26
2947 3 1299 73 2950 7 8477 84
2948 4 1318 49 5238 2 6970 12 1985 25
2949 4 732 29 312 39 985 27 2610 11
2950 5 2947 7 5051 75 5416 78 1427 5 1407 49
2951 3 566 96 8707 4 7610 44
2952 7 710 97 4529 7 4548 23 5500 16 6135 69 8316 37 5792 42
2953 5 2347 22 4387 88 8540 19 8709 35 5983 51
2954 10 1275 85 3182 77 270 41 622 84 223 63 3211 30 6256 1 4808 5 7358 46 7895 20
2955 7 8 97 1187 32 2659 47 6365 33 7443 43 7536 84 8396 9
2956 5 2153 72 3272 17 1165 52 1602 39 7967 49
2957 5 938 44 2790 58 9908 31 7278 54 291 86
2958 3 2238 70 2867 53 9077 17
2959 5 1432 34 4743 19 5065 67 405 82 6624 80
2960 6 2522 84 4097 42 8759 34 8592 65 361 17 1184 93
2961 4 1260 43 4026 74 6471 95 4620 63
2962 7 1156 49 4774 41 6318 7 8962 71 8285 39 6897 21 4115 27
2963 4 2761 1 5163 72 7174 86 1117 98
2964 5 1151 61 6294 21 6515 8 9694 33 2498 26
2965 7 2749 2 6270 52 2826 88 2521 22 4391 24 3214 2 5199 91
2966 5 1662 40 940 28 3992 95 1938 58 4629 16
2967 7 1087 57 6675 81 8084 65 2895 15 2567 59 1683 23 4516 20
2968 6 2323 38 7301 66 7011 42 5333 42 3086 51 3807 16
2969 5 2669 25 4578 92 4836 32 5808 68 3607 93
2970 7 70 28 7862 23 8751 63 2319 43 7822 9 3135 32 9510 5
2971 8 1177 33 5328 83 7126 92 7173 79 754 29 3399 2 8115 18 4511 29
2972 3 19 34 7921 7 5425 90
2973 5 1782 100 3077 99 4557 58 8493 62 4509 79
2974 5 1447 100 4176 33 5184 57 9046 56 2615 85
2975 6 1286 90 7891 12 9524 59 7923 64 3107 66 7434 69
2976 9 2049 49 5281 73 5628 27 7296 46 4961 58 701 52 660 41 3968 22 4764 65
2977 2 948 43 9257 7
2978 7 2943 2 3340 24 768 90 4568 50 4328 61 7225 94 5344 48
2979 3 2366 10 7441 75 4755 62
2980 7 1035 37 4844 12 1560 77 1399 84 8695 62 4869 51 1840 42
2981 4 2669 13 5690 44 5341 32 3588 61
2982 7 1185 37 3505 25 3543 70 5525 66 3613 47 9831 34 3085 71
2983 2 214 87 2198 23
2984 5 447 11 6495 72 8833 5 4770 38 1271 63
2985 6 1312 69 8659 85 2226 10 8958 62 3201 27 9408 77
2986 4 420 55 4579 36 9475 84 9398 55
2987 8 1076 89 1364 97 128 33 2075 83 2005 19 755 98 3945 61 3171 11
2988 11 12 3 4333 29 8922 100 9767 15 3060 55 7551 85 845 46 3386 38 5596 16 1379 91 7025 76
2989 3 616 93 5107 2 6797 65
2990 4 1806 27 9040 75 3408 93 9037 62
2991 5 0 14 9063 63 8535 47 1278 67 528 30
2992 3 1858 38 3118 35 5991 89
2993 4 592 13 7598 45 9385 54 3585 22
2994 12 1627 17 5811 90 6614 45 9678 41 6207 75 1036 75 9337 76 9763 83 7047 29 4361 91 8999 6 1495 78
2995 7 1641 43 7229 51 7719 41 6710 96 7610 43 245 6 7324 90
2996 5 714 30 5215 39 5984 21 131 71 190 90
2997 5 2269 41 5846 2 3657 64 1308 96 5397 23
2998 9 1781 52 5375 55 8074 11 4885 61 4080 66 7611 49 4125 69 3611 36 6392 66
2999 9 573 84 3640 80 3991 93 5442 88 6552 46 7194 44 4237 71 1823 95 7633 10
3000 5 851 41 3121 54 8867 56 6084 23 6693 71
3001 8 2624 71 7775 42 8480 89 7785 91 6275 67 8949 73 631 34 572 99
3002 4 1139 63 8805 44 1512 60 3641 38
3003 6 2228 84 3216 35 4055 33 6677 81 2346 16 3953 67
3004 5 2830 35 4232 70 4498 32 8739 61 4907 52
3005 7 2591 2 3186 88 5838 19 7137 92 6422 98 6993 53 3637 30
3006 5 133 47 3011 21 3742 52 9744 87 5149 56
3007 8 1748 62 7885 17 9678 72 9292 94 456 46 7603 86 9555 1 1509 67
3008 8 1488 36 8529 37 1230 82 3903 27 7094 97 2180 84 3885 13 6275 34
3009 7 2210 38 3587 1 4192 4 5905 3 7203 19 8147 71 3530 78
3010 9 1421 96 3184 14 3987 83 5296 92 6564 69 4704 95 160 17 9430 64 9293 35
3011 3 3006 21 8273 62 8492 74
3012 4 346 59 768 87 3458 10 5547 40
3013 9 694 28 3019 38 4136 2 9803 53 9036 26 3818 8 6258 14 9219 70 7688 68
3014 5 540 11 3873 63 2027 23 9070 78 2113 34
3015 3 2534 68 3667 52 1805 57
3016 4 422 9 3125 45 2467 22 3333 10
3017 4 832 70 1399 86 3513 59 133 73
3018 4 577 32 3188 54 5812 17 3787 37
3019 4 3013 38 8033 66 2843 66 3902 28
3020 1 1517 69
3021 5 30 31 9604 93 5096 91 3338 17 3377 44
3022 6 304 85 8833 19 1620 10 1616 95 1024 24 1964 31
3023 4 118 44 4156 48 9851 24 9046 76
3024 8 2761 70 8607 11 3130 41 431 20 6535 96 7980 42 4725 19 1828 40
3025 5 2476 68 4755 99 3314 10 2829 39 4211 92
3026 10 1241 91 3388 62 4467 2 5642 39 6732 69 9136 25 9226 99 7000 61 5776 71 4738 74
3027 8 2566 67 3205 43 4590 2 6687 3 7333 45 3591 79 6695 20 6475 67
3028 6 23 75 5275 93 3791 43 5275 68 9016 20 1501 15
3029 1 1306 3
3030 9 910 58 3083 22 5498 29 5515 93 8546 57 1356 75 4877 27 1456 95 4149 87
3031 3 562 83 1835 39 189 79
3032 4 2395 75 1289 100 180 51 3243 58
3033 2 1965 30 4505 56
3034 5 708 27 6439 30 8480 22 687 62 6614 26
3035 3 2066 28 2177 75 4506 76
3036 5 1906 49 3722 90 7148 30 8175 89 137 58
3037 3 44 75 5553 52 8909 67
3038 4 1350 71 4833 51 7202 98 452 66
3039 3 1815 59 3353 51 8099 77
3040 11 334 54 5226 45 5098 72 2694 66 2815 24 8702 86 8344 36 6737 94 4002 3 4197 96 2469 94
3041 6 2278 73 4036 91 3500 50 1237 38 9708 75 2070 62
3042 2 103 79 3369 14
3043 4 2643 29 4488 90 6866 71 2882 49
3044 5 1983 16 3157 62 9207 43 3482 23 8977 65
3045 5 1477 10 7266 86 3101 45 2656 66 6907 76
3046 6 1470 18 3383 55 8368 68 7119 31 268 1 3998 81
3047 6 2638 2 3183 77 6877 98 9811 5 9970 97 3217 44
3048 4 717 56 7535 49 6294 44 6698 33
3049 6 2248 64 4732 53 6464 2 7445 15 5855 24 6840 58
3050 4 1298 14 9781 6 7630 48 3989 61
3051 5 2601 9 5270 3 7143 27 1703 91 4674 14
3052 7 667 28 8109 13 6963 94 388 13 7885 9 4427 3 3967 33
3053 5 2025 35 5790 60 8363 70 6703 74 389 41
3054 2 2749 60 4286 12
3055 5 692 56 3407 32 5567 92 8582 70 7773 75
3056 5 2529 64 2776 26 7359 74 3449 91 9499 30
3057 5 621 9 4113 76 9887 70 7519 61 5954 13
3058 4 2702 28 3728 19 3153 72 3419 50
3059 6 1536 70 337 74 1095 81 5225 14 6386 36 850 56
3060 7 1614 16 9413 24 2988 55 1372 35 5559 20 763 82 6112 91
3061 10 1090 32 4811 21 7751 96 4622 1 9514 35 7582 33 1145 56 3587 16 9241 1 7802 39
3062 4 642 27 135 22 4691 72 8117 99
3063 8 1313 74 4225 60 5942 98 4957 26 9268 90 7593 73 2724 28 9917 82
3064 6 2159 44 4004 94 5659 1 5945 45 3998 17 9402 6
3065 4 2763 100 4279 44 4420 26 7831 93
3066 5 74 48 3883 2 4755 70 8334 82 6543 66
3067 6 2035 99 4344 62 5185 96 1343 98 8672 64 762 69
3068 7 2325 6 6419 69 9151 82 7587 49 3929 98 422 99 7846 32
3069 7 1956 16 3398 5 6573 29 9185 54 6078 87 3647 16 216 76
3070 3 2096 40 2479 18 9991 67
3071 4 2513 11 5447 1 6580 39 6103 56
3072 6 2559 83 3906 41 5028 8 1644 47 680 9 6515 27
3073 4 2335 38 4805 25 1380 44 7332 1
3074 3 2412 95 5806 31 9978 82
3075 9 1204 87 5496 30 6286 39 7697 89 8113 36 3491 68 8522 35 7740 26 3281 77
3076 5 2268 25 3082 49 6888 54 1404 64 6210 20
3077 6 2973 99 4021 24 6506 38 3788 8 8195 60 3514 59
3078 5 2732 71 6054 12 5016 63 233 86 3206 94
3079 9 2673 62 9769 96 8485 42 8376 39 5109 61 7135 35 4966 81 9588 7 8615 66
3080 8 2070 11 8156 77 7988 40 8005 26 1188 5 1681 87 4408 88 186 53
3081 5 2875 96 5188 1 6148 12 7268 18 9895 24
3082 5 3076 49 9526 51 8079 20 7362 18 9816 58
3083 4 3030 22 4695 19 2071 50 5718 7
3084 4 825 23 9037 20 16 37 4153 44
3085 6 359 61 4740 77 9066 96 7425 81 5707 85 2982 71
3086 5 662 8 3771 57 5994 94 2968 51 1819 56
3087 5 643 42 5 84 2520 76 9460 67 1059 93
3088 4 1035 53 3501 69 3493 51 3698 58
3089 6 1261 82 3330 60 5153 86 7671 6 3515 64 4591 75
3090 5 1126 35 6255 48 8787 6 7203 91 5846 65
3091 6 582 17 4376 22 4481 19 4993 91 1745 20 2327 97
3092 2 1711 47 1968 97
3093 4 2227 63 3998 40 6493 61 284 54
3094 7 444 10 1288 39 4269 47 9592 18 5522 62 1175 48 8330 26
3095 5 1228 26 8666 68 8125 88 5699 30 6319 29
3096 2 1229 59 6728 98
3097 5 2550 46 3266 41 8535 51 7982 92 9504 49
3098 6 2368 50 5862 28 7183 62 4475 9 4978 1 666 67
3099 10 2071 89 3504 74 5900 12 6026 18 9666 19 3664 92 6170 72 3778 28 3255 83 7120 37
3100 5 224 76 6948 35 3535 5 4496 33 7426 95
3101 7 1393 2 3597 3 3949 46 8736 98 2540 20 3045 45 3610 8
3102 4 78 67 3159 11 4009 91 4126 80
3103 9 2330 13 4624 88 9787 69 5294 41 6004 38 1987 37 2773 38 633 68 2824 84
3104 7 426 62 8783 79 80 60 1815 68 1543 21 1842 32 140 99
3105 5 2172 73 5216 54 7397 67 5360 95 6130 4
3106 5 1661 32 6124 99 8221 22 5432 62 5539 80
3107 4 58 85 8173 63 8070 80 2975 66
3108 5 1625 84 5186 76 5989 100 4376 70 1948 47
3109 5 1906 17 8409 65 1099 80 1373 90 167 60
3110 3 1709 33 6451 14 9735 97
3111 7 2663 1 4388 23 4669 86 4917 9 3195 27 6775 85 1763 24
3112 4 1820 4 7921 19 4429 18 3218 69
3113 7 1913 10 3348 19 3395 38 3699 58 9312 87 8471 52 1282 47
3114 6 2804 25 6213 77 6271 98 2864 40 3917 18 9694 81
3115 3 886 51 9860 6 9464 79
3116 4 146 9 7062 83 5794 52 2803 22
3117 6 890 69 259 29 694 67 1225 87 1067 70 7778 50
3118 3 2992 35 5881 5 1006 85
3119 5 1646 46 4570 53 4517 60 2524 56 9759 31
3120 7 267 52 1985 9 9467 89 1768 16 5210 7 7434 81 2314 58
3121 6 456 83 3000 54 4853 14 1795 40 657 6 6882 49
3122 6 641 99 400 25 1180 33 4592 27 5660 35 5460 56
3123 5 2694 89 8918 96 1244 89 6017 87 6685 12
3124 2 544 77 1705 31
3125 5 3016 45 5142 13 4247 8 2194 62 5119 59
3126 5 52 74 6802 18 1946 68 3652 94 6440 61
3127 5 1713 38 6530 58 6684 42 9635 97 5792 13
3128 4 2276 51 5826 35 9236 92 9851 49
3129 4 1611 20 7121 17 282 63 4629 76
3130 3 2736 6 3024 41 2569 61
3131 3 439 47 5756 8 3764 59
3132 5 2201 26 3757 22 1832 88 7548 4 6672 16
3133 3 103 26 7189 91 9872 1
3134 8 371 84 4876 62 9605 90 7529 36 5417 85 3253 29 1484 33 8874 38
3135 7 526 86 9032 43 9133 69 7518 50 6347 65 857 99 2970 32
3136 5 2038 17 4230 18 5123 82 7605 43 5816 59
3137 5 1899 61 5875 80 958 32 3751 81 3909 36
3138 5 1427 82 5640 64 634 71 740 36 6827 53
3139 6 1750 57 3624 94 7260 22 4028 33 1599 47 3409 49
3140 10 1921 53 4766 82 9637 69 378 14 8610 51 9095 20 2602 44 1253 91 2286 59 9765 86
3141 4 744 45 9223 15 726 8 9706 18
3142 6 1549 29 3628 56 6143 5 5262 10 3381 30 518 5
3143 10 604 61 6756 91 7948 96 5550 93 3340 86 4435 94 8728 7 1135 35 7072 62 1337 6
3144 5 2484 57 3441 74 400 50 1727 85 8168 60
3145 8 964 98 6339 63 9069 21 565 11 3456 32 84 72 8889 59 1605 63
3146 5 1321 58 4286 96 4478 53 9009 43 5053 11
3147 3 1814 14 4111 50 1550 84
3148 5 1340 19 5307 76 8960 27 4513 6 7352 60
3149 7 197 7 3255 91 7618 36 4915 96 2814 86 5480 33 6846 18
3150 6 2527 67 3385 14 3559 62 9881 75 4515 52 8109 17
3151 4 467 56 3217 28 3978 91 8031 6
3152 1 2572 15
3153 4 16 14 3058 72 2331 45 1679 77
3154 6 1070 98 7763 84 6847 44 9144 1 5907 38 6228 1
3155 6 2525 36 4129 100 7021 23 2239 43 9643 12 3417 51
3156 2 136 26 3752 95
3157 6 3044 62 4912 61 3264 69 4083 35 1023 22 5026 78
3158 5 645 13 4039 53 7112 53 6691 79 6389 49
3159 5 3102 11 3366 67 6462 98 7348 45 7591 18
3160 9 1003 80 3629 72 7382 35 9233 89 9428 5 8506 26 5286 30 1593 39 2468 41
3161 3 1614 37 5942 96 1302 88
3162 6 128 4 7350 95 1172 84 9317 75 8691 100 8846 24
3163 5 2569 86 7075 50 9360 61 3980 9 759 20
3164 11 2673 40 3473 42 4083 98 4805 100 5853 5 6291 100 6560 90 7305 40 7728 71 5132 14 6913 18
3165 4 1919 6 3691 61 5118 72 5553 1
3166 4 2591 19 3621 53 7811 18 1407 60
3167 5 753 81 1412 25 927 53 5691 27 1920 16
3168 7 2457 23 3391 98 3861 30 4146 59 7566 89 8571 8 218 2
3169 7 1130 77 4606 46 6992 32 7123 70 9346 52 9372 32 364 98
3170 7 844 16 4015 71 4689 89 7584 50 7742 71 877 26 8378 44
3171 3 433 38 8219 50 2987 11
3172 5 1103 9 1154 45 5778 78 2479 64 4483 99
3173 5 680 29 4691 36 9533 15 7164 35 2005 85
3174 7 436 81 4191 26 7180 84 14 48 9215 19 2175 69 4258 68
3175 4 2265 26 5217 37 5277 72 5894 81
3176 5 1514 82 2289 65 8838 77 6167 11 659 55
3177 8 952 78 3406 21 5801 39 9242 45 8392 87 2511 96 907 41 1623 29
3178 3 1478 33 7736 22 4327 78
3179 4 539 78 5053 26 7161 12 8366 95
3180 6 1765 41 4417 87 5538 80 1256 83 353 45 627 57
3181 4 2019 83 9537 49 2450 31 8258 79
3182 6 2954 77 5467 94 7774 57 8386 2 5296 11 7216 60
3183 4 3047 77 3844 76 8249 23 8571 8
3184 3 3010 14 448 2 709 91
3185 5 1947 60 7494 53 3747 7 6619 88 3883 89
3186 3 3005 88 9950 11 3406 62
3187 6 1917 13 5503 44 6366 41 6443 43 2456 68 7270 79
3188 3 3018 54 9096 4 2547 99
3189 4 1690 47 3497 88 7409 59 1381 27
3190 5 1627 28 6247 48 6657 15 5510 7 4731 85
3191 4 682 4 5703 91 9108 93 2945 47
3192 5 993 24 5528 16 7381 74 1533 23 2520 99
3193 4 2227 66 2050 86 2377 7 273 8
3194 4 1798 100 3919 17 2610 60 4347 60
3195 12 2268 80 6428 35 1999 47 1461 97 3111 27 1146 70 2683 72 1288 41 3320 22 6761 3 8034 38 4155 13
3196 4 521 61 5698 7 8775 1 6061 20
3197 1 2620 88
3198 6 910 75 7014 94 7955 12 4911 37 792 42 6749 28
3199 3 481 7 7016 78 9574 69
3200 6 612 57 3897 92 4058 98 8904 48 1630 66 6340 73
3201 7 533 91 3718 28 4002 55 5008 59 5888 69 5142 15 2985 27
3202 3 1024 81 8905 74 9213 79
3203 5 1576 86 7358 99 3553 54 9080 98 1576 62
3204 3 1964 13 7223 81 4393 13
3205 5 3027 43 9429 56 4989 74 8968 26 1334 13
3206 10 1019 54 227 24 4548 72 5936 63 1717 77 955 77 697 56 307 41 3078 94 4436 55
3207 4 1504 27 896 16 5125 27 9958 51
3208 4 808 7 6505 71 1802 36 2768 86
3209 5 2744 11 5623 11 636 62 4808 27 8986 7
3210 4 255 30 5516 15 8839 41 9723 54
3211 7 359 95 3768 100 1004 53 9570 41 2954 30 5086 69 5177 14
3212 5 1030 66 1649 13 3794 90 1890 55 5857 94
3213 8 1790 84 4720 20 6193 80 2085 76 7132 96 8853 90 6243 91 3343 84
3214 8 1233 53 4917 20 810 68 6885 89 1385 93 4682 80 2426 32 2965 2
3215 3 2100 12 9362 46 7099 85
3216 7 3003 35 3703 72 955 40 1190 58 9881 11 3649 50 7719 38
3217 5 3151 28 6642 30 3422 89 8911 45 3047 44
3218 5 2586 34 3588 52 8829 65 6260 90 3112 69
3219 7 1488 73 4244 95 6783 67 5740 76 3707 99 8668 32 1072 16
3220 3 1547 57 3282 72 8145 90
3221 4 628 11 6186 84 556 58 8077 60
3222 4 1426 83 3801 55 5575 10 2675 87
3223 5 364 17 3422 100 3498 48 7713 2 6981 31
3224 6 620 9 3569 95 9031 76 8179 15 7000 91 7975 75
3225 1 133 45
3226 9 2538 11 3919 40 4352 89 4621 60 8019 99 4636 96 4883 44 3347 57 6117 63
3227 2 1805 87 8353 77
3228 7 666 2 9500 66 3742 22 6709 59 2719 64 6994 77 2703 68
3229 10 337 61 3809 18 5124 88 1259 99 2768 93 1846 12 2247 61 8311 17 8148 36 1067 87
3230 7 498 73 4314 28 8525 74 2236 20 2624 79 5167 40 8997 58
3231 3 52 12 3794 81 7888 76
3232 7 988 63 5251 64 8456 7 4394 19 611 15 1013 85 8938 33
3233 4 2018 17 3615 7 5758 15 9024 38
3234 7 713 77 5644 90 7903 32 4116 22 2166 68 9998 58 4349 76
3235 5 1406 42 3661 15 4916 66 2026 71 4525 6
3236 4 81 51 4013 10 7987 42 4372 77
3237 4 2391 60 463 79 5222 75 9072 36
3238 6 2244 4 7387 65 8334 80 6872 2 2305 100 8986 50
3239 6 1399 21 3704 50 1277 76 6634 19 2543 22 6029 37
3240 7 2842 46 6567 90 6011 64 117 65 9986 82 4134 37 5840 5
3241 8 157 19 3270 11 3630 19 6611 38 4299 55 9330 18 8743 6 9144 19
3242 4 856 45 7899 89 1474 98 8417 88
3243 5 471 82 8849 77 9105 38 3032 58 1863 31
3244 4 373 69 3616 69 8016 11 6324 29
3245 3 1036 73 1518 11 8432 19
3246 6 439 73 7921 73 8066 11 877 85 5173 40 7258 36
3247 6 2003 79 4054 88 5827 56 7131 67 1569 24 8278 54
3248 6 118 56 3314 23 8110 64 5240 68 8270 33 1230 1
3249 5 1908 90 4325 14 2241 74 7981 4 8155 25
3250 4 2286 67 2853 6 3390 63 8939 85
3251 3 966 41 932 75 9248 11
3252 6 1424 67 6733 19 98 58 565 57 2778 30 665 68
3253 3 155 96 3570 2 3134 29
3254 10 1859 46 5917 87 7923 82 1980 78 4046 2 4800 93 8459 88 1908 34 124 19 5119 90
3255 8 3149 91 6998 65 5065 58 9522 47 1431 12 5401 50 3099 83 5889 49
3256 6 2131 80 3374 93 3400 98 9976 8 7108 22 6646 73
3257 3 2764 47 4401 41 9585 11
3258 5 1267 13 3981 42 9662 72 9900 100 8638 22
3259 3 1199 98 8875 32 4670 98
3260 4 1879 91 4701 30 858 62 2169 74
3261 2 1806 33 3819 50
3262 5 2270 61 4849 86 1312 2 4814 88 1477 15
3263 9 2842 96 5559 96 5587 40 7748 87 7925 33 678 80 5728 27 1686 3 8774 6
3264 6 2104 67 9873 78 480 32 3157 69 3795 90 6904 24
3265 9 100 22 6623 89 3822 87 6604 37 842 2 6806 18 8411 41 4596 84 2704 72
3266 9 3097 41 5929 81 1113 100 7661 82 2008 57 3888 28 9706 66 525 22 6475 71
3267 5 1567 57 3882 63 5369 20 7957 34 1149 65
3268 3 116 8 4081 41 8060 42
3269 8 1437 14 6386 6 6727 52 8029 10 4783 95 3344 41 8440 88 4379 60
3270 7 3241 11 5276 75 5949 98 78 31 1979 62 278 12 7431 22
3271 7 1210 38 4693 65 1598 40 6943 9 7932 38 9149 16 317 31
3272 5 2956 17 3428 66 2533 47 9468 29 4164 20
3273 4 872 16 5536 69 8284 77 2352 62
3274 8 1151 80 3582 10 5572 58 4366 5 7092 21 3320 44 5907 85 8258 30
3275 2 1249 48 4096 14
3276 5 2264 60 3438 3 6886 52 7671 43 7376 75
3277 5 1801 71 7401 37 2166 25 7956 74 2223 64
3278 4 221 91 7185 22 5393 32 8742 62
3279 2 2913 61 4209 20
3280 4 2914 78 9141 80 8794 38 2628 19
3281 11 1767 28 6327 26 7617 92 2545 79 2391 82 4958 79 4658 47 3075 77 3714 86 7659 39 4014 30
3282 4 3220 72 7763 93 8500 77 7321 13
3283 5 2596 14 8211 56 6018 83 9631 100 6084 64
3284 9 755 50 6004 62 6154 86 6897 61 7911 20 315 8 9898 99 6519 8 9843 5
3285 5 2552 17 1604 55 9213 70 7476 43 5038 81
3286 7 2389 46 5476 7 8317 90 8426 7 7415 52 4043 22 951 4
3287 2 405 15 4060 51
3288 5 959 87 4098 77 4264 2 9701 70 2187 57
3289 6 487 33 4771 99 5413 81 5874 92 6093 30 6082 7
3290 7 766 20 4199 59 7719 40 2616 30 1904 96 1765 30 9472 21
3291 3 1982 58 4171 80 103 81
3292 1 523 81
3293 4 1903 29 7375 7 8092 68 8274 77
3294 4 325 70 1838 81 6255 31 7224 43
3295 3 1271 39 650 86 8950 2
3296 3 1309 80 6746 81 5751 45
3297 3 1790 91 7239 70 4285 84
3298 10 262 58 8211 76 9221 12 8753 48 1876 73 1113 42 6690 63 7147 74 1879 29 521 75
3299 8 940 72 4369 23 4540 82 6784 72 684 12 9091 49 2274 69 7167 48
3300 5 2789 51 7947 68 806 4 319 24 2681 90
3301 3 747 44 8521 96 6948 91
3302 7 1454 76 3787 51 8799 96 1552 73 431 62 9410 22 2806 84
3303 3 801 27 4893 22 1454 90
3304 5 447 7 8874 6 4315 10 6757 30 9359 75
3305 5 2445 30 8969 54 5456 96 1409 42 6027 9
3306 9 970 26 9255 17 9829 87 8108 83 9623 61 3744 53 457 78 4243 83 6760 61
3307 4 1633 20 125 22 4882 54 5413 92
3308 7 2069 20 3460 2 1408 12 4234 66 7683 2 4192 65 3536 19
3309 3 336 40 9131 49 380 81
3310 8 471 33 6866 7 6990 55 870 66 3922 75 3362 75 1178 70 2922 1
3311 5 2401 59 5699 8 5389 22 8317 20 6832 32
3312 7 957 48 5217 25 5784 11 874 8 4970 20 5278 25 8303 67
3313 5 169 42 1803 5 6152 53 8183 68 3370 55
3314 3 3248 23 3025 10 7886 52
3315 7 2416 90 8373 57 8615 72 6822 77 4259 47 9171 18 9908 39
3316 3 2243 54 2017 92 9076 54
3317 3 1786 32 9294 37 7362 77
3318 5 1036 42 5228 22 5025 42 5689 24 7467 10
3319 5 1989 83 8368 15 8954 47 7482 60 1243 11
3320 11 1454 52 4472 94 8768 45 767 20 7896 75 3274 44 4318 59 6557 16 1514 98 7424 6 3195 22
3321 5 251 56 6206 70 7033 59 1554 38 6915 1
3322 10 1187 40 5757 73 3988 68 7481 35 3326 55 2013 60 5578 46 6963 47 1339 29 6503 75
3323 7 1143 82 4493 32 6441 76 560 78 6701 93 9014 83 4707 66
3324 3 2881 84 5890 78 8573 17
3325 5 131 14 4822 28 6384 67 9523 83 7451 1
3326 5 2319 43 5543 70 7462 20 3322 55 6408 99
3327 5 769 95 9876 51 106 27 9809 70 4680 51
3328 7 188 61 3820 8 5387 47 8745 37 6949 11 9823 95 6301 13
3329 5 15 10 5158 87 3854 58 2807 24 1794 79
3330 7 3089 60 648 4 8832 84 6826 94 486 88 6146 89 2657 55
3331 7 2772 28 6428 53 4380 32 7417 94 492 87 8087 24 7990 74
3332 8 1984 58 3457 40 4473 41 9859 93 8981 93 3445 1 4728 60 179 8
3333 7 444 26 7930 64 6736 45 3728 55 3016 10 4121 7 3670 89
3334 6 2808 67 3942 79 4372 7 4347 90 5846 50 9730 46
3335 3 897 68 5456 17 6294 21
3336 5 2263 100 9047 88 3798 63 1499 82 4019 68
3337 4 2900 47 9386 47 8571 50 42 83
3338 8 1532 53 4421 86 9985 39 6187 26 3836 10 3021 17 6250 42 9598 95
3339 8 2835 83 3561 74 4785 15 5970 27 6798 51 650 17 8431 58 8250 65
3340 4 2978 24 3143 86 8812 59 6963 55
3341 6 1118 65 6639 73 6656 14 7004 96 985 97 7846 40
3342 5 929 45 7215 53 1154 62 4828 22 9870 54
3343 6 1466 66 5066 52 8009 85 9540 73 3213 84 4940 5
3344 5 2062 72 1177 47 2669 35 3581 69 3269 41
3345 4 745 83 8765 47 5766 66 7501 32
3346 3 469 15 9727 40 8011 32
3347 7 585 99 2312 4 3226 57 7370 73 7573 87 4315 14 2814 21
3348 7 3113 19 5473 90 8982 70 4246 6 3609 55 6519 17 6509 73
3349 5 1831 71 7493 46 5817 48 5563 4 9518 18
3350 3 2520 84 3510 76 4868 85
3351 6 286 11 4569 64 4825 85 5842 81 5938 67 2730 74
3352 7 1867 18 3494 50 3555 26 4608 51 7068 85 9246 46 61 92
3353 9 3039 51 7269 50 7698 71 8028 55 9025 43 8371 51 674 23 2100 2 9912 86
3354 6 809 23 6491 59 6817 92 9989 35 7972 49 4772 56
3355 3 889 45 7824 98 6190 60
3356 4 2870 25 9726 68 3609 67 7099 74
3357 7 217 84 5844 57 9457 92 9856 53 3747 96 9377 95 7830 67
3358 8 1594 87 5201 35 6847 36 7520 72 3910 32 6367 38 6025 43 2840 32
3359 5 2040 45 9460 56 4424 35 2935 86 1765 36
3360 7 2730 37 3738 10 3944 4 8980 37 4003 53 8064 55 6504 55
3361 3 1616 89 6513 20 809 4
3362 7 1645 58 4866 7 3310 75 4239 78 53 19 23 38 8221 65
3363 2 1061 52 1628 51
3364 3 736 44 7500 44 2769 12
3365 2 149 13 5183 78
3366 6 3159 67 825 36 5981 53 7473 92 5562 18 4290 78
3367 5 1137 72 7467 24 4481 60 6055 19 7789 84
3368 7 2838 10 4328 90 9108 89 9720 87 9105 42 7519 87 4471 71
3369 7 1948 63 3042 14 2119 38 3663 73 2210 80 2897 49 7803 60
3370 6 631 98 9602 99 1440 49 6230 96 3313 55 5413 20
3371 7 776 35 5452 92 6709 57 5857 55 4719 85 6960 58 9695 3
3372 8 2365 93 6043 100 6669 6 7816 7 662 86 7842 54 2851 21 6338 45
3373 5 2735 27 6328 44 9991 89 9196 76 500 52
3374 3 3256 93 779 26 735 22
3375 3 2943 5 616 42 8766 3
3376 3 1331 18 4375 36 7009 44
3377 9 1127 50 7077 50 7828 40 5583 68 3397 36 563 42 9015 2 4144 22 3021 44
3378 4 2360 59 5427 39 9987 72 1651 93
3379 4 323 55 4105 52 5557 79 9879 90
3380 5 2740 83 7480 95 7571 34 1651 47 5405 48
3381 8 720 50 3548 69 4425 36 7114 58 1806 38 3938 54 3142 30 425 41
3382 3 1691 80 4368 81 2098 55
3383 5 1211 94 3655 60 6357 35 6494 60 3046 55
3384 3 760 74 2654 14 3834 39
3385 7 3150 14 4573 49 8996 60 6937 23 8024 83 1385 12 7531 89
3386 4 283 20 6778 91 4904 48 2988 38
3387 5 1000 1 8452 27 9211 75 5788 72 1552 87
3388 4 3026 62 8465 80 2107 66 5203 97
3389 6 2890 7 4064 77 9802 83 7698 44 5921 31 6197 11
3390 4 985 37 7161 13 3250 63 627 33
3391 4 3168 98 5174 59 9749 72 3537 31
3392 3 2059 53 1343 65 2637 83
3393 6 1766 71 4699 61 4896 20 6719 65 235 44 391 56
3394 4 463 81 3916 72 8411 25 7621 63
3395 5 3113 38 7408 100 5201 13 4291 69 3919 30
3396 4 1174 60 6779 87 4350 98 1985 93
3397 6 2867 22 3743 56 3377 36 4369 69 3980 30 9272 6
3398 2 3069 5 1079 41
3399 8 83 8 3965 77 9795 85 9951 1 2971 2 7402 65 4108 9 7633 30
3400 2 3256 98 178 29
3401 6 2213 43 4432 93 8528 1 6915 10 261 63 6088 29
3402 5 2180 49 8253 3 1391 19 1583 99 3934 49
3403 4 1556 40 3647 34 5918 20 1577 47
3404 5 2860 49 9883 61 482 54 7618 70 806 26
3405 5 2419 60 7122 43 1601 45 1710 84 8091 31
3406 5 3177 21 5681 18 4386 78 3186 62 6627 53
3407 3 3055 32 4332 55 792 78
3408 5 1716 63 5263 46 2990 93 5344 22 4223 91
3409 3 1984 67 3139 49 5033 18
3410 4 2436 15 397 85 4144 55 7544 87
3411 6 2378 79 3537 60 3697 70 4659 78 2023 8 1593 51
3412 2 412 19 149 92
3413 7 649 39 3874 78 8557 70 441 14 5119 55 1972 6 7489 87
3414 3 855 32 3427 30 8492 16
3415 7 1852 90 4745 77 5910 41 1969 67 5220 84 5817 13 2003 92
3416 7 2762 37 4613 89 7964 84 8876 70 9840 36 3420 59 5040 66
3417 5 617 43 6917 23 7292 94 3155 51 1568 23
3418 3 2247 55 4948 36 9072 60
3419 4 2032 28 909 69 5154 64 3058 50
3420 7 1663 73 4551 42 6073 77 3416 59 139 83 6130 8 7580 76
3421 5 581 69 9192 87 509 13 5908 86 9611 13
3422 5 3223 100 3530 38 8724 79 3217 89 4589 10
3423 5 1056 94 4658 54 5162 11 7645 6 639 70
3424 6 51 72 7229 87 7576 78 5547 9 1574 21 9772 43
3425 7 1731 70 3506 18 7586 73 1473 23 7161 71 3669 61 7991 2
3426 5 2885 90 4438 40 9238 16 6881 84 41 26
3427 8 3414 30 4547 99 6845 82 7188 2 7903 10 4083 99 7463 86 4064 30
3428 2 3272 66 8633 27
3429 12 2817 18 3607 11 4095 27 7476 98 1189 36 5251 95 9255 68 1688 2 7213 43 4118 33 5545 51 2495 89
3430 3 507 85 5433 51 5737 25
3431 5 593 83 4223 58 7601 94 784 43 720 66
3432 6 1566 98 6104 42 6235 98 1814 23 7777 75 1566 73
3433 4 2029 35 4750 74 6018 17 9039 62
3434 4 2627 60 5161 27 9011 10 9374 21
3435 4 534 6 248 51 3753 24 1631 11
3436 7 869 15 4889 32 9028 76 7088 79 7439 58 4693 14 8999 96
3437 4 1379 99 3523 79 6714 35 1008 2
3438 7 3276 3 9165 63 5562 37 3891 94 2077 95 2209 84 1458 63
3439 10 1886 42 5318 69 9214 60 7838 86 2015 34 6179 73 7196 6 8349 58 6775 69 7682 24
3440 3 834 53 9048 85 4273 54
3441 3 3144 74 6953 37 4740 3
3442 3 2122 25 7535 88 465 43
3443 8 2900 57 5117 17 5611 4 4151 93 1552 29 4715 26 2469 47 2477 49
3444 8 2627 40 8685 82 834 10 9035 99 2537 58 9916 56 8115 18 6217 96
3445 4 395 61 8666 11 8882 26 3332 1
3446 5 1503 7 9035 1 693 32 2627 86 5170 43
3447 6 2508 98 9440 68 280 9 1618 77 1956 65 577 54
3448 6 2431 92 6938 46 3659 29 4875 16 236 22 9848 26
3449 10 795 16 4123 14 6119 32 6056 40 3056 91 87 28 9478 95 9598 20 2871 47 2070 36
3450 6 1516 5 9996 27 5127 40 458 13 8118 79 4360 93
3451 1 375 84
3452 5 767 23 7170 31 8970 47 9378 47 9154 36
3453 4 1435 76 3481 2 8631 12 2769 85
3454 6 1335 15 4263 88 7837 87 5725 97 125 92 2835 45
3455 4 2739 4 5705 72 898 14 5239 19
3456 6 2295 28 672 81 4733 77 3145 32 40 40 6299 13
3457 7 3332 40 8219 4 2712 16 528 53 5976 7 9912 25 2910 65
3458 4 2593 82 3012 10 1438 2 578 32
3459 3 1794 86 6603 74 9712 21
3460 9 3308 2 3491 73 5343 19 5962 74 6696 54 7814 9 6144 23 2451 64 9431 27
3461 3 775 28 7900 22 1612 59
3462 1 391 3
3463 8 529 12 4596 9 9169 76 4978 55 9003 29 2072 82 7405 19 6840 8
3464 7 646 2 5235 39 8439 96 8705 26 5744 13 8576 78 654 41
3465 3 281 41 9884 56 9362 37
3466 3 2058 76 7681 56 8558 76
3467 6 2045 63 5932 22 6296 32 6711 15 4632 55 4202 69
3468 2 937 15 3961 27
3469 3 852 99 4127 8 6388 24
3470 3 1414 46 8195 42 4031 26
3471 7 869 81 4702 86 7437 24 8515 68 1127 49 9685 56 6645 83
3472 8 180 29 3888 54 4415 47 4539 38 9194 30 9935 59 47 27 1758 81
3473 3 3164 42 6157 55 2122 81
3474 5 954 2 3598 37 3843 67 8737 73 6622 100
3475 6 2110 33 5278 72 8981 77 7919 54 3582 98 6166 7
3476 8 2518 91 4478 27 6587 24 6865 59 260 77 2812 56 9467 91 4556 88
3477 6 381 68 6029 89 1266 25 970 98 2090 18 9021 16
3478 5 1815 4 5086 27 6701 35 6016 2 1982 72
3479 7 679 57 7791 77 5944 91 3540 92 6716 86 9325 89 2487 83
3480 9 745 98 3546 33 6399 71 1192 70 7716 29 284 57 5844 11 8441 42 5414 2
3481 6 3453 2 7416 54 2267 50 7342 30 2713 71 2309 71
3482 7 1289 98 8853 38 4980 60 3044 23 6387 50 3737 69 4702 39
3483 1 2394 78
3484 5 140 60 4139 40 360 28 6297 11 8386 65
3485 3 1989 9 6041 61 1274 6
3486 4 2369 15 8938 23 6306 51 1518 19
3487 4 569 91 9370 81 4991 33 1204 69
3488 5 952 82 5320 76 2781 67 304 22 5943 55
3489 5 961 19 5391 62 6890 31 6593 30 858 77
3490 8 891 48 5323 45 6543 10 4591 30 896 10 9329 10 984 6 6064 28
3491 5 3460 73 5546 2 6039 53 3075 68 7952 12
3492 6 489 15 8990 89 1290 31 5552 49 3865 90 1093 17
3493 6 803 13 5095 49 6430 38 3725 53 3088 51 8198 51
3494 2 3352 50 1680 59
3495 6 1031 76 5973 98 2708 15 6157 27 1022 62 5059 36
3496 8 1929 61 46 71 9004 99 3850 69 1713 97 1640 72 8459 54 5238 29
3497 7 3189 88 8068 48 6101 12 9482 82 1189 37 8207 97 337 43
3498 5 3223 48 9077 90 6832 74 3659 72 7997 40
3499 6 2344 2 4112 83 145 70 9152 95 6029 45 9395 45
3500 9 2683 64 4290 22 7130 23 9030 8 3041 50 1943 38 7700 30 5275 16 7812 31
3501 2 3088 69 6296 74
3502 5 713 44 5131 74 4071 1 190 77 6333 56
3503 3 966 31 4653 32 4691 50
3504 4 3099 74 4398 30 5047 4 6585 49
3505 5 2982 25 5476 73 5194 73 6178 28 4206 80
3506 5 3425 18 4106 57 7688 32 8099 23 4332 79
3507 4 2581 28 6647 83 4846 79 436 82
3508 7 718 14 5160 14 9076 49 7520 11 9135 4 7583 11 9949 100
3509 4 991 17 8511 19 154 59 8506 34
3510 4 3350 76 284 77 2348 46 1678 18
3511 4 1469 11 5199 38 1720 42 5105 53
3512 9 869 83 7162 17 7236 60 9010 4 5131 30 2545 1 7785 58 7870 11 1872 6
3513 5 2848 99 9492 85 4228 63 3017 59 3666 52
3514 4 2421 48 6051 77 9307 74 3077 59
3515 5 1904 37 8639 1 3089 64 4450 67 8694 64
3516 3 2808 31 3996 81 7653 82
3517 6 2861 41 5204 15 7084 56 8305 54 8330 82 5361 25
3518 3 890 24 6513 58 8941 66
3519 5 2164 44 7644 71 9741 84 165 82 273 26
3520 5 515 32 4163 29 4633 23 1187 22 7766 59
3521 7 2771 13 4081 90 5176 92 1697 2 2340 28 9856 15 2396 89
3522 6 643 30 4061 6 4256 10 640 54 8277 29 8349 62
3523 7 3437 79 5866 73 6940 24 1958 65 6401 12 6702 18 5893 1
3524 4 413 24 5765 52 8585 43 8509 53
3525 11 2193 25 6991 14 8099 26 3685 83 6112 1 534 63 96 20 523 62 1031 14 1490 20 2093 28
3526 5 345 55 2873 13 5029 9 9363 68 8776 15
3527 4 1512 41 6640 80 1267 88 9046 40
3528 5 1148 20 6285 30 4400 42 7627 22 2295 69
3529 7 450 72 3923 70 4005 64 5748 44 1332 64 319 65 1559 46
3530 5 3422 38 6520 20 7178 44 338 6 3009 78
3531 5 667 29 8399 19 8825 12 2436 9 9450 10
3532 5 1861 2 8994 61 9058 15 2438 50 6089 95
3533 8 1526 52 3778 7 2921 99 9940 92 6693 96 7831 67 2579 44 4163 70
3534 4 1574 37 5386 66 2701 69 1915 2
3535 5 2924 93 5347 88 5164 48 9693 81 3100 5
3536 10 536 54 4358 37 4965 33 9352 31 3564 51 4962 90 3584 88 5832 66 3308 19 2597 41
3537 8 3411 60 4515 26 1493 16 4477 62 6921 71 3391 31 8846 72 1898 85
3538 4 1741 78 1522 34 7434 6 7854 100
3539 3 903 8 2860 44 6125 50
3540 6 2040 91 7888 15 1057 83 3479 92 3995 95 8376 97
3541 4 165 36 8606 70 9392 64 1792 50
3542 7 1029 30 6754 100 1610 20 8761 7 7626 63 7272 47 8052 44
3543 3 2982 70 8197 75 1774 45
3544 6 1180 37 7078 84 3894 29 2077 44 820 39 7959 45
3545 3 433 48 5209 14 6318 93
3546 7 3480 33 6903 95 9421 84 5483 91 4803 87 5623 98 4785 81
3547 6 2661 79 4220 53 5671 83 8770 87 5689 18 4382 67
3548 5 3381 69 3664 43 5218 90 861 81 9127 89
3549 8 1679 81 4451 71 5477 79 5603 37 6141 73 5015 79 4242 20 8053 100
3550 3 1972 95 5924 79 9014 11
3551 3 2471 67 6117 10 1849 85
3552 4 1662 96 7343 7 5277 47 7590 98
3553 9 2389 31 6914 93 7778 93 1916 65 3203 54 2251 19 9838 9 6194 54 2848 63
3554 7 1284 68 3883 21 707 40 9821 25 54 2 854 71 5426 61
3555 3 3352 26 4621 6 451 32
3556 5 1388 39 8035 21 3672 76 569 56 5410 25
3557 6 1806 18 3614 98 5487 57 9685 87 9811 8 3573 47
3558 4 686 51 6051 82 2707 93 1280 13
3559 4 3150 62 8222 95 4355 94 4766 71
3560 4 1254 34 9780 75 5055 95 4598 13
3561 3 3339 74 1544 81 2568 75
3562 7 1722 54 6870 67 2418 56 8805 41 5565 4 6603 68 3794 8
3563 4 760 55 3804 29 1877 47 6668 23
3564 4 2064 58 3536 51 5334 11 4416 22
3565 5 1722 57 8116 95 6095 51 8053 35 9839 63
3566 8 2782 55 4519 77 5066 83 2884 23 7521 86 4234 26 2742 54 7261 47
3567 6 1196 92 3636 9 9237 75 288 92 6696 93 5269 25
3568 6 82 78 6833 17 8820 10 4768 31 9053 21 1426 78
3569 1 3224 95
3570 4 3253 2 4287 35 5093 6 8025 58
3571 5 1369 19 6280 36 8257 3 7078 11 7345 63
3572 2 1130 90 7400 19
3573 7 824 94 4240 20 5920 99 6537 50 7567 15 8415 79 3557 47
3574 5 1918 18 6600 60 1599 81 6394 92 7952 100
3575 5 723 76 6752 47 115 28 6984 84 1454 69
3576 4 1014 32 6089 58 6564 39 8235 75
3577 6 1897 34 8211 13 1217 66 307 29 8260 43 5504 21
3578 8 2162 87 7978 67 9201 36 9758 38 9759 49 8280 73 6440 47 710 100
3579 4 499 13 3788 32 3670 75 5294 83
3580 7 1985 70 5795 37 5930 56 6743 86 4220 80 1470 76 5847 43
3581 4 2511 20 9491 30 3344 69 7327 30
3582 6 3274 10 4169 34 3475 98 2942 43 8625 84 1401 87
3583 2 118 55 3891 42
3584 4 1403 76 3536 88 2905 42 2627 100
3585 5 474 92 9822 63 800 36 2993 22 4875 53
3586 4 955 87 7212 80 9240 19 2703 18
3587 3 3009 1 9799 58 3061 16
3588 7 3218 52 5987 73 4103 74 2981 61 1621 51 675 57 8082 38
3589 3 418 2 2380 68 6425 45
3590 4 743 99 4094 2 876 92 632 17
3591 2 2455 19 3027 79
3592 6 1234 47 4006 44 4874 34 5331 42 7125 44 7175 78
3593 8 1818 71 5098 62 5208 7 717 41 5954 69 7358 50 1050 54 5856 43
3594 5 1769 29 9297 78 8336 26 7536 49 4303 55
3595 6 2126 32 4295 16 9566 45 7342 26 6366 13 7306 98
3596 6 395 75 3899 27 7650 11 7220 34 968 40 583 28
3597 7 3101 3 6377 99 8431 33 7061 3 608 44 152 18 5002 33
3598 10 658 64 4326 79 5239 31 8377 4 9175 53 2513 72 6787 81 3474 37 1732 17 5415 9
3599 4 2355 7 3693 43 7186 31 6071 36
3600 6 1430 16 5232 31 5385 18 193 100 6778 40 5806 28
3601 5 1891 77 7399 74 3773 87 5080 72 9543 40
3602 5 2604 69 8432 38 6061 14 1610 70 8078 43
3603 6 2077 61 4835 52 4816 16 6167 90 2466 47 4430 93
3604 2 213 54 4073 53
3605 3 1901 30 121 49 6873 17
3606 7 1625 3 4700 13 9698 80 2716 3 7231 30 3915 70 9462 87
3607 7 3429 11 7749 18 5772 87 9077 53 2969 93 8191 91 3828 29
3608 5 1017 5 5049 40 8165 30 5688 94 436 62
3609 6 2138 75 9381 59 133 88 5168 28 3356 67 3348 55
3610 9 1352 94 3890 18 7767 99 6518 69 9773 82 4897 39 6127 4 4849 49 3101 8
3611 3 1041 14 5903 19 2998 36
3612 3 1505 45 6369 36 1220 44
3613 7 516 62 5720 97 9029 75 5671 91 2442 38 2982 47 3692 53
3614 6 3557 98 6911 78 7586 86 8996 80 5412 93 1448 56
3615 7 2339 44 5322 68 1088 57 7607 1 3233 7 4934 32 3774 89
3616 5 3244 69 3826 27 1147 4 6650 53 8580 2
3617 9 1630 88 4704 41 5844 81 7516 83 4864 24 698 54 6695 56 5422 36 12 13
3618 3 1494 5 2510 61 5684 5
3619 3 2475 56 2542 43 5657 72
3620 7 432 41 5334 44 4878 19 3705 21 6462 80 3926 22 1315 83
3621 5 1364 84 4071 83 4099 99 3166 53 8849 36
3622 6 2463 99 5151 28 5829 71 875 12 7525 73 2897 15
3623 2 2161 95 739 42
3624 5 3139 94 6810 10 3977 10 1040 45 5652 16
3625 6 2390 90 4522 41 6909 42 7351 72 1778 90 7443 38
3626 3 1524 54 1213 5 8591 97
3627 4 1363 57 7114 29 1545 68 303 88
3628 3 3142 56 8869 19 1447 44
3629 3 3160 72 5078 30 8455 10
3630 6 3241 19 6179 91 9969 91 4823 2 2044 82 8240 65
3631 6 2112 80 7113 7 8157 54 1009 16 1 74 2792 98
3632 8 800 21 7372 18 8838 56 5519 51 1728 39 4691 79 4743 77 7446 91
3633 8 941 93 7371 28 5683 86 470 82 4976 95 1954 11 8602 34 7079 65
3634 7 1423 3 6869 17 4418 93 6139 81 4465 43 2306 55 8450 21
3635 6 50 8 4676 98 7049 33 7806 81 6655 66 1307 67
3636 5 3567 9 4985 2 6449 3 2208 18 7848 26
3637 5 1058 72 8434 95 3005 30 8192 48 7178 69
3638 5 748 90 5397 74 7163 1 7605 34 6942 69
3639 5 1085 20 4116 10 1125 9 8040 36 8148 97
3640 7 2999 80 4787 88 911 42 5190 19 4095 55 6187 27 6456 23
3641 7 2454 10 7059 23 8643 52 2933 72 802 1 3002 38 4760 57
3642 6 345 65 5021 40 7805 65 8502 27 8423 48 4230 74
3643 5 2587 23 6522 61 6422 23 7502 26 5010 25
3644 7 1448 42 4346 15 4991 90 5675 37 695 58 7652 43 7084 78
3645 6 2665 73 2430 33 5644 7 4957 87 6723 44 5710 18
3646 8 2389 65 4272 39 8730 30 1522 10 1316 32 3764 89 8176 84 7804 74
3647 10 176 89 5091 38 6132 61 6224 19 7144 64 9628 79 3403 34 1882 4 3996 40 3069 16
3648 3 553 74 7232 26 6145 33
3649 7 1173 68 1998 40 5346 38 3216 50 9604 94 1097 85 8536 2
3650 1 900 29
3651 4 289 59 4625 5 5222 27 4697 44
3652 4 2576 17 7741 66 297 64 3126 94
3653 7 1428 13 6685 64 9630 19 6418 16 4399 62 1646 97 7697 19
3654 3 773 21 5260 47 2182 59
3655 4 3383 60 4761 56 9100 43 4971 77
3656 4 2541 8 4007 45 5168 50 959 85
3657 6 146 15 2997 64 6826 7 2778 97 5375 11 5423 54
3658 7 1519 74 7041 27 9784 44 2501 81 5251 2 3798 67 1267 59
3659 4 757 77 8776 47 3448 29 3498 72
3660 4 2733 6 5379 71 6227 5 5952 60
3661 3 3235 15 4974 97 531 10
3662 5 752 98 4880 79 6844 57 8893 74 138 41
3663 8 2770 51 5023 84 5093 80 6536 39 9312 88 9958 78 1244 98 3369 73
3664 4 3548 43 5182 47 3099 92 8896 67
3665 5 252 62 5673 65 6885 77 2514 48 6590 51
3666 5 2610 95 9824 63 2038 74 1859 43 3513 52
3667 3 3015 52 6814 9 6016 57
3668 3 1632 64 419 60 1573 96
3669 5 1066 97 3425 61 749 28 8894 5 5537 85
3670 5 1653 14 3730 84 3579 75 1016 81 3333 89
3671 5 1222 25 7916 80 8376 44 7255 93 1194 51
3672 5 2637 100 3556 76 684 89 1436 20 6172 77
3673 8 2112 29 5267 5 6943 19 7629 35 8083 67 9114 34 7626 65 4673 90
3674 5 1263 35 8099 95 5831 96 6173 86 7119 18
3675 5 1112 77 7759 11 9050 16 4041 35 7690 44
3676 8 1967 45 4717 30 9409 74 1393 84 9000 25 9505 25 5333 43 7473 38
3677 4 1443 44 4185 78 7207 40 1628 36
3678 6 708 75 4559 7 9242 11 25 22 37 94 8114 25
3679 4 2902 37 9523 87 4506 8 2436 16
3680 6 604 30 4634 55 4444 9 5951 39 5657 9 7825 51
3681 2 1472 39 5313 21
3682 10 419 4 7494 87 8176 82 8405 21 2896 73 5595 45 6529 39 5326 81 7139 42 218 95
3683 4 331 64 6498 9 925 73 1844 71
3684 5 1643 5 4946 40 1668 29 4838 34 6924 51
3685 3 6 77 6959 22 3525 83
3686 6 2009 71 3892 26 6074 63 2133 82 710 94 1224 61
3687 6 2799 6 8297 38 5785 88 6240 89 7712 88 1648 96
3688 6 2100 5 9603 79 5588 97 9156 59 2405 71 5823 51
3689 6 641 80 113 75 6759 59 8686 60 2068 45 6379 88
3690 7 381 33 3965 49 9752 57 9312 94 8466 82 7414 100 6401 37
3691 5 3165 61 5056 91 5354 18 5700 54 8322 26
3692 4 2465 8 3921 22 482 64 3613 53
3693 5 3599 43 7307 11 4201 22 4851 76 4432 51
3694 2 2414 18 5380 10
3695 2 447 27 388 62
3696 5 2880 23 8251 9 5819 85 8744 53 3908 71
3697 3 3411 70 4088 65 6361 35
3698 5 1946 29 3833 26 7346 30 3088 58 8447 86
3699 7 3113 58 3859 88 6208 76 370 74 9658 21 7637 98 1465 79
3700 2 1108 45 5302 22
3701 8 1561 88 5159 98 7267 89 9594 34 6828 12 323 20 6163 34 8937 57
3702 3 511 54 5391 54 9592 40
3703 7 1224 74 4960 63 6166 83 5827 33 3216 72 179 82 6414 29
3704 6 3239 50 4117 64 8130 63 9159 10 8742 15 3906 52
3705 7 153 63 3774 28 5960 63 1604 17 4382 46 3620 21 4433 27
3706 3 1523 100 4974 57 8318 26
3707 5 1555 100 8084 57 3219 99 263 55 4665 30
3708 7 700 57 4951 82 936 90 7387 29 4861 94 6882 81 7656 7
3709 6 785 30 5374 84 3766 93 4810 34 5785 52 8777 82
3710 2 453 51 1690 91
3711 5 1597 47 6690 9 1614 10 832 12 4864 92
3712 2 2426 68 9355 2
3713 4 1794 17 7201 85 6100 49 8445 3
3714 7 2555 43 5956 18 9456 18 8957 17 3281 86 4623 57 8314 42
3715 4 2477 97 6228 9 5058 51 1362 18
3716 4 2820 22 4440 42 6218 84 4243 66
3717 5 969 59 3790 84 1128 92 1159 29 1165 51
3718 4 3201 28 4214 14 2145 45 2676 13
3719 7 1778 95 4093 64 2907 7 7288 56 2083 60 8956 90 7986 51
3720 5 355 7 1843 74 1211 36 5613 84 7256 35
3721 6 2132 97 8719 48 1851 44 8222 66 6385 13 5145 21
3722 5 3036 90 6542 16 8499 6 2552 80 2178 81
3723 6 1715 24 3994 27 5978 89 8310 41 8770 32 2665 48
3724 4 1586 37 7551 99 2247 53 8286 5
3725 7 1132 68 6560 8 7462 71 5197 86 3493 53 3785 51 9095 69
3726 3 428 77 6657 5 9733 22
3727 4 264 21 8989 12 4316 60 5354 10
3728 6 3058 19 2344 91 3333 55 8202 53 6908 47 3789 56
3729 4 549 21 2632 20 1041 19 5617 50
3730 6 3670 84 6341 14 6981 84 7904 26 9352 29 5174 42
3731 7 1528 43 4939 98 9269 4 1617 83 4864 63 7452 92 8449 31
3732 2 92 60 4105 25
3733 4 422 41 4142 88 7926 46 2605 98
3734 4 1909 33 9583 72 5984 64 8702 1
3735 3 2713 6 791 5 4450 28
3736 3 154 30 8481 40 8187 38
3737 5 918 40 5317 98 7081 4 3482 69 8723 84
3738 6 3360 10 3945 6 5606 16 4044 34 7004 12 690 87
3739 5 440 68 7211 26 6029 55 5986 63 4232 33
3740 5 197 79 7710 47 4167 70 5898 44 1654 69
3741 4 1230 48 487 24 5933 30 9670 35
3742 11 3006 52 3818 4 2319 34 3228 22 9553 73 2078 66 6252 78 1546 69 8309 64 2509 62 870 30
3743 2 3397 56 1415 90
3744 5 1410 47 4537 64 6693 82 3306 53 561 29
3745 3 1175 73 4238 74 7826 47
3746 1 1495 22
3747 7 1493 65 8780 62 964 24 6221 37 3357 96 3185 7 4083 33
3748 5 933 96 5554 88 5623 50 522 50 2680 4
3749 4 80 66 1745 5 4272 47 2926 10
3750 6 1878 12 9020 40 4537 27 8605 31 1295 76 1924 87
3751 8 2000 11 8817 85 2541 13 3137 81 6466 10 2512 86 5611 47 7869 54
3752 10 3156 95 4983 62 7357 31 6021 73 1958 99 6817 56 4960 87 4444 68 9475 1 400 67
3753 7 824 57 5489 56 9341 85 9973 85 1020 5 3435 24 6572 43
3754 4 2208 94 8306 16 8939 30 2048 17
3755 4 727 34 3810 75 1686 85 1993 18
3756 7 1526 51 6450 81 9116 61 5111 46 6375 46 2890 17 2564 24
3757 4 3132 22 6404 96 5316 70 5695 77
3758 2 2452 33 6200 64
3759 4 1907 38 7182 100 9186 28 5730 35
3760 6 2538 99 4629 45 5259 80 1006 36 7333 72 7029 83
3761 5 1769 65 4996 12 7547 58 4682 29 4808 77
3762 4 483 17 9813 25 1257 11 9735 15
3763 10 2442 61 5032 14 5338 17 6966 34 7616 80 1025 39 240 43 8719 1 8621 15 1009 48
3764 6 2234 97 3960 72 100 53 1019 62 3646 89 3131 59
3765 4 4 67 8064 53 929 35 2291 32
3766 4 463 88 7275 56 3709 93 6347 45
3767 2 2354 45 6719 14
3768 1 3211 100
3769 5 194 15 4503 96 7564 54 6463 69 9704 95
3770 6 699 42 5319 100 5112 60 9380 51 9440 65 9708 31
3771 6 3086 57 3894 20 4587 74 9383 82 1529 19 4876 2
3772 4 2191 91 9655 46 7413 97 7645 41
3773 8 1203 21 3813 55 4894 38 3601 87 7250 57 4960 7 1487 28 6371 37
3774 5 3705 28 4654 29 6689 9 3615 89 368 98
3775 6 451 43 6647 62 8108 73 8265 87 1301 55 7342 76
3776 4 2523 78 8221 79 2357 14 8932 81
3777 4 1881 80 6753 13 9693 63 2833 85
3778 3 3533 7 6301 1 3099 28
3779 5 630 99 7357 37 6542 49 1699 75 4041 11
3780 2 2481 8 4635 56
3781 8 1200 82 4470 68 5126 43 6254 61 8422 90 6011 40 7821 93 554 93
3782 7 1248 90 223 83 7461 24 8141 93 1119 83 8404 51 7683 4
3783 6 1009 22 8558 30 632 73 7485 31 5662 19 7879 17
3784 4 2731 55 7010 34 4441 56 9487 58
3785 7 1235 65 7906 56 9322 9 4974 93 8098 36 3725 51 8541 72
3786 4 324 90 5533 48 2742 79 4564 59
3787 2 3302 51 3018 37
3788 7 3579 32 4520 15 8801 8 3077 8 8542 40 707 68 6212 100
3789 2 1595 96 3728 56
3790 2 2636 75 3717 84
3791 5 2266 86 5284 10 7567 66 3028 43 268 52
3792 6 960 3 7738 90 4578 3 6668 28 6198 67 907 6
3793 6 2684 36 5927 58 9743 28 97 93 501 71 5095 94
3794 10 1867 78 3231 81 2513 44 9907 2 2387 39 8743 10 3212 90 569 48 4689 15 3562 8
3795 8 990 75 4660 16 4898 26 5445 85 9416 55 7434 99 4972 69 3264 90
3796 10 1408 63 4541 63 5617 5 7298 87 8575 13 5388 97 645 10 8012 30 4663 31 5342 67
3797 2 2600 46 6817 27
3798 6 1439 98 9929 30 3658 67 3336 63 2087 9 3824 90
3799 4 1727 93 4019 76 3830 58 9460 46
3800 4 1461 97 6528 37 7083 27 1977 1
3801 2 3222 55 2446 91
3802 6 1788 11 4562 51 6964 11 157 11 7846 34 9265 45
3803 5 485 15 5878 9 9397 57 5979 100 2325 18
3804 9 976 85 8801 35 591 24 6409 97 5143 7 3563 29 9118 16 4076 23 1125 90
3805 6 1961 82 2450 7 1960 9 8490 54 5596 49 578 24
3806 5 1529 91 5563 3 9264 11 4620 7 12 46
3807 8 1291 32 4338 63 8404 63 2968 16 5120 88 5108 29 9639 82 8795 24
3808 5 1962 78 4772 89 6316 36 5960 27 4515 85
3809 6 3229 18 4840 75 1226 5 5027 11 6095 22 4980 76
3810 5 3755 75 5454 30 5766 13 964 36 9839 23
3811 9 1145 32 4982 78 8809 96 8758 9 5361 26 4259 26 4928 80 4304 22 2507 82
3812 5 2436 84 4506 78 5841 70 6865 78 924 22
3813 2 3773 55 6268 12
3814 2 2093 99 4942 11
3815 7 737 8 4308 15 8119 98 4056 68 7334 35 8325 83 4624 18
3816 6 2729 12 6168 66 9248 66 9103 95 9833 63 643 16
3817 5 1171 66 4500 3 8237 32 565 90 1400 12
3818 7 3742 4 4988 39 9127 81 5069 44 5706 6 3013 8 1092 56
3819 5 3261 50 6527 98 253 92 4966 89 2909 68
3820 3 3328 8 8968 55 6953 44
3821 8 1494 31 7150 63 9355 12 2018 24 2792 77 7911 53 9411 7 1608 72
3822 4 426 75 7909 94 8279 62 3265 87
3823 5 1370 82 2732 14 6413 26 6221 46 8939 82
3824 9 849 53 9835 42 1748 77 9110 83 6693 70 1818 42 3798 90 7474 57 7089 27
3825 3 1651 38 297 81 749 100
3826 5 565 83 7801 3 8624 44 7134 45 3616 27
3827 6 697 87 5294 60 7410 10 262 71 2166 65 7546 30
3828 5 910 61 6071 3 5344 21 975 68 3607 29
3829 8 2919 78 7705 4 8525 88 9722 79 2284 56 6083 51 2003 7 7515 40
3830 6 1920 73 8958 32 6268 65 3799 58 4316 22 6744 58
3831 6 1737 83 6534 14 2846 60 7207 89 7341 73 5470 15
3832 5 1857 37 4841 31 9703 29 4872 53 9308 35
3833 5 3698 26 8771 20 2441 34 2239 4 7100 7
3834 9 1508 89 8997 25 3842 94 6256 73 9225 70 6060 79 7220 11 1193 25 3384 39
3835 7 2887 41 5665 18 6095 99 4466 19 9043 33 1418 44 6924 73
3836 5 2523 20 4335 25 8284 76 7915 43 3338 10
3837 3 1807 72 5270 94 119 98
3838 5 1620 19 6605 94 9120 94 4089 79 9550 56
3839 3 626 87 8228 62 7631 88
3840 7 1799 22 7113 78 7811 58 8861 46 9581 16 7494 76 7713 19
3841 7 1916 67 4119 58 4978 97 5504 74 6141 72 4202 68 8234 76
3842 6 2251 2 6793 7 3834 94 5316 62 1423 55 2160 55
3843 5 401 7 5526 37 3474 67 7880 76 5086 85
3844 2 3183 76 9752 10
3845 6 2184 84 6482 29 682 67 8941 15 9272 60 7579 86
3846 7 2442 3 4536 50 7400 22 3953 61 9357 7 534 1 9172 85
3847 6 2644 91 9702 11 6397 41 7902 66 1756 90 8516 48
3848 5 1502 41 8262 43 9008 64 1898 37 9232 4
3849 6 1670 64 8664 65 795 11 2241 2 9698 91 6363 86
3850 3 1886 67 5318 40 3496 69
3851 3 2708 20 4385 57 1458 53
3852 5 1073 26 6253 5 8341 72 9673 38 4264 8
3853 6 531 13 5786 7 8407 19 1678 73 5834 13 9152 58
3854 7 877 53 3997 41 4963 17 8190 67 2875 89 3329 58 6438 30
3855 3 91 64 4939 35 6306 46
3856 2 2483 7 1026 1
3857 7 2077 27 4380 51 7339 27 4530 7 645 51 1863 18 5653 55
3858 6 1795 53 6777 87 9474 68 9788 80 6245 24 5580 91
3859 7 3699 88 6218 83 6554 50 7303 90 1067 75 1172 20 9636 68
3860 2 538 52 6511 29
3861 3 3168 30 5577 75 6390 42
3862 3 1395 29 8573 42 4240 22
3863 8 37 17 7271 16 6552 62 7942 85 8196 96 4229 66 8002 57 5872 90
3864 4 2224 54 6549 6 1473 5 383 89
3865 8 1707 85 5388 83 8166 75 3492 90 4435 2 6465 37 7913 67 204 8
3866 5 944 52 7552 62 4013 36 6124 12 4581 11
3867 3 2473 65 7717 94 7423 59
3868 2 1997 57 9721 78
3869 6 2207 100 4107 57 6879 81 2932 35 9670 43 1630 87
3870 4 555 35 5822 5 7782 49 8381 56
3871 9 1041 6 4165 71 4934 95 6435 7 8850 83 6764 77 8419 4 1846 71 4122 9
3872 6 397 73 4351 33 5152 6 5423 18 3949 89 5349 85
3873 6 3014 63 4271 28 8596 39 5814 33 8058 83 320 21
3874 6 3413 78 6488 7 9560 39 6371 16 6636 16 7980 27
3875 4 58 50 5547 38 860 79 184 87
3876 8 341 40 9099 23 6239 56 870 79 6321 56 9986 9 1075 25 5678 55
3877 6 2371 13 4246 71 4603 44 6015 98 7994 88 1205 71
3878 3 992 57 3992 82 1130 89
3879 7 1973 10 4318 20 7956 59 8316 58 4752 35 803 73 2598 85
3880 7 669 58 5745 22 8490 74 5831 18 8312 35 639 84 6957 99
3881 2 686 6 711 69
3882 6 3267 63 8294 98 8314 79 9802 30 9178 74 666 68
3883 5 3554 21 3066 2 5921 81 6142 95 3185 89
3884 3 712 91 4610 8 9248 87
3885 8 96 62 5605 19 7261 85 164 71 5304 78 3008 13 6505 29 2450 83
3886 5 1660 78 6261 91 943 89 7454 3 6874 99
3887 4 751 68 8214 8 1794 45 485 48
3888 3 3472 54 7103 46 3266 28
3889 5 1158 60 4831 100 5996 11 7570 84 2135 89
3890 3 3610 18 456 1 699 43
3891 6 1807 87 6306 73 5171 65 3438 94 1159 75 3583 42
3892 6 3686 26 7597 10 4179 7 2211 53 9037 43 1901 46
3893 4 2406 26 5507 42 4903 25 5869 39
3894 3 3771 20 5520 63 3544 29
3895 5 94 74 4402 93 5332 53 4659 55 813 40
3896 4 2247 43 9282 27 9833 27 6106 50
3897 8 3200 92 4511 39 8241 45 9861 28 834 53 1529 69 4808 53 193 50
3898 4 885 16 9847 55 1947 28 8999 63
3899 5 3596 27 6239 5 6785 63 7313 59 4755 26
3900 2 2124 72 8723 34
3901 5 403 8 8926 28 2823 38 6635 68 1013 100
3902 8 1766 4 1612 73 4339 32 3019 28 1301 11 8011 35 6045 74 2142 37
3903 4 2817 10 3008 27 2389 77 4613 95
3904 4 1391 9 5486 100 402 47 1336 24
3905 6 2272 18 4011 92 720 6 5793 21 7977 72 409 47
3906 4 3072 41 4076 16 2252 13 3704 52
3907 3 278 11 7977 20 748 50
3908 4 2930 74 9433 100 3696 71 428 42
3909 6 2626 48 6112 58 6829 44 2580 81 3137 36 865 17
3910 7 981 40 5751 91 8187 87 2450 70 3358 32 2435 74 1752 39
3911 4 1665 27 2713 3 4222 5 6157 12
3912 7 2915 11 9705 76 8621 59 6369 58 372 31 8255 52 7164 33
3913 6 1964 58 9438 8 731 58 1218 88 1833 24 4054 92
3914 3 1892 84 4059 93 4596 58
3915 5 1320 85 1875 55 5261 63 4159 22 3606 70
3916 6 3394 72 3920 3 5964 95 1141 72 5726 54 5622 7
3917 7 2923 60 6310 69 8338 57 8743 76 9831 65 6799 93 3114 18
3918 5 2437 41 5619 33 6347 68 7672 62 1332 36
3919 6 3226 40 3194 17 6543 81 1775 79 1316 10 3395 30
3920 6 3916 3 8588 29 1064 76 4171 86 9869 56 9979 12
3921 4 1461 65 6558 43 3692 22 7132 11
3922 4 1800 89 9464 8 3310 75 4492 39
3923 7 3529 70 652 6 6224 22 2338 47 9648 13 5228 42 66 98
3924 4 278 37 6059 71 2295 83 6134 94
3925 2 774 12 5659 33
3926 7 2716 27 8986 29 6739 46 3620 22 5781 35 7452 82 4786 39
3927 7 1553 32 5331 94 5390 16 8013 65 6696 36 1506 25 1404 68
3928 5 1518 95 6108 59 4787 94 6121 84 1941 34
3929 2 917 51 3068 98
3930 6 1174 4 7457 91 4024 51 796 65 2760 99 8371 21
3931 4 162 29 6086 41 9011 28 9983 89
3932 7 2493 89 4558 47 7102 35 9997 69 5386 77 8940 48 4465 64
3933 7 2330 16 5128 60 7214 94 5244 26 8943 60 1179 91 8102 80
3934 9 587 69 5272 24 4444 93 9899 48 7155 47 1721 100 9438 13 3402 49 2535 75
3935 3 2895 81 8367 94 2808 12
3936 5 619 82 4754 78 5120 68 5673 25 8102 21
3937 2 1912 10 9629 23
3938 10 542 1 7234 92 9829 13 2178 43 5986 46 9743 63 3381 54 1770 75 6431 1 7756 55
3939 6 1327 28 6211 55 8153 44 6668 48 6438 92 1408 11
3940 8 25 15 7244 59 1686 22 2000 78 6022 46 671 32 2422 60 612 23
3941 4 2594 13 9481 35 489 17 1177 71
3942 4 3334 79 578 9 1227 60 2719 77
3943 5 1090 49 5877 80 8490 94 5042 16 7912 94
3944 11 3360 4 7632 36 9161 7 8752 46 9015 14 2432 22 1370 52 6325 71 1485 12 7668 78 37 91
3945 3 658 36 3738 6 2987 61
3946 2 514 68 5881 55
3947 4 2130 91 4870 96 3951 27 346 18
3948 6 806 86 7402 80 858 49 1085 7 7709 81 5682 25
3949 8 3101 46 7709 22 9288 12 7336 91 5122 54 2207 62 3872 89 7755 51
3950 4 1854 88 7223 8 7973 51 6628 60
3951 7 1531 40 9074 70 9861 100 1902 38 1306 3 1334 96 3947 27
3952 6 1109 38 4027 4 6575 15 9374 29 850 94 6525 95
3953 7 1473 88 5280 84 5579 90 3846 61 3003 67 5931 72 4154 90
3954 4 1592 29 7716 36 7600 94 2246 68
3955 4 56 60 2774 22 9281 92 6112 71
3956 7 193 35 5330 80 119 74 2750 85 7023 55 8896 20 7463 22
3957 4 490 27 5560 81 6682 81 9595 64
3958 6 2404 94 1966 98 9980 28 4898 21 592 36 170 29
3959 3 1368 72 8633 26 9824 5
3960 3 3764 72 4762 44 8790 17
3961 5 1621 16 4429 76 3468 27 9882 26 1736 77
3962 5 2452 85 4976 34 584 21 4800 84 1633 73
3963 6 1397 86 4707 12 7422 46 1780 65 863 78 1184 92
3964 5 2797 57 4014 50 8258 22 8968 28 4918 11
3965 7 3399 77 4395 55 8542 62 3690 49 6005 62 6626 56 2236 26
3966 3 1743 83 4944 52 4736 84
3967 9 1365 69 5196 23 6921 62 7700 73 8280 87 2213 42 279 60 4416 35 3052 33
3968 5 1558 91 6486 21 2976 22 8553 18 2742 74
3969 6 1579 42 4267 26 5360 73 409 86 6414 63 8925 92
3970 4 2323 4 9608 56 960 94 5544 1
3971 7 844 10 4998 75 7197 44 8284 33 8808 89 4172 11 9059 37
3972 4 649 18 8715 9 6942 94 6531 38
3973 7 1256 22 8937 47 9004 12 7282 30 38 23 2645 16 7328 34
3974 5 953 75 9443 73 9581 19 79 78 7789 83
3975 3 2643 41 5590 9 7288 62
3976 4 1838 55 4717 55 2062 57 1878 24
3977 6 436 77 5955 90 4270 18 9337 31 1666 59 3624 10
3978 4 828 33 9736 26 3151 91 206 18
3979 5 822 51 4483 81 5042 66 4979 48 2104 11
3980 6 1009 72 9156 88 9470 99 3163 9 11 67 3397 30
3981 6 3258 42 4524 62 8216 16 6907 66 1507 73 5420 7
3982 6 2298 16 4203 64 6489 75 6923 62 8134 83 1974 54
3983 4 994 57 7884 58 8400 56 9561 16
3984 2 2174 92 5904 27
3985 5 1549 18 6018 77 8702 58 9545 16 7848 34
3986 2 85 64 6335 54
3987 3 3010 83 5480 20 9726 22
3988 5 645 62 1672 62 3322 68 4504 90 2591 30
3989 7 619 72 5738 39 4731 91 4884 70 3050 61 9313 40 272 78
3990 4 157 15 1997 32 8409 11 249 100
3991 5 2999 93 8192 73 9017 63 486 49 2545 89
3992 5 335 35 5728 87 3878 82 2966 95 2476 27
3993 3 2348 98 7681 30 5480 38
3994 3 3723 27 2221 62 6794 80
3995 4 2767 63 3540 95 9411 4 97 4
3996 5 3516 81 344 45 4796 61 7714 12 3647 40
3997 5 3854 41 5539 58 785 39 823 22 5715 60
3998 6 3093 40 4160 58 3064 17 8272 50 6141 84 3046 81
3999 3 2247 44 4251 20 8378 22
4000 7 2832 2 6986 73 7325 9 9245 12 9856 26 2232 41 8349 90
4001 2 2139 88 6803 39
4002 4 3201 55 7959 71 2274 59 3040 3
4003 9 635 76 4595 71 5688 71 9894 91 3360 53 9830 98 8350 43 5158 22 8753 92
4004 4 3064 94 528 85 428 22 746 82
4005 4 3529 64 8701 63 9502 21 4468 50
4006 5 3592 44 9749 81 5525 84 889 95 7405 21
4007 4 3656 45 8935 79 1279 69 4692 17
4008 6 1918 28 6347 84 8560 94 9387 50 4865 16 2687 42
4009 4 3102 91 2172 91 5869 57 888 78
4010 4 1712 28 7514 62 4948 73 8296 94
4011 9 3905 92 6388 91 7556 89 9253 81 9772 83 9968 84 4448 62 1625 34 748 18
4012 2 1461 66 4207 38
4013 10 3236 10 9568 67 7531 47 5305 13 5484 30 3866 36 6083 36 2889 3 2622 69 8788 62
4014 4 3964 50 6563 89 3281 30 6111 73
4015 4 3170 71 4185 99 4372 40 6139 97
4016 2 1090 24 4342 81
4017 3 2259 73 7267 23 7847 93
4018 7 2743 45 6145 79 6991 95 6243 50 1580 29 4353 24 2803 46
4019 7 3799 76 915 63 5556 69 8536 17 9483 23 1170 76 3336 68
4020 3 1021 91 7100 74 4673 46
4021 4 3077 24 6737 92 2375 90 8267 50
4022 4 83 40 5916 77 7403 48 9721 36
4023 10 2235 9 5693 71 9137 76 267 75 6834 94 6695 92 1973 38 6631 65 1635 36 1253 36
4024 6 489 23 4669 93 8695 28 9053 87 3930 51 389 25
4025 5 270 22 5564 32 8343 20 2300 84 9345 68
4026 5 2961 74 5626 3 2306 49 2908 39 630 31
4027 5 3952 4 5883 55 6928 81 4678 12 1422 35
4028 5 2582 95 7224 77 8747 52 3139 33 6003 88
4029 3 716 19 6157 47 7589 73
4030 3 1867 99 5977 32 4511 73
4031 6 71 51 127 45 3470 26 8239 37 1147 74 9340 86
4032 4 397 78 6768 18 2253 9 719 83
4033 7 386 42 5772 18 8496 2 111 20 9199 29 2498 6 5050 47
4034 5 899 38 6836 58 398 26 2830 16 9501 16
4035 5 1386 23 8244 10 7363 43 5759 100 1316 36
4036 5 37 74 3041 91 7907 78 2458 53 8721 54
4037 6 162 35 4091 16 5208 29 5185 74 8212 91 4076 84
4038 4 2573 59 1409 74 4201 74 7804 54
4039 2 3158 53 942 80
4040 4 234 61 4722 64 1626 16 4061 20
4041 5 2693 7 3675 35 5579 10 9948 43 3779 11
4042 5 188 90 7717 31 1962 75 6952 23 2147 2
4043 4 403 38 7354 89 3286 22 4784 61
4044 2 721 74 3738 34
4045 5 1793 52 9437 36 4172 30 8339 50 7830 87
4046 5 175 61 6882 5 3254 2 8909 12 6759 52
4047 4 1405 42 9166 74 1243 92 9960 55
4048 5 1682 18 9367 78 5630 70 7419 18 6309 46
4049 6 2658 62 962 99 9652 10 7233 55 7741 44 7094 1
4050 6 2908 30 5372 13 5771 28 5717 54 9210 8 5874 57
4051 5 2848 65 4115 24 8365 19 4668 62 2546 94
4052 3 2759 31 4628 54 5103 86
4053 1 2229 66
4054 2 3247 88 3913 92
4055 4 3003 33 4579 72 4851 26 2778 24
4056 4 102 91 4589 30 4543 47 3815 68
4057 3 2241 25 6953 79 7511 44
4058 4 1124 68 3200 98 7697 60 6887 89
4059 8 330 17 4400 80 5493 35 9137 26 3914 93 4994 93 5824 42 8435 38
4060 5 131 69 6563 64 4633 89 3287 51 9377 34
4061 7 3522 6 5696 67 9119 72 7759 20 1789 37 4040 20 6696 96
4062 4 2508 95 6056 64 9603 52 4496 60
4063 3 592 99 8922 81 9247 9
4064 10 3389 77 6475 14 4094 63 7364 81 5803 30 7020 94 6081 22 7378 76 8324 85 3427 30
4065 6 86 44 4604 98 7376 7 1601 49 5046 54 7369 61
4066 3 1550 38 4438 60 999 36
4067 5 1361 92 5052 5 8174 29 4689 40 1601 48
4068 4 818 70 6194 16 7665 30 2136 78
4069 2 1966 15 9900 50
4070 5 553 22 6334 23 6490 94 8966 89 5846 22
4071 4 3621 83 8906 52 3502 1 81 22
4072 5 191 95 5254 15 9321 68 7561 1 5278 82
4073 6 2245 10 6629 79 3604 53 1516 30 8057 88 5070 16
4074 2 697 62 5562 26
4075 2 393 100 1237 9
4076 5 3906 16 9516 78 4037 84 3804 23 6983 96
4077 7 557 66 4712 86 4918 84 2872 75 5435 93 1827 49 235 24
4078 8 264 32 4494 38 4566 20 7167 80 8468 86 2324 44 9774 77 7786 4
4079 4 1847 56 5256 51 979 53 8004 18
4080 9 1130 61 8805 39 9802 63 2998 66 4498 35 9979 47 1016 66 584 81 615 30
4081 5 3268 41 4280 21 3521 90 8488 45 4774 31
4082 5 2334 49 7876 62 741 24 4818 95 6741 52
4083 7 3164 98 1186 70 3427 99 3157 35 8674 63 9225 10 3747 33
4084 3 1144 13 8661 57 5513 70
4085 6 267 93 5984 2 5337 65 5262 78 5676 12 39 37
4086 9 1664 36 5378 7 6524 38 2529 96 510 51 7630 71 5876 1 1678 49 8611 35
4087 4 447 2 9348 71 181 36 337 15
4088 6 128 66 5400 1 7745 15 618 3 6645 71 3697 65
4089 6 866 18 5170 39 6445 59 9476 94 3838 79 1636 7
4090 9 1061 90 7543 2 6018 16 1863 47 2329 95 9116 8 5395 42 2662 82 6172 1
4091 4 4037 16 5560 35 9307 46 994 32
4092 4 2074 70 7592 12 5522 4 1458 62
4093 3 3719 64 1697 25 5456 17
4094 6 2286 76 4276 63 6848 5 3590 2 4064 63 456 42
4095 7 3429 27 887 85 8832 67 2134 88 4149 86 3640 55 8394 57
4096 2 2941 35 3275 14
4097 3 2960 42 9012 90 5018 65
4098 5 3288 77 9273 20 4673 58 5627 75 13 7
4099 6 3621 99 4463 78 1830 74 5721 9 7572 81 8013 11
4100 6 4 25 2326 42 8491 40 130 42 8159 83 9371 26
4101 5 174 66 5271 43 2749 98 2406 61 734 77
4102 6 44 5 9408 9 8066 3 9271 8 2364 34 77 100
4103 4 1372 5 4865 76 5283 82 3588 74
4104 1 2389 85
4105 5 3379 52 7475 36 7140 95 3732 25 5347 46
4106 5 3506 57 823 80 2059 40 4312 81 9630 89
4107 5 3869 57 6752 47 4526 7 1854 42 5438 57
4108 3 1712 3 3399 9 2327 80
4109 5 2579 66 4899 17 4538 79 9100 100 8757 93
4110 5 2283 15 5342 88 9611 19 7171 8 1936 95
4111 3 3147 50 9050 89 9155 48
4112 4 3499 83 6102 61 254 27 6461 66
4113 3 3057 76 7641 83 7761 34
4114 4 83 2 5798 4 6230 63 8192 3
4115 5 4051 24 9560 36 6425 39 8825 40 2962 27
4116 5 3639 10 6643 31 7595 24 3234 22 323 73
4117 1 3704 64
4118 6 977 84 6951 91 9325 30 9669 56 390 21 3429 33
4119 5 3841 58 4167 27 456 92 4427 59 5102 80
4120 5 1402 32 7515 39 5157 3 1484 95 14 2
4121 7 2402 18 6710 52 9373 6 155 76 9572 6 3333 7 1793 13
4122 6 2659 56 9291 30 9970 25 7226 23 4233 33 3871 9
4123 4 3449 14 4253 70 2325 33 1509 43
4124 6 1123 41 8256 10 5234 94 2226 31 8999 84 2426 99
4125 4 2284 27 2998 69 9069 19 646 20
4126 9 3102 80 4143 8 4620 24 6089 38 8956 53 1915 52 9156 4 4579 32 7282 22
4127 4 3469 8 4247 95 6591 77 5627 91
4128 5 514 8 2567 11 5035 57 5410 64 7958 59
4129 5 3155 100 4723 65 2158 64 7739 72 7272 16
4130 2 1779 69 8024 40
4131 5 265 21 6452 90 8860 38 4449 31 2625 26
4132 4 211 45 2908 85 5389 50 4200 88
4133 5 2157 40 6256 59 7076 16 7601 100 2517 57
4134 5 540 68 7138 37 1047 45 8787 85 3240 37
4135 5 2089 67 5432 12 7643 30 1921 1 7873 61
4136 6 3013 2 5312 63 7873 26 2292 62 4149 79 6225 88
4137 8 2699 93 4826 94 6316 90 4473 9 5743 44 4794 53 8944 22 6506 93
4138 2 1864 14 6261 71
4139 4 3484 40 2828 65 6131 68 5167 93
4140 4 1860 60 5857 41 9284 9 2739 34
4141 8 2451 64 7626 80 8054 4 9702 86 4944 63 9357 67 5132 30 7203 60
4142 5 3733 88 4275 70 5933 32 4510 88 5305 21
4143 4 4126 8 4184 92 8119 5 7588 37
4144 5 168 61 6714 73 3377 22 3410 55 7908 72
4145 4 2808 39 9724 33 122 12 1173 85
4146 3 3168 59 5992 88 5967 76
4147 7 1343 56 9243 32 8277 42 474 65 5986 94 9484 29 4200 3
4148 5 2377 56 6032 96 2162 70 5737 21 963 88
4149 8 1906 71 7117 76 9698 68 7061 75 4095 86 4136 79 9461 4 3030 87
4150 7 2071 75 5396 21 8967 32 166 74 7199 28 8341 23 4906 57
4151 4 2195 33 3443 93 9715 98 9890 15
4152 6 488 64 7831 94 1102 61 8028 59 8918 53 5867 46
4153 6 2703 37 7945 28 8405 76 5964 11 7698 88 3084 44
4154 10 2324 55 4611 82 5031 70 8403 44 2032 97 1679 50 6915 34 4924 45 366 53 3953 90
4155 8 2725 92 4937 87 6275 53 2896 54 665 99 1617 85 6282 74 3195 13
4156 7 3023 48 9393 74 9455 5 7745 85 7792 55 2030 60 9084 43
4157 5 1937 100 5761 59 5859 96 1393 98 4560 66
4158 3 2748 14 2093 74 2752 80
4159 6 796 16 3915 22 7507 50 8503 15 7012 51 1407 75
4160 3 3998 58 363 78 408 48
4161 2 504 99 8779 16
4162 6 877 67 6070 42 7944 80 5510 14 6741 18 6647 29
4163 3 3520 29 2224 84 3533 70
4164 5 746 3 5361 60 425 25 1239 75 3272 20
4165 3 3871 71 4936 56 8919 12
4166 5 1085 4 8096 28 8458 75 6160 61 2426 21
4167 7 4119 27 7886 80 5475 32 3740 70 6568 63 8576 29 1890 94
4168 8 1263 21 4213 51 4539 12 6157 38 6223 66 6259 14 6899 36 7518 78
4169 3 3582 34 9171 3 9547 13
4170 6 369 4 6209 48 9504 5 6474 1 9811 94 9617 93
4171 7 1839 23 4284 45 3291 80 6150 54 8784 48 3920 86 2079 55
4172 10 2172 7 5221 35 6013 70 9410 67 4321 7 6585 11 4706 39 4045 30 9303 99 3971 11
4173 2 2648 28 4431 57
4174 3 549 73 5391 80 4958 45
4175 4 13 85 6454 13 9708 88 5561 47
4176 6 2974 33 6551 35 9271 78 606 64 9219 58 5377 58
4177 1 2746 1
4178 6 440 29 4468 32 4691 38 8735 83 929 21 6442 94
4179 4 190 95 6432 96 3892 7 412 1
4180 3 1694 36 7537 60 6703 11
4181 5 708 31 5429 67 9859 52 1233 85 9441 93
4182 4 202 9 7892 79 9230 19 2518 89
4183 4 1175 16 8747 94 1604 23 7671 58
4184 6 2069 93 686 4 8113 57 4143 92 2239 42 825 35
4185 7 4015 99 7716 23 4584 11 3677 78 1137 39 2724 28 2865 36
4186 3 1005 19 6468 77 4744 94
4187 8 377 36 927 52 6973 35 127 74 6696 37 8237 91 9953 3 8335 89
4188 2 2377 40 2255 14
4189 1 1060 66
4190 3 1151 74 6809 38 5388 84
4191 4 3174 26 4516 18 9303 55 7755 81
4192 6 3009 4 5916 71 7568 64 8453 90 94 38 3308 65
4193 8 2374 57 5455 86 7449 77 7989 61 9787 21 1771 93 6419 72 9928 22
4194 3 2481 100 7484 49 1323 41
4195 4 2503 75 5025 23 7013 28 6495 3
4196 3 1644 1 6822 95 1768 43
4197 5 235 94 4472 5 2441 50 7086 35 3040 96
4198 3 1398 36 7869 53 7573 20
4199 6 3290 59 8481 79 1496 54 4921 100 1263 61 9692 32
4200 6 1348 25 9393 28 4132 88 6953 54 5136 90 4147 3
4201 7 2212 3 4460 56 5468 20 3693 22 1071 6 7551 20 4038 74
4202 4 1383 34 9514 36 3841 68 3467 69
4203 1 3982 64
4204 5 164 86 7889 77 2339 42 4357 50 8485 97
4205 3 1190 18 8236 53 8114 75
4206 5 1564 14 7880 29 6322 44 6346 26 3505 80
4207 5 1096 7 5840 56 2308 48 4012 38 5056 86
4208 5 343 79 2436 71 6187 18 1362 47 2118 59
4209 5 923 22 7680 60 4856 85 4491 92 3279 20
4210 3 1579 3 7993 16 4883 78
4211 6 1403 50 4428 92 154 65 5217 7 3025 92 8533 70
4212 6 764 46 9846 88 9900 68 8997 29 7152 33 6742 78
4213 4 4168 51 4954 20 1723 79 7744 91
4214 2 141 91 3718 14
4215 3 2348 65 4937 38 9857 81
4216 5 1459 67 5229 49 6559 76 1254 73 8489 19
4217 3 1172 9 2799 29 8492 92
4218 6 1135 22 5945 31 7397 25 9769 31 4416 98 683 76
4219 1 353 92
4220 5 1876 14 5009 51 3547 53 5652 4 3580 80
4221 9 510 29 4615 55 4804 14 6896 82 4848 94 8909 82 454 74 8016 19 2468 47
4222 3 1678 52 3911 5 6337 62
4223 4 3431 58 7114 9 7581 3 3408 91
4224 3 353 19 6665 14 4340 28
4225 7 3063 60 7158 91 8753 97 4372 83 6664 45 664 29 4296 23
4226 3 1670 65 2615 19 1468 50
4227 5 2868 30 624 62 1239 46 7571 24 2941 29
4228 5 2095 65 7190 9 3513 63 4590 75 8844 61
4229 7 386 15 6252 60 8569 40 7721 89 9584 49 3863 66 2911 45
4230 5 3136 18 6767 21 4940 9 8247 87 3642 74
4231 3 2527 96 4297 49 7423 23
4232 5 3004 70 2304 9 6422 51 3739 33 1909 44
4233 4 453 35 8343 94 7617 29 4122 33
4234 7 1350 48 7405 84 8883 62 7777 36 3308 66 3566 26 9292 60
4235 7 2090 83 6327 65 7493 12 36 9 1656 11 8882 38 9575 56
4236 2 1965 75 9125 39
4237 7 701 6 4890 47 8169 78 4484 39 995 20 2999 71 625 24
4238 3 2904 15 9559 79 3745 74
4239 6 30 73 5941 61 898 5 3362 78 7185 18 310 44
4240 3 3573 20 5707 46 3862 22
4241 6 1345 6 9000 35 6115 52 5941 36 4492 97 7134 79
4242 5 507 39 5759 35 6918 94 3549 20 7791 44
4243 4 1748 10 3716 66 1088 13 3306 83
4244 6 3219 95 4546 83 6507 54 7623 11 9664 3 4704 26
4245 3 2590 59 5003 26 41 63
4246 5 3877 71 4252 6 3348 6 6844 6 7333 57
4247 3 4127 95 5027 15 3125 8
4248 1 624 82
4249 4 2585 16 4600 36 9799 7 269 75
4250 6 1042 7 4760 24 7635 81 5521 94 5773 100 8033 72
4251 4 3999 20 798 55 7274 97 4842 4
4252 2 4246 6 9948 73
4253 3 4123 70 9447 92 6141 79
4254 6 2812 28 7394 44 900 35 1282 85 2702 84 7579 61
4255 3 1723 53 5937 56 364 47
4256 5 3522 10 5514 6 9324 67 5623 56 5493 64
4257 10 1039 39 9232 88 6737 64 2479 41 8727 7 9222 28 6240 85 750 67 9752 77 9586 92
4258 4 1437 30 7403 58 3174 68 8787 78
4259 4 1954 29 624 53 3811 26 3315 47
4260 6 2603 83 6016 84 9421 75 9700 32 1874 73 2632 50
4261 4 1190 11 2237 1 514 38 939 53
4262 6 2127 23 7696 39 8729 5 7944 75 2907 45 1763 6
4263 3 3454 88 9714 82 171 82
4264 4 376 12 3288 2 3852 8 683 77
4265 6 2021 66 6648 86 6953 42 6928 64 2077 87 92 93
4266 5 1590 80 6446 47 8700 60 4660 79 8702 61
4267 6 3969 26 4299 33 8264 74 1953 34 4753 77 340 72
4268 5 2813 85 5892 91 6801 57 2466 28 858 20
4269 8 2657 6 4302 6 6856 92 6133 27 3094 47 5191 33 9642 75 8702 14
4270 7 1985 34 4385 96 6126 98 3977 18 9840 26 1600 58 8508 3
4271 2 3873 28 4305 78
4272 4 3646 39 2211 25 3749 47 949 82
4273 5 2170 31 3440 54 8459 69 5717 100 5716 73
4274 5 1695 78 6596 9 4724 74 5917 62 215 9
4275 3 4142 70 4752 55 7571 29
4276 4 4094 63 5863 64 6488 8 6099 10
4277 4 2864 48 336 30 864 14 9981 80
4278 2 919 39 9509 88
4279 5 3065 44 4961 8 7898 3 6068 76 1813 81
4280 6 4081 21 4413 51 4526 69 5686 97 9154 69 6512 10
4281 4 1829 34 6631 83 1480 37 8370 92
4282 5 2191 63 6174 28 7216 58 8704 12 2686 84
4283 6 2281 87 5119 16 7073 71 8064 69 2619 91 9117 44
4284 5 4171 45 2694 40 5963 56 426 79 5703 75
4285 4 1451 31 4867 30 3297 84 1185 4
4286 4 3146 96 3054 12 9074 59 2479 27
4287 3 3570 35 5708 3 4472 39
4288 5 2323 31 844 11 7545 76 9092 100 530 20
4289 1 1930 70
4290 5 3500 22 7312 92 6752 71 9846 42 3366 78
4291 8 2107 54 4692 74 7012 48 9093 46 7125 31 3395 69 2538 30 1311 5
4292 8 56 15 5324 80 7605 35 2628 24 2298 91 5395 48 7965 13 8102 16
4293 3 1213 45 4420 20 2698 55
4294 5 1131 60 4646 57 6532 61 1918 92 6327 60
4295 8 3595 16 4482 11 801 12 9252 56 958 70 2795 40 8583 59 7249 25
4296 3 2276 79 5109 41 4225 23
4297 3 4231 49 9021 20 1843 32
4298 6 2227 58 7044 57 7571 59 1644 42 5192 13 1212 25
4299 9 1266 92 5566 61 6546 50 7414 61 7462 47 3241 55 4267 33 8755 55 1306 55
4300 5 197 42 6518 47 4726 84 5732 43 7082 60
4301 2 2770 30 991 16
4302 7 4269 6 7896 41 9494 21 9081 4 4588 93 8895 35 2542 51
4303 6 1556 11 9152 30 2825 63 1759 10 1522 66 3594 55
4304 4 1038 99 5659 88 5566 87 3811 22
4305 4 1226 10 7684 43 9259 23 4271 78
4306 4 2274 37 4521 53 5527 31 6728 77
4307 6 2853 58 5325 85 2867 14 1014 94 9041 42 1683 59
4308 8 3815 15 6372 97 8398 26 291 60 2075 59 8088 8 9448 14 6313 2
4309 3 2259 19 5478 57 8511 25
4310 4 272 47 8794 94 4885 2 7674 31
4311 7 1684 70 5646 21 1295 44 2668 95 2629 6 6575 27 8741 14
4312 2 25 45 4106 81
4313 4 2104 100 5482 99 9633 72 9153 70
4314 2 3230 28 7773 55
4315 9 1005 17 5111 49 9490 58 2402 34 4753 61 3304 10 206 70 791 56 3347 14
4316 9 982 7 1440 87 8852 37 6120 88 5597 51 3830 22 7726 52 5989 49 3727 60
4317 2 2087 53 7008 46
4318 7 3879 20 5072 88 7621 45 8673 68 3320 59 9791 5 5760 91
4319 2 1342 83 8555 86
4320 5 1880 7 4706 76 7614 38 7138 84 1977 37
4321 4 1101 10 1163 5 4172 7 7366 70
4322 4 193 27 8814 39 8306 56 736 60
4323 4 431 52 6161 65 9587 68 8011 28
4324 7 1738 73 4605 68 4729 63 1138 56 7008 1 809 94 8258 54
4325 7 3249 14 5371 67 8046 67 7165 81 5278 73 2543 92 1609 91
4326 5 3598 79 5534 94 6080 11 6667 57 2498 27
4327 7 2011 62 5304 91 5809 4 6028 61 9756 69 2933 31 3178 78
4328 7 3368 90 4909 38 7477 15 2978 61 98 28 7870 87 5388 39
4329 5 2743 21 4929 76 8690 95 702 51 6150 84
4330 2 454 92 2746 31
4331 6 132 28 699 94 6029 2 9372 70 4492 77 4825 51
4332 7 1875 21 5980 78 7391 80 9554 96 3407 55 2809 40 3506 79
4333 5 2988 29 818 13 4832 55 4949 45 6555 93
4334 5 285 20 5444 30 6366 39 6365 6 1038 18
4335 6 3836 25 6237 34 7210 30 2045 42 5630 74 5166 51
4336 4 1738 58 2113 56 8973 47 8354 38
4337 6 2093 35 6722 30 2472 6 6298 10 1325 40 7636 67
4338 4 3807 63 7737 64 6065 27 6496 16
4339 4 300 65 9428 94 3902 32 9999 19
4340 4 1374 39 4224 28 2845 5 4342 93
4341 6 2850 87 5042 98 5426 67 2514 33 5035 20 5840 1
4342 4 4016 81 4499 79 9609 41 4340 93
4343 3 1162 90 7471 90 8123 35
4344 5 3067 62 9741 53 4598 8 2258 50 1073 60
4345 2 27 63 8607 57
4346 4 3644 15 9371 64 9636 16 9874 63
4347 7 2700 25 8151 6 3334 90 5899 85 772 1 9031 16 3194 60
4348 3 550 87 6791 16 1359 25
4349 6 2346 41 8375 77 9830 25 8200 86 5040 40 3234 76
4350 5 742 43 7893 98 3396 98 927 58 6526 53
4351 3 3872 33 7731 39 9225 90
4352 4 3226 89 1450 12 5804 76 2669 80
4353 5 1842 36 5079 61 8230 10 7515 2 4018 24
4354 7 2640 84 6853 77 619 2 7654 50 6369 91 8400 72 1693 9
4355 5 620 14 9788 39 1023 2 8001 58 3559 94
4356 5 1761 55 328 47 4622 67 9265 82 9243 95
4357 6 1106 77 6625 68 8179 97 1029 4 4204 50 1467 52
4358 6 3536 37 5441 51 1576 79 1239 23 7547 6 5899 53
4359 8 2472 32 9546 35 214 13 1234 35 9189 49 7348 61 346 85 8993 67
4360 5 448 56 8313 23 2202 81 3450 93 253 42
4361 2 1443 92 2994 91
4362 2 348 58 7505 34
4363 3 1462 91 9358 79 7825 11
4364 4 873 30 4782 73 8564 67 4439 85
4365 4 730 82 5108 91 9306 8 9808 6
4366 4 37 32 3274 5 1673 16 6494 3
4367 3 2151 84 2629 45 4719 57
4368 2 2899 98 3382 81
4369 7 3299 23 2172 20 3397 69 6627 80 2847 33 4675 44 8037 70
4370 3 2105 97 5592 92 6621 38
4371 3 1077 13 7821 83 5696 37
4372 8 4015 40 5577 19 8327 89 4225 83 5972 7 3334 7 3236 77 255 86
4373 5 726 80 4888 91 6305 60 7517 68 7197 74
4374 4 937 39 5471 15 7152 72 6420 2
4375 4 3376 36 1160 57 4872 58 6587 42
4376 3 3091 22 3108 70 1190 40
4377 2 2825 43 8613 66
4378 2 1693 51 7254 73
4379 3 1312 57 2694 8 3269 60
4380 7 3857 51 5342 1 8002 61 8489 90 8110 44 1127 52 3331 32
4381 4 547 41 5314 58 6934 45 9863 65
4382 8 2070 45 5779 19 7142 99 3705 46 9007 98 1792 13 3547 67 7221 59
4383 8 1136 3 4886 58 1557 17 2548 54 2392 19 6380 8 654 62 5115 25
4384 5 1007 2 6815 36 4685 66 6606 22 7101 17
4385 4 4270 96 8549 61 8570 89 3851 57
4386 12 1282 22 5287 26 5872 65 4909 94 6794 22 2112 48 6855 7 5414 73 9336 46 3406 78 7571 9 243 67
4387 6 2953 88 7373 48 8019 53 1656 14 4589 92 5218 55
4388 3 3111 23 8896 46 7926 18
4389 3 2805 23 4437 68 8035 61
4390 3 1688 43 286 12 165 16
4391 3 286 38 369 93 2965 24
4392 2 1538 67 9117 92
4393 6 537 54 6413 28 9587 22 7817 44 1612 25 3204 13
4394 5 2677 80 2595 11 6517 46 3232 19 9786 31
4395 1 3965 55
4396 4 1173 73 1816 85 5147 6 5452 25
4397 4 197 21 274 14 1350 11 5263 68
4398 1 3504 30
4399 7 2154 16 7431 91 3653 62 9455 1 9330 49 7382 36 2823 62
4400 5 4059 80 4487 82 8803 93 3528 42 590 22
4401 4 3257 41 5135 74 5878 37 6626 3
4402 2 3895 93 2069 40
4403 3 1382 89 6110 96 5559 71
4404 5 2345 33 9363 19 5404 79 8606 62 5818 47
4405 3 2573 66 6198 21 8142 94
4406 5 1187 45 1440 39 2019 100 6820 46 4712 87
4407 8 1166 94 4577 90 9007 5 9988 3 4 68 1847 36 4462 31 9571 6
4408 6 2442 62 7578 81 8305 68 2838 29 6082 92 3080 88
4409 7 2548 1 6334 98 7022 1 2897 27 1920 39 5097 80 5534 76
4410 5 2863 27 4818 38 5116 68 9216 56 7100 22
4411 1 1668 29
4412 2 1616 88 1918 8
4413 4 4280 51 9297 74 4746 5 9939 82
4414 7 1368 73 4926 96 7508 64 9877 58 499 56 1893 83 8982 26
4415 11 522 39 6267 29 6410 14 3472 47 9369 22 1456 97 9746 42 994 4 7676 55 6651 85 7879 59
4416 7 911 71 3564 22 4218 98 3967 35 2621 100 4490 89 7815 71
4417 3 3180 87 6497 60 8311 82
4418 5 618 94 4476 79 8714 25 3634 93 5778 92
4419 3 2281 53 4792 11 6211 27
4420 3 4293 20 4544 58 3065 26
4421 5 3338 86 7520 25 5277 71 1512 75 9230 23
4422 2 751 92 2342 22
4423 7 2010 98 4542 15 6803 54 593 51 9467 68 7046 96 7158 44
4424 8 485 96 6376 45 7845 99 2516 37 5216 72 1251 76 3359 35 143 75
4425 1 3381 36
4426 2 515 10 9309 2
4427 4 1706 51 4119 59 1862 46 3052 3
4428 2 4211 92 9796 2
4429 6 3961 76 5209 19 8186 31 5745 36 9150 58 3112 18
4430 6 552 36 4648 49 6231 58 8004 71 7454 83 3603 93
4431 3 4173 57 5600 14 5054 54
4432 6 3401 93 8988 84 2221 99 55 100 7853 52 3693 51
4433 9 2886 8 8837 82 9754 59 6186 43 2384 67 3705 27 4566 71 4828 25 6680 78
4434 2 39 19 8360 40
4435 4 824 40 3865 2 3143 94 2880 67
4436 5 2861 81 9771 88 2858 90 9753 8 3206 55
4437 5 4389 68 8578 24 8269 96 1826 52 5859 64
4438 4 3426 40 4066 60 9542 16 6527 55
4439 4 1153 62 1495 76 4364 85 296 6
4440 1 3716 42
4441 10 2289 56 6589 99 6804 62 8804 78 3784 56 9834 26 8247 61 2273 79 7868 77 1929 15
4442 6 459 70 5022 97 8871 45 9408 39 4732 2 9449 7
4443 3 846 59 8031 48 6910 73
4444 6 2930 12 3680 9 3934 93 5202 2 2151 82 3752 68
4445 6 1809 60 5895 68 7385 2 9281 76 8512 74 8148 81
4446 4 1969 12 6991 16 7497 27 9950 27
4447 4 2295 92 2291 63 6574 53 6232 67
4448 7 1338 33 5694 61 1556 6 5812 65 4011 62 6393 37 1064 2
4449 3 669 90 4131 31 7433 69
4450 6 2639 22 5166 99 858 100 3515 67 3735 28 2377 10
4451 2 3549 71 9974 82
4452 5 212 65 6601 43 6674 36 522 60 8656 79
4453 1 626 17
4454 6 2529 77 7371 16 734 78 190 93 5840 79 7505 80
4455 5 1867 91 5697 55 9150 75 570 2 6391 31
4456 6 2636 26 5629 71 8272 97 7968 94 7267 27 2314 82
4457 4 1735 87 4885 7 9673 12 1998 7
4458 6 163 3 388 37 8760 86 5294 84 2215 6 5583 32
4459 4 881 32 4915 89 1710 4 2034 31
4460 6 2399 45 8352 9 979 15 4201 56 9002 67 9113 73
4461 8 2148 55 7448 49 8324 68 8734 66 487 17 7941 82 7458 30 5328 48
4462 5 1068 70 5781 4 7269 96 6065 57 4407 31
4463 5 4099 78 169 7 5632 48 6178 13 356 28
4464 4 1589 66 4467 56 166 37 1598 56
4465 8 2634 96 5789 12 9087 81 7938 80 285 58 5410 63 3634 43 3932 64
4466 4 1550 10 6165 100 6107 18 3835 19
4467 4 3026 2 5145 22 4464 56 7046 49
4468 6 4178 32 4005 50 9614 68 4869 80 8545 79 6948 31
4469 5 778 22 4665 34 6990 56 8554 35 2789 99
4470 2 3781 68 5605 35
4471 5 1239 4 5653 9 1466 26 6398 10 3368 71
4472 6 3320 94 4197 5 2877 67 4287 39 329 70 2654 30
4473 5 3332 41 4137 9 4674 59 9977 80 8015 68
4474 6 2776 29 8030 42 5112 49 1661 59 4628 52 8944 57
4475 6 1229 55 7814 56 3098 9 9554 83 8887 6 4737 18
4476 3 4418 79 8108 96 1848 83
4477 4 1172 22 8486 99 1763 36 3537 62
4478 7 3146 53 6107 98 9626 35 3476 27 7824 18 488 26 6204 8
4479 5 1200 22 8701 91 9164 55 6883 99 626 60
4480 2 1555 35 6540 40
4481 5 3091 19 8917 14 3367 60 2738 41 7933 66
4482 5 437 5 5337 57 4295 11 668 84 7943 71
4483 3 3979 81 1790 63 3172 99
4484 7 2139 86 6616 43 6707 4 5534 30 4237 39 2186 3 2616 41
4485 4 1678 8 7815 48 9001 63 8201 67
4486 3 2209 9 967 75 2136 72
4487 3 4400 82 7432 96 5762 79
4488 5 3043 90 7614 10 8790 76 9348 53 6750 100
4489 8 2848 12 6189 99 7772 93 6795 19 1716 87 2668 26 5302 38 466 48
4490 6 2555 12 8144 35 69 36 4416 89 9187 88 8029 90
4491 3 1729 41 5146 29 4209 92
4492 10 2414 83 4715 41 4903 71 9621 31 8101 3 3922 39 8094 78 1072 5 4331 77 4241 97
4493 6 3323 32 5921 32 8408 60 2196 5 787 43 9217 9
4494 3 4078 38 4644 8 8105 46
4495 5 1140 81 7395 5 7769 63 1090 59 2312 55
4496 9 62 92 6672 24 5824 34 410 49 356 47 9938 22 3100 33 4062 60 6193 27
4497 5 2584 65 6103 95 6190 53 8781 63 9066 99
4498 3 3004 32 4080 35 8768 39
4499 6 4342 79 9345 40 9203 73 4910 37 6675 80 593 86
4500 4 3817 3 8318 64 6533 73 9471 85
4501 4 1376 46 5805 24 8779 19 1487 40
4502 3 2270 83 9654 81 9641 72
4503 3 3769 96 5541 77 2280 33
4504 5 104 72 4716 97 3988 90 5154 31 428 81
4505 6 3033 56 8464 81 8621 88 8405 50 6173 34 2854 13
4506 6 3812 78 2522 6 4670 87 1857 73 3679 8 3035 76
4507 3 1010 28 8415 3 883 16
4508 4 237 13 7201 50 8740 47 782 62
4509 7 2158 100 5074 16 9886 62 7672 65 8570 40 1335 5 2973 79
4510 6 2342 6 5569 30 1623 40 5973 75 4142 88 7287 30
4511 6 3897 39 7537 42 1871 11 9628 57 4030 73 2971 29
4512 6 2430 61 5085 37 2081 78 1425 36 5778 9 8471 83
4513 5 1032 93 6317 84 1517 92 3148 6 796 80
4514 6 691 63 5060 84 7245 30 242 99 2360 90 5478 75
4515 5 3537 26 9454 30 3150 52 3808 85 5294 85
4516 6 4191 18 8478 99 508 61 390 10 5218 38 2967 20
4517 6 2487 99 4832 33 3119 60 6550 37 9937 55 2946 26
4518 4 2548 13 7669 27 2815 43 122 87
4519 1 3566 77
4520 6 3788 15 5409 62 5548 27 6675 84 7017 59 9027 18
4521 4 4306 53 8959 88 2549 52 656 68
4522 4 3625 41 5465 4 5610 2 8831 64
4523 2 1886 59 4690 64
4524 5 3981 62 4952 36 1357 36 1117 100 6343 70
4525 7 859 29 5115 91 7120 28 9791 67 5812 83 3235 6 4918 56
4526 6 4280 69 4530 64 9875 100 4107 7 6175 42 271 9
4527 3 1658 75 8067 41 6008 52
4528 3 2247 46 1107 32 1395 70
4529 5 2952 7 927 88 7686 93 9060 78 1819 10
4530 5 4526 64 7649 62 3857 7 1504 43 683 48
4531 6 1946 84 6207 77 600 97 7270 3 7400 61 7417 94
4532 4 750 83 5191 100 2928 18 5659 96
4533 4 670 18 7501 57 7865 10 9440 22
4534 4 2029 67 5071 20 9098 46 7449 59
4535 3 1081 75 5540 13 1726 34
4536 3 3846 50 6777 11 6367 5
4537 4 3744 64 6720 39 3750 27 7115 24
4538 6 2946 61 5446 59 4109 79 6232 59 7511 10 1498 72
4539 6 4168 12 6598 34 3472 38 8823 68 1849 14 9466 38
4540 6 3299 82 6860 54 907 75 2603 4 8088 8 2358 16
4541 5 3796 63 7178 85 7531 51 7625 66 1993 71
4542 2 4423 15 5909 95
4543 6 210 74 4056 47 241 43 6365 34 9105 27 8407 18
4544 3 4420 58 4594 26 8159 56
4545 4 2725 37 6500 43 5661 27 9275 11
4546 5 4244 83 9112 94 9453 39 9127 57 6615 65
4547 3 3427 99 8026 53 8801 67
4548 6 2952 23 3206 72 8488 24 9036 22 8013 19 4621 23
4549 6 240 50 4724 89 6174 34 7803 12 7543 5 8324 45
4550 9 654 45 5570 89 9254 47 4727 59 2890 25 8789 14 2283 26 4944 68 9347 47
4551 3 3420 42 5457 60 9015 76
4552 4 1797 63 583 11 409 29 8400 63
4553 8 1725 98 7794 5 7874 68 9008 76 9409 34 2615 95 7482 37 5837 10
4554 1 2709 9
4555 8 1543 89 1954 63 7051 29 7209 66 6297 46 2607 67 8358 25 6231 82
4556 3 95 30 7102 13 3476 88
4557 7 2973 58 5394 46 6325 75 6601 45 2448 37 9792 22 4716 60
4558 3 3932 47 489 87 1170 4
4559 3 3678 7 1370 98 595 37
4560 4 2780 41 5726 77 8241 93 4157 66
4561 5 1678 19 9330 98 5054 68 718 67 8914 69
4562 4 3802 51 4770 30 7204 52 5158 9
4563 5 937 12 544 63 8736 71 5621 57 5927 19
4564 7 868 19 8912 88 7782 39 3786 59 1343 2 9842 54 5225 63
4565 4 2035 87 7360 59 9050 54 9012 100
4566 5 4078 20 7878 46 2300 96 4433 71 5161 25
4567 6 1521 72 6809 60 692 98 1596 39 1250 48 2351 69
4568 5 937 61 2978 50 5194 66 8753 38 505 26
4569 7 3351 64 6968 83 2775 55 9190 88 235 97 8426 91 4800 33
4570 2 3119 53 113 11
4571 3 2717 100 2004 61 1637 84
4572 5 862 95 1106 43 4968 61 8672 90 7918 35
4573 3 3385 49 6590 48 1263 92
4574 5 2422 72 9933 41 2796 6 1605 50 2066 26
4575 3 2129 5 8696 70 6833 65
4576 4 2551 32 4591 42 1109 98 6840 3
4577 5 4407 90 210 48 7093 32 9870 21 1840 64
4578 4 2969 92 3792 3 8993 22 8392 66
4579 6 2986 36 7769 62 4055 72 9110 41 4126 32 8527 15
4580 4 706 30 1665 76 8530 37 365 46
4581 5 2637 62 6651 34 7494 55 1810 85 3866 11
4582 1 332 82
4583 6 2262 23 8546 28 1567 91 6609 30 8695 80 6157 96
4584 3 1453 37 6304 5 4185 11
4585 3 1266 81 6898 70 6128 54
4586 5 502 58 4678 77 6190 22 1804 34 7105 14
4587 3 3771 74 8710 5 7133 71
4588 6 78 32 8552 35 8550 100 8615 2 4302 93 7567 31
4589 6 4056 30 7803 59 7582 18 4387 92 3422 10 157 53
4590 6 3027 2 5933 87 7812 19 6517 92 1423 60 4228 75
4591 6 4576 42 8759 78 6411 17 1500 59 3490 30 3089 75
4592 4 929 39 5485 100 7445 44 3122 27
4593 3 1101 15 5206 74 9810 32
4594 4 747 20 5829 15 6525 77 4544 26
4595 3 4003 71 8696 33 7432 40
4596 4 3463 9 9351 68 3914 58 3265 84
4597 2 2797 30 7879 3
4598 8 1742 12 5603 25 9216 40 7650 55 782 89 7337 45 3560 13 4344 8
4599 4 1256 34 8741 73 8113 57 1919 82
4600 3 4249 36 7340 26 7168 5
4601 2 337 23 6568 64
4602 4 1898 94 8676 10 7119 85 5007 2
4603 7 3877 44 824 66 914 99 9594 49 1326 81 6600 43 2728 76
4604 2 4065 98 5542 33
4605 3 4324 68 4677 4 8881 46
4606 3 3169 46 1101 97 736 68
4607 4 1500 34 178 29 7020 89 7669 27
4608 3 3352 51 1790 50 8482 25
4609 4 2750 44 8871 60 7213 97 7458 69
4610 7 3884 8 6946 1 8732 36 734 41 1217 1 1580 79 4775 20
4611 3 4154 82 2530 76 2578 19
4612 7 2772 57 9608 96 8835 26 8794 47 1021 40 878 12 9838 9
4613 5 3416 89 7237 78 9759 69 9722 29 3903 95
4614 1 1767 32
4615 4 4221 55 8982 54 8592 40 4620 85
4616 4 583 60 6129 36 7152 91 9568 29
4617 6 434 26 6838 56 2011 97 4940 58 7807 93 5406 3
4618 5 1059 15 8423 70 1298 59 2634 10 367 96
4619 4 2508 60 4773 43 4694 70 9138 76
4620 11 4126 24 4679 9 3806 7 5433 86 663 3 5564 61 1482 64 7487 57 4809 13 4615 85 2961 63
4621 7 3226 60 7283 72 8854 66 775 54 9937 74 3555 6 4548 23
4622 5 224 72 3061 1 5577 47 5077 94 4356 67
4623 6 825 55 9879 35 9858 88 6912 34 3714 57 1076 19
4624 5 3103 88 8682 55 8015 68 7944 96 3815 18
4625 3 3651 5 586 100 8805 49
4626 4 2395 12 2331 27 6502 41 171 63
4627 2 492 86 9252 59
4628 3 4052 54 2660 87 4474 52
4629 7 927 50 5908 56 3760 45 6099 2 1029 27 2966 16 3129 76
4630 6 211 13 8800 38 1290 98 1676 33 9349 30 9815 100
4631 9 1438 31 4891 17 7400 40 7322 11 2440 5 16 33 7242 22 403 99 4663 56
4632 7 566 72 6063 51 8412 17 5366 39 3467 55 6232 34 8900 91
4633 2 3520 23 4060 89
4634 3 3680 55 1838 31 352 21
4635 4 3780 56 5848 4 656 42 1940 67
4636 9 935 37 4899 52 5057 28 6459 81 3226 96 9017 14 6219 27 1944 46 442 24
4637 7 1214 75 7198 46 5842 62 826 76 2201 10 1998 3 1631 67
4638 4 58 32 6570 30 4892 96 2518 14
4639 4 2266 34 5029 78 5121 71 366 47
4640 3 258 7 6395 73 2626 69
4641 5 467 34 5077 46 7744 7 7678 67 5533 17
4642 5 1787 20 4651 82 7012 72 8403 83 2523 75
4643 4 2284 36 2111 92 5429 76 2835 32
4644 4 4494 8 8044 28 2096 87 326 90
4645 4 665 91 5067 9 6243 11 5719 25
4646 8 547 3 8834 60 9866 47 4294 57 2236 41 13 85 583 45 9017 46
4647 4 72 48 5897 52 1594 82 7657 2
4648 3 4430 49 137 35 7777 51
4649 7 1607 33 7784 97 4970 18 7722 41 2888 24 692 43 9076 96
4650 5 614 15 5405 27 6087 54 7617 88 8678 37
4651 1 4642 82
4652 5 2852 83 5306 34 5742 9 7625 10 8558 52
4653 6 3503 32 156 20 6142 46 2857 79 1706 24 2440 34
4654 4 3774 29 5652 100 6826 23 964 48
4655 2 1962 81 8136 57
4656 5 2705 52 7447 77 7761 32 6987 3 2582 77
4657 3 573 83 4864 97 7589 58
4658 6 3423 54 4753 83 6191 35 1805 43 3281 47 2421 75
4659 8 3411 78 8888 78 5824 1 7967 91 8550 83 1417 82 3895 55 1836 23
4660 5 3795 16 4989 96 4266 79 1918 100 8697 16
4661 7 1446 14 4827 100 9394 35 2486 90 7054 94 5605 87 26 13
4662 4 602 67 8509 7 2312 24 7338 27
4663 4 2494 3 8539 26 3796 31 4631 56
4664 4 2541 90 5884 93 9842 27 1014 65
4665 3 1743 83 4469 34 3707 30
4666 2 1820 59 6747 9
4667 4 992 5 2677 73 8643 40 167 70
4668 7 1528 11 6532 88 2855 41 9709 3 4051 62 9109 91 2033 4
4669 6 4024 93 3111 86 9486 88 2093 6 2625 7 9681 17
4670 6 69 12 5218 65 5602 87 4506 87 2325 15 3259 98
4671 7 1165 19 4858 38 5137 15 6573 57 8351 86 5925 1 6494 27
4672 4 1697 21 7355 6 2734 14 4725 18
4673 6 1447 59 6311 13 4098 58 1770 59 3673 90 4020 46
4674 8 100 9 6232 71 371 43 6012 33 8625 80 4473 59 741 87 3051 14
4675 7 1699 70 2546 97 5640 55 4369 44 51 61 5991 86 5392 80
4676 8 3635 98 7706 82 9589 28 800 96 5532 14 403 46 1747 63 8250 43
4677 3 4605 4 6547 49 8286 36
4678 4 4586 77 5428 67 4027 12 474 60
4679 4 4620 9 8598 91 9662 15 2274 34
4680 4 80 65 7714 87 2788 44 3327 51
4681 3 2576 81 7867 79 1661 84
4682 5 2881 89 3761 29 9202 37 8394 97 3214 80
4683 3 485 56 5224 52 9916 66
4684 3 657 27 6468 76 5749 67
4685 6 1001 19 5446 65 8851 62 9092 100 2186 7 4384 66
4686 5 2015 14 4765 90 8592 29 8213 22 6979 82
4687 2 2884 34 2806 19
4688 5 1894 4 7603 45 4961 10 2382 28 4815 21
4689 6 3170 89 6342 57 2375 13 4067 40 3794 15 8519 70
4690 6 2368 85 4523 64 2234 74 7332 96 5496 52 483 80
4691 7 4178 38 9657 22 5811 71 3173 36 3062 72 3503 50 3632 79
4692 3 4291 74 4007 17 2412 80
4693 5 3271 65 9054 38 5523 80 7692 54 3436 14
4694 6 2475 78 8733 80 1466 95 4619 70 2542 20 704 27
4695 5 2239 8 5214 52 3083 19 1073 14 1584 83
4696 8 761 67 4780 88 4875 81 1935 25 9066 65 2224 78 5564 29 6550 96
4697 6 535 3 5231 62 8568 41 8949 63 3651 44 9857 30
4698 3 1797 54 6047 52 7113 81
4699 5 3393 61 8027 51 6407 54 9672 2 497 34
4700 3 3606 13 8601 28 8159 29
4701 4 3260 30 6153 8 7935 49 2408 48
4702 8 3471 86 4943 44 7436 41 7613 85 9562 42 6830 53 7009 79 3482 39
4703 3 2521 85 5393 23 5630 51
4704 11 3617 41 6265 75 6980 57 7287 5 3010 95 147 50 4244 26 1787 56 7106 43 5594 42 8279 70
4705 4 1130 64 2809 18 9072 21 1358 74
4706 5 4320 76 7915 50 8962 76 4172 39 7713 16
4707 5 3963 12 1916 41 85 74 3323 66 5606 12
4708 1 1534 71
4709 3 1854 18 5461 86 2665 54
4710 5 2738 100 7608 4 2423 28 5341 16 1049 37
4711 6 1532 38 5734 83 9215 23 989 59 9418 48 2039 7
4712 7 4077 86 2027 22 8369 97 9212 41 5652 37 4406 87 1458 80
4713 3 783 45 8141 11 9180 17
4714 7 2244 49 5801 92 6433 98 7991 22 9470 36 5324 49 6063 20
4715 6 4492 41 7949 75 9409 5 3443 26 6746 12 2058 8
4716 5 4504 97 1857 39 5852 41 6722 29 4557 60
4717 6 3676 30 7157 93 3976 55 6387 77 4798 15 7484 80
4718 4 2831 27 6379 51 7119 68 8105 78
4719 6 2867 11 5362 7 2223 11 3371 85 9926 83 4367 57
4720 3 3213 20 8176 96 5263 45
4721 7 2934 41 5725 70 7184 26 2175 49 154 76 987 70 9164 62
4722 2 4040 64 1579 8
4723 2 4129 65 8798 42
4724 7 4549 89 9206 22 1729 48 152 38 2746 97 4274 74 9647 6
4725 6 534 36 5365 16 1831 92 4672 18 7814 48 3024 19
4726 6 2746 24 8932 89 5064 49 4300 84 7448 82 5588 99
4727 2 2015 38 4550 59
4728 8 761 17 5975 93 6201 2 7683 21 6298 78 561 74 3332 60 773 89
4729 5 2607 22 830 30 2639 74 7264 63 4324 63
4730 8 1481 82 4940 40 5285 94 6718 62 7309 47 8347 94 8127 11 201 64
4731 6 1339 66 4737 16 5253 4 806 84 3989 91 3190 85
4732 4 3049 53 4763 44 8280 41 4442 2
4733 5 2922 53 8794 27 3456 77 9883 25 2002 74
4734 5 2359 27 5490 18 8248 12 1881 92 1591 4
4735 5 873 25 6789 22 6705 52 6999 49 1621 45
4736 6 1791 83 5340 93 7224 37 9279 9 3966 84 5622 2
4737 3 4731 16 4475 18 6692 97
4738 6 187 37 7128 92 7548 23 1162 58 9055 59 3026 74
4739 2 1560 45 6251 73
4740 6 3085 77 9591 84 3441 3 790 93 8951 91 227 44
4741 4 1754 3 8973 75 8345 62 2240 73
4742 5 431 54 5499 63 4902 85 9368 85 510 2
4743 5 2959 19 4775 20 6695 7 4838 21 3632 77
4744 5 171 43 4992 79 4186 94 2274 75 7234 50
4745 2 3415 77 1156 22
4746 4 1576 39 5178 93 4413 5 5770 67
4747 2 2290 21 8088 99
4748 3 1480 8 2389 98 9470 73
4749 4 146 32 8225 85 6343 3 5619 39
4750 3 3433 74 516 75 45 18
4751 6 660 58 5301 77 7654 79 723 72 7734 36 5141 99
4752 7 1807 73 6941 100 3879 35 4275 55 6798 100 5157 79 9049 49
4753 7 4658 83 5143 63 7899 86 8224 9 4315 61 4267 77 5238 64
4754 6 3936 78 8299 51 5751 4 9449 34 6158 55 2533 77
4755 9 3025 99 9293 74 6325 20 647 85 3066 70 826 18 9814 11 2979 62 3899 26
4756 2 787 85 7783 39
4757 3 541 41 996 65 7284 46
4758 2 2192 47 5743 41
4759 3 681 68 9430 24 7445 88
4760 4 4250 24 6443 14 7478 93 3641 57
4761 4 3655 56 8783 75 8194 82 6166 27
4762 4 1525 55 3960 44 4791 69 2784 41
4763 4 4732 44 6331 26 9336 66 8304 52
4764 5 1989 86 8683 20 2286 55 9024 72 2976 65
4765 6 4686 90 5313 32 8361 87 6402 50 97 11 7529 11
4766 10 3140 82 7941 39 149 81 1791 86 7130 100 483 88 7791 9 3559 71 5025 15 833 92
4767 4 336 9 269 2 12 89 2604 41
4768 5 2362 98 9081 3 3568 31 5851 35 6906 5
4769 4 2171 12 8394 50 7890 48 5060 72
4770 6 4562 30 9919 45 2984 38 9834 6 6576 30 8757 78
4771 2 3289 99 7697 30
4772 5 3808 89 4784 71 6483 17 2543 44 3354 56
4773 4 4619 43 7295 50 7571 21 241 14
4774 4 2962 41 6461 1 4081 31 5902 21
4775 7 4743 20 8215 32 8970 75 1170 23 2735 21 5729 21 4610 20
4776 4 247 93 1716 96 8422 21 9143 60
4777 2 2655 77 916 95
4778 4 2080 40 5899 11 6398 73 334 49
4779 7 266 55 5092 95 8131 19 6090 49 6716 37 8745 46 5776 27
4780 4 4696 88 8895 82 2480 45 2372 22
4781 1 436 97
4782 2 4364 73 6135 96
4783 4 1045 48 5034 7 3269 95 2919 78
4784 8 4772 71 5588 5 6652 54 7883 10 8170 63 8921 2 1686 29 4043 61
4785 8 3339 15 9249 100 9859 93 9874 81 1293 42 9293 68 3546 81 6108 62
4786 6 2507 14 1911 22 2577 37 9811 74 6999 80 3926 39
4787 4 1057 85 3928 94 3640 88 7227 79
4788 4 2502 100 7508 69 248 79 9311 8
4789 3 50 12 7931 40 9142 48
4790 3 1030 85 5463 2 8825 96
4791 3 2705 71 7425 53 4762 69
4792 6 1950 88 4419 11 9928 8 7174 74 6375 70 9540 76
4793 4 1177 53 7246 86 1841 36 6855 33
4794 6 2673 14 4935 46 1475 52 581 98 7916 7 4137 53
4795 4 1983 39 5576 56 5898 24 1899 31
4796 6 1896 99 934 27 3996 61 9351 79 6284 35 9226 98
4797 8 2756 36 388 34 5480 59 5103 89 2084 59 1059 72 1488 70 1716 33
4798 4 1038 71 2411 56 5603 21 4717 15
4799 6 2088 42 5121 80 6668 27 4837 9 899 24 7712 88
4800 8 2388 100 5193 53 6448 68 2401 7 3962 84 3254 93 6065 1 4569 33
4801 4 1270 75 2429 11 7220 63 6811 93
4802 4 2089 18 6031 43 385 16 5850 55
4803 4 2073 61 7196 50 3546 87 1068 89
4804 3 4221 14 6309 36 9430 48
4805 5 3164 100 1811 75 3073 25 8729 11 5092 7
4806 3 2143 86 6960 11 563 66
4807 6 667 52 7370 16 6114 81 5689 47 7558 86 2745 63
4808 9 1579 59 7468 58 8223 68 9027 41 3897 53 3209 27 2954 5 3761 77 6255 23
4809 5 733 20 6105 61 2770 82 4620 13 6271 51
4810 3 651 94 3709 34 1851 49
4811 4 3061 21 4981 68 8995 16 1573 97
4812 7 93 55 7389 42 8899 77 7139 46 8710 46 2094 3 2013 75
4813 3 759 11 6806 67 1098 53
4814 5 712 2 6383 37 9514 69 799 63 3262 88
4815 5 1906 21 5090 13 8819 66 9841 97 4688 21
4816 4 94 8 3603 16 2501 26 6664 80
4817 5 2016 43 1018 35 8883 49 5571 76 8957 69
4818 4 4410 38 1646 14 8058 59 4082 95
4819 6 2575 40 6109 74 5742 14 6392 41 1846 57 6105 89
4820 7 229 90 5242 76 7848 36 645 66 7926 75 7151 79 6586 43
4821 4 1282 54 6097 12 9260 10 6285 67
4822 7 3325 28 7718 36 847 6 1922 90 9171 2 2752 96 2934 2
4823 4 1061 55 8477 72 3630 2 5014 69
4824 3 117 51 6979 59 7082 70
4825 8 3351 85 9757 95 7156 68 4331 51 85 87 5776 54 329 15 862 49
4826 3 4137 94 8599 9 5728 55
4827 5 4661 100 9051 35 674 4 5664 97 2897 23
4828 4 1670 47 1988 7 3342 22 4433 25
4829 4 1678 17 5005 89 6884 19 8451 88
4830 1 2082 29
4831 6 3889 100 4973 72 8833 62 5274 55 7486 89 7426 34
4832 4 4517 33 9231 47 8992 18 4333 55
4833 6 3038 51 7195 69 6666 17 7279 97 7817 7 1136 21
4834 5 225 3 535 55 8536 59 6587 78 7280 26
4835 3 3603 52 8026 13 6196 96
4836 2 2969 32 8465 29
4837 6 2159 18 6481 46 6715 97 2539 54 4799 9 5020 97
4838 5 1716 61 6222 33 4743 21 3684 34 9390 57
4839 3 1781 1 641 21 7936 28
4840 4 3809 75 6475 3 7686 19 9912 39
4841 4 3832 31 5939 38 5011 61 9475 2
4842 3 446 55 2943 39 4251 4
4843 4 1512 97 6119 13 5859 83 38 33
4844 3 2980 12 7406 49 2517 57
4845 5 1174 65 5004 81 2156 57 9061 98 979 57
4846 3 1381 80 3507 79 8758 65
4847 4 1141 14 7870 91 7647 55 2934 35
4848 6 923 88 6955 34 6863 68 4221 94 6897 17 6040 70
4849 3 3262 86 64 95 3610 49
4850 4 218 27 7037 7 7991 17 5946 74
4851 4 1187 35 8483 34 4055 26 3693 76
4852 3 2592 11 6535 70 7025 81
4853 4 279 80 7918 5 3121 14 2153 36
4854 3 1023 24 5923 76 6084 64
4855 6 2222 54 5715 13 5275 82 7509 36 8407 54 6070 18
4856 4 671 42 4209 85 7253 34 9624 22
4857 7 1386 61 9605 19 6929 66 2322 72 6486 91 1891 68 2260 3
4858 5 4671 38 8908 83 8780 11 6534 49 8516 62
4859 3 2017 18 9088 66 5964 1
4860 4 602 26 9165 77 2630 80 2838 80
4861 4 2300 7 2494 58 9215 47 3708 94
4862 7 475 74 5983 59 8851 4 1543 36 8720 76 506 47 4981 60
4863 6 2323 1 4941 68 6081 49 7392 82 1246 37 5275 40
4864 7 4657 97 5314 19 6265 57 3617 24 3731 63 9620 49 3711 92
4865 6 4103 76 5038 18 5358 55 4871 73 4008 16 8074 89
4866 3 3362 7 1186 41 9748 78
4867 4 4285 30 4923 16 212 34 1870 89
4868 4 2684 8 798 36 3350 85 1879 58
4869 6 1493 29 9325 45 9023 54 4468 80 7335 27 2980 51
4870 3 3947 96 1606 12 6170 13
4871 3 2025 67 4865 73 8003 41
4872 8 517 29 5326 24 5797 27 917 39 3832 53 9551 92 4375 58 7850 47
4873 7 889 37 2604 21 1511 48 7666 92 5689 95 8146 44 8375 17
4874 3 3592 34 9936 9 9457 32
4875 5 4696 81 9733 62 3448 16 5622 39 3585 53
4876 7 3134 62 7236 27 2044 38 5091 4 1360 99 1489 42 3771 2
4877 4 2520 68 794 89 5705 64 3030 27
4878 8 2773 38 8930 15 3620 19 9752 54 7742 100 9805 21 1685 38 9542 61
4879 3 1707 25 2047 58 8543 15
4880 3 3662 79 1910 90 9955 72
4881 4 1855 56 7129 43 6201 85 7290 4
4882 4 1329 43 6699 77 8006 84 3307 54
4883 4 2824 71 4210 78 5666 42 3226 44
4884 5 1155 96 1410 79 3989 70 5488 100 8480 21
4885 8 4457 7 6022 56 8952 87 9052 24 2998 61 4310 2 8293 84 9535 99
4886 4 4383 58 7692 6 9021 39 8103 31
4887 6 1635 77 9598 19 9291 97 6686 70 7186 66 5088 44
4888 3 4373 91 5981 46 6360 11
4889 3 3436 32 6802 6 9322 26
4890 2 4237 47 676 19
4891 5 4631 17 8208 56 9138 73 991 39 6457 26
4892 6 354 26 7455 83 2781 97 931 98 7995 99 4638 96
4893 2 3303 22 6408 68
4894 4 973 90 5305 59 3773 38 1909 25
4895 4 545 49 9570 48 9344 35 7246 8
4896 8 3393 20 6356 29 6391 11 8780 59 5693 21 9645 83 965 2 8024 91
4897 7 290 99 9422 14 3610 39 1283 46 8666 73 9246 95 9429 95
4898 6 3795 26 9957 9 2306 7 5678 45 1813 57 3958 21
4899 4 4636 52 6614 21 8442 60 4109 17
4900 4 2010 2 1050 48 719 36 1293 63
4901 2 1595 81 1731 95
4902 5 2908 96 4742 85 2407 18 7327 8 1825 3
4903 4 4492 71 3893 25 8354 25 6313 25
4904 5 1594 8 9396 6 3386 48 5953 92 5538 62
4905 4 2755 38 6812 3 9344 29 5021 29
4906 5 1919 18 5829 44 8899 46 2381 64 4150 57
4907 6 2174 70 5976 36 7940 9 5781 99 5675 93 3004 52
4908 6 1488 48 4955 59 5455 90 8178 50 5812 38 9615 59
4909 3 4328 38 9324 77 4386 94
4910 7 305 8 7830 70 8975 97 8760 50 1905 66 4499 37 368 13
4911 5 1111 2 3198 37 9528 28 9440 16 9369 74
4912 5 2682 46 6005 44 755 48 2096 44 3157 61
4913 5 1247 32 8866 98 6052 18 6919 86 7537 73
4914 6 584 56 4957 67 8772 77 8256 99 9168 92 7656 94
4915 8 4459 89 1943 40 1635 91 8748 49 6328 36 3149 96 8715 70 5686 27
4916 3 3235 66 5130 84 9010 29
4917 5 1854 31 3214 20 3111 9 5735 90 6773 66
4918 9 4077 84 5963 94 6901 47 588 92 3964 11 6415 46 4525 56 7136 76 7065 41
4919 4 779 91 6101 14 7161 29 1987 8
4920 3 1333 3 5038 12 9139 25
4921 8 937 10 9400 17 603 15 1222 69 2023 33 4199 100 9788 9 5807 83
4922 3 2639 45 4930 59 7109 69
4923 3 4867 16 9996 69 9248 37
4924 4 2279 44 9127 95 7707 31 4154 45
4925 4 2804 46 2859 73 1233 15 7263 34
4926 7 4414 96 5854 10 8739 27 1015 24 2534 64 2218 71 7097 46
4927 6 1374 36 5000 74 5604 13 2144 5 6059 78 6050 2
4928 8 771 35 9361 61 9690 89 6781 9 9166 89 5118 34 3811 80 1862 8
4929 2 4329 76 9537 74
4930 7 4922 59 6094 47 7630 90 7742 18 4954 15 4996 77 8456 21
4931 4 2234 54 2640 99 5926 37 7978 10
4932 4 752 65 5606 64 1325 82 1692 11
4933 3 1618 68 2938 10 681 20
4934 5 3871 95 5285 47 8680 60 403 63 3615 32
4935 3 4794 46 7205 48 5820 65
4936 6 4165 56 5555 64 225 97 7188 3 2498 55 8250 55
4937 3 4155 87 2028 80 4215 38
4938 4 2113 95 6069 75 6121 1 7093 53
4939 5 3731 98 6122 70 3855 35 9473 45 7247 99
4940 8 4730 40 6246 50 4617 58 6183 7 772 3 3343 5 4230 9 362 11
4941 3 4863 68 7704 34 8534 94
4942 3 155 1 3814 11 249 79
4943 6 4702 44 7637 7 1242 8 2411 35 1515 61 509 100
4944 3 3966 52 4141 63 4550 68
4945 3 800 80 5735 81 5987 40
4946 6 3684 40 6942 5 2075 61 9758 27 1676 47 1827 26
4947 1 2316 64
4948 3 3418 36 9565 39 4010 73
4949 5 2685 29 8327 65 9106 77 4333 45 6757 38
4950 6 2312 96 552 84 6135 1 2884 87 9489 6 5516 67
4951 1 3708 82
4952 3 4524 36 9926 86 499 65
4953 1 718 43
4954 7 4213 20 9713 76 7208 3 7204 12 9649 22 4930 15 1023 69
4955 7 4908 59 7865 31 5391 25 5100 97 7958 73 8297 87 8385 49
4956 2 759 100 7720 55
4957 6 4914 67 5483 14 3645 87 3063 26 6654 74 8752 37
4958 6 323 69 475 94 1965 70 3281 79 4174 45 2319 91
4959 3 978 63 7908 81 9107 81
4960 8 3703 63 7411 29 9882 93 7230 99 163 4 3773 7 3752 87 9716 78
4961 6 4279 8 9380 28 4688 10 2976 58 6044 81 5456 27
4962 3 38 67 3536 90 6132 53
4963 4 3854 17 6054 64 1331 22 9250 59
4964 5 2093 86 7303 6 9543 99 7390 28 686 90
4965 4 3536 33 1587 31 2149 8 8330 47
4966 10 2307 35 5393 13 7086 53 7523 5 3079 81 2645 60 3819 89 9372 27 9917 33 5309 36
4967 3 1019 95 8673 75 5762 62
4968 8 2804 10 6355 53 8024 62 8438 49 9586 27 4572 61 2196 17 7855 91
4969 3 113 2 8166 84 2722 3
4970 3 453 98 4649 18 3312 20
4971 6 1993 76 5966 68 3655 77 9770 37 9018 19 6826 96
4972 6 2106 51 3795 69 8984 30 8315 25 6196 92 1506 28
4973 3 4831 72 6761 43 9192 76
4974 6 3661 97 5828 49 3706 57 9320 81 8905 20 3785 93
4975 5 360 25 7633 26 9460 70 8121 68 5484 50
4976 6 3962 34 5893 11 9700 82 3633 95 8240 100 5140 96
4977 5 983 15 6199 91 6867 11 6093 50 6881 67
4978 5 3841 97 3463 55 9196 42 108 19 3098 1
4979 3 2499 51 3979 48 698 45
4980 6 2774 50 5495 78 6176 24 3482 60 8331 74 3809 76
4981 3 4811 68 8968 91 4862 60
4982 2 3811 78 2397 59
4983 3 3752 62 9500 81 9663 83
4984 5 234 8 6202 30 529 1 7614 83 2492 20
4985 6 3636 2 6478 90 693 67 2042 74 7168 76 2384 83
4986 5 2184 61 5006 25 7525 98 6969 84 6668 19
4987 4 2222 72 5112 15 2928 71 829 84
4988 2 3818 39 6145 72
4989 5 4660 96 7687 65 6220 69 3205 74 2000 1
4990 3 2641 45 6370 9 8737 45
4991 6 3644 90 2870 93 5092 88 3487 33 8038 78 744 15
4992 6 4744 79 9549 76 7260 97 7100 3 5743 78 2939 73
4993 4 3091 91 7049 80 5196 38 9099 22
4994 7 2856 80 9305 30 9934 84 4059 93 1552 47 2751 97 1354 11
4995 3 2267 24 5656 41 5857 98
4996 8 3761 12 8976 28 5104 30 9716 7 8946 73 8717 100 4930 77 7422 96
4997 3 994 62 935 18 7248 5
4998 3 3971 75 2367 24 7823 100
4999 4 1203 33 5058 35 7182 97 6795 7
5000 4 4927 74 7303 87 1023 47 6065 26
5001 12 1593 83 5453 51 5045 7 9009 22 1422 19 1885 88 6384 6 145 46 1939 62 898 83 5053 52 9214 19
5002 7 657 58 7577 74 9452 65 8922 73 9435 61 1276 32 3597 33
5003 6 169 95 7762 76 4245 26 5131 49 6929 15 6198 8
5004 6 4845 81 8167 78 9272 77 8660 76 5545 70 8618 28
5005 8 4829 89 5574 1 8614 83 5955 4 8292 27 342 60 7067 47 8989 44
5006 5 4986 25 9618 37 2650 56 8569 17 5989 21
5007 4 2480 27 252 54 7563 55 4602 2
5008 5 3201 59 5614 39 8221 30 1068 13 1236 24
5009 4 4220 51 6650 43 5773 15 1681 1
5010 5 2138 42 5270 21 6141 57 5171 9 3643 25
5011 5 2588 19 9386 80 2087 54 4841 61 9249 27
5012 6 880 24 6220 62 8188 7 7640 84 9383 21 7632 42
5013 3 1299 67 7960 33 8566 5
5014 4 573 68 740 19 7872 41 4823 69
5015 8 844 65 830 10 3549 79 5229 66 6002 83 2056 16 1630 83 9961 46
5016 5 2498 97 5262 5 6572 75 3078 63 7421 62
5017 2 2682 83 7321 3
5018 5 504 7 8087 56 4097 65 5515 72 421 96
5019 2 2389 66 8275 26
5020 6 838 64 483 32 2167 62 1449 32 1457 85 4837 97
5021 7 3642 40 6258 93 2414 53 1820 50 6677 1 9510 44 4905 29
5022 4 4442 97 9349 51 2415 40 1749 63
5023 6 3663 84 5666 87 7901 74 7076 63 7720 15 5219 95
5024 6 2514 70 6234 51 7475 27 790 52 5478 17 869 93
5025 8 4195 23 6066 64 6788 96 649 78 3318 42 5431 37 2101 6 4766 15
5026 7 194 79 5662 60 5906 57 707 73 9143 40 3157 78 7197 29
5027 5 4247 15 8337 65 1989 21 3809 11 9807 44
5028 1 3072 8
5029 6 4639 78 7173 81 3526 9 8228 5 5867 17 2380 37
5030 5 2808 42 1656 38 7616 3 1114 47 6 40
5031 4 4154 70 7122 75 9469 11 2577 87
5032 3 3763 14 2371 86 7263 27
5033 3 2898 97 6058 52 3409 18
5034 6 4783 7 7003 5 8589 22 9483 49 9966 49 7139 46
5035 8 2780 74 8646 10 8653 100 388 23 4128 57 7744 15 8207 56 4341 20
5036 1 2271 52
5037 4 232 91 6114 24 2100 3 9059 45
5038 5 4865 18 4920 12 1511 42 7508 53 3285 81
5039 4 205 7 6673 58 6682 14 1877 9
5040 6 1862 6 6299 59 7458 34 3416 66 4349 40 212 39
5041 5 754 75 2645 62 9166 35 2689 79 5656 1
5042 9 4341 98 9300 48 9709 56 7233 74 3979 66 3943 16 2616 21 2386 41 6694 38
5043 2 2815 30 7593 18
5044 3 1729 97 9994 7 9708 82
5045 5 1143 16 5001 7 8738 89 9719 48 2063 90
5046 8 96 75 5382 41 6521 55 7685 35 7809 26 4065 54 6485 96 267 5
5047 3 3504 4 5718 61 2766 34
5048 5 178 81 6282 22 95 49 8173 14 7778 47
5049 4 3608 40 6066 70 1528 87 1296 64
5050 7 1093 58 6738 5 6351 30 6549 11 4033 47 5756 69 218 97
5051 4 2950 75 1323 22 9331 26 8035 14
5052 3 4067 5 5426 13 5965 89
5053 7 3179 26 8728 59 3146 11 6605 74 8020 39 8304 22 5001 52
5054 5 717 29 7968 59 6852 83 4561 68 4431 54
5055 4 1196 18 5948 5 3560 95 9941 22
5056 5 3691 91 6643 13 9363 24 2161 84 4207 86
5057 4 4636 28 623 9 191 25 9787 82
5058 6 4999 35 6144 64 5064 61 8917 84 3715 51 8804 46
5059 7 1877 50 5104 4 7039 19 7188 66 765 74 3495 36 5830 6
5060 4 4514 84 9324 59 9014 22 4769 72
5061 3 2133 22 6760 81 6138 2
5062 3 1571 10 7226 74 7339 22
5063 1 2720 2
5064 3 2772 59 5058 61 4726 49
5065 4 2959 67 3255 58 290 39 2657 1
5066 8 3343 52 5099 5 5401 99 6289 63 3566 83 1045 67 9605 15 6268 39
5067 4 4645 9 7995 27 735 81 8252 3
5068 2 2706 82 7965 7
5069 3 1264 43 3818 44 1236 66
5070 8 729 8 5717 52 8321 17 5881 1 436 27 2682 6 4073 16 7725 47
5071 6 2463 66 2794 73 4534 20 2585 1 430 89 587 51
5072 3 4318 88 475 55 2039 59
5073 3 2396 11 6297 4 5122 5
5074 3 4509 16 6793 99 1846 73
5075 8 1614 33 5991 40 8323 46 2674 74 8407 33 350 77 7089 7 9541 37
5076 4 2518 2 5406 81 6698 39 6527 15
5077 4 4641 46 6123 4 2057 43 4622 94
5078 5 842 45 3629 30 5662 90 90 85 1866 16
5079 3 4353 61 752 47 6121 53
5080 5 2454 51 3601 72 5756 94 5873 75 5877 56
5081 3 571 75 6345 81 133 72
5082 4 406 29 9306 81 7204 68 2703 80
5083 3 2142 53 7133 12 2500 22
5084 4 2893 50 5425 98 8181 19 7130 16
5085 5 4512 37 190 84 2589 99 2274 69 6232 16
5086 6 3478 27 6281 15 2436 60 8424 76 3211 69 3843 85
5087 4 832 87 9222 25 5187 90 2710 6
5088 4 508 2 5649 35 7679 94 4887 44
5089 3 2617 88 6398 76 7785 100
5090 2 4815 13 8087 67
5091 7 3647 38 7129 23 8727 53 5208 44 2276 22 4876 4 81 56
5092 5 4779 95 6925 9 4991 88 2826 49 4805 7
5093 9 1728 37 5580 92 8298 31 7012 25 3663 80 8997 72 1081 25 3570 6 1392 91
5094 3 787 91 7288 55 858 67
5095 6 3493 49 7235 79 2711 62 3793 94 9484 40 7279 27
5096 6 2414 71 8289 89 7325 49 7782 66 3021 91 9593 44
5097 6 2224 32 5596 74 6317 69 4409 80 1801 69 6012 73
5098 8 3593 62 5531 79 6806 74 3040 72 2699 69 8756 73 2197 77 8234 73
5099 6 5066 5 1432 20 9756 53 741 64 2800 32 675 44
5100 7 256 29 5233 48 6172 41 4955 97 5365 6 9382 71 9876 27
5101 4 331 49 9739 72 8156 100 5211 87
5102 5 1286 51 6207 5 7394 38 4119 80 1881 82
5103 4 4052 86 5240 65 9190 7 4797 89
5104 5 5059 4 7175 75 4996 30 9686 55 1676 20
5105 4 1949 90 5254 20 3511 53 7659 12
5106 6 2752 64 9703 69 5833 69 5357 28 5781 23 9790 62
5107 3 2989 2 6754 8 5345 17
5108 7 1616 96 7388 27 923 55 4365 91 2219 74 3807 29 2242 88
5109 3 4296 41 3079 61 8297 52
5110 7 2206 59 9402 55 9088 92 2673 31 6903 48 943 4 78 3
5111 5 4315 49 5520 65 3756 46 8797 48 9759 40
5112 6 4987 15 7090 3 3770 60 4474 49 5798 7 724 87
5113 5 1511 30 6303 16 223 61 2616 13 8146 20
5114 1 339 27
5115 4 4525 91 6295 12 5811 77 4383 25
5116 3 4410 68 1288 49 9042 58
5117 2 3443 17 6474 64
5118 5 3165 72 2354 19 1246 56 4928 34 9068 7
5119 8 4283 16 541 60 7580 37 5816 7 9472 28 3413 55 3125 59 3254 90
5120 5 3936 68 7919 75 9769 3 314 83 3807 88
5121 7 4799 80 7733 46 9814 93 4639 71 2075 45 690 64 8847 76
5122 6 318 24 5792 10 6118 63 1389 3 3949 54 5073 5
5123 2 3136 82 1291 82
5124 4 2798 83 3229 88 1478 89 7900 40
5125 5 1184 36 8775 56 8280 90 1400 74 3207 27
5126 2 3781 43 8852 86
5127 4 253 36 8251 66 739 100 3450 40
5128 5 3933 60 8527 62 5692 89 893 88 69 74
5129 6 2387 76 8050 62 7 28 9280 37 5693 89 1164 65
5130 1 4916 84
5131 8 2414 1 3502 74 5003 49 1282 90 3512 30 5689 16 6799 64 6724 58
5132 11 2458 21 5203 66 9508 47 3164 14 5701 74 5222 35 6569 78 9921 40 144 77 5378 12 4141 30
5133 1 2349 20
5134 2 2316 71 1816 28
5135 5 4401 74 663 67 7056 66 6939 93 8434 84
5136 4 667 5 7169 85 8584 33 4200 90
5137 2 4671 15 9532 19
5138 6 750 89 6052 80 8099 4 9292 3 1380 38 2105 33
5139 3 1739 8 6655 29 9261 99
5140 3 2413 75 8913 26 4976 96
5141 2 1235 25 4751 99
5142 6 3125 13 6083 2 9627 59 3201 15 749 45 5499 64
5143 4 4753 63 3804 7 6660 7 5576 92
5144 3 2656 13 7115 16 7751 35
5145 6 4467 22 6425 63 6440 40 9071 2 5382 1 3721 21
5146 2 4491 29 1820 12
5147 7 2191 53 7984 30 2210 38 5382 17 4396 6 2340 47 886 11
5148 4 1536 58 5154 49 1672 14 505 67
5149 4 1515 68 7479 70 3006 56 2827 33
5150 1 362 59
5151 3 751 12 3622 28 8724 9
5152 5 3872 6 5470 40 7184 60 5320 70 9458 81
5153 5 3089 86 6922 48 7011 55 8967 44 7937 80
5154 5 5148 49 7912 96 7985 81 3419 64 4504 31
5155 3 270 84 8640 32 1687 16
5156 5 1599 53 5867 40 8745 38 470 47 9342 28
5157 4 263 100 4120 3 9708 5 4752 79
5158 5 3329 87 4003 22 4562 9 7695 29 2572 32
5159 1 3701 98
5160 5 3508 14 5274 60 8912 36 9156 14 7356 8
5161 6 1603 1 7562 72 7609 46 556 50 3434 27 4566 25
5162 6 3423 11 6187 32 6717 18 5523 69 19 27 6995 81
5163 10 2963 72 6058 15 2235 60 203 90 8990 95 7806 41 6190 34 2519 37 8106 16 6799 70
5164 6 355 95 7264 9 284 56 3535 48 6778 80 8350 75
5165 2 1852 87 5624 100
5166 5 4450 99 5344 28 8762 44 1028 18 4335 51
5167 6 2772 84 5210 63 733 99 4139 93 3230 40 2463 51
5168 6 2244 13 8252 9 3609 28 6600 24 3656 50 9326 19
5169 2 2405 34 8391 46
5170 2 4089 39 3446 43
5171 9 1180 13 8920 84 3891 65 9180 37 5010 9 8663 26 5393 67 122 4 7450 86
5172 3 489 49 6550 75 7282 56
5173 5 456 95 5422 29 5469 26 3246 40 8909 21
5174 5 3391 59 9908 29 9517 92 6387 80 3730 42
5175 4 1184 98 6400 71 9018 90 1402 61
5176 4 991 62 3521 92 5590 69 9496 26
5177 4 715 54 3211 14 5286 29 2927 16
5178 4 2639 84 7949 51 4746 93 9572 98
5179 4 2911 93 6945 62 9592 81 281 39
5180 4 785 82 8286 84 6279 57 7635 44
5181 4 701 22 6593 63 7270 4 8653 51
5182 5 3664 47 5211 84 2209 12 296 66 1029 38
5183 4 3365 78 7563 7 9095 90 5338 55
5184 5 2974 57 6138 90 5467 45 5679 77 8717 7
5185 2 3067 96 4037 74
5186 5 3108 76 8700 91 2941 58 8129 15 8172 42
5187 5 1762 54 5087 90 2486 59 6963 58 6230 68
5188 2 3081 1 7172 91
5189 3 977 46 5608 27 6229 44
5190 5 139 9 8190 68 7959 25 3640 19 8217 83
5191 8 4532 100 6368 13 8095 40 8718 12 8961 65 8992 75 4269 33 6357 57
5192 3 1189 85 4298 13 1545 50
5193 4 4800 53 8267 13 6130 66 9405 79
5194 6 1039 40 3505 73 8399 5 4568 66 2077 3 2588 96
5195 2 1726 78 9508 45
5196 8 3967 23 7228 69 7285 23 8209 5 7857 60 4993 38 1974 62 434 100
5197 5 2064 92 9057 91 157 95 567 99 3725 86
5198 4 892 82 9125 98 90 60 1108 95
5199 4 3511 38 9537 4 2310 26 2965 91
5200 3 2904 51 1169 85 852 17
5201 4 3358 35 1311 93 3395 13 9337 76
5202 3 182 82 4444 2 9462 8
5203 5 5132 66 9090 54 7146 83 2010 98 3388 97
5204 3 3517 15 8763 91 8558 6
5205 4 1056 28 2663 59 5732 71 9165 3
5206 11 296 39 5268 96 6649 75 9915 88 4593 74 158 45 6651 30 6042 93 7227 85 1533 66 927 72
5207 3 1940 33 7818 77 9459 60
5208 3 4037 29 3593 7 5091 44
5209 7 4429 19 5634 55 9130 74 3545 14 2884 54 2622 17 2253 22
5210 5 5167 63 5289 17 9590 43 8864 27 3120 7
5211 4 5182 84 9475 63 6733 33 5101 87
5212 6 2893 83 5237 73 9536 57 2382 60 85 10 2602 29
5213 2 2492 17 8803 40
5214 5 4695 52 9564 58 9952 71 2780 13 8222 50
5215 2 2996 39 9825 94
5216 4 3105 54 6462 96 4424 72 8277 75
5217 8 3312 25 5664 72 6664 12 8530 72 8372 98 9162 36 3175 37 4211 7
5218 7 4670 65 3548 90 2712 73 8785 32 7563 88 4387 55 4516 38
5219 5 1718 62 1906 85 9260 15 2860 12 5023 95
5220 4 2762 71 7866 46 3415 84 8840 25
5221 4 4172 35 8832 78 5338 58 9802 98
5222 9 90 29 8185 54 8637 31 3651 27 2378 70 1480 80 3237 75 2527 48 5132 35
5223 2 1460 36 315 63
5224 2 4683 52 1298 40
5225 5 276 46 5316 3 3059 14 4564 63 8967 7
5226 2 3040 45 920 40
5227 3 683 19 1250 94 5933 76
5228 5 3318 22 5282 6 9573 84 2035 72 3923 42
5229 5 400 18 4216 49 7518 20 5501 52 5015 66
5230 3 2232 92 7639 54 9684 81
5231 4 4697 62 5398 41 8512 56 2363 42
5232 1 3600 31
5233 1 5100 48
5234 3 2656 82 4124 94 7220 56
5235 6 3464 39 406 87 2346 48 1715 52 8172 29 9376 15
5236 4 2416 42 6582 43 1193 15 598 50
5237 5 5212 73 6686 15 7199 18 6646 14 8804 47
5238 9 2948 2 5849 76 6307 36 7383 7 6520 11 7506 44 3496 29 4753 64 8019 4
5239 4 3598 31 9160 66 8793 76 3455 19
5240 4 5103 65 9861 77 3248 68 2490 83
5241 1 31 38
5242 4 4820 76 8276 52 8823 16 6682 53
5243 4 1786 49 7807 86 5795 51 7764 33
5244 5 2115 43 7447 96 3933 26 318 1 8886 36
5245 3 438 14 5876 24 7630 56
5246 5 1669 9 1657 54 59 49 1283 73 7071 95
5247 5 1338 36 9804 44 2650 13 1531 87 1546 20
5248 3 550 33 6421 9 8990 95
5249 3 2756 28 9644 82 2932 75
5250 4 2247 94 279 64 6693 68 2132 16
5251 6 3232 64 5898 58 3658 2 3429 95 560 60 329 58
5252 4 2529 67 6667 63 7043 73 5831 38
5253 2 4731 4 9442 83
5254 3 5105 20 5280 10 4072 15
5255 7 872 14 8212 5 9542 68 907 68 8919 96 1120 91 8973 90
5256 8 339 70 7145 79 5786 87 1138 43 1508 50 7132 69 6846 12 4079 51
5257 4 81 2 7802 82 8047 30 521 20
5258 3 1337 18 759 57 8952 17
5259 4 754 18 8020 68 3760 80 2580 96
5260 4 3654 47 6952 64 6304 18 2188 93
5261 4 2409 15 3915 63 314 34 5589 67
5262 5 5016 5 5807 86 3142 10 7460 28 4085 78
5263 6 1191 26 9189 97 4720 45 2436 60 3408 46 4397 68
5264 9 244 53 5763 50 6892 97 9582 53 2021 40 7480 26 2198 60 638 3 7753 33
5265 5 2108 93 8514 68 8518 15 2657 37 5385 22
5266 4 2151 43 5754 36 7160 89 7125 99
5267 3 3673 5 8989 23 9618 18
5268 3 5206 96 1977 69 6772 57
5269 8 2024 23 8407 39 8152 13 8961 71 5841 43 3567 25 9938 6 1184 54
5270 6 5010 21 7754 33 3051 3 3837 94 212 34 2331 92
5271 2 4101 43 7892 80
5272 6 3934 24 7156 21 7792 62 9829 72 8238 57 7950 1
5273 3 2038 40 2718 88 5823 21
5274 4 5160 60 7076 96 6273 24 4831 55
5275 8 3028 93 69 44 4855 82 554 78 4863 40 3028 68 3500 16 1830 18
5276 6 1142 53 3270 75 7493 87 7178 86 1839 76 5448 47
5277 6 173 86 24 22 4421 71 3552 47 6763 26 3175 72
5278 7 3475 72 9892 69 4325 73 8699 23 213 91 3312 25 4072 82
5279 3 472 1 7149 80 8057 46
5280 4 3953 84 5293 8 5371 56 5254 10
5281 4 2976 73 7996 71 8959 60 7200 42
5282 7 5228 6 8121 5 7615 53 5722 65 6948 94 9184 76 8665 41
5283 1 4103 82
5284 2 3791 10 8006 43
5285 4 4730 94 6588 36 6096 54 4934 47
5286 5 97 94 3160 30 5518 37 8801 29 5177 29
5287 4 4386 26 6670 67 9446 59 6357 95
5288 1 2142 58
5289 5 355 56 5210 17 6877 25 5913 95 2841 91
5290 2 747 32 7725 2
5291 4 661 34 8454 72 8876 6 8508 61
5292 7 533 9 5618 53 5978 61 6300 58 2437 33 6736 1 8943 59
5293 5 5280 8 9659 52 7367 48 1051 3 2189 11
5294 7 3827 60 3103 41 3579 83 774 77 1890 64 4458 84 4515 85
5295 4 1550 52 6823 42 6798 47 804 6
5296 9 3010 92 5488 42 9784 66 3182 11 2156 5 767 26 2251 72 12 16 8183 14
5297 3 1670 13 5539 66 7777 49
5298 2 1543 18 886 43
5299 4 2755 41 160 1 1883 11 6143 59
5300 6 1973 2 6989 45 7856 46 5384 80 552 68 7222 23
5301 1 4751 77
5302 5 3700 22 393 5 4489 38 7714 21 954 100
5303 5 274 84 1419 55 2574 54 8370 56 9398 38
5304 3 4327 91 6116 52 3885 78
5305 8 4894 59 702 11 7849 6 4013 13 9914 38 7769 8 8298 74 4142 21
5306 2 4652 34 6117 73
5307 4 3148 76 7623 86 7777 44 6971 54
5308 2 669 18 8454 73
5309 7 1464 70 5831 39 6876 22 7451 70 1436 11 7226 17 4966 36
5310 1 2658 23
5311 4 2030 29 6595 81 1152 55 1856 99
5312 3 4136 63 9854 29 5707 71
5313 3 4765 32 3681 21 6192 66
5314 7 4864 19 5647 63 9053 7 4381 58 9317 46 588 99 2540 34
5315 2 267 62 6580 32
5316 10 2868 27 7863 42 9039 26 3842 62 932 5 3757 70 2681 97 7739 38 5225 3 2299 85
5317 3 3737 98 8880 73 8258 36
5318 7 3439 69 5335 7 7261 75 3850 40 1598 85 2514 52 5489 15
5319 4 3770 100 5950 72 8437 84 7763 64
5320 4 3488 76 6205 92 2308 19 5152 70
5321 6 2132 10 6150 74 9115 19 6422 86 2561 55 994 10
5322 6 1738 27 3615 68 675 15 1179 63 6280 54 810 49
5323 6 3490 45 5348 18 7069 16 1524 45 2107 31 8187 47
5324 8 4292 80 5832 13 6017 42 6021 6 4714 49 297 88 7657 60 2916 32
5325 3 4307 85 5510 75 5426 47
5326 3 4872 24 3682 81 7788 23
5327 3 2078 32 5739 36 9413 9
5328 2 2971 83 4461 48
5329 6 381 65 5820 97 9786 80 7809 44 6278 37 9013 47
5330 6 3956 80 7001 33 2370 32 2510 36 1213 31 7090 59
5331 8 3927 94 3592 42 2405 87 6057 5 6998 23 7754 43 6847 35 2791 16
5332 4 856 26 3895 53 9977 17 9530 77
5333 8 2127 85 9881 82 2968 42 5548 100 1381 69 8227 73 3676 43 7166 40
5334 7 1277 71 6846 28 9576 87 3620 44 8711 67 3564 11 1042 66
5335 5 5318 7 296 25 8995 18 897 69 2259 48
5336 2 291 89 8972 59
5337 7 4482 57 9593 25 4085 65 7321 16 1072 14 9625 46 9377 15
5338 10 3763 17 7104 97 7662 26 7905 39 5221 58 9113 91 6411 39 5183 55 964 89 7650 45
5339 5 392 1 6377 42 9690 35 8934 32 1173 67
5340 3 4736 93 471 40 7334 41
5341 4 1444 60 9145 77 2981 32 4710 16
5342 6 4380 1 4110 88 9277 11 6054 91 1731 80 3796 67
5343 5 3460 19 9826 56 1867 31 667 59 5584 64
5344 7 5166 28 3828 21 1562 40 2978 48 3408 22 2333 53 9751 93
5345 4 388 48 5107 17 6957 68 686 74
5346 4 1921 72 2263 77 7819 37 3649 38
5347 5 3535 88 5670 46 6117 4 863 29 4105 46
5348 5 5323 18 9041 96 7278 47 5842 35 1910 55
5349 7 1912 25 8706 44 7185 68 1396 59 297 50 3872 85 2233 55
5350 2 1488 93 8601 76
5351 6 2276 20 8809 26 7551 38 2335 100 8973 63 1493 78
5352 3 1756 80 6365 89 1698 44
5353 3 1645 44 5929 55 8411 28
5354 6 3691 18 8187 53 2508 66 6358 39 1583 30 3727 10
5355 5 982 71 183 17 8370 68 6832 55 8127 20
5356 4 2366 100 9349 53 1143 76 6789 70
5357 6 1650 41 9399 57 5106 28 1068 1 2944 72 6527 85
5358 8 4865 55 6971 26 9337 56 9646 69 2391 65 6190 24 8323 90 7925 1
5359 3 1762 85 2706 89 1871 73
5360 5 3969 73 8531 95 2780 91 3105 95 7225 15
5361 5 4164 60 5729 50 3811 26 3517 25 8212 42
5362 3 4719 7 6608 23 1061 78
5363 4 2029 32 8158 79 9546 7 5774 45
5364 7 485 81 820 99 2824 53 9141 46 6953 34 2713 73 2500 53
5365 3 4725 16 5100 6 7144 25
5366 7 175 14 5903 38 9583 76 9345 19 4632 39 1191 32 1137 40
5367 2 935 64 1980 22
5368 2 2171 89 8431 38
5369 5 3267 20 5721 6 8101 45 2097 96 5921 20
5370 5 2226 48 9752 77 6028 84 5509 33 2144 8
5371 6 4325 67 5280 56 9300 20 8015 66 6385 62 9273 42
5372 3 4050 13 9855 30 1156 54
5373 4 1404 52 6958 42 9241 74 7706 66
5374 7 3709 84 5505 59 2160 62 2564 93 5838 90 140 73 7342 75
5375 5 2998 55 2508 20 3657 11 621 47 130 31
5376 1 606 76
5377 7 1120 72 5824 29 8991 94 2412 44 6128 36 4176 58 1292 35
5378 6 4086 7 9049 17 285 43 9356 54 5132 12 2023 75
5379 4 3660 71 2579 19 648 99 1875 13
5380 4 2133 48 9121 84 8209 31 3694 10
5381 3 615 44 175 15 2248 28
5382 7 5046 41 5947 10 5145 1 5147 17 2293 44 7802 9 1571 59
5383 2 1392 98 7787 99
5384 4 1506 2 5408 36 5995 78 5300 80
5385 3 3600 18 5265 22 8345 83
5386 7 3534 66 6658 93 7752 80 3932 77 7280 58 6907 60 9349 24
5387 3 3328 47 7171 77 6015 38
5388 8 3865 83 6222 11 1605 86 9825 38 3796 97 7774 29 4328 39 4190 84
5389 6 857 65 3311 22 4132 50 8909 77 5943 8 9017 65
5390 3 3927 16 6167 24 1410 17
5391 6 3489 62 7257 3 4955 25 4174 80 9238 65 3702 54
5392 3 2032 53 2692 1 4675 80
5393 6 4966 13 4703 23 6782 41 3278 32 6919 82 5171 67
5394 8 4557 46 6238 50 8836 72 7695 67 2779 92 7541 39 2020 19 2115 95
5395 7 2878 86 7946 3 8244 27 4292 48 4090 42 767 57 5896 40
5396 7 4150 21 5863 83 7920 81 7747 67 8990 10 8637 91 7701 53
5397 5 3638 74 6245 35 8710 47 9071 79 2997 23
5398 3 5231 41 2164 67 6385 80
5399 5 921 13 2316 82 6272 15 8689 67 8728 58
5400 4 4088 1 6476 83 120 6 2128 62
5401 4 5066 99 1998 53 3255 50 2843 30
5402 2 737 8 1758 9
5403 2 2173 73 1371 78
5404 4 454 73 7325 59 4404 79 7381 45
5405 7 4650 27 7040 97 7565 33 2581 66 5698 22 511 91 3380 48
5406 4 5076 81 1481 7 8102 36 4617 3
5407 3 2915 88 2102 65 7242 100
5408 3 5384 36 817 13 6765 73
5409 4 4520 62 7278 61 72 4 7698 22
5410 9 484 44 9848 5 6274 11 3556 25 4128 64 9197 27 5539 77 4465 63 7155 98
5411 2 1351 45 7547 75
5412 6 261 61 2749 71 3614 93 8863 3 6332 16 7482 65
5413 4 3289 81 197 69 3307 92 3370 20
5414 4 1827 7 8231 49 4386 73 3480 2
5415 5 1671 74 7717 27 5914 82 3598 9 5754 23
5416 7 2950 78 5869 16 8133 5 6041 27 8452 28 9434 27 5790 79
5417 7 181 13 7319 39 3134 85 6681 9 8059 99 6940 50 7376 25
5418 5 2053 79 6249 76 173 19 377 77 1423 14
5419 8 1593 18 9923 14 7002 41 9326 41 6256 82 2493 49 86 44 1707 100
5420 4 1430 96 6144 92 3981 7 9766 70
5421 4 1305 47 6631 92 2354 49 7976 69
5422 7 5173 29 5704 60 8575 40 9457 26 3617 36 2318 33 1807 14
5423 6 3872 18 9507 23 316 24 3657 54 7847 1 1090 20
5424 5 275 41 503 98 6160 14 6014 80 9310 86
5425 2 5084 98 2972 90
5426 7 5052 13 6961 24 8430 85 9984 25 4341 67 5325 47 3554 61
5427 5 1101 72 8151 29 3378 39 240 32 2579 90
5428 2 4678 67 9994 3
5429 4 4181 67 6851 80 1122 56 4643 76
5430 6 2048 41 6036 39 481 5 1691 67 8877 13 9630 81
5431 6 2197 7 5502 95 1824 77 7290 5 5025 37 1738 76
5432 6 4135 12 5695 38 5722 5 3106 62 6779 32 9222 31
5433 6 3430 51 4620 86 6176 53 6979 32 335 9 1396 99
5434 4 1430 69 8558 97 8407 66 2033 46
5435 2 2616 66 4077 93
5436 6 835 61 8373 41 6398 65 9380 77 1754 71 7797 57
5437 3 374 29 5583 74 1757 37
5438 7 1633 9 6445 15 9461 89 7515 33 9297 15 4107 57 1077 8
5439 5 1411 26 6402 99 8583 16 2031 14 6669 90
5440 3 2490 97 8239 42 221 42
5441 2 4358 51 9091 56
5442 3 2999 88 5687 24 9253 98
5443 3 1894 3 8317 31 9398 74
5444 5 4334 30 6406 1 8404 55 7481 71 9636 95
5445 4 3795 85 6660 89 772 58 1444 69
5446 4 4685 65 4538 59 9024 81 1524 7
5447 4 3071 1 7602 5 9586 16 8330 82
5448 6 1585 27 7330 14 9509 5 1824 71 2019 25 5276 47
5449 4 2897 20 8816 89 8933 39 6487 37
5450 5 1444 72 7881 1 7129 71 8138 67 8688 72
5451 3 1075 75 1593 1 8545 36
5452 9 3371 92 9839 2 6638 39 8686 64 9737 79 410 89 1879 32 4396 25 6515 5
5453 3 5001 51 8244 78 7183 82
5454 5 3810 30 6840 32 7438 89 6429 9 6466 60
5455 4 4193 86 4908 90 8527 82 9578 5
5456 7 1924 5 3335 17 3305 96 7624 17 4093 17 7833 77 4961 27
5457 4 212 82 4551 60 8363 88 1967 87
5458 4 1151 55 95 66 9667 61 9318 42
5459 3 1109 68 6221 71 1532 36
5460 4 2039 43 6671 53 6714 25 3122 56
5461 4 4709 86 6027 81 9470 43 534 2
5462 3 1367 57 2324 36 9151 5
5463 3 4790 2 7120 20 9253 53
5464 4 2397 94 6470 13 9707 29 1945 73
5465 2 4522 4 9358 72
5466 5 113 67 9399 79 1055 38 6979 56 348 16
5467 6 3182 94 2735 82 2850 96 2366 93 5184 45 6021 91
5468 7 1341 83 8025 13 4201 20 294 91 167 88 2945 39 7363 48
5469 5 277 42 5173 26 2454 82 8187 54 8975 91
5470 7 462 65 6887 24 5152 40 9259 62 1837 71 2136 27 3831 15
5471 2 4374 15 7366 39
5472 3 1347 55 5701 81 7958 45
5473 4 3348 90 8179 70 2447 28 8479 82
5474 1 977 93
5475 6 1521 93 6268 68 7585 94 4167 32 9924 82 1486 95
5476 5 3286 7 3505 73 9936 99 8147 40 2347 15
5477 2 3549 79 2233 88
5478 6 4309 57 7284 97 7219 17 4514 75 6215 31 5024 17
5479 8 2618 3 7430 57 7875 92 5722 22 1628 27 1021 80 9156 87 8807 18
5480 8 2427 94 1851 68 4797 59 3993 38 3987 20 567 52 3149 33 2059 69
5481 3 2666 5 7674 95 5867 71
5482 4 4313 99 8390 24 146 40 2015 75
5483 5 1350 84 3546 91 4957 14 417 78 7256 6
5484 7 664 86 7857 9 920 9 4013 30 426 5 2757 64 4975 50
5485 1 4592 100
5486 5 3904 100 8636 94 9247 87 8206 3 504 61
5487 6 3557 57 2390 99 7835 5 5801 44 8076 48 1798 83
5488 7 5296 42 6463 12 2436 81 2156 80 6384 35 2119 100 4884 100
5489 6 3753 56 2225 96 9016 84 6927 25 8158 99 5318 15
5490 4 4734 18 5494 91 6464 27 5860 98
5491 4 2087 59 7225 96 6893 63 5605 100
5492 8 752 32 5943 39 6533 77 2444 36 6322 97 7487 88 6644 85 8591 48
5493 5 4059 35 5850 3 7574 25 2522 8 4256 64
5494 5 5490 91 6544 75 7309 55 7985 85 5556 40
5495 4 4980 78 7154 36 1122 74 1444 64
5496 4 3075 30 7731 60 4690 52 8694 29
5497 2 2250 12 2031 94
5498 4 3030 29 7876 72 2290 94 375 75
5499 8 2363 5 4742 63 5952 96 122 41 8478 50 1461 20 586 79 5142 64
5500 4 2952 16 8616 61 8194 53 6972 87
5501 8 661 17 9359 26 8534 30 868 85 1155 71 7088 34 5229 52 8583 3
5502 5 2457 91 2634 81 5431 95 8778 25 6551 28
5503 2 3187 44 7207 96
5504 3 3841 74 7594 83 3577 21
5505 5 5374 59 9010 82 8627 67 6419 48 7204 68
5506 3 458 92 2276 36 2355 73
5507 4 2395 42 9178 11 8174 91 3893 42
5508 5 2250 100 752 64 678 29 545 18 2390 7
5509 2 1344 18 5370 33
5510 6 5325 75 8180 9 5759 45 2336 35 4162 14 3190 7
5511 7 1422 99 6796 10 5676 19 8596 83 1820 100 9380 76 9707 16
5512 4 1940 13 5768 94 9801 1 38 75
5513 7 649 33 6634 53 7193 74 9688 78 4084 70 9477 51 2539 8
5514 4 935 5 4256 6 1442 48 1353 7
5515 3 3030 93 991 49 5018 72
5516 6 3210 15 8228 64 9825 56 2385 92 8760 32 4950 67
5517 4 1071 73 7910 85 6125 13 6180 47
5518 7 2143 92 40 69 8192 2 5588 11 5286 37 5634 98 6185 59
5519 3 2006 73 3632 51 6222 28
5520 7 5111 65 7415 23 7992 53 2841 44 3894 63 8906 89 7986 92
5521 6 917 32 9513 73 2170 20 4250 94 5759 65 281 22
5522 5 893 88 4092 4 9509 41 901 97 3094 62
5523 7 92 97 5162 69 1164 52 112 68 4693 80 1330 61 9098 21
5524 3 1078 92 9059 55 5996 44
5525 6 1664 75 8826 57 2982 66 6280 18 4006 84 6634 55
5526 5 3843 37 6215 54 8326 90 5540 58 6235 70
5527 5 4306 31 7286 80 9319 54 7606 6 1617 75
5528 5 3192 16 7683 21 8386 35 6514 83 640 34
5529 5 2370 19 5688 30 6225 56 9093 86 2609 91
5530 3 333 79 6250 10 1283 15
5531 5 5098 79 8572 53 6964 9 1996 7 7059 55
5532 5 1575 78 4676 14 1029 97 383 82 7684 3
5533 5 3786 48 6638 30 9187 38 4641 17 8506 50
5534 5 4326 94 9260 21 376 27 4484 30 4409 76
5535 5 114 23 6935 100 2058 17 7018 12 9584 40
5536 1 3273 69
5537 3 2489 78 8307 56 3669 85
5538 5 3180 80 8117 87 4904 62 868 90 7234 90
5539 8 5297 66 9349 7 3997 58 9522 94 2499 36 5410 77 3106 80 5969 1
5540 3 4535 13 5526 58 7424 30
5541 3 4503 77 9353 54 5620 71
5542 3 4604 33 6787 81 222 7
5543 4 3326 70 2823 54 7080 79 7036 90
5544 5 2383 27 3970 1 6231 99 2794 29 403 55
5545 4 1226 48 2312 75 3429 51 5004 70
5546 3 3491 2 8448 84 6787 37
5547 4 3875 38 3012 40 5727 38 3424 9
5548 3 4520 27 6301 20 5333 100
5549 2 430 61 53 11
5550 5 2740 27 3143 93 5632 96 842 10 7829 61
5551 4 415 26 8356 21 8525 79 7783 69
5552 4 128 4 7476 92 3492 49 1439 78
5553 7 1385 45 5571 12 8370 1 3037 52 8675 87 1637 68 3165 1
5554 3 3748 88 9445 59 1951 81
5555 1 4936 64
5556 10 163 97 6423 80 6970 32 7021 7 1633 4 4019 69 7521 96 2939 5 5494 40 6992 16
5557 2 3379 79 2134 37
5558 5 90 43 6113 39 446 79 8007 20 9991 84
5559 6 3263 96 1301 19 3060 20 7062 98 8615 22 4403 71
5560 6 3957 81 7738 74 4091 35 6738 55 8890 58 6044 5
5561 4 159 68 6761 75 1680 22 4175 47
5562 5 348 10 9713 56 4074 26 3438 37 3366 18
5563 5 3806 3 6360 59 7002 46 3349 4 5819 96
5564 6 4025 32 7202 53 4620 61 4696 29 5968 83 109 29
5565 4 1677 28 7942 4 2120 94 3562 4
5566 6 4299 61 4304 87 2435 100 9356 83 9113 97 1292 15
5567 4 3055 92 7362 31 8897 23 8736 11
5568 2 1435 23 7275 28
5569 6 4510 30 5743 18 1178 77 412 59 8924 63 6579 10
5570 4 4550 89 9043 38 5744 54 9552 11
5571 7 5553 12 2765 62 9913 16 9461 31 4817 76 9755 69 6578 60
5572 4 3274 58 9350 27 2791 6 9102 29
5573 4 1644 59 7592 47 963 22 5878 41
5574 4 5005 1 8795 94 7057 78 7740 47
5575 3 3222 10 2471 13 9853 57
5576 3 4795 56 5802 70 5143 92
5577 7 4372 19 8620 30 3861 75 2805 39 1130 94 4622 47 9863 1
5578 4 808 39 6985 67 7600 54 3322 46
5579 6 3953 90 5624 45 5627 59 6486 63 2151 91 4041 10
5580 4 5093 92 8557 18 8006 1 3858 91
5581 4 1371 90 1559 45 108 90 2525 95
5582 2 412 88 7818 89
5583 6 5437 74 3377 68 397 84 1656 74 2294 69 4458 32
5584 5 2115 50 5612 4 8269 72 5343 64 2027 86
5585 4 1989 94 9696 28 6773 22 1821 69
5586 2 943 18 2501 76
5587 6 3263 40 6985 9 8166 15 6293 98 1478 23 8773 41
5588 7 4784 5 5518 11 6033 90 5894 3 3688 97 4726 99 1992 55
5589 8 1697 16 6277 41 8433 33 8021 79 1358 29 5261 67 7622 90 1047 3
5590 6 3975 9 2435 57 6248 10 5176 69 7311 70 9814 91
5591 3 1609 80 2436 14 6969 75
5592 8 4370 92 7651 43 8646 59 9383 97 2129 47 953 5 1871 10 659 61
5593 5 1865 4 6159 95 7420 31 6190 86 5684 49
5594 5 410 12 5775 41 2114 92 2928 48 4704 42
5595 5 1891 61 7557 95 1178 78 3682 45 6382 36
5596 7 5097 74 9651 78 6425 11 2988 16 215 80 3805 49 9127 38
5597 5 448 34 8400 57 8346 62 4316 51 8122 68
5598 4 423 5 6654 8 1209 80 730 95
5599 4 1806 26 9485 25 26 19 8013 40
5600 4 4431 14 6467 80 6693 55 6728 49
5601 4 2068 90 6433 21 7504 77 2075 28
5602 5 2355 22 6610 63 8727 24 4670 87 6466 21
5603 6 3549 37 8282 77 4598 25 4798 21 7210 29 1502 36
5604 7 4927 13 587 37 300 54 5986 97 5811 20 6024 32 8631 64
5605 7 3885 19 6861 27 4470 35 4661 87 5491 100 9117 47 8753 70
5606 5 4932 64 8855 55 3738 16 8651 84 4707 12
5607 3 2770 57 6726 69 7857 79
5608 3 5189 27 2676 56 135 39
5609 3 2867 30 6227 65 1540 62
5610 3 4522 2 2545 20 545 32
5611 5 3443 4 6335 4 8043 49 3751 47 7347 24
5612 4 5584 4 6959 53 842 77 6678 73
5613 4 2504 60 3720 84 788 9 1631 94
5614 4 5008 39 1589 88 508 98 1747 27
5615 4 1504 53 7768 80 7432 31 8727 1
5616 1 1146 12
5617 7 3796 5 6905 28 7856 96 2774 24 1023 94 1468 23 3729 50
5618 1 5292 53
5619 3 3918 33 4749 39 275 99
5620 3 1497 40 5541 71 7464 65
5621 4 2702 80 7417 3 1905 12 4563 57
5622 7 2370 66 2076 2 2612 54 9689 24 3916 7 4736 2 4875 39
5623 7 3209 11 3748 50 8040 40 1874 20 4256 56 7243 53 3546 98
5624 10 5579 45 7887 94 5165 100 2493 2 6410 39 2072 6 381 67 5990 19 1869 90 1900 80
5625 2 570 66 8406 98
5626 4 4026 3 1206 98 2569 32 8844 16
5627 5 5579 59 4127 91 6188 69 4098 75 9593 63
5628 3 2976 27 6483 2 6186 2
5629 5 4456 71 6627 11 8185 77 477 26 9424 27
5630 7 294 90 4048 70 4335 74 4703 51 6028 10 7690 21 811 91
5631 3 1134 38 6176 33 6706 41
5632 8 1869 38 6475 43 8345 77 5550 96 7102 17 9633 38 7491 6 4463 48
5633 3 2813 80 6447 74 888 66
5634 6 5209 55 6706 72 8098 47 9246 46 6077 91 5518 98
5635 5 298 67 6091 58 8126 13 2223 46 9182 42
5636 4 336 52 5963 49 2778 88 392 28
5637 4 1010 52 7168 73 7469 32 6327 16
5638 3 1684 99 415 33 1378 17
5639 3 1279 26 6312 79 8655 41
5640 5 3138 64 6056 89 1662 63 771 77 4675 55
5641 5 749 37 8277 4 1139 24 9143 25 7530 99
5642 3 3026 39 5891 6 477 27
5643 5 2570 25 8409 57 82 81 1149 92 1931 56
5644 5 3234 90 8014 62 3645 7 8911 43 2628 8
5645 4 451 31 7150 87 8991 84 859 87
5646 5 4311 21 9833 31 9198 54 989 40 1993 77
5647 3 5314 63 9597 61 7073 69
5648 3 622 26 9273 52 6345 73
5649 3 5088 35 7268 84 912 58
5650 6 2072 22 9236 65 8599 73 747 16 295 28 8432 89
5651 2 2243 51 6166 65
5652 6 4654 100 7545 46 7965 52 4220 4 4712 37 3624 16
5653 9 4471 9 9827 77 2315 69 9298 18 6785 69 109 84 6983 70 3857 55 8812 8
5654 6 2129 42 6215 55 8281 31 862 31 1743 70 8286 8
5655 6 539 28 7457 95 8856 87 7820 65 9697 17 5723 47
5656 4 4995 41 6171 46 7126 93 5041 1
5657 3 676 36 3619 72 3680 9
5658 3 378 40 7699 97 807 52
5659 6 3064 1 7206 65 4304 88 7851 24 3925 33 4532 96
5660 7 1354 98 7089 22 9909 75 6956 62 8068 5 7621 25 3122 35
5661 5 1076 8 4545 27 8001 61 2149 56 1884 79
5662 6 5026 60 9592 76 9196 85 5078 90 5875 42 3783 19
5663 5 2599 58 8110 19 1861 35 8813 96 9967 15
5664 3 5217 72 8255 85 4827 97
5665 4 3835 18 1887 61 9302 62 570 35
5666 5 5023 87 8307 56 7936 93 4883 42 2332 5
5667 5 673 4 7393 51 7426 78 9753 16 1305 63
5668 4 2174 35 6829 27 640 34 9718 16
5669 5 37 89 9805 100 7102 91 1296 81 9538 93
5670 3 5347 46 8579 51 31 34
5671 4 1603 43 3547 83 3613 91 6408 28
5672 2 103 27 8283 45
5673 3 3665 65 2274 24 3936 25
5674 4 1090 92 5928 38 7407 77 9710 40
5675 9 2105 33 6323 71 9929 53 2884 8 3644 37 4907 93 689 51 157 97 1437 79
5676 9 2630 90 6147 56 8915 25 9846 64 375 76 5511 19 4085 12 8152 91 9266 68
5677 6 456 24 8180 10 1429 81 9026 8 1796 88 7760 40
5678 6 2080 32 7296 98 4898 45 6821 29 8346 32 3876 55
5679 5 1412 29 5184 77 9824 4 1074 28 9732 43
5680 3 2553 33 9208 82 78 92
5681 1 3406 18
5682 4 872 11 6765 24 8542 95 3948 25
5683 7 2863 75 6260 65 6599 46 8708 90 3633 86 1422 95 8264 45
5684 7 989 21 1537 9 5730 65 5593 49 753 42 2110 70 3618 5
5685 4 539 27 9557 86 7355 97 7807 87
5686 8 4280 97 7107 1 8689 8 7485 2 6977 62 2014 83 1723 41 4915 27
5687 7 5442 24 8312 61 9125 85 9459 17 369 41 6970 25 5753 48
5688 6 4003 71 5529 30 1210 81 3608 94 9717 48 155 45
5689 9 145 32 4807 47 7822 42 3318 24 2542 66 4873 95 3547 18 5131 16 1915 78
5690 7 2760 92 5796 31 2981 44 1240 6 352 84 7939 93 2195 70
5691 3 1425 85 3167 27 1972 68
5692 5 1570 6 8041 45 7210 48 5128 89 6035 4
5693 8 4023 71 7835 89 9209 23 4896 21 2278 42 5129 89 7537 83 2073 60
5694 5 4448 61 957 57 5914 7 9538 99 24 49
5695 7 5432 38 6430 84 8343 78 9984 42 7737 21 6393 20 3757 77
5696 6 4061 67 7664 63 2069 63 4371 37 7610 58 1368 30
5697 2 4455 55 1924 22
5698 5 3196 7 1192 35 5405 22 70 96 8447 81
5699 7 3311 8 6666 29 8135 39 8916 29 7440 30 6373 96 3095 30
5700 5 3691 54 9403 7 8492 90 1408 63 5847 92
5701 6 5472 81 7648 60 9617 28 8278 31 5132 74 6101 79
5702 2 881 60 726 60
5703 5 3191 91 9625 3 7754 14 8607 62 4284 75
5704 2 5422 60 28 87
5705 4 2751 77 8886 99 3455 72 4877 64
5706 2 642 40 3818 6
5707 12 447 22 6037 85 6568 87 8755 85 5312 71 8529 40 6921 100 1989 32 6838 80 4240 46 3085 85 1474 68
5708 6 525 96 4287 3 9701 78 5804 11 7237 50 1509 52
5709 4 2363 52 9189 27 1718 38 9617 86
5710 3 2187 14 6553 11 3645 18
5711 5 47 28 8975 94 7532 46 6664 56 539 53
5712 4 2933 77 8747 8 8884 11 7330 82
5713 3 1318 16 6068 34 9062 98
5714 4 969 84 7831 54 7961 46 7783 100
5715 3 4855 13 9045 52 3997 60
5716 5 2211 29 2650 50 436 86 4273 73 1320 15
5717 10 5070 52 7312 54 8070 23 8140 71 4050 54 7761 57 4273 100 9110 9 1316 95 7688 99
5718 6 5047 61 1150 46 7452 35 247 53 3083 7 256 16
5719 5 2601 34 6704 3 4645 25 8124 64 526 90
5720 3 3613 97 8254 32 718 91
5721 8 1419 85 9139 88 2114 69 5369 6 1283 66 4099 9 6271 99 587 43
5722 6 2576 53 6855 25 5432 5 5479 22 5282 65 7357 94
5723 3 31 20 9525 35 5655 47
5724 1 172 45
5725 3 4721 70 3454 97 6540 54
5726 3 4560 77 1177 6 3916 54
5727 5 2157 65 8662 19 5547 38 1743 7 7724 35
5728 6 3992 87 9195 92 7168 25 3263 27 802 28 4826 55
5729 5 5361 50 6207 52 969 14 6114 55 4775 21
5730 5 1145 27 7098 5 5684 65 7969 98 3759 35
5731 7 448 98 1563 75 9849 39 2765 31 6431 87 1375 59 2752 64
5732 5 530 6 6340 73 4300 43 5205 71 9942 68
5733 3 581 30 8613 11 2013 30
5734 8 4711 83 6739 2 7626 55 1092 47 6659 56 6476 36 9043 50 8396 99
5735 4 4945 81 4917 90 2496 61 424 4
5736 2 24 32 2307 100
5737 2 3430 25 4148 21
5738 3 1998 9 6180 1 3989 39
5739 3 5327 36 9963 23 8797 83
5740 4 2776 29 3219 76 9414 74 341 31
5741 4 1581 6 7852 2 9649 14 5986 63
5742 4 4652 9 8527 8 4819 14 2726 91
5743 6 4758 41 5569 18 4992 78 4137 44 2722 19 1471 90
5744 10 1975 96 9683 41 815 78 3464 13 1965 32 7276 43 5570 54 1567 90 8721 56 2728 39
5745 3 3880 22 4429 36 9390 89
5746 3 1903 34 376 45 9960 75
5747 5 485 16 1783 97 2874 8 2364 93 8417 87
5748 3 3529 44 2708 96 7738 8
5749 3 562 65 624 58 4684 67
5750 2 1703 94 9321 63
5751 3 3910 91 4754 4 3296 45
5752 3 2012 11 9934 18 2617 41
5753 3 2672 34 1298 100 5687 48
5754 5 5266 36 6766 74 8831 48 9528 38 5415 23
5755 4 541 86 5860 61 9512 56 8308 2
5756 6 1061 31 9820 41 3131 8 2809 15 5080 94 5050 69
5757 3 3322 73 6148 18 6956 38
5758 7 224 85 6016 70 9195 16 5765 41 2254 64 3233 15 6286 31
5759 5 4242 35 5510 45 1264 43 5521 65 4035 100
5760 9 607 95 7204 59 8202 32 7692 82 9490 97 6289 15 9247 15 1950 94 4318 91
5761 2 4157 59 8524 57
5762 6 2724 90 339 7 6484 37 4487 79 4967 62 6235 19
5763 5 5264 50 9892 36 65 2 80 81 8295 6
5764 7 2421 10 6336 98 8269 50 1907 55 2491 56 2469 8 9262 85
5765 5 3524 52 5772 47 5758 41 1308 14 6016 3
5766 5 3810 13 8359 61 8199 55 3345 66 7639 41
5767 6 2309 5 9938 56 262 56 6587 41 2005 80 6170 9
5768 7 5512 94 8077 56 762 66 435 45 789 50 7061 68 1901 13
5769 2 294 89 6193 34
5770 5 2075 58 2171 85 1919 19 5835 54 4746 67
5771 4 4050 28 8802 53 469 84 6470 54
5772 8 4033 18 7080 47 7591 95 5765 47 3607 87 2530 96 8175 28 5847 93
5773 5 88 53 5009 15 9126 48 4250 100 1514 21
5774 5 1268 73 9891 7 6179 88 6687 78 5363 45
5775 5 5594 41 7065 45 7967 67 8384 1 9093 22
5776 8 1485 71 5800 30 3026 71 9548 14 506 89 4779 27 4825 54 9049 76
5777 2 635 66 7459 50
5778 6 661 76 2679 25 3172 78 4512 9 9590 16 4418 92
5779 2 4382 19 1668 91
5780 4 1937 17 7006 38 7707 59 555 82
5781 6 4462 4 9435 6 4907 99 5106 23 7818 99 3926 35
5782 4 2699 64 8348 37 6962 84 9688 51
5783 4 2808 89 7608 83 8216 36 6805 98
5784 3 3312 11 8419 66 9174 92
5785 5 1172 54 7538 52 3687 88 9742 90 3709 52
5786 4 3853 7 7435 51 5256 87 560 40
5787 5 1874 91 6630 15 1229 34 6521 46 1107 94
5788 2 919 43 3387 72
5789 3 4465 12 192 90 7298 64
5790 4 3053 60 9439 50 1716 12 5416 79
5791 2 1949 2 7277 93
5792 4 5122 10 8055 60 3127 13 2952 42
5793 3 2006 12 2578 54 3905 21
5794 4 2483 94 3116 52 6889 86 2560 76
5795 6 3580 37 8902 51 5243 51 7037 100 7855 13 8355 66
5796 3 5690 31 8488 65 6239 42
5797 7 4872 27 8118 86 8611 5 4 99 682 7 1700 51 8483 69
5798 6 4114 4 9902 86 9971 77 1930 20 5112 7 7834 61
5799 8 1752 94 6713 40 7655 88 8525 91 8230 7 7385 95 7963 52 190 7
5800 4 5776 30 7622 99 1297 46 8508 38
5801 7 4714 92 6708 95 9157 2 2751 36 3177 39 5487 44 6523 17
5802 3 2022 70 5576 70 9685 73
5803 5 226 40 6024 37 9499 90 4064 30 1403 89
5804 5 1312 81 8470 43 4352 76 5708 11 2147 89
5805 4 1609 98 7586 89 4501 24 2161 5
5806 6 3074 31 7745 96 8220 94 8494 93 3600 28 6297 67
5807 7 5262 86 1480 16 1628 59 9008 19 8482 86 4921 83 558 71
5808 4 120 56 8009 27 2969 68 7413 81
5809 3 4327 4 9236 15 7121 7
5810 3 2871 86 9636 21 6881 62
5811 6 105 27 6509 58 2994 90 4691 71 5115 77 5604 20
5812 5 3018 17 4448 65 4525 83 9981 83 4908 38
5813 3 2491 17 6733 82 2074 2
5814 5 598 59 7217 52 1846 98 2621 60 3873 33
5815 3 1976 26 8122 49 9070 73
5816 8 1719 72 6652 18 5119 7 7719 5 2272 2 2634 51 3136 59 7834 29
5817 6 509 49 7987 22 3349 48 7320 83 3415 13 9315 21
5818 4 1238 68 7840 10 2070 36 4404 47
5819 4 173 94 8882 89 3696 85 5563 96
5820 7 5329 97 8858 98 1580 98 4935 65 2485 69 971 90 1003 71
5821 2 924 66 9171 43
5822 2 3870 5 1808 52
5823 5 2644 60 671 71 5273 21 2171 6 3688 51
5824 5 5377 29 4659 1 7805 65 4496 34 4059 42
5825 2 1877 13 1529 51
5826 5 3128 35 6513 49 8441 61 2182 95 8709 72
5827 6 3247 56 3703 33 8354 93 7465 19 7753 44 8346 42
5828 3 4974 49 2122 100 6764 92
5829 7 4594 15 898 5 4906 44 6249 76 3622 71 6828 91 6601 80
5830 2 1172 5 5059 6
5831 8 5309 39 3880 18 6121 77 9943 23 3674 96 9880 83 5252 38 2296 25
5832 4 5324 13 9430 3 6718 73 3536 66
5833 4 763 51 5106 69 6731 87 214 54
5834 4 2896 85 7473 28 911 81 3853 13
5835 4 516 13 5770 54 6323 25 1214 88
5836 2 462 34 2469 75
5837 6 1848 13 9148 6 731 86 625 90 1801 62 4553 10
5838 5 3005 19 6329 72 1975 68 5374 90 9179 37
5839 3 2650 83 2433 94 7990 47
5840 6 4207 56 4454 79 254 76 4341 1 7281 46 3240 5
5841 4 3812 70 9986 74 5269 43 7470 76
5842 6 3351 81 8665 31 4637 62 8012 94 9164 39 5348 35
5843 2 1893 16 1910 23
5844 5 2211 85 3617 81 3357 57 3480 11 7220 35
5845 4 2760 82 8539 6 130 4 9312 88
5846 4 2997 2 4070 22 3334 50 3090 65
5847 5 1244 49 1664 62 5700 92 5772 93 3580 43
5848 6 2620 35 8645 86 4635 4 7888 72 1541 75 392 33
5849 5 5238 76 9320 17 1420 95 2539 8 9772 63
5850 4 5493 3 9802 16 5966 79 4802 55
5851 6 1418 27 8279 31 9978 10 4768 35 9596 87 2117 34
5852 6 1319 82 7725 92 8266 58 1195 70 4716 41 894 38
5853 3 3164 5 6700 39 9859 18
5854 2 4926 10 8622 10
5855 5 1677 56 3049 24 2711 88 2873 48 8693 3
5856 5 2151 46 8657 7 2666 80 3593 43 7298 91
5857 6 4140 41 9846 32 3371 55 9706 78 3212 94 4995 98
5858 6 815 34 2285 97 153 85 1285 39 8074 81 6097 82
5859 5 4157 96 4843 83 4437 64 9748 37 1697 42
5860 4 5755 61 5957 33 329 47 5490 98
5861 5 1181 42 8602 88 2523 41 9875 10 1978 59
5862 4 3098 28 6214 51 6217 13 8449 100
5863 6 5396 83 4276 64 8572 34 7305 72 6353 38 9299 65
5864 4 219 94 6635 22 7662 66 9775 96
5865 2 2585 5 1535 6
5866 4 3523 73 7187 76 9633 45 7989 82
5867 8 1146 42 5156 40 5944 13 1949 90 5481 71 5029 17 4152 46 2353 15
5868 2 1303 79 9333 69
5869 5 5416 16 4009 57 3893 39 6699 73 9661 95
5870 8 1827 68 7110 50 8069 74 7088 87 2815 5 9862 75 9954 81 7159 56
5871 3 803 5 7817 3 754 85
5872 2 4386 65 3863 90
5873 6 358 1 9470 38 9909 85 8658 43 5890 45 5080 75
5874 6 3289 92 8374 65 2572 50 9346 52 432 20 4050 57
5875 3 3137 80 8253 59 5662 42
5876 6 5245 24 8270 2 4086 1 1694 95 1023 65 2429 82
5877 5 2132 15 6044 56 7846 73 3943 80 5080 56
5878 4 3803 9 4401 37 962 30 5573 41
5879 3 2398 100 7318 16 7424 8
5880 7 699 15 2783 67 8358 91 629 83 1046 86 5968 10 6355 16
5881 6 3946 55 5070 1 7472 57 3118 5 6169 59 8044 88
5882 4 1123 48 86 14 7978 22 810 54
5883 7 4027 55 7953 98 9340 16 7499 22 693 18 2040 46 7050 33
5884 5 4664 93 6006 21 6668 21 2101 49 8222 55
5885 3 2272 41 8322 47 2132 50
5886 4 93 6 6771 38 9530 64 1619 47
5887 6 2622 37 6169 25 6532 10 1229 72 9003 26 8271 44
5888 6 3201 69 2122 67 1325 22 9940 10 2170 83 9040 19
5889 6 253 7 6315 74 7331 82 9658 84 3255 49 1147 42
5890 4 3324 78 7396 22 8876 37 5873 45
5891 5 964 67 230 22 6647 21 5642 6 7647 68
5892 3 4268 91 7028 32 1653 25
5893 2 4976 11 3523 1
5894 4 1 25 5588 3 6033 77 3175 81
5895 5 4445 68 6868 6 8062 60 9924 51 7802 52
5896 6 1806 96 8110 65 6786 54 575 8 6375 59 5395 40
5897 8 4647 52 6038 66 7951 91 9355 99 9556 51 9808 75 9762 55 1502 40
5898 7 2579 51 4795 24 5251 58 8449 44 3740 44 6882 71 8708 41
5899 8 4778 11 7088 39 1809 19 4347 85 8278 28 8694 63 8943 11 4358 53
5900 3 3099 12 2813 68 9809 96
5901 2 2113 21 6370 66
5902 8 927 34 848 100 7064 82 6032 68 5918 2 1789 26 8780 80 4774 21
5903 6 5366 38 8974 28 9584 48 3611 19 6648 51 2297 62
5904 8 3984 27 6048 42 7368 46 2409 85 1513 46 6868 60 9339 34 223 69
5905 8 3009 3 7292 61 8970 15 1431 74 1278 55 7979 1 7465 93 9696 1
5906 2 5026 57 6862 46
5907 4 1362 65 8932 40 3274 85 3154 38
5908 4 4629 56 6916 1 1513 98 3421 86
5909 5 6 65 6411 56 9366 79 1665 86 4542 95
5910 5 3415 41 7189 43 2070 69 6018 47 2266 86
5911 3 1558 45 6694 33 7092 59
5912 2 2893 95 825 62
5913 2 289 38 5289 95
5914 4 2658 43 5694 7 5415 82 2537 33
5915 3 74 77 9607 49 6713 77
5916 7 4192 71 8730 12 8551 38 4022 77 604 44 311 42 8222 42
5917 4 3254 87 7058 52 2141 44 4274 62
5918 5 133 43 5926 93 6606 53 3403 20 5902 2
5919 4 1626 6 8385 86 2942 96 1599 30
5920 1 3573 99
5921 7 4493 32 6832 81 3883 81 3389 31 1755 11 2010 92 5369 20
5922 3 1511 25 8629 46 7381 88
5923 4 4854 76 1659 90 242 66 798 37
5924 6 2844 11 9960 59 823 35 526 40 3550 79 7834 40
5925 3 1673 16 6186 91 4671 1
5926 4 5918 93 6273 56 4931 37 684 66
5927 4 3793 58 8561 8 4563 19 7697 38
5928 3 5674 38 6277 29 1797 79
5929 7 3266 81 1894 43 8550 95 8420 92 9654 76 5353 55 891 69
5930 4 3580 56 1655 53 1401 92 6208 48
5931 4 452 78 458 4 9664 89 3953 72
5932 2 3467 22 6302 93
5933 8 4590 87 6729 47 4142 32 7326 25 5227 76 3741 30 6629 55 744 27
5934 4 509 9 7303 79 6802 32 9153 69
5935 4 2439 41 6165 63 7969 78 9864 16
5936 4 2052 89 6130 15 8929 9 3206 63
5937 3 4255 56 5979 50 6073 10
5938 5 378 49 7867 67 3351 67 1489 33 362 20
5939 6 4841 38 6512 52 8402 65 7395 67 7649 10 2163 98
5940 3 2526 58 7220 25 7489 75
5941 5 4239 61 4241 36 9849 63 9212 92 469 15
5942 4 3161 96 9913 86 3063 98 2557 11
5943 4 5492 39 5389 8 8014 78 3488 55
5944 11 2477 57 7713 81 8090 54 9950 65 6923 51 5867 13 3479 91 8370 65 6776 84 7820 24 378 9
5945 4 4218 31 3064 45 7957 50 7139 44
5946 4 1359 43 6579 42 9213 86 4850 74
5947 5 5382 10 7988 19 8737 5 8502 96 6052 14
5948 4 5055 5 9885 14 7273 98 2044 89
5949 4 346 71 1885 5 3270 98 302 7
5950 3 5319 72 8648 12 7257 34
5951 4 820 76 7735 54 6581 26 3680 39
5952 6 1664 11 7760 21 5499 96 1935 46 3660 60 6831 84
5953 2 319 35 4904 92
5954 7 2595 80 1057 22 245 100 1889 67 3593 69 3057 13 9413 11
5955 3 3977 90 5005 4 745 76
5956 3 2668 39 3714 18 1271 60
5957 3 5860 33 8924 80 6905 69
5958 2 2477 36 7076 87
5959 6 2702 59 94 15 1733 82 7835 90 1516 72 7830 8
5960 4 3705 63 6394 47 3808 27 8227 9
5961 4 1637 18 6786 43 503 49 8843 43
5962 4 3460 74 8346 84 6286 86 2229 16
5963 6 4918 94 8649 36 4284 56 5636 49 6789 29 8884 13
5964 4 3916 95 4153 11 6116 89 4859 1
5965 3 1176 79 5052 89 6010 14
5966 3 4971 68 2165 88 5850 79
5967 5 2090 70 4146 76 8552 17 9247 66 7010 15
5968 6 2030 98 6311 69 6073 5 5880 10 8933 6 5564 83
5969 3 127 16 1351 41 5539 1
5970 2 3339 27 8148 17
5971 3 2797 69 1587 63 2533 33
5972 3 2462 33 4372 7 9543 96
5973 3 688 31 4510 75 3495 98
5974 1 319 15
5975 6 4728 93 9845 26 2353 51 2206 76 6804 60 489 98
5976 6 4907 36 3457 7 2771 42 1190 12 9379 27 6411 39
5977 4 4030 32 8372 80 9422 9 6247 81
5978 4 5292 61 7070 42 3723 89 8926 100
5979 4 5937 50 6978 52 9727 30 3803 100
5980 4 1540 69 4332 78 21 59 7755 83
5981 4 2453 18 4888 46 6021 19 3366 53
5982 3 1853 95 9695 93 1535 65
5983 6 4862 59 8137 44 2953 51 2668 33 9834 31 8322 49
5984 4 2996 21 4085 2 3734 64 6597 91
5985 3 2686 54 2195 8 9002 41
5986 8 488 66 6479 90 3938 46 5604 97 3739 63 6732 98 4147 94 5741 63
5987 4 1299 86 3588 73 8484 18 4945 40
5988 6 2253 37 6716 78 6151 11 686 100 2808 86 1617 33
5989 8 3108 100 2555 59 7758 80 8163 52 1171 46 8564 66 4316 49 5006 21
5990 8 2138 38 9098 24 2643 7 9054 49 7944 57 6998 38 987 43 5624 19
5991 3 5075 40 2992 89 4675 86
5992 4 4146 88 6317 15 6867 33 2286 68
5993 3 2942 1 8851 56 8876 96
5994 5 3086 94 7298 9 9343 15 9430 99 9553 59
5995 6 5384 78 7230 72 9164 95 9746 48 7173 99 9630 51
5996 10 534 23 5524 44 3889 11 1469 41 7780 68 7059 7 2502 27 7527 76 7875 93 2553 85
5997 6 2245 89 9121 93 6201 41 1676 94 1364 64 7348 29
5998 3 2626 84 734 67 7187 44
5999 2 1526 13 1238 47
6000 2 2382 85 6079 4
6001 3 430 75 853 88 2459 90
6002 4 589 27 6133 83 5015 83 2347 31
6003 4 241 31 2750 67 4028 88 6017 33
6004 3 3284 62 8437 4 3103 38
6005 6 4912 44 6653 17 3965 62 8428 14 1434 69 6739 84
6006 3 5884 21 6503 90 7003 5
6007 3 752 63 8998 84 7834 37
6008 2 700 67 4527 52
6009 3 2114 63 9168 15 8938 52
6010 3 1382 21 5965 14 7411 63
6011 5 2346 32 3781 40 7103 7 610 53 3240 64
6012 7 292 9 7082 95 8354 29 4674 33 7418 4 2770 31 5097 73
6013 1 4172 70
6014 3 1572 26 6843 26 5424 80
6015 3 3877 98 5387 38 2624 65
6016 8 5758 70 9869 28 4260 84 854 41 3478 2 3667 57 5765 3 9056 59
6017 8 5324 42 8778 42 2069 7 296 22 1596 39 3123 87 618 88 6003 33
6018 8 3985 77 8603 18 3283 83 4090 16 3433 17 9413 25 5910 47 1892 86
6019 9 2526 49 6809 32 9898 65 1810 89 8900 62 2258 73 90 57 1393 41 2088 39
6020 3 1609 4 8841 14 2074 18
6021 8 5324 6 7936 6 3752 73 6992 67 7331 39 5467 91 5981 19 1418 32
6022 5 4885 56 6077 20 7412 39 6068 88 3940 46
6023 4 385 8 6436 97 1195 28 1670 95
6024 3 5803 37 7711 32 5604 32
6025 5 2638 56 6827 25 514 67 1371 92 3358 43
6026 6 3099 18 7465 8 9000 8 1291 40 858 38 6959 74
6027 8 5461 81 9708 68 9888 59 1983 56 2583 9 377 30 6083 59 3305 9
6028 7 4327 61 7429 98 8248 69 5370 84 6215 12 5630 10 867 44
6029 6 3477 89 3739 55 9 30 3499 45 4331 2 3239 37
6030 6 709 45 6156 79 6424 82 6900 100 8549 46 7127 77
6031 1 4802 43
6032 4 4148 96 5902 68 6477 38 9400 39
6033 4 773 59 5588 90 5894 77 886 84
6034 1 16 1
6035 4 2740 25 6490 29 6216 73 5692 4
6036 7 5430 39 8120 90 8630 60 8864 77 566 99 7458 52 1844 18
6037 3 5707 85 2030 40 1430 64
6038 3 5897 66 7553 10 7960 11
6039 3 486 46 3491 53 8289 57
6040 3 1751 83 7660 81 4848 70
6041 7 3485 61 9311 55 5416 27 9718 20 7951 71 9271 54 6131 46
6042 4 1106 62 5206 93 7301 34 6645 41
6043 5 3372 100 7291 56 9633 68 6616 90 9018 95
6044 5 5877 56 8434 51 4961 81 8949 54 5560 5
6045 6 2515 3 1358 95 9488 51 3902 74 8421 31 279 15
6046 7 979 36 6293 64 6293 72 6955 37 8075 29 9436 5 2152 73
6047 3 4698 52 7324 58 6380 87
6048 4 5904 42 6414 89 7584 41 529 58
6049 1 716 2
6050 5 937 23 9182 54 4927 2 7565 65 6556 56
6051 5 3558 82 3514 77 6579 58 7710 3 77 21
6052 6 5138 80 9048 42 4913 18 7180 26 5947 14 6429 1
6053 6 985 17 6576 36 1475 14 2334 13 6231 55 8671 91
6054 3 3078 12 5342 91 4963 64
6055 4 870 57 6320 90 3367 19 1264 87
6056 7 5640 89 7974 25 1601 51 4062 64 3449 40 8648 64 7636 93
6057 4 1519 54 6330 7 8049 91 5331 5
6058 2 5163 15 5033 52
6059 4 3924 71 8992 77 4927 78 8003 62
6060 5 38 23 6682 32 9142 98 3834 79 346 85
6061 8 2736 80 6233 43 3602 14 3196 20 8575 51 911 73 9852 40 6817 61
6062 3 1021 57 7387 18 2102 33
6063 5 4632 51 8618 42 2054 56 8690 11 4714 20
6064 5 1950 65 7567 41 9704 5 3490 28 1064 21
6065 9 944 34 8967 98 8647 48 4338 27 493 94 4462 57 2656 73 4800 1 5000 26
6066 6 5025 64 6607 16 5049 70 1453 42 7457 3 6163 25
6067 5 1196 74 6098 84 7403 41 6645 67 140 72
6068 6 5713 34 8348 63 7968 5 7334 53 6022 88 4279 76
6069 4 4938 75 9417 76 6538 7 9769 47
6070 3 4162 42 6272 33 4855 18
6071 9 3828 3 3599 36 8921 23 6097 64 7922 24 2561 92 9123 57 9650 93 9916 51
6072 3 1712 83 7335 81 9024 38
6073 6 3420 77 7841 11 5937 10 5968 5 1594 51 1951 87
6074 5 3686 63 7198 85 7880 73 1965 24 7809 93
6075 3 1296 35 7651 36 8274 30
6076 2 2753 40 7808 22
6077 4 6022 20 5634 91 8490 69 1592 100
6078 4 875 2 9668 75 3069 87 9604 87
6079 3 2806 23 6000 4 2315 12
6080 6 4326 11 8443 79 7187 86 8347 6 1415 99 1178 64
6081 5 4863 49 7263 9 6388 89 4064 22 320 46
6082 5 845 99 7025 82 3289 7 9529 79 4408 92
6083 5 5142 2 807 29 6027 59 4013 36 3829 51
6084 6 2888 10 8491 66 820 88 3283 64 4854 64 3000 23
6085 8 2925 62 6393 1 6839 81 7961 45 6862 93 6207 32 6202 32 9146 71
6086 5 3931 41 8154 71 9343 46 131 41 9130 40
6087 5 4650 54 2238 63 9953 9 1184 13 1043 97
6088 7 1130 82 8332 57 9027 9 7283 54 201 12 6981 3 3401 29
6089 7 4126 38 8157 50 9429 12 8567 99 3576 58 8192 76 3532 95
6090 6 1101 20 9694 6 4779 49 7868 99 2627 65 9034 72
6091 3 1331 44 8083 78 5635 58
6092 7 53 89 2348 55 8760 46 8297 26 1752 65 8311 56 7579 92
6093 4 2895 72 7256 27 4977 50 3289 30
6094 4 4930 47 6703 77 9810 49 1362 8
6095 5 3835 99 9527 96 3809 22 3565 51 8102 38
6096 5 2260 72 7060 35 9411 1 5285 54 9487 3
6097 3 4821 12 6071 64 5858 82
6098 3 6067 84 6170 97 6449 42
6099 5 2783 86 4629 2 9618 90 4276 10 1515 66
6100 5 653 20 3713 49 2732 24 250 82 7623 20
6101 4 4919 14 3497 12 5701 79 8409 81
6102 1 4112 61
6103 5 2202 21 4497 95 1283 22 751 77 3071 56
6104 4 3432 42 6833 38 7133 19 9480 8
6105 5 1461 69 4809 61 6584 24 6444 44 4819 89
6106 4 1832 48 3896 50 8085 18 8569 89
6107 5 4478 98 513 49 4466 18 8772 63 2335 12
6108 5 3928 59 6552 47 2628 38 9899 5 4785 62
6109 2 2035 50 4819 74
6110 4 2072 25 8082 49 8354 76 4403 96
6111 4 857 99 1485 91 1337 60 4014 73
6112 4 3909 58 3525 1 3060 91 3955 71
6113 2 5558 39 8024 92
6114 6 1799 56 4807 81 9445 44 5037 24 2403 75 5729 55
6115 5 2247 38 8152 92 4241 52 465 73 1455 24
6116 4 5304 52 5964 89 992 5 6303 17
6117 6 5347 4 5306 73 629 52 3226 63 3551 10 292 77
6118 2 5122 63 9532 84
6119 5 4843 13 8652 85 9926 100 9854 82 3449 32
6120 4 2530 83 4316 88 7859 55 6858 14
6121 6 4938 1 7190 63 748 32 5831 77 3928 84 5079 53
6122 2 4939 70 7355 11
6123 3 5077 4 377 1 9797 40
6124 3 3106 99 3866 12 7937 7
6125 5 2843 81 7452 59 5517 13 2896 62 3539 50
6126 2 2318 8 4270 98
6127 2 1107 94 3610 4
6128 6 406 98 7540 38 5377 36 132 86 4585 54 9057 56
6129 5 4616 36 8371 39 6807 63 9652 89 9660 43
6130 5 5936 15 6641 72 3105 4 3420 8 5193 66
6131 4 175 7 4139 68 6041 46 2137 61
6132 3 3647 61 4962 53 7452 61
6133 7 6002 83 7247 46 4269 27 9242 82 8858 52 7505 50 8557 80
6134 5 2772 33 9276 32 3924 94 7211 21 8796 73
6135 6 2952 69 4950 1 249 21 6344 3 9786 43 4782 96
6136 1 1554 11
6137 2 176 65 8490 77
6138 5 2507 1 5184 90 6392 56 248 7 5061 2
6139 6 15 21 6905 88 4015 97 3634 81 6753 1 8270 95
6140 3 2338 90 6650 60 6693 67
6141 5 3841 72 3549 73 5010 57 3998 84 4253 79
6142 5 2878 53 4653 46 9427 38 8612 100 3883 95
6143 5 3142 5 814 77 1438 100 5299 59 8422 70
6144 8 5058 64 8658 77 9678 51 9374 6 5420 92 7022 93 3460 23 2084 14
6145 8 1303 19 7222 46 4018 79 3648 33 9894 35 4988 72 1155 6 6604 65
6146 5 2421 25 6602 46 2364 70 7130 86 3330 89
6147 4 5676 56 1587 32 7309 15 8980 15
6148 4 3081 12 8193 4 5757 18 532 63
6149 2 840 46 6160 65
6150 4 5321 74 4171 54 2432 31 4329 84
6151 5 2100 87 9315 15 9735 21 5988 11 907 2
6152 5 2515 56 655 19 8868 28 9074 29 3313 53
6153 8 4701 8 6346 60 7090 36 9446 25 2262 15 6819 29 1013 70 2650 99
6154 5 3284 86 6963 87 7701 98 8513 42 1510 86
6155 2 2807 18 2032 99
6156 2 6030 79 6699 57
6157 7 4168 38 7618 37 3473 55 4029 47 3495 27 3911 12 4583 96
6158 5 1131 69 7085 65 2881 45 4754 55 7532 24
6159 4 5593 95 2718 62 2171 64 6365 5
6160 7 871 34 7031 83 6149 65 593 24 4166 61 5424 14 2459 46
6161 2 4323 65 48 32
6162 5 1958 5 8128 2 7103 96 562 56 9892 2
6163 6 1115 30 7176 33 9800 22 425 31 3701 34 6066 25
6164 6 774 15 7434 83 7850 83 1900 96 7492 45 7529 28
6165 3 5935 63 4466 100 1334 7
6166 7 3703 83 8577 33 9006 2 4761 27 1151 54 5651 65 3475 7
6167 9 5390 24 2438 21 202 64 3603 90 7427 53 7846 100 3176 11 9634 1 8094 11
6168 2 3816 66 6224 16
6169 4 5887 25 1740 84 9750 68 5881 59
6170 9 13 34 6250 71 1969 66 7722 52 3099 72 6098 97 5767 9 4870 13 9321 64
6171 3 285 83 8424 39 5656 46
6172 4 5100 41 6512 54 3672 77 4090 1
6173 5 1758 52 6278 13 3674 86 4505 34 7987 37
6174 2 4282 28 4549 34
6175 3 1585 89 4526 42 1467 73
6176 6 4980 24 7599 66 5631 33 5433 53 2211 68 2807 28
6177 4 512 4 371 46 7527 34 2045 44
6178 5 1268 40 8100 81 3505 28 7947 9 4463 13
6179 4 3630 91 5774 88 3439 73 6306 10
6180 3 5738 1 7424 40 5517 47
6181 4 117 12 7606 79 7018 84 2255 6
6182 2 1277 48 1661 84
6183 4 507 88 4940 7 2780 37 9840 70
6184 4 1961 49 7998 93 9558 73 6205 13
6185 4 245 67 6502 13 2453 91 5518 59
6186 5 3221 84 5925 91 4433 43 9117 56 5628 2
6187 7 5162 32 9298 44 3338 26 8894 55 4208 18 3640 27 2448 15
6188 4 2587 69 7279 14 5627 69 8888 6
6189 2 4489 99 8247 61
6190 9 4586 22 5593 86 9736 57 6623 18 5163 34 5358 24 4497 53 3355 60 6467 69
6191 3 336 25 8156 22 4658 35
6192 6 2718 64 8950 16 9213 99 969 6 5313 66 9895 58
6193 6 3213 80 8581 42 2124 38 9138 17 5769 34 4496 27
6194 2 4068 16 3553 54
6195 3 1530 12 6352 96 7487 26
6196 7 2363 16 8081 43 8692 16 6644 87 4835 96 6894 32 4972 92
6197 5 110 70 436 34 9421 79 3389 11 9760 26
6198 6 4405 21 6836 49 3792 67 1591 54 5003 8 6890 58
6199 3 4977 91 8494 19 9689 84
6200 8 3758 64 7222 86 769 73 2791 11 781 31 1189 41 8631 36 2124 71
6201 5 4728 2 6289 64 6762 32 5997 41 4881 85
6202 6 4984 30 9577 20 413 38 1960 93 2334 100 6085 32
6203 2 2827 71 7706 44
6204 6 2071 50 8958 26 1118 95 1747 82 4478 8 885 5
6205 5 1323 83 7797 38 5320 92 470 41 6184 13
6206 5 3321 70 1033 64 9613 77 8303 2 8945 73
6207 5 4531 77 5102 5 2994 75 5729 52 6085 32
6208 5 1520 83 7478 92 3699 76 2563 76 5930 48
6209 2 4170 48 6587 66
6210 6 1034 90 7355 74 9612 67 8124 58 2109 44 3076 20
6211 4 2625 55 3939 55 4419 27 1198 25
6212 3 1484 11 9691 57 3788 100
6213 3 3114 77 803 63 7593 31
6214 3 5862 51 6474 79 1045 88
6215 6 221 57 5526 54 6028 12 6920 27 5654 55 5478 31
6216 7 1699 65 8028 53 9228 45 9343 7 8428 28 1642 63 6035 73
6217 5 5862 13 9461 48 46 37 783 58 3444 96
6218 4 3859 83 3716 84 8212 50 8876 78
6219 5 2500 18 8349 26 755 81 4636 27 578 95
6220 3 5012 62 90 35 4989 69
6221 6 5459 71 8613 72 3747 37 3823 46 1322 92 297 85
6222 4 5388 11 1494 71 4838 33 5519 28
6223 3 4168 66 8129 15 8485 48
6224 6 3647 19 8006 41 3923 22 286 68 6168 16 1363 61
6225 7 2105 68 7913 23 9789 94 5529 56 2268 77 9688 45 4136 88
6226 2 141 40 6390 41
6227 4 5609 65 3660 5 6265 22 1174 30
6228 5 3715 9 8104 15 9153 41 3154 1 2639 25
6229 2 5189 44 9621 61
6230 4 4114 63 2872 94 5187 68 3370 96
6231 9 4430 58 8644 69 8154 29 5544 99 9393 9 6053 55 9102 50 4555 82 7553 12
6232 7 4674 71 4538 59 4632 34 898 35 5085 16 9842 52 4447 67
6233 4 6061 43 9999 97 9143 5 8905 39
6234 3 5024 51 404 85 2257 7
6235 4 3432 98 8486 81 5526 70 5762 19
6236 6 1797 56 9356 69 1807 63 6493 35 6486 80 6411 42
6237 4 4335 34 7879 22 9804 1 7464 12
6238 4 5394 50 7806 43 8769 82 1896 57
6239 7 3899 5 3876 56 9520 14 531 83 5796 42 7317 29 1261 29
6240 5 725 35 6274 25 3687 89 4257 85 2111 23
6241 2 1400 84 8103 11
6242 3 2773 30 2047 59 2052 89
6243 4 4645 11 3213 91 105 19 4018 50
6244 3 1535 14 9046 81 7665 50
6245 3 5397 35 3858 24 9383 85
6246 5 4940 50 6705 39 7003 86 258 63 8360 59
6247 5 920 4 3190 48 5977 81 6871 78 163 92
6248 8 930 66 8697 20 8546 90 5590 10 9979 52 2883 54 6267 73 7542 96
6249 5 5418 76 7015 32 8230 22 5829 76 1502 38
6250 7 6170 71 6427 68 9577 40 5530 10 6969 49 3338 42 6804 46
6251 1 4739 73
6252 7 4229 60 8924 17 6346 96 7045 60 3742 78 8265 2 1130 2
6253 4 3852 5 6662 82 1439 11 506 25
6254 2 3781 61 1671 31
6255 8 3090 48 7849 74 7987 69 8942 92 8557 83 8800 38 3294 31 4808 23
6256 6 4133 59 3834 73 2954 1 5419 82 388 62 7396 20
6257 3 2459 50 7354 94 2393 56
6258 4 5021 93 7968 61 3013 14 7951 66
6259 2 4168 14 6378 1
6260 6 5683 65 3218 90 1474 56 2344 34 122 8 9704 85
6261 5 4138 71 3886 91 872 40 6633 97 6836 58
6262 1 2108 10
6263 5 1390 92 951 33 1989 14 6866 27 864 27
6264 1 2762 90
6265 8 4704 75 4864 57 9639 44 184 45 6227 22 9782 30 1498 41 2142 38
6266 5 2753 14 9867 37 8068 96 2337 55 8667 78
6267 3 4415 29 7794 77 6248 73
6268 9 5475 68 2267 80 3830 65 105 21 9897 50 129 43 8454 99 3813 12 5066 39
6269 1 356 100
6270 4 1236 7 2965 52 1794 31 1643 10
6271 4 3114 98 8049 76 5721 99 4809 51
6272 4 6070 33 8117 55 5399 15 7062 25
6273 6 2411 51 5926 56 1258 88 5274 24 8182 31 785 95
6274 2 6240 25 5410 11
6275 7 4155 53 9555 59 7827 74 3001 67 7868 70 148 4 3008 34
6276 2 1172 66 1804 75
6277 6 5589 41 6661 48 7703 98 5928 29 6791 74 2347 92
6278 3 410 50 6173 13 5329 37
6279 4 2785 91 6980 48 8278 78 5180 57
6280 4 3571 36 5525 18 2690 45 5322 54
6281 5 5086 15 6283 78 8140 82 6631 22 7185 99
6282 3 5048 22 6748 78 4155 74
6283 4 6281 78 7802 85 2842 46 9362 82
6284 4 441 71 8653 34 2570 11 4796 35
6285 6 1883 36 9382 48 9518 25 3528 30 6841 49 4821 67
6286 5 3075 39 9937 8 5962 86 2 39 5758 31
6287 2 954 80 9480 53
6288 4 2901 62 9596 16 9110 42 2495 19
6289 6 6201 64 9798 64 5066 63 2596 5 5760 15 2165 97
6290 4 2587 82 7438 36 1381 10 7761 71
6291 1 3164 100
6292 3 70 72 8834 95 6734 33
6293 5 6046 64 7979 55 6046 72 5587 98 7501 85
6294 7 2964 21 8007 84 8660 7 3335 21 1745 63 764 21 3048 44
6295 5 5115 12 9019 15 9307 72 2245 98 2617 42
6296 4 3467 32 3501 74 535 72 9638 84
6297 11 1737 40 9607 8 9687 34 9771 95 9324 1 3484 11 5073 4 2371 42 1823 31 4555 46 5806 67
6298 7 2442 32 4728 78 8184 88 1701 22 1156 12 4337 10 630 35
6299 3 5040 59 7728 55 3456 13
6300 2 1505 68 5292 58
6301 7 5548 20 8537 58 1155 95 3778 1 727 84 3328 13 1393 1
6302 1 5932 93
6303 6 5113 16 7880 6 827 98 6116 17 1339 58 758 87
6304 4 4584 5 7384 56 9078 91 5260 18
6305 2 4373 60 6415 52
6306 9 3891 73 6580 33 3486 51 1574 12 6179 10 9327 10 3855 46 7974 59 9165 36
6307 3 5238 36 9460 89 2340 74
6308 3 1075 45 2029 93 6854 9
6309 3 4804 36 9820 33 4048 46
6310 2 3917 69 2737 3
6311 3 5968 69 4673 13 7033 39
6312 4 5639 79 7976 28 7629 80 7274 76
6313 6 2480 12 9104 13 8987 7 18 28 4903 25 4308 2
6314 1 719 86
6315 6 5889 74 6403 46 6365 27 989 1 7234 36 2162 97
6316 7 4137 90 3808 36 1586 59 9727 70 7419 15 6617 100 7139 97
6317 6 4513 84 7750 9 7765 42 5097 69 5992 15 6570 33
6318 6 2962 7 2636 10 7782 91 1813 43 815 74 3545 93
6319 3 671 17 3095 29 930 70
6320 2 6055 90 8271 13
6321 3 1372 93 2125 94 3876 56
6322 7 961 15 9458 1 9478 18 4206 44 5492 97 8195 96 8753 19
6323 3 5675 71 5835 25 9451 26
6324 9 957 66 1532 89 7095 28 7295 48 6962 15 1432 18 6877 88 263 81 3244 29
6325 4 4557 75 4755 20 1315 65 3944 71
6326 2 2143 83 934 68
6327 6 4235 65 3281 26 6533 45 5637 16 2645 97 4294 60
6328 3 3373 44 7431 22 4915 36
6329 3 579 76 7917 31 5838 72
6330 3 6057 7 8236 3 568 4
6331 3 1303 82 4763 26 6596 39
6332 5 2541 18 8381 1 2647 85 5412 16 2693 1
6333 8 1541 35 8293 26 6572 80 366 92 8894 66 6373 37 9199 57 3502 56
6334 4 4070 23 4409 98 497 1 6721 45
6335 5 3986 54 5611 4 1282 50 8316 70 7777 39
6336 4 5764 98 7013 68 8337 80 9173 32
6337 4 1714 34 6512 92 4222 62 6376 59
6338 4 2304 90 9123 61 2356 62 3372 45
6339 3 3145 63 6438 7 7499 91
6340 6 1453 61 7281 11 7533 9 5732 73 7534 31 3200 73
6341 4 3730 14 8826 13 9539 35 8864 28
6342 2 4689 57 8226 58
6343 8 2227 92 9631 59 9811 77 9053 93 4749 3 379 5 4524 70 2268 18
6344 5 2339 59 6135 3 7977 75 7393 81 2608 27
6345 6 5081 81 6473 66 5648 73 7477 64 6732 52 7605 36
6346 7 6153 60 8199 45 8390 79 6252 96 4206 26 1661 77 243 70
6347 6 4008 84 3918 68 7466 8 3135 65 3766 45 2071 11
6348 3 2693 71 7761 92 7527 9
6349 5 1995 75 1278 95 2448 55 9028 14 483 92
6350 3 1855 83 9263 28 8671 39
6351 3 2866 7 5050 30 8057 54
6352 3 6195 96 864 85 2584 20
6353 5 2931 32 7757 57 8942 7 5863 38 9147 64
6354 2 2527 84 8738 94
6355 6 4968 53 9057 35 1518 73 5880 16 7093 17 9243 67
6356 2 4896 29 436 47
6357 3 3383 35 5191 57 5287 95
6358 6 166 45 8921 78 8235 37 9597 27 8549 95 5354 39
6359 5 1364 57 8039 72 7492 87 9102 37 1422 5
6360 6 5563 59 9428 81 2001 70 234 47 1275 1 4888 11
6361 3 1190 60 8889 42 3697 35
6362 1 318 84
6363 4 2911 55 8410 10 7114 22 3849 86
6364 6 1813 21 7530 2 6895 43 8743 22 9627 79 967 91
6365 9 5352 89 6315 27 4334 6 351 42 2955 33 6629 74 374 6 4543 34 6159 5
6366 4 4334 39 3187 41 3595 13 6424 17
6367 3 556 90 3358 38 4536 5
6368 4 5191 13 8058 95 9594 13 2446 52
6369 7 1309 64 1766 18 3612 36 3912 58 8817 100 4354 91 8607 84
6370 6 4990 9 8726 2 2575 29 5901 66 2184 91 2713 27
6371 6 399 41 9816 2 2912 63 3874 16 8507 97 3773 37
6372 2 4308 97 2424 24
6373 5 1364 26 6759 73 45 49 6333 37 5699 96
6374 3 927 58 9521 39 7689 24
6375 5 1752 2 7311 69 3756 46 5896 59 4792 70
6376 5 4424 45 9569 90 1856 67 8747 50 6337 59
6377 3 5339 42 9755 9 3597 99
6378 3 2517 49 1204 99 6259 1
6379 4 4718 51 1720 18 1276 15 3689 88
6380 4 638 81 1617 61 4383 8 6047 87
6381 4 2619 10 6864 16 9032 4 8132 69
6382 8 2603 89 6983 47 7544 70 1178 19 2911 91 8593 84 6492 34 5595 36
6383 2 4814 37 1674 37
6384 6 860 3 5488 35 3325 67 8962 95 5001 6 958 21
6385 4 1919 35 3721 13 5398 80 5371 62
6386 4 3269 6 3059 36 976 60 6876 68
6387 6 524 25 8872 46 3482 50 5174 80 4717 77 1730 39
6388 7 4011 91 8463 42 1160 11 6081 89 2124 69 249 44 3469 24
6389 2 1905 5 3158 49
6390 5 2740 29 6226 41 8226 66 3861 42 8682 75
6391 4 4896 11 6484 58 9046 17 4455 31
6392 5 2553 77 2998 66 4819 41 6138 56 7525 50
6393 4 6085 1 5695 20 4448 37 8043 28
6394 6 5960 47 8615 8 6550 28 9263 7 3574 92 8718 12
6395 6 4640 73 8245 51 6525 59 8038 68 567 53 7760 43
6396 3 851 68 1517 96 7436 84
6397 4 1226 94 7543 77 3847 41 1663 42
6398 9 2686 76 5089 76 2736 11 9015 95 4471 10 7824 65 9824 8 4778 73 5436 65
6399 1 3480 71
6400 4 5175 71 608 82 9927 82 7585 22
6401 3 2594 54 3690 37 3523 12
6402 4 5439 99 4765 50 497 54 7626 67
6403 5 6315 46 2014 52 2414 1 1054 10 6703 78
6404 2 3757 96 1909 70
6405 2 2103 74 8585 63
6406 2 5444 1 8291 3
6407 5 245 81 7804 68 4699 54 7279 32 8643 22
6408 4 4893 68 5671 28 7896 34 3326 99
6409 4 2727 28 3804 97 312 89 2609 12
6410 3 4415 14 8442 76 5624 39
6411 6 5909 56 4591 17 6236 42 5338 39 2303 93 5976 39
6412 4 1240 12 9576 58 1930 63 6609 99
6413 6 4393 28 9953 21 8726 68 1077 8 3823 26 2461 90
6414 4 6048 89 3969 63 402 78 3703 29
6415 8 1345 41 7810 39 9580 27 9964 16 6305 52 7314 30 4918 46 6456 55
6416 4 276 47 2635 36 1534 20 1056 50
6417 5 13 34 2160 34 9070 32 8477 57 6507 79
6418 4 301 23 8075 89 3653 16 9182 89
6419 5 3068 69 4193 72 5505 48 8119 99 8827 35
6420 3 2404 73 4374 2 7518 30
6421 7 1643 50 5248 9 1387 83 1263 74 6915 78 6501 12 1348 66
6422 7 2873 81 3005 98 5321 86 3643 23 7837 59 4232 51 7902 52
6423 8 5556 80 8175 49 1936 50 6561 51 122 87 2075 6 8284 19 1116 29
6424 3 6030 82 2681 53 6366 17
6425 6 5145 63 9621 80 4115 39 5596 11 3589 45 7189 7
6426 2 1773 49 395 54
6427 3 6250 68 8184 40 9177 12
6428 6 3331 53 3195 35 2558 80 1770 91 8915 80 9035 10
6429 7 2138 75 7115 75 5454 9 7189 34 6052 1 8429 85 9691 99
6430 2 5695 84 3493 38
6431 5 1704 64 9143 64 7561 55 5731 87 3938 1
6432 3 4179 96 9254 13 867 86
6433 6 4714 98 9495 26 9372 84 5601 21 7230 53 8081 98
6434 4 555 50 6671 76 7978 64 9134 83
6435 3 3871 7 9834 52 1399 41
6436 2 6023 97 319 78
6437 1 2677 74
6438 8 6339 7 9919 30 183 10 3854 30 7579 30 3939 92 7539 84 8823 80
6439 3 3034 30 352 34 2135 68
6440 3 5145 40 3126 61 3578 47
6441 3 3323 76 9981 21 2626 65
6442 6 897 91 7771 72 7814 19 2142 84 4178 94 9515 26
6443 7 4760 14 446 86 1866 53 3187 43 9040 46 2382 92 8593 9
6444 3 2520 37 6105 44 831 84
6445 5 5438 15 4089 59 113 9 7743 100 7355 87
6446 3 4266 47 7236 98 833 57
6447 1 5633 74
6448 3 4800 68 769 41 7443 45
6449 3 3636 3 8758 63 6098 42
6450 3 3756 81 6707 88 9093 91
6451 3 912 82 3110 14 8736 93
6452 1 4131 90
6453 2 2714 48 7215 54
6454 2 4175 13 1701 76
6455 6 565 31 8867 41 7028 73 2911 93 7060 21 9132 31
6456 6 1695 21 7259 8 594 23 2694 16 6415 55 3640 23
6457 2 1268 90 4891 26
6458 4 1929 73 8382 39 1822 5 8850 99
6459 2 4636 81 8755 9
6460 6 91 62 8610 69 1948 60 1711 19 920 59 2176 98
6461 4 4774 1 1128 46 9199 10 4112 66
6462 8 3159 98 6794 35 7530 36 2662 29 5216 96 8839 75 3620 80 2626 80
6463 6 5488 12 7240 27 8479 58 3769 69 7761 67 8696 91
6464 5 3049 2 8947 90 708 30 5490 27 2291 29
6465 6 233 46 6877 71 9762 62 1518 45 3865 37 226 90
6466 5 1299 75 5454 60 8195 98 3751 10 5602 21
6467 3 5600 80 7882 58 6190 69
6468 5 4684 76 7587 67 7934 69 4186 77 268 100
6469 6 801 79 9293 69 9331 12 9920 4 9829 42 747 100
6470 5 5464 13 8545 39 8839 14 7070 49 5771 54
6471 6 2201 93 8462 97 995 94 2961 95 9911 78 9530 78
6472 4 879 95 7813 6 6751 9 940 76
6473 3 6345 66 2142 72 1045 17
6474 3 6214 79 5117 64 4170 1
6475 6 4840 3 7374 31 4064 14 5632 43 3027 67 3266 71
6476 3 5400 83 5734 36 6842 32
6477 4 1455 56 6488 51 6032 38 9344 85
6478 4 4985 90 8401 43 301 47 8774 48
6479 4 5986 90 9415 94 8625 60 1841 75
6480 4 2404 3 64 5 2058 68 7138 2
6481 8 4837 46 7864 12 8580 8 8667 27 805 32 8819 82 8749 30 8196 2
6482 4 1355 3 7038 6 3845 29 9180 19
6483 5 5628 2 6925 66 8546 85 386 21 4772 17
6484 5 6391 58 5762 37 8645 55 2398 68 6511 34
6485 4 354 77 8239 87 9824 47 5046 96
6486 5 5579 63 6780 76 3968 21 6236 80 4857 91
6487 5 576 44 9774 20 5449 37 72 97 9691 73
6488 5 3874 7 6477 51 7770 13 4276 8 6628 79
6489 4 3982 75 6889 52 6703 98 8167 24
6490 4 4070 94 9327 73 7652 40 6035 29
6491 5 3354 59 2102 7 8030 88 1343 88 1478 40
6492 3 292 38 7262 50 6382 34
6493 2 3093 61 6236 35
6494 5 3383 60 4366 3 9153 31 4671 27 1441 43
6495 4 2984 72 1073 47 4195 3 6810 77
6496 3 2475 86 1667 88 4338 16
6497 2 4417 60 2765 75
6498 4 1000 47 8862 89 3683 9 8955 57
6499 5 2736 41 830 37 2563 27 1804 10 6766 60
6500 6 4545 43 7290 48 6906 48 8109 29 460 51 9642 96
6501 3 1009 42 6421 12 981 32
6502 3 2573 77 4626 41 6185 13
6503 4 6006 90 1305 38 7318 21 3322 75
6504 5 291 15 6674 13 8102 11 3360 55 1383 83
6505 3 3208 71 887 43 3885 29
6506 7 3077 38 2422 12 6908 75 1116 71 8511 18 4137 93 9802 36
6507 4 4244 54 1719 14 6417 79 7494 79
6508 3 758 15 2309 63 623 61
6509 3 5811 58 9019 59 3348 73
6510 3 492 30 140 3 1693 12
6511 6 3860 29 1394 34 2200 27 9464 34 6484 34 950 29
6512 6 5939 52 6337 92 6750 90 6172 54 1814 32 4280 10
6513 5 5826 49 9748 36 3361 20 6967 58 3518 58
6514 3 1616 31 5528 83 9307 2
6515 7 2964 8 6569 42 8213 5 6747 79 3072 27 5452 5 1581 38
6516 2 1656 69 6947 36
6517 9 1287 62 9676 79 8621 3 1055 63 1983 25 4590 92 754 83 4394 46 7988 4
6518 3 4300 47 3610 69 1336 89
6519 5 441 51 3284 8 3348 17 492 21 8178 12
6520 4 3530 20 7392 98 5238 11 8401 15
6521 4 5046 55 5787 46 8656 13 7828 44
6522 6 3643 61 2285 1 1036 43 7717 27 1507 63 731 48
6523 6 1408 46 6628 99 7853 92 5801 17 2301 49 8019 74
6524 3 4086 38 1171 2 2496 42
6525 3 4594 77 6395 59 3952 95
6526 4 1895 18 2584 83 2558 32 4350 53
6527 6 3819 98 1188 20 5076 15 5357 85 4438 55 1341 83
6528 5 3800 37 9737 8 6 54 8544 71 1304 24
6529 7 2807 60 8138 79 1197 99 1167 25 8156 32 7324 5 3682 39
6530 5 3127 58 7277 35 7744 76 7225 64 8969 51
6531 3 370 17 8905 79 3972 38
6532 6 5887 10 7337 66 4668 88 9084 52 4294 61 9374 98
6533 7 5492 77 7962 74 8318 73 6327 45 7295 99 4500 73 6775 72
6534 5 3831 14 1241 63 8063 44 874 55 4858 49
6535 6 4852 70 7579 61 7418 77 6670 43 7631 34 3024 96
6536 4 2943 38 3663 39 7605 9 1726 90
6537 7 3573 50 7215 83 2278 97 6539 61 199 30 7274 99 2582 62
6538 3 269 5 129 9 6069 7
6539 2 2321 69 6537 61
6540 5 4480 40 9443 48 5725 54 2788 100 8898 60
6541 6 2209 33 9715 91 9295 51 2506 25 9293 80 6979 25
6542 4 3722 16 9405 93 3779 49 985 87
6543 7 1876 2 112 67 2364 95 3490 10 3919 81 6833 95 3066 66
6544 2 5494 75 8619 49
6545 2 1015 33 9537 55
6546 3 4299 50 6819 44 9389 60
6547 6 4677 49 8304 34 8412 91 7374 94 2004 74 2319 15
6548 2 2300 42 9016 22
6549 3 3864 6 6752 53 5050 11
6550 7 5172 75 6394 28 6631 55 8042 39 4517 37 4696 96 9020 29
6551 5 4176 35 793 45 7014 87 5502 28 478 47
6552 6 2999 46 929 17 934 23 3863 62 6108 47 855 76
6553 2 5710 11 8247 9
6554 2 3859 50 6888 73
6555 3 93 59 1438 75 4333 93
6556 6 749 57 7785 57 9250 20 7861 9 626 65 6050 56
6557 5 669 63 7176 31 3320 16 7041 10 9725 26
6558 6 3921 43 8492 17 1745 5 8654 24 1258 93 7482 16
6559 3 875 69 4216 76 7383 28
6560 3 3164 90 3725 8 9392 76
6561 3 1657 58 6423 51 8260 69
6562 4 32 48 7595 38 6920 54 7180 88
6563 3 2138 68 4060 64 4014 89
6564 7 3010 69 1103 53 7584 10 9660 9 8422 98 3576 39 526 56
6565 2 965 59 54 29
6566 6 2120 35 1413 89 331 31 2339 43 196 13 9736 32
6567 3 3240 90 9057 30 9320 57
6568 8 5707 87 9400 8 1471 97 6728 63 1949 40 4167 63 7741 66 4601 64
6569 5 6515 42 9383 98 5132 78 317 94 1054 45
6570 3 526 1 4638 30 6317 33
6571 1 496 60
6572 5 1676 33 5016 75 6333 80 126 21 3753 43
6573 5 4671 57 6920 43 3069 29 9049 5 733 68
6574 4 1165 52 8398 8 1625 68 4447 53
6575 5 3952 15 9868 43 9784 49 4311 27 9283 36
6576 4 6053 36 380 32 2817 19 4770 30
6577 4 1628 62 9042 30 8983 77 9476 99
6578 4 2109 83 38 48 5571 60 9025 89
6579 7 2403 20 7293 37 5946 42 725 29 6051 58 5569 10 7903 17
6580 4 6306 33 7619 45 5315 32 3071 39
6581 3 2643 48 5951 26 7670 42
6582 5 191 93 9653 23 8141 23 1646 47 5236 43
6583 4 1680 56 7294 81 726 63 9521 33
6584 6 1743 17 6618 45 6950 70 6105 24 2265 53 520 94
6585 5 3504 49 1207 61 4172 11 9884 79 8018 85
6586 4 608 45 7079 100 7255 9 4820 43
6587 13 6209 66 8112 16 8750 84 8766 3 7400 86 7016 24 3476 24 5767 41 9020 22 4834 78 1848 33 4375 42 148 57
6588 4 5285 36 7345 23 2664 24 9783 12
6589 2 4441 99 8604 12
6590 3 4573 48 3665 51 1085 10
6591 5 4127 77 9545 23 8408 95 9061 92 1983 94
6592 3 19 59 8508 98 8110 64
6593 2 5181 63 3489 30
6594 3 1131 95 8329 73 7720 77
6595 2 5311 81 2438 42
6596 3 4274 9 2621 33 6331 39
6597 4 1955 2 7535 77 2684 93 5984 91
6598 3 4539 34 2661 56 8703 88
6599 1 5683 46
6600 6 3574 60 9572 10 9894 72 5168 24 4603 43 605 40
6601 4 4557 45 8963 22 4452 43 5829 80
6602 3 6146 46 8166 94 7248 51
6603 3 3459 74 7265 56 3562 68
6604 4 573 72 3265 37 1442 72 6145 65
6605 2 3838 94 5053 74
6606 3 5918 53 8224 14 4384 22
6607 2 6066 16 7690 80
6608 2 5362 23 1924 47
6609 3 920 96 4583 30 6412 99
6610 2 5602 63 1489 13
6611 7 2566 28 3241 38 1242 26 7212 20 2207 46 7940 16 8853 27
6612 3 1281 61 8126 38 2850 7
6613 4 1485 54 9946 1 8380 97 1463 26
6614 7 4899 21 8303 52 7200 36 2994 45 1894 5 3034 26 1378 34
6615 5 1257 21 7678 88 8570 32 47 41 4546 65
6616 4 4484 43 6043 90 7085 51 9708 90
6617 5 1223 3 9988 85 2107 81 8188 10 6316 100
6618 8 6584 45 9501 85 9255 41 8575 93 2548 12 2620 30 1700 9 6855 32
6619 5 2148 16 2330 32 7897 44 1286 7 3185 88
6620 1 2378 14
6621 4 128 89 4370 38 9045 14 1669 6
6622 6 2211 57 2837 96 565 34 1473 10 2220 14 3474 100
6623 3 3265 89 6190 18 530 96
6624 4 1247 69 391 82 9100 16 2959 80
6625 5 2810 49 4357 68 250 33 2183 76 2073 9
6626 3 1658 76 4401 3 3965 56
6627 4 2087 6 5629 11 4369 80 3406 53
6628 7 6523 99 1881 3 3950 60 23 80 1940 88 8125 65 6488 79
6629 3 4073 79 6365 74 5933 55
6630 5 5787 15 2816 70 8384 39 1383 60 8121 1
6631 7 1932 47 8042 24 6550 55 6281 22 5421 92 4281 83 4023 65
6632 3 725 100 1604 67 9287 23
6633 3 2477 46 6261 97 2327 22
6634 4 5513 53 959 45 3239 19 5525 55
6635 6 5864 22 2434 95 7793 11 3901 68 8667 15 9288 30
6636 6 1756 6 7200 64 8844 4 7554 77 8917 71 3874 16
6637 3 2027 33 7696 64 7513 36
6638 5 5533 30 1859 37 5452 39 2021 14 1790 44
6639 7 3341 73 8945 36 9921 96 8532 14 1657 34 1963 68 2080 43
6640 4 3527 80 1961 67 2901 5 1632 93
6641 3 6130 72 2324 50 517 25
6642 1 3217 30
6643 2 4116 31 5056 13
6644 7 2131 66 6196 87 8667 15 8983 47 6784 5 9274 18 5492 85
6645 6 1635 41 3471 83 6067 67 6042 41 4088 71 7713 37
6646 3 168 56 5237 14 3256 73
6647 4 3775 62 3507 83 5891 21 4162 29
6648 5 4265 86 9086 88 1812 25 8479 88 5903 51
6649 1 5206 75
6650 5 5009 43 8005 2 6140 60 9778 52 3616 53
6651 4 4581 34 5206 30 4415 85 87 10
6652 3 4784 54 8446 43 5816 18
6653 4 6005 17 9997 12 2627 26 9927 96
6654 8 1697 72 7893 25 5598 8 123 67 7848 59 4957 74 7103 54 1850 55
6655 7 5139 29 8052 17 9031 100 730 62 9670 25 3635 66 2097 53
6656 7 3341 14 7561 81 9807 91 1979 34 1688 17 2209 60 9881 22
6657 7 3726 5 8966 97 3190 15 8572 22 2492 98 214 29 7254 32
6658 1 5386 93
6659 4 806 3 5734 56 9025 52 2316 4
6660 3 5445 89 5143 7 2894 70
6661 3 6277 48 7462 87 7308 63
6662 3 6253 82 7986 44 2160 100
6663 2 1961 61 9915 18
6664 7 5217 12 9332 47 9965 81 5711 56 4225 45 2502 42 4816 80
6665 3 4224 14 1220 2 8854 7
6666 4 5699 29 8085 48 4833 17 2768 20
6667 4 5252 63 1020 22 721 41 4326 57
6668 8 4799 27 7988 74 5884 21 3792 28 2498 16 3939 48 4986 19 3563 23
6669 4 3372 6 6818 66 5439 90 9632 41
6670 8 821 48 8290 25 5287 67 6535 43 1469 99 9177 91 6800 77 2677 49
6671 4 6434 76 5460 53 9120 20 6806 59
6672 6 879 35 1260 94 4496 24 6688 98 3132 16 830 58
6673 4 5039 58 8388 66 1593 87 7054 100
6674 4 6504 13 7404 1 9212 89 4452 36
6675 4 4520 84 2967 81 7578 90 4499 80
6676 4 893 17 7341 79 2791 28 9849 61
6677 4 3003 81 7008 45 196 90 5021 1
6678 5 74 35 7924 83 8812 52 9480 82 5612 73
6679 5 1305 37 9262 42 7724 55 1902 16 2377 44
6680 4 188 34 541 72 4433 78 889 86
6681 4 179 96 9700 97 5417 9 1188 100
6682 10 6060 32 7306 88 8782 52 5039 14 3957 81 7109 36 8566 17 7699 15 5242 53 7388 47
6683 3 780 53 752 69 1475 33
6684 5 1213 89 1278 27 9042 50 3127 42 1387 72
6685 5 3653 64 8386 67 1591 30 200 99 3123 12
6686 6 5237 15 213 33 2113 42 4887 70 9510 43 7449 38
6687 7 3027 3 8763 51 9316 50 5774 78 8186 80 9913 7 8425 12
6688 6 806 94 8216 45 1538 53 2479 3 849 83 6672 98
6689 4 3774 9 1187 64 1347 23 7795 84
6690 5 3711 9 8541 43 8948 23 9654 7 3298 63
6691 3 2560 27 3158 79 510 47
6692 4 484 25 7502 1 7862 26 4737 97
6693 7 3744 82 6140 67 5250 68 5600 55 3533 96 3824 70 3000 71
6694 4 1102 27 6841 15 5911 33 5042 38
6695 7 4743 7 7680 5 3617 56 4023 92 3027 20 1912 75 8722 19
6696 6 3460 54 3927 36 3567 93 4187 37 1317 45 4061 96
6697 3 2735 61 1859 45 8789 1
6698 3 5076 39 1223 62 3048 33
6699 7 4882 77 9129 50 8767 3 6156 57 7823 51 5869 73 7212 26
6700 4 2538 13 7779 63 7990 59 5853 39
6701 3 3478 35 2483 81 3323 93
6702 3 2679 52 7785 75 3523 18
6703 6 6094 77 6489 98 4180 11 3053 74 9454 57 6403 78
6704 6 1270 15 7273 17 9840 12 5719 3 1764 48 524 67
6705 8 6246 39 6862 90 7770 69 8092 75 4735 52 2920 10 9506 6 8214 64
6706 4 5634 72 2228 60 5631 41 8535 8
6707 4 1829 62 6450 88 4484 4 1746 91
6708 2 5801 95 8185 74
6709 4 3371 57 3228 59 7523 4 2853 14
6710 4 131 28 680 85 4121 52 2995 96
6711 5 2069 23 7681 68 2136 66 8193 95 3467 15
6712 3 462 78 9520 60 8459 14
6713 5 5799 40 800 65 185 93 5915 77 8303 66
6714 6 1062 72 4144 73 3437 35 567 15 5460 25 2880 68
6715 2 4837 97 2336 46
6716 5 5988 78 4779 37 7303 6 3479 86 2903 27
6717 4 5162 18 7072 94 9388 49 1060 64
6718 4 4730 62 9479 95 5832 73 2207 55
6719 5 3393 65 771 24 2049 54 3767 14 8871 99
6720 3 640 78 4537 39 239 37
6721 3 2057 64 2427 65 6334 45
6722 2 4337 30 4716 29
6723 9 949 12 7822 74 8311 21 8450 78 9441 49 9096 71 3645 44 9513 34 1918 95
6724 2 1383 42 5131 58
6725 4 2184 36 7058 95 2913 6 2757 43
6726 3 5607 69 2071 90 8208 39
6727 2 3269 52 6869 52
6728 7 1701 11 7252 33 6568 63 5600 49 4306 77 3096 98 53 78
6729 4 5933 47 2852 84 185 42 8382 30
6730 1 797 100
6731 4 1349 47 6925 1 5833 87 7413 11
6732 6 3026 69 7048 53 9728 65 2238 15 5986 98 6345 52
6733 4 3252 19 8877 71 5211 33 5813 82
6734 6 2471 63 2561 39 7866 19 8745 53 6292 33 2776 68
6735 3 2272 75 1256 29 2855 3
6736 6 385 6 8032 3 3333 45 9224 3 5292 1 2126 34
6737 7 2614 90 8959 97 4021 92 4257 64 2628 96 6875 96 3040 94
6738 5 5050 5 9368 43 6823 61 1602 8 5560 55
6739 6 5734 2 2891 25 3926 46 1511 56 1021 11 6005 84
6740 6 1984 24 7177 86 9892 19 2146 78 7379 71 2428 61
6741 6 2648 33 688 88 2317 25 4162 18 1970 94 4082 52
6742 3 1370 35 4212 78 8790 24
6743 2 3580 86 7302 66
6744 4 737 50 7605 25 3830 58 7889 85
6745 4 294 8 7297 4 8495 81 10 91
6746 7 3296 81 6902 13 9926 20 8001 18 294 8 8865 66 4715 12
6747 4 1690 9 6515 79 641 22 4666 9
6748 3 1116 3 6282 78 77 44
6749 5 2899 28 9747 71 9775 23 2569 6 3198 28
6750 7 484 6 7129 31 6512 90 1292 53 884 88 9803 62 4488 100
6751 4 1 22 6472 9 8211 13 2382 71
6752 8 4107 47 6865 70 6549 53 7340 87 3575 47 1783 78 6875 91 4290 71
6753 4 2320 64 7524 4 3777 13 6139 1
6754 4 5107 8 3542 100 9527 35 8822 41
6755 2 2121 81 9837 70
6756 3 3143 91 6852 78 7624 4
6757 5 901 63 3304 30 1228 37 2799 72 4949 38
6758 4 1551 95 9096 34 551 2 94 42
6759 6 6373 73 6800 43 2206 46 1235 2 3689 59 4046 52
6760 4 5061 81 1358 55 1852 55 3306 61
6761 5 4973 43 7220 91 1441 67 5561 75 3195 3
6762 4 6201 32 8597 99 8440 19 7239 49
6763 5 2412 96 9519 91 9000 12 5277 26 9413 65
6764 8 1873 78 7812 15 8702 15 862 36 3871 77 9607 30 780 62 5828 92
6765 4 5682 24 1382 89 1645 48 5408 73
6766 5 1822 90 7496 72 7885 42 5754 74 6499 60
6767 2 2426 74 4230 21
6768 3 78 48 7687 18 4032 18
6769 4 63 41 2006 80 2670 81 517 74
6770 5 2105 85 7310 41 7774 88 7200 63 8834 91
6771 4 2627 64 8148 86 5886 38 545 16
6772 7 2030 79 8285 58 1226 23 245 16 1133 85 562 67 5268 57
6773 4 1955 27 5585 22 9947 67 4917 66
6774 3 335 85 9635 49 8792 56
6775 8 309 73 7625 71 8874 40 3111 85 3439 69 1468 90 6533 72 9772 29
6776 3 652 31 9603 16 5944 84
6777 4 3858 87 7844 84 7612 49 4536 11
6778 3 3386 91 3600 40 5164 80
6779 5 3396 87 5432 32 183 62 8666 40 611 55
6780 4 397 29 6486 76 339 81 2307 40
6781 6 380 18 8698 5 8770 83 4928 9 1805 84 8275 30
6782 4 1788 77 9014 70 8476 46 5393 41
6783 5 3219 67 1495 77 1886 84 885 54 7996 40
6784 3 3299 72 6644 5 1694 74
6785 6 3899 63 9433 51 5653 69 1360 15 9643 66 2654 50
6786 4 5961 43 5896 54 7170 20 689 91
6787 5 5542 81 3598 81 5546 37 2017 16 9114 2
6788 2 5025 96 2232 38
6789 6 4735 22 709 52 5963 29 9724 58 608 63 5356 70
6790 2 621 43 7074 94
6791 5 4348 16 7498 36 8637 22 6277 74 2123 19
6792 4 739 15 9852 75 504 73 2159 29
6793 3 3842 7 5074 99 1227 73
6794 7 6462 35 9660 22 4386 22 7545 66 9524 43 8046 5 3994 80
6795 6 2509 20 7638 83 4489 19 7121 29 7948 11 4999 7
6796 3 5511 10 557 94 2674 16
6797 6 2874 80 9951 16 2989 65 7192 80 1782 99 2707 89
6798 5 3339 51 5295 47 7062 90 4752 100 1158 83
6799 7 711 63 8965 42 3917 93 2479 36 8998 10 5131 64 5163 70
6800 5 6759 43 8990 8 312 39 6670 77 300 76
6801 5 4268 57 8999 35 9607 47 260 23 7018 47
6802 7 3126 18 8473 40 8413 45 4889 6 5934 32 2418 2 2175 89
6803 4 4423 54 9096 43 4001 39 1419 99
6804 5 1772 22 8504 60 4441 62 5975 60 6250 46
6805 6 2925 25 7636 50 689 27 7002 40 1001 63 5783 98
6806 7 5098 74 8612 17 3265 18 9640 55 6671 59 4813 67 7461 27
6807 3 1729 36 6129 63 960 36
6808 3 640 59 349 41 7759 91
6809 8 6019 32 9114 24 4567 60 9421 92 4190 38 328 55 8627 85 7619 19
6810 4 3624 10 2729 2 6910 67 6495 77
6811 4 2253 16 9385 76 4801 93 8553 93
6812 6 4905 3 8631 17 9718 62 110 28 7067 100 9488 26
6813 1 2171 1
6814 5 2233 90 9620 71 7523 5 3667 9 8692 28
6815 3 4384 36 8688 45 9000 78
6816 3 331 16 7443 82 9986 86
6817 5 3354 92 7938 47 3797 27 3752 56 6061 61
6818 4 2634 62 6669 66 2488 79 9439 34
6819 7 2299 63 7340 71 6546 44 6153 29 604 79 9207 54 1093 33
6820 6 2365 40 8336 41 8837 16 4406 46 2425 89 1718 5
6821 4 2557 27 7588 19 9731 19 5678 29
6822 2 4196 95 3315 77
6823 3 5295 42 730 38 6738 61
6824 4 2900 64 9493 88 7729 75 1020 34
6825 3 533 38 7914 100 2401 44
6826 6 4654 23 3657 7 8021 82 3330 94 1956 51 4971 96
6827 6 165 31 8345 45 9495 62 2081 98 6025 25 3138 53
6828 4 961 72 3701 12 8999 12 5829 91
6829 2 3909 44 5668 27
6830 4 1577 62 4702 53 6883 52 8502 57
6831 5 604 94 7363 78 6967 66 524 58 5952 84
6832 7 5921 81 2237 37 3498 74 5355 55 342 87 2761 59 3311 32
6833 7 3568 17 7549 31 6104 38 2090 94 4575 65 6543 95 2075 64
6834 5 890 65 7052 32 7317 63 1826 5 4023 94
6835 4 2828 8 9694 78 7128 31 2727 1
6836 6 6198 49 8538 67 4034 58 6261 58 8337 2 1526 65
6837 6 1029 35 140 59 7695 62 1438 29 1835 3 2592 10
6838 7 2671 62 9959 66 4617 56 6881 95 145 76 5707 80 2090 14
6839 3 6085 81 9448 62 8389 52
6840 4 5454 32 4576 3 3463 8 3049 58
6841 5 16 71 8314 95 6285 49 6694 15 1137 54
6842 3 65 89 1720 54 6476 32
6843 1 6014 26
6844 3 1138 88 4246 6 3662 57
6845 3 3427 82 8692 73 9010 93
6846 6 2084 100 7321 49 5334 28 9232 87 5256 12 3149 18
6847 6 3358 36 7505 3 6908 25 1956 40 3154 44 5331 35
6848 1 4094 5
6849 1 823 62
6850 7 668 79 7604 88 388 93 9535 35 196 3 8383 2 7026 53
6851 6 329 92 9692 27 5429 80 119 65 1554 49 988 41
6852 6 6756 78 7506 89 9980 10 807 39 5054 83 1776 42
6853 1 4354 77
6854 5 509 77 7689 96 6308 9 9589 10 2273 92
6855 9 5722 25 9559 64 4386 7 1093 77 7996 35 7021 51 4793 33 2427 33 6618 32
6856 2 4269 92 6935 98
6857 3 1030 17 9312 32 7543 50
6858 2 1882 26 6120 14
6859 2 1730 36 8377 55
6860 3 4540 54 1795 95 9373 45
6861 3 5605 27 498 85 8539 3
6862 6 6705 90 9960 81 7812 83 5906 46 6085 93 549 25
6863 3 232 47 4848 68 7814 3
6864 2 6381 16 2312 34
6865 6 6752 70 8906 49 3812 78 3476 59 366 81 8848 66
6866 6 3310 7 3043 71 8448 41 6263 27 1357 12 2120 79
6867 4 4977 11 7194 71 2863 96 5992 33
6868 6 1282 34 7519 16 9510 26 2818 34 5895 6 5904 60
6869 5 3634 17 1672 9 8326 7 7024 37 6727 52
6870 3 3562 67 7026 7 9823 69
6871 2 2027 97 6247 78
6872 2 1140 66 3238 2
6873 2 2592 49 3605 17
6874 4 791 88 8520 16 3886 99 8131 84
6875 5 714 67 731 70 6737 96 2591 31 6752 91
6876 4 5309 22 8301 23 8472 49 6386 68
6877 4 6465 71 5289 25 3047 98 6324 88
6878 3 1399 88 9172 91 8539 33
6879 3 3869 81 8851 46 2936 48
6880 3 1227 52 8342 34 986 71
6881 8 2155 45 1172 23 6887 77 6838 95 4977 67 3426 84 1621 50 5810 62
6882 6 4046 5 9543 78 5898 71 2159 17 3708 81 3121 49
6883 5 365 46 8741 24 70 24 6830 52 4479 99
6884 2 4829 19 8026 95
6885 3 3665 77 9174 83 3214 89
6886 5 3276 52 629 94 1009 73 143 74 1352 22
6887 5 5470 24 7545 78 6881 77 1534 11 4058 89
6888 5 3076 54 9530 64 9916 45 2207 26 6554 73
6889 4 6489 52 7627 81 9400 12 5794 86
6890 6 3489 31 9334 82 2770 57 6198 58 6963 67 460 3
6891 2 2858 52 2384 33
6892 4 5264 97 8379 81 2374 28 157 43
6893 3 2866 74 5491 63 1122 95
6894 4 1064 49 7670 5 9775 42 6196 32
6895 4 1338 51 6364 43 8198 2 2191 16
6896 2 4221 82 1774 79
6897 5 3284 61 7703 70 2962 21 4848 17 9354 89
6898 3 2934 90 4585 70 2667 88
6899 5 4168 36 2808 71 1992 7 2101 33 117 41
6900 4 6030 100 9821 19 8207 27 637 85
6901 6 2074 54 8960 74 4918 47 1371 12 7655 56 8860 87
6902 3 6746 13 653 19 7308 28
6903 4 3546 95 2220 72 5110 48 1821 55
6904 3 2934 29 3264 24 930 52
6905 8 5617 28 6944 8 6139 88 5957 69 817 17 8903 28 219 33 1675 30
6906 5 2780 77 9170 21 903 43 6500 48 4768 5
6907 8 1875 80 3981 66 7005 54 1743 89 9491 17 5386 60 2308 38 3045 76
6908 7 2271 97 8992 83 7765 19 6847 25 9554 18 6506 75 3728 47
6909 1 3625 42
6910 4 2022 59 9842 10 6810 67 4443 73
6911 1 3614 78
6912 5 1665 72 7001 19 4623 34 8542 89 356 31
6913 4 2223 58 3164 18 8775 43 8618 91
6914 6 3553 93 132 58 7055 12 608 93 9490 54 185 55
6915 8 810 13 7965 20 9317 8 3401 10 6421 78 2044 77 4154 34 3321 1
6916 3 5908 1 9556 96 2796 67
6917 1 3417 23
6918 2 4242 94 2869 64
6919 5 2620 28 4913 86 5393 82 7729 93 2802 63
6920 5 6573 43 6215 27 8146 16 6562 54 7651 13
6921 8 3967 62 9856 82 5707 100 252 24 3537 71 8218 14 9109 82 702 46
6922 2 5153 48 2430 34
6923 3 3982 62 5944 51 8848 90
6924 4 1232 24 194 37 3835 73 3684 51
6925 10 6731 1 9452 31 6483 66 7720 47 955 43 2396 89 7717 32 5092 9 9032 98 1946 40
6926 3 961 67 9174 56 7333 85
6927 3 64 74 2049 56 5489 25
6928 6 4027 81 7789 13 9567 12 4265 64 7534 79 468 45
6929 4 993 13 7656 22 4857 66 5003 15
6930 4 575 97 2417 27 489 20 1039 93
6931 2 698 71 6956 32
6932 5 2940 81 2700 26 9417 12 9986 1 1576 83
6933 2 360 66 9806 52
6934 3 2079 25 7428 45 4381 45
6935 5 5535 100 8984 97 9025 58 197 33 6856 98
6936 3 1375 17 7700 3 8779 26
6937 4 1899 74 3385 23 9653 60 873 53
6938 3 3448 46 489 68 7063 69
6939 2 290 81 5135 93
6940 5 3523 24 212 46 8724 56 9260 45 5417 50
6941 5 2286 74 4752 100 2600 61 7268 43 1685 11
6942 5 2500 47 3638 69 1714 37 4946 5 3972 94
6943 5 3673 19 9519 76 3271 9 1289 22 8559 19
6944 3 6905 8 8858 46 9388 71
6945 1 5179 62
6946 3 4610 1 2585 20 2196 12
6947 3 2771 33 9624 92 6516 36
6948 4 3100 35 3301 91 4468 31 5282 94
6949 7 2498 93 8444 23 9253 54 3328 11 1076 19 2202 40 8075 80
6950 1 6584 70
6951 4 4118 91 8556 20 9668 5 8935 48
6952 7 5260 64 9889 37 7974 34 4042 23 586 11 8953 46 7079 95
6953 9 4265 42 6982 2 7056 89 4057 79 3441 37 231 15 5364 34 4200 54 3820 44
6954 1 1227 97
6955 5 4848 34 1904 63 6046 37 6995 85 7230 11
6956 8 2356 61 7019 87 8968 74 6931 32 5660 62 5757 38 1998 85 7375 100
6957 4 903 79 5345 68 1729 49 3880 99
6958 4 5373 42 766 51 2502 30 9654 9
6959 3 3685 22 5612 53 6026 74
6960 5 4806 11 9615 90 2649 49 2931 94 3371 58
6961 1 5426 24
6962 5 2284 94 5782 84 9146 75 6324 15 7284 26
6963 10 6154 87 8263 66 3052 94 1631 51 3322 47 1949 53 5187 58 7749 39 3340 55 6890 67
6964 3 3802 11 9397 70 5531 9
6965 3 974 59 9671 43 2094 71
6966 4 3763 34 9785 34 2291 28 7236 96
6967 4 876 72 6831 66 6513 58 2837 31
6968 1 4569 83
6969 7 1347 77 9943 12 9409 84 6250 49 4986 84 8770 55 5591 75
6970 6 5556 32 1543 63 7057 98 978 27 2948 12 5687 25
6971 7 5358 26 7036 83 1008 68 9354 82 8729 29 2546 58 5307 54
6972 4 750 8 9613 81 700 52 5500 87
6973 4 2718 24 8846 38 4187 35 8923 92
6974 4 704 66 2741 66 275 38 8080 100
6975 1 126 92
6976 5 821 24 7096 30 2541 9 1445 10 8871 50
6977 7 2075 88 9820 70 1111 13 2085 32 434 46 5686 62 8548 76
6978 5 5979 52 8316 20 9141 9 8995 73 1302 38
6979 6 4824 59 5466 56 5433 32 952 10 4686 82 6541 25
6980 7 4704 57 8089 97 2876 98 568 93 2528 2 6279 48 9454 66
6981 5 1482 9 7596 5 3730 84 3223 31 6088 3
6982 3 6953 2 2311 63 482 69
6983 7 6382 47 9558 88 71 6 7604 8 5653 70 7785 35 4076 96
6984 5 999 7 9486 82 69 61 9181 41 3575 84
6985 4 5587 9 5578 67 1599 62 2393 30
6986 4 4000 73 9818 83 7111 53 1308 16
6987 5 2945 10 2498 28 2047 11 2185 22 4656 3
6988 5 2133 9 7763 93 9957 46 1328 94 2077 5
6989 5 5300 45 7250 92 7058 24 9242 30 8317 84
6990 3 3310 55 7876 84 4469 56
6991 4 3525 14 4446 16 2019 17 4018 95
6992 6 3169 32 8048 37 6021 67 1234 25 1587 9 5556 16
6993 5 931 97 9119 35 3005 53 981 57 1829 43
6994 4 2726 83 2363 37 3228 77 8804 19
6995 3 2263 16 5162 81 6955 85
6996 2 1439 37 7952 69
6997 2 999 34 8342 20
6998 5 3255 65 7874 100 8009 8 5990 38 5331 23
6999 6 1694 80 2645 94 4735 49 4786 80 7636 55 250 25
7000 4 1835 6 3026 61 9454 24 3224 91
7001 3 6912 19 9440 57 5330 33
7002 3 5563 46 5419 41 6805 40
7003 7 5034 5 9318 1 6246 86 9891 1 8862 69 9871 90 6006 5
7004 2 3341 96 3738 12
7005 5 1208 15 6907 54 8986 51 43 82 8541 88
7006 3 1555 70 5780 38 2124 9
7007 4 1242 2 7984 59 2368 43 713 55
7008 5 6677 45 9899 51 4317 46 4324 1 9584 98
7009 3 3376 44 4702 79 696 58
7010 6 1004 32 9423 80 815 39 3784 34 2168 97 5967 15
7011 3 5153 55 2968 42 2474 35
7012 4 4291 48 5093 25 4642 72 4159 51
7013 3 6336 68 9699 79 4195 28
7014 6 3198 94 8391 75 1424 43 6551 87 454 59 8233 99
7015 3 6249 32 9038 18 707 18
7016 4 2167 27 9604 38 3199 78 6587 24
7017 1 4520 59
7018 7 2011 23 8051 31 9381 52 6181 84 5535 12 6801 47 1242 62
7019 3 6956 87 9895 95 2542 94
7020 8 374 43 9620 82 8977 42 4607 89 4064 94 2752 16 7136 77 2937 91
7021 8 5556 7 3155 23 7362 41 1114 73 7204 17 2220 98 6855 51 2029 91
7022 3 395 15 4409 1 6144 93
7023 7 1398 9 7861 2 3956 55 7185 83 8037 57 8617 85 9653 79
7024 2 650 3 6869 37
7025 3 4852 81 6082 82 2988 76
7026 3 6870 7 7045 4 6850 53
7027 1 1109 86
7028 4 2500 97 5892 32 6455 73 2328 71
7029 2 221 35 3760 83
7030 3 1991 69 2114 64 9140 34
7031 2 6160 83 9864 74
7032 2 2487 79 2198 40
7033 2 3321 59 6311 39
7034 1 1259 17
7035 3 575 63 9523 36 7951 23
7036 3 6971 83 9427 97 5543 90
7037 4 4850 7 5795 100 8015 42 2108 64
7038 2 6482 6 1366 73
7039 4 5059 19 9550 64 7151 65 2248 83
7040 6 5405 97 8931 23 1801 99 7166 99 2300 34 9933 30
7041 3 3658 27 1051 39 6557 10
7042 4 229 71 7582 61 1956 39 659 40
7043 3 5252 73 7580 35 2936 46
7044 3 4298 57 9772 7 8939 26
7045 7 1877 62 8232 34 534 58 7026 4 2539 16 6252 60 8767 69
7046 4 1762 44 7585 90 4467 49 4423 96
7047 6 1680 56 8946 18 1874 49 8289 72 7371 14 2994 29
7048 2 6732 53 8171 12
7049 6 3635 33 7744 45 1638 37 608 60 4993 80 8939 61
7050 3 260 11 7864 31 5883 33
7051 3 1196 72 4555 29 30 44
7052 4 6834 32 8898 86 9696 38 1181 50
7053 3 1756 66 8672 76 129 86
7054 4 567 58 4661 94 7807 19 6673 100
7055 7 2788 10 6914 12 2390 58 9940 93 7462 36 769 20 2750 94
7056 3 6953 89 5135 66 422 7
7057 4 121 69 806 33 6970 98 5574 78
7058 8 5917 52 686 38 1350 89 6989 24 1780 14 2211 13 6725 95 7596 59
7059 4 3641 23 5996 7 8515 24 5531 55
7060 4 6096 35 1079 34 9985 39 6455 21
7061 4 1851 35 4149 75 3597 3 5768 68
7062 5 3116 83 7466 59 6798 90 5559 98 6272 25
7063 3 1921 67 8638 21 6938 69
7064 3 742 2 7578 46 5902 82
7065 5 5775 45 9810 34 8350 6 9343 80 4918 41
7066 1 2436 54
7067 5 2811 12 295 98 5005 47 6812 100 5 83
7068 4 3352 85 7454 25 8653 13 1223 90
7069 1 5323 16
7070 6 868 2 8662 43 9198 45 5978 42 6470 49 8818 7
7071 3 1577 71 8759 15 5246 95
7072 8 6717 94 9313 61 2050 90 1412 98 1845 56 3143 62 8131 11 7244 20
7073 3 4283 71 7593 79 5647 69
7074 3 6790 94 1345 20 7586 68
7075 4 3163 50 8475 56 1470 12 9773 94
7076 9 5958 87 5274 96 5023 63 2567 2 9762 100 7699 54 8857 94 4133 16 1332 48
7077 2 3377 50 67 20
7078 3 3544 84 2643 12 3571 11
7079 4 1900 83 6586 100 3633 65 6952 95
7080 2 5772 47 5543 79
7081 2 3737 4 356 29
7082 7 6012 95 4824 70 8511 36 9957 65 50 74 1385 21 4300 60
7083 3 3800 27 2649 62 8349 94
7084 3 3517 56 8294 61 3644 78
7085 5 6158 65 9977 69 2716 71 7932 84 6616 51
7086 4 4966 53 1860 42 4197 35 8385 33
7087 2 2878 1 9971 87
7088 7 2290 72 5870 87 5899 39 5501 34 3436 79 989 29 7801 74
7089 4 5660 22 9143 12 5075 7 3824 27
7090 10 6153 36 5112 3 652 90 2514 49 9713 13 282 52 7265 25 2943 85 1268 22 5330 59
7091 3 2327 55 203 100 2672 49
7092 5 996 44 3274 21 1552 38 7237 60 5911 59
7093 5 1813 90 7842 17 4577 32 6355 17 4938 53
7094 9 2780 66 7529 3 3008 97 9090 71 774 94 9526 48 4049 1 7211 34 2248 15
7095 4 830 74 6324 28 922 11 9432 84
7096 5 1849 57 8344 54 6976 30 657 66 1245 26
7097 2 1168 17 4926 46
7098 4 5730 5 7116 42 7619 55 8003 35
7099 7 803 100 8471 67 1323 8 3215 85 8552 62 3356 74 1375 2
7100 7 985 45 4992 3 4020 74 3833 7 2433 30 4410 22 7139 49
7101 2 646 70 4384 17
7102 8 3932 35 2819 24 1373 34 5669 91 4556 13 5632 17 9893 95 2496 75
7103 5 3888 46 8093 47 6011 7 6162 96 6654 54
7104 5 5338 97 7817 53 8210 47 104 39 8230 45
7105 5 2620 20 1782 26 4586 14 8672 74 7221 31
7106 5 1611 49 8106 52 8504 60 4704 43 2744 35
7107 1 5686 1
7108 4 175 64 9681 4 3256 22 7429 95
7109 3 2829 39 6682 36 4922 69
7110 4 5870 50 45 55 8995 11 9757 92
7111 4 1509 73 2250 60 6986 53 577 94
7112 3 3158 53 8804 5 2402 12
7113 6 3840 78 892 57 9930 12 3631 7 4698 81 8456 88
7114 4 4223 9 3381 58 3627 29 6363 22
7115 6 6429 75 8709 64 5144 16 1165 17 398 44 4537 24
7116 2 7098 42 534 60
7117 3 4149 76 8229 38 7613 67
7118 3 2141 23 1864 26 710 96
7119 4 4718 68 3046 31 3674 18 4602 85
7120 4 4525 28 2838 76 5463 20 3099 37
7121 4 3129 17 5809 7 6795 29 2500 14
7122 3 5031 75 616 33 3405 43
7123 3 3169 70 90 53 1442 80
7124 3 932 82 9813 32 8342 1
7125 4 1100 51 3592 44 4291 31 5266 99
7126 8 2971 92 8320 47 8905 78 265 96 8587 6 5656 93 7763 69 8908 7
7127 4 2641 74 7712 83 1781 53 6030 77
7128 4 4738 92 7950 60 424 73 6835 31
7129 5 5091 23 4881 43 6750 31 5450 71 702 43
7130 5 3500 23 5084 16 4766 100 6146 86 1226 40
7131 5 3247 67 8190 31 749 79 496 10 8964 27
7132 4 1843 78 3213 96 5256 69 3921 11
7133 5 1333 17 6104 19 4587 71 5083 12 9541 62
7134 4 2686 40 3826 45 9353 29 4241 79
7135 2 2047 53 3079 35
7136 4 194 57 7991 38 7020 77 4918 76
7137 3 3005 92 9239 46 1145 60
7138 7 4134 37 7363 30 8220 59 8549 64 9192 7 4320 84 6480 2
7139 9 1552 90 7819 35 4812 46 5945 44 9942 98 6316 97 3682 42 7100 49 5034 46
7140 4 2568 1 4105 95 8799 24 1148 40
7141 2 290 46 475 65
7142 1 4382 99
7143 5 985 66 3051 27 1051 25 9732 55 9936 24
7144 4 3647 64 8507 48 7793 31 5365 25
7145 7 5256 79 9575 10 9629 2 822 18 8965 3 66 1 8525 29
7146 5 2279 94 7536 53 5203 83 9293 100 1289 72
7147 4 1759 96 9229 82 8400 34 3298 74
7148 3 3036 30 9344 5 1899 85
7149 2 5279 80 9101 99
7150 4 3821 63 5645 87 1711 76 7500 15
7151 5 1260 22 187 13 7039 65 4820 79 9143 46
7152 5 4374 72 9670 47 7916 26 4616 91 4212 33
7153 6 2132 72 2397 46 2219 53 87 62 2138 31 2793 83
7154 4 5495 36 1310 34 2432 66 60 10
7155 5 1079 25 1616 30 3934 47 8395 88 5410 98
7156 3 5272 21 7588 30 4825 68
7157 3 4717 93 1835 84 8805 15
7158 5 4225 91 8061 89 7655 9 8128 57 4423 44
7159 5 2299 67 7356 96 619 39 9458 75 5870 56
7160 2 5266 89 8118 8
7161 5 3390 13 3179 12 3425 71 4919 29 632 75
7162 4 3512 17 8732 80 2422 46 2609 44
7163 4 529 32 8153 51 2188 82 3638 1
7164 5 109 36 9226 53 2055 91 3173 35 3912 33
7165 2 1946 39 4325 81
7166 4 2111 94 7040 99 9467 3 5333 40
7167 4 4078 80 7736 58 8295 9 3299 48
7168 4 5637 73 4600 5 5728 25 4985 76
7169 3 5136 85 9220 25 370 36
7170 3 3452 31 6786 20 1728 49
7171 4 5387 77 212 90 4110 8 565 28
7172 3 2415 68 5188 91 859 25
7173 5 5029 81 9075 48 5995 99 1825 11 2971 79
7174 7 2963 86 7558 95 688 4 1069 87 1032 2 4792 74 9195 50
7175 4 5104 75 9634 6 8641 83 3592 78
7176 5 6163 33 6557 31 8646 99 886 14 2370 8
7177 3 6740 86 2780 17 8819 17
7178 4 4541 85 3530 44 5276 86 3637 69
7179 4 2786 27 8262 97 9990 56 2652 11
7180 5 3174 84 8000 54 673 27 6052 26 6562 88
7181 4 167 80 7619 27 2266 57 1140 3
7182 7 3759 100 7270 47 114 46 1033 3 8926 75 4999 97 2839 84
7183 2 3098 62 5453 82
7184 4 4721 26 9875 41 9585 9 5152 60
7185 9 3278 22 8847 69 7704 69 6281 99 5349 68 8094 38 4239 18 1127 52 7023 83
7186 6 3599 31 7241 3 2664 62 4887 66 9474 37 1343 26
7187 8 5866 76 952 63 2425 48 1907 55 1525 74 6080 86 5998 44 2069 45
7188 8 5059 66 7803 34 3427 2 4936 3 8508 38 1231 24 9191 9 1662 1
7189 6 5910 43 3133 91 6429 34 9104 78 2740 39 6425 7
7190 3 4228 9 6121 63 8188 16
7191 3 1310 72 7350 52 988 62
7192 4 572 81 8263 3 6797 80 9288 37
7193 2 5513 74 9162 27
7194 3 2999 44 6867 71 8563 38
7195 2 4833 69 7349 48
7196 8 4803 50 7615 96 9167 80 1471 86 3439 6 724 73 607 52 7604 30
7197 5 3971 44 8299 16 1210 95 4373 74 5026 29
7198 4 4637 46 6074 85 502 70 7650 1
7199 3 206 15 5237 18 4150 28
7200 5 6636 64 853 21 6614 36 6770 63 5281 42
7201 4 3713 85 530 73 4508 50 8933 91
7202 3 5564 53 3038 98 8144 5
7203 8 3009 19 9124 23 232 94 8482 8 8488 53 3090 91 4141 60 295 77
7204 11 448 13 4562 52 5760 59 1068 63 4954 12 7021 17 9720 55 7451 3 5505 68 7473 100 5082 68
7205 3 4935 48 9591 42 7381 95
7206 3 5659 65 7673 16 565 82
7207 7 1668 26 1962 23 7408 57 3677 40 8891 73 5503 96 3831 89
7208 3 366 51 4954 3 7841 10
7209 2 1418 52 4555 66
7210 4 4335 30 5692 48 5603 29 9206 26
7211 7 3739 26 438 2 2018 90 8288 67 6134 21 7094 34 7702 35
7212 6 3586 80 8575 2 8886 71 6611 20 6699 26 1430 25
7213 6 629 44 4609 97 177 39 8118 34 3429 43 8179 29
7214 8 3933 94 9392 93 7583 73 2288 73 1652 2 9206 27 1359 15 1146 10
7215 5 6537 83 3342 53 614 41 9846 13 6453 54
7216 7 4282 58 2005 42 8411 7 7396 13 3182 60 2788 82 7702 30
7217 3 1201 91 5814 52 9250 63
7218 2 1378 70 2257 25
7219 3 1115 100 5478 17 7418 75
7220 10 5940 25 7589 66 9347 51 5234 56 3596 34 6761 91 4801 63 3834 11 9349 21 5844 35
7221 5 1360 30 7642 94 9245 68 7105 31 4382 59
7222 6 6145 46 9957 76 6200 86 7406 92 813 96 5300 23
7223 6 3950 8 2407 56 9450 97 3204 81 2543 99 65 11
7224 5 4736 37 7514 26 4028 77 2707 26 3294 43
7225 5 309 72 5491 96 5360 15 2978 94 6530 64
7226 5 5062 74 4122 23 8401 6 5309 17 2273 98
7227 6 992 64 7518 67 1114 86 5206 85 2496 75 4787 79
7228 4 5196 69 8556 58 459 67 8995 8
7229 7 3424 87 7702 7 2995 51 2329 69 2745 32 2536 100 9373 45
7230 5 5995 72 4960 99 6433 53 6955 11 1265 60
7231 5 2646 20 8748 8 9789 77 2076 20 3606 30
7232 3 3648 26 898 99 67 2
7233 5 1836 88 5042 74 9453 6 4049 55 2227 50
7234 5 3938 92 7790 76 6315 36 4744 50 5538 90
7235 3 5095 79 9274 65 705 96
7236 7 3512 60 7627 18 719 85 4876 27 317 83 6446 98 6966 96
7237 4 2322 16 4613 78 5708 50 7092 60
7238 2 1561 99 2829 8
7239 5 2706 26 7931 46 3297 70 6762 49 9465 23
7240 3 6463 27 8042 55 9938 76
7241 4 7186 3 144 78 956 24 8058 96
7242 5 2661 89 306 34 7370 71 4631 22 5407 100
7243 6 203 18 506 3 9795 74 1382 51 5623 53 620 94
7244 3 3940 59 783 74 7072 20
7245 3 4514 30 8178 31 1844 76
7246 3 4793 86 4895 8 9798 27
7247 2 6133 46 4939 99
7248 4 1343 71 7906 49 6602 51 4997 5
7249 2 1069 85 4295 25
7250 4 6989 92 9637 84 282 14 3773 57
7251 2 596 3 7310 83
7252 2 6728 33 9398 69
7253 2 311 79 4856 34
7254 3 4378 73 6657 32 355 66
7255 5 1285 18 1317 42 3671 93 7279 80 6586 9
7256 6 6093 27 789 23 549 90 1676 74 5483 6 3720 35
7257 6 5391 3 8142 88 8910 69 2821 64 2210 24 5950 34
7258 3 627 38 1688 26 3246 36
7259 2 6456 8 2907 68
7260 4 1928 51 4992 97 3139 22 598 6
7261 4 5318 75 9588 22 3885 85 3566 47
7262 3 1759 62 6492 50 9211 7
7263 5 6081 9 9465 24 430 60 5032 27 4925 34
7264 4 5164 9 7347 93 945 33 4729 63
7265 3 753 31 6603 56 7090 25
7266 5 1421 18 7302 94 8917 85 3045 86 9163 53
7267 4 3701 89 590 98 4017 23 4456 27
7268 7 5649 84 8078 98 3081 18 286 2 9246 79 6941 43 9243 92
7269 2 3353 50 4462 96
7270 6 7182 47 7456 52 5181 4 4531 3 2805 50 3187 79
7271 3 3863 16 9042 88 2930 14
7272 6 1333 86 3542 47 7771 95 2591 88 4129 16 9859 60
7273 5 6704 17 8184 41 1115 92 2937 25 5948 98
7274 10 353 84 8605 45 9318 26 2246 35 9395 41 9773 76 6312 76 1072 15 6537 99 4251 97
7275 3 5568 28 3766 56 8927 74
7276 3 2713 100 5744 43 1336 69
7277 4 6530 35 7817 83 1750 7 5791 93
7278 11 2285 83 7937 44 8647 82 1335 72 2107 74 5348 47 8699 79 2957 54 2918 64 5409 61 1161 41
7279 9 6188 14 7600 99 278 13 998 65 7255 80 6407 32 1728 80 4833 97 5095 27
7280 6 1660 15 9209 16 8699 77 5386 58 9760 22 4834 26
7281 5 6340 11 9757 26 2488 5 5840 46 7968 48
7282 7 5172 56 7833 2 129 37 3973 30 2098 99 9579 29 4126 22
7283 4 4621 72 6088 54 7556 2 934 60
7284 4 5478 97 7511 40 6962 26 4757 46
7285 3 5196 23 8198 2 8790 94
7286 3 5527 80 9342 49 7902 57
7287 4 4704 5 4510 30 7291 77 7472 22
7288 5 3975 62 8971 38 2275 45 3719 56 5094 55
7289 6 1578 2 8229 63 8015 69 1809 48 2870 47 1138 4
7290 4 6500 48 5431 5 7653 84 4881 4
7291 6 6043 56 7753 68 2763 23 8446 54 7287 77 8178 18
7292 6 1945 24 5905 61 261 65 9287 3 377 21 3417 94
7293 2 6579 37 8972 72
7294 7 6583 81 7501 96 1123 50 1766 75 7384 66 2139 55 9739 24
7295 4 4773 50 6324 48 6533 99 7993 32
7296 4 2976 46 5678 98 1656 40 7592 70
7297 1 6745 4
7298 8 5994 9 1962 9 3796 87 9493 72 2591 62 8436 47 5789 64 5856 91
7299 4 2070 51 2211 61 8816 21 578 99
7300 2 690 32 8105 44
7301 6 2968 66 9888 56 6042 34 9443 79 430 46 9299 99
7302 4 6743 66 7266 94 1873 99 9469 84
7303 7 4964 6 9932 100 3859 90 6716 6 5934 79 5000 87 9126 60
7304 2 862 55 9039 62
7305 4 3164 40 5863 72 9105 56 7801 17
7306 4 6682 88 9777 78 3595 98 2557 60
7307 4 3693 11 1752 21 8185 13 8443 54
7308 7 64 34 9548 75 1293 76 117 2 6661 63 1506 81 6902 28
7309 6 4730 47 8162 43 5494 55 7583 96 6147 15 1036 45
7310 4 6770 41 7251 83 9975 59 7866 75
7311 4 1682 54 6375 69 5590 70 9706 16
7312 5 5717 54 7825 23 4290 92 8351 36 833 96
7313 2 3899 59 2502 20
7314 3 832 98 2131 3 6415 30
7315 3 1585 22 8317 91 520 81
7316 3 87 83 9890 43 9661 4
7317 6 6834 63 9574 56 1608 8 8505 19 6239 29 1953 81
7318 5 5879 16 1674 80 6503 21 9073 90 7776 83
7319 6 5417 39 9296 62 8681 57 1038 65 9607 59 2386 7
7320 3 1597 94 9498 19 5817 83
7321 6 6846 49 748 72 5017 3 5337 16 3282 13 178 97
7322 3 1049 50 4631 11 1299 11
7323 2 92 6 8615 90
7324 4 6047 58 6529 5 8832 23 2995 90
7325 6 4000 9 8990 75 5096 49 5404 59 8419 66 1623 23
7326 4 985 72 5933 25 1197 49 7668 27
7327 6 2893 73 4902 8 3581 30 1548 11 2029 59 2623 72
7328 2 2825 64 3973 34
7329 1 308 9
7330 2 5448 14 5712 82
7331 4 5889 82 7531 48 6021 39 9339 61
7332 11 710 96 7481 78 8310 11 8953 72 9018 12 2842 19 2086 94 2515 16 3073 1 7556 1 4690 96
7333 5 3027 45 6926 85 3760 72 4246 57 1645 78
7334 5 2397 38 6068 53 9395 18 5340 41 3815 35
7335 4 6072 81 7971 23 9309 27 4869 27
7336 2 929 57 3949 91
7337 6 6532 66 2021 10 1937 2 4598 45 9240 8 1110 40
7338 6 2914 90 8905 11 8836 21 8969 73 7350 42 4662 27
7339 4 3857 27 9852 24 5062 22 1332 11
7340 4 4600 26 6819 71 6752 87 8031 30
7341 3 6676 79 2596 77 3831 73
7342 10 1544 44 8574 54 9105 20 9530 2 3595 26 1508 79 3481 30 8088 20 3775 76 5374 75
7343 1 3552 7
7344 3 1261 26 673 82 9219 1
7345 2 6588 23 3571 63
7346 3 3698 30 7365 27 9828 71
7347 6 7264 93 1380 25 2901 39 7671 90 8736 39 5611 24
7348 4 3159 45 7843 82 5997 29 4359 61
7349 4 163 83 1591 33 7195 48 1142 71
7350 5 7191 52 1671 8 3162 95 9010 71 7338 42
7351 3 1738 33 3625 72 8825 83
7352 5 2568 65 8604 71 9742 7 8995 71 3148 60
7353 4 1219 34 8024 64 7551 74 7722 41
7354 4 4043 89 6257 94 1814 62 3 45
7355 5 6210 74 4672 6 5685 97 6122 11 6445 87
7356 3 7159 96 8188 72 5160 8
7357 4 3779 37 3752 31 5722 94 9541 85
7358 6 3203 99 8628 48 2164 87 762 49 2954 46 3593 50
7359 5 2742 32 7779 69 3056 74 8389 66 8100 48
7360 2 4565 59 1117 88
7361 2 1437 71 8452 19
7362 7 5567 31 9012 32 1514 78 7021 41 3082 18 9860 82 3317 77
7363 6 7138 30 6831 78 4035 43 1784 11 5468 48 8619 52
7364 4 2010 89 4064 81 9258 41 476 96
7365 4 7346 27 541 12 1155 26 1829 75
7366 8 607 40 1615 1 4321 70 9836 15 5471 39 1884 77 7879 47 8705 3
7367 4 2228 96 9163 3 9280 88 5293 48
7368 3 5904 46 1015 65 2631 56
7369 3 1460 69 2040 76 4065 61
7370 5 4807 16 9425 73 7242 71 9679 62 3347 73
7371 4 3633 28 1584 45 4454 16 7047 14
7372 3 730 9 3632 18 661 8
7373 5 4387 48 8062 86 9818 48 747 91 437 96
7374 5 6475 31 8051 76 6547 94 2909 13 9361 75
7375 3 3293 7 8872 43 6956 100
7376 3 4065 7 3276 75 5417 25
7377 4 2826 62 7442 29 2591 81 2639 41
7378 3 478 3 4064 76 2207 2
7379 3 1767 4 8673 22 6740 71
7380 2 1310 12 7603 42
7381 7 3192 74 7205 95 5404 45 2644 48 5922 88 1680 28 2025 50
7382 7 3160 35 1341 21 9525 71 2795 93 1387 33 883 77 4399 36
7383 6 5238 7 1277 60 9801 44 8123 33 6559 28 1180 4
7384 4 6304 56 9994 80 1232 26 7294 66
7385 4 4445 2 2591 41 5799 95 7517 91
7386 1 2413 34
7387 4 3238 65 7815 7 3708 29 6062 18
7388 3 5108 27 2894 46 6682 47
7389 4 4812 42 7589 7 2289 50 818 21
7390 4 149 60 8808 65 4964 28 8543 65
7391 5 1974 76 9484 61 4332 80 1665 74 988 89
7392 3 6520 98 4863 82 2435 85
7393 3 5667 51 6344 81 8506 91
7394 3 4254 44 5102 38 9255 59
7395 4 4495 5 757 70 5939 67 1138 86
7396 3 5890 22 7216 13 6256 20
7397 3 4218 25 3105 67 9141 4
7398 1 1924 60
7399 3 2223 27 355 91 3601 74
7400 7 4631 40 3846 22 6587 86 3572 19 4531 61 2514 66 9545 93
7401 2 3277 37 8149 40
7402 3 3948 80 9384 14 3399 65
7403 3 6067 41 4022 48 4258 58
7404 2 1857 45 6674 1
7405 3 4234 84 3463 19 4006 21
7406 4 4844 49 2318 55 7222 92 7894 73
7407 2 5674 77 9386 37
7408 3 3395 100 8930 49 7207 57
7409 1 3189 59
7410 4 3827 10 9600 45 9637 76 7889 15
7411 5 4960 29 9371 68 1077 31 8549 52 6010 63
7412 3 6022 39 7497 48 242 70
7413 5 649 82 5808 81 6731 11 3772 97 382 97
7414 4 4299 61 8071 13 9555 83 3690 100
7415 5 5520 23 7694 2 8334 98 3286 52 8833 74
7416 5 3481 54 8103 16 175 43 7648 96 9643 24
7417 6 5621 3 9705 58 2758 60 3331 94 752 34 4531 94
7418 5 2276 29 6535 77 6012 4 7219 75 1004 61
7419 5 2606 50 7426 86 4048 18 6316 15 9742 44
7420 2 5593 31 382 66
7421 4 2357 63 5016 62 8737 100 9407 63
7422 2 3963 46 4996 96
7423 5 2667 1 7666 91 9463 47 4231 23 3867 59
7424 4 6180 40 5879 8 3320 6 5540 30
7425 6 1874 57 7805 74 4791 53 3085 81 925 44 1340 54
7426 7 5667 78 7513 31 2512 28 7419 86 395 62 3100 95 4831 34
7427 2 2144 30 6167 53
7428 5 186 50 6934 45 8413 13 1041 72 9164 3
7429 5 6028 98 1799 60 9834 64 971 42 7108 95
7430 4 5479 57 9340 52 367 89 1728 100
7431 6 6328 22 4399 91 8690 44 3270 22 1893 5 7604 78
7432 5 162 57 5615 31 2440 33 4487 96 4595 40
7433 3 73 53 621 16 4449 69
7434 6 6164 83 2393 15 3795 99 2975 69 3538 6 3120 81
7435 1 5786 51
7436 6 4702 41 8015 9 6396 84 7451 73 9480 41 7909 90
7437 5 3471 24 9393 93 1177 7 446 40 2509 42
7438 7 5454 89 8366 51 9288 25 2561 85 6290 36 586 41 8470 17
7439 4 68 52 8725 2 3436 58 1672 81
7440 3 1354 68 9421 39 5699 30
7441 4 1836 33 8938 59 2979 75 9518 92
7442 2 7377 29 8715 16
7443 4 6816 82 6448 45 3625 38 2955 43
7444 2 1951 11 9018 13
7445 3 3049 15 4592 44 4759 88
7446 2 1147 69 3632 91
7447 2 5244 96 4656 77
7448 4 4461 49 9418 57 4726 82 9711 32
7449 6 4193 77 7554 99 8201 11 8665 77 4534 59 6686 38
7450 3 2870 11 2936 61 5171 86
7451 5 5309 70 7436 73 8966 94 7204 3 3325 1
7452 8 855 54 7628 84 3731 92 6125 59 5718 35 3926 82 6132 61 8608 58
7453 1 2014 45
7454 4 7068 25 7826 2 4430 83 3886 3
7455 4 4892 83 7502 33 9193 37 2312 9
7456 6 7270 52 9913 61 868 27 1810 58 9018 90 319 98
7457 5 5655 95 3930 91 6066 3 2327 92 9199 18
7458 5 627 68 5040 34 4609 69 6036 52 4461 30
7459 3 751 92 8317 64 5777 50
7460 4 667 30 5262 28 2532 5 9172 44
7461 4 2632 89 3782 24 1703 71 6806 27
7462 8 3326 20 9002 5 4299 47 2306 83 7485 2 6661 87 3725 71 7055 36
7463 5 1155 86 2884 96 8768 16 3956 22 3427 86
7464 4 2637 9 9683 32 5620 65 6237 12
7465 4 6026 8 5827 19 9463 13 5905 93
7466 6 7062 59 8420 53 9590 33 636 25 8010 6 6347 8
7467 4 3367 24 2580 73 3318 10 1674 10
7468 3 2319 54 4808 58 391 23
7469 4 5637 32 1036 84 2564 19 8084 8
7470 3 2857 29 8255 91 5841 76
7471 2 4343 90 8488 52
7472 5 1839 35 5881 57 2753 43 8108 87 7287 22
7473 5 5834 28 9640 32 7204 100 3366 92 3676 38
7474 4 2563 14 1651 43 7698 85 3824 57
7475 3 4105 36 5024 27 8497 50
7476 6 5552 92 8884 22 3429 98 3285 43 9160 48 8091 10
7477 5 4328 15 9671 94 9678 9 7658 13 6345 64
7478 5 6208 92 8757 76 4760 93 2594 85 8419 83
7479 1 5149 70
7480 3 3380 95 5264 26 8203 45
7481 5 7332 78 3322 35 929 4 5444 71 1613 86
7482 6 680 12 1713 23 4553 37 3319 60 5412 65 6558 16
7483 1 1959 24
7484 4 4194 49 882 55 8128 43 4717 80
7485 6 2462 44 7462 2 5686 2 7590 29 907 21 3783 31
7486 3 670 93 4831 89 9150 54
7487 4 6195 26 8447 76 5492 88 4620 57
7488 3 1559 64 1662 91 9491 87
7489 5 1092 62 1587 41 5940 75 1716 74 3413 87
7490 3 399 85 512 45 9715 16
7491 3 2205 17 8053 64 5632 6
7492 6 1729 43 6359 87 2253 83 6164 45 2504 36 2876 62
7493 6 3349 46 2181 21 4235 12 344 97 5276 87 9912 71
7494 6 3682 87 4581 55 3185 53 3840 76 6507 79 9602 33
7495 4 1351 82 9467 89 8905 51 1354 19
7496 4 2531 83 8856 45 6766 72 8645 37
7497 4 7412 48 971 14 9 50 4446 27
7498 4 6791 36 2743 76 9428 22 8532 26
7499 3 1664 79 5883 22 6339 91
7500 6 3364 44 9894 56 9713 37 1266 71 7150 15 1307 29
7501 9 4533 57 8362 18 7294 96 1577 4 1147 18 3345 32 6293 85 256 15 2823 66
7502 6 7455 33 3643 26 354 100 6692 1 1236 77 9911 56
7503 2 2324 99 556 13
7504 3 1788 53 5601 77 1489 61
7505 5 6847 3 9235 40 4362 34 4454 80 6133 50
7506 6 6852 89 9541 12 976 76 2637 87 5238 44 9628 94
7507 4 1679 67 9638 45 2524 14 4159 50
7508 6 4414 64 4788 69 5038 53 9182 24 1244 10 2510 64
7509 3 1748 39 4855 36 392 81
7510 6 850 60 7793 74 938 23 9985 89 9037 80 9343 85
7511 7 1306 29 7723 80 4057 44 7284 40 4538 10 1772 57 1895 35
7512 2 297 55 1041 29
7513 4 7426 31 6637 36 8880 45 1105 1
7514 2 7224 26 4010 62
7515 4 4120 39 5438 33 4353 2 3829 40
7516 4 699 17 2791 20 3617 83 8412 39
7517 5 4373 68 9056 91 2817 27 2112 47 7385 91
7518 8 7227 67 1935 19 3135 50 615 33 5229 20 9661 16 6420 30 4168 78
7519 6 6868 16 452 37 2282 83 3057 61 3368 87 1965 28
7520 6 4421 25 3358 72 3508 11 9009 24 2565 41 8948 85
7521 6 941 99 353 67 5556 96 3566 86 681 38 2825 73
7522 3 2557 50 354 34 1039 4
7523 3 4966 5 6814 5 6709 4
7524 3 6753 4 823 82 2515 18
7525 4 1905 8 4986 98 3622 73 6392 50
7526 1 923 36
7527 7 893 55 7550 10 6177 34 5996 76 368 2 2516 18 6348 9
7528 3 774 93 8701 37 9790 90
7529 7 7094 3 8719 49 9643 17 3134 36 2942 63 4765 11 6164 28
7530 7 6462 36 6364 2 9104 18 2917 42 2202 77 359 17 5641 99
7531 7 4541 51 4013 47 7331 48 2425 96 668 96 1661 47 3385 89
7532 4 1285 31 5711 46 9349 59 6158 24
7533 6 2698 30 6340 9 1248 90 2911 9 8724 9 592 41
7534 5 2437 67 7823 64 6928 79 6340 31 596 18
7535 3 6597 77 3048 49 3442 88
7536 3 7146 53 2955 84 3594 49
7537 8 4511 42 8911 93 542 80 4180 60 160 20 385 18 4913 73 5693 83
7538 5 5785 52 2073 98 8271 49 9162 25 8050 45
7539 3 2790 9 1423 66 6438 84
7540 3 2530 97 6128 38 2459 77
7541 3 2277 28 5394 39 1550 68
7542 3 187 90 2712 59 6248 96
7543 6 6397 77 4090 2 1939 45 6857 50 4549 5 8749 6
7544 5 6382 70 7569 61 8907 31 3410 87 9105 48
7545 4 5652 46 6887 78 4288 76 6794 66
7546 3 2397 35 8126 58 3827 30
7547 5 5411 75 3761 58 2405 100 4358 6 8548 48
7548 5 1689 18 9639 66 4738 23 66 70 3132 4
7549 5 2427 52 8017 29 6833 31 553 96 8998 29
7550 3 7527 10 8796 7 1227 82
7551 11 2440 5 9376 6 7810 78 7353 74 3724 99 2988 85 2312 33 5351 38 4201 20 905 95 9252 82
7552 5 3866 62 7914 51 2004 59 1186 58 1428 75
7553 3 6038 10 9815 30 6231 12
7554 3 7449 99 8469 66 6636 77
7555 3 620 88 7895 32 8353 52
7556 5 4011 89 8398 72 7283 2 7332 1 9586 6
7557 4 5595 95 844 36 364 25 1393 90
7558 5 7174 95 4807 86 9691 90 1039 38 2894 69
7559 5 267 87 8657 85 8925 66 9765 56 9107 26
7560 3 1890 47 7605 36 2540 77
7561 5 6656 81 6431 55 362 84 1945 39 4072 1
7562 3 5161 72 30 37 9380 25
7563 4 5183 7 2471 94 5218 88 5007 55
7564 5 3769 54 9644 8 9028 20 545 75 8553 35
7565 4 5405 33 7609 61 7903 43 6050 65
7566 4 3168 89 2406 62 9006 70 8908 76
7567 6 1336 21 3791 66 3573 15 6064 41 8134 5 4588 31
7568 1 4192 64
7569 4 7544 61 2118 81 1798 45 8814 14
7570 5 784 25 569 21 3889 84 2510 25 7839 43
7571 6 3380 34 4298 59 4773 21 4386 9 4227 24 4275 29
7572 3 12 14 9292 74 4099 81
7573 3 836 47 3347 87 4198 20
7574 4 1095 55 9954 8 8136 85 5493 25
7575 2 2310 99 1737 62
7576 2 3424 78 8397 93
7577 2 5002 74 7614 77
7578 4 4408 81 1638 71 7064 46 6675 90
7579 8 6535 61 6092 92 6438 30 1039 14 9814 84 4254 61 3845 86 8389 18
7580 3 7043 35 5119 37 3420 76
7581 1 4223 3
7582 7 1744 41 8712 15 9506 76 8307 23 7042 61 4589 18 3061 33
7583 6 189 36 7214 73 7309 96 8888 73 3508 11 2021 34
7584 5 3170 50 8278 35 6048 41 6564 10 1091 51
7585 4 5475 94 9555 68 7046 90 6400 22
7586 4 3425 73 3614 86 5805 89 7074 68
7587 5 6468 67 3068 49 120 91 9605 34 8929 28
7588 6 6821 19 7746 59 7156 30 9135 39 2661 43 4143 37
7589 8 7220 66 9551 8 4657 58 7389 7 8353 69 929 44 4029 73 2528 46
7590 7 1084 75 7758 66 9326 80 8782 33 7485 29 8934 9 3552 98
7591 3 5772 95 3159 18 8363 1
7592 5 4092 12 5573 47 2192 89 2589 48 7296 70
7593 8 7073 79 1282 40 6213 31 5043 18 3063 73 8649 69 8523 79 9807 29
7594 2 5504 83 7782 48
7595 6 6562 38 9185 9 9619 55 4116 24 624 84 7877 74
7596 3 6981 5 8691 59 7058 59
7597 4 3892 10 2130 6 9740 54 1272 18
7598 5 2993 45 944 70 510 39 822 65 8691 14
7599 3 6176 66 218 87 2696 79
7600 6 7279 99 5578 54 286 82 3954 94 1449 48 9754 76
7601 7 3431 94 1681 20 1991 17 9996 30 4133 100 2809 42 388 26
7602 5 713 14 7761 64 1457 11 5447 5 1919 71
7603 5 4688 45 1131 54 720 16 3007 86 7380 42
7604 5 6850 88 2725 3 6983 8 7196 30 7431 78
7605 10 4292 35 7611 29 3136 43 9684 65 3638 34 7560 36 6744 25 6536 9 2014 46 6345 36
7606 2 6181 79 5527 6
7607 4 1271 78 1514 10 8930 74 3615 1
7608 5 5783 83 2450 89 994 70 4710 4 2354 67
7609 5 2689 21 7565 61 5161 46 1412 50 2665 36
7610 6 2327 28 2308 69 5696 58 2995 43 2951 44 9764 55
7611 4 7605 29 8094 94 2998 49 8912 78
7612 6 768 44 8447 90 1849 18 6777 49 0 31 2733 76
7613 2 4702 85 7117 67
7614 4 4320 38 4488 10 7577 77 4984 83
7615 3 7196 96 5282 53 8389 99
7616 4 3763 80 5030 3 1674 39 784 100
7617 5 683 59 3281 92 4650 88 9954 62 4233 29
7618 6 6157 37 3149 36 8877 75 1060 81 2471 96 3404 70
7619 7 6580 45 8457 30 2843 73 7181 27 2012 66 7098 55 6809 19
7620 4 2827 19 9055 83 493 59 488 31
7621 4 4318 45 1970 26 5660 25 3394 63
7622 6 2682 7 5800 99 2558 98 8679 77 5589 90 1020 46
7623 5 4244 11 9540 95 9876 25 5307 86 6100 20
7624 4 6756 4 8625 48 8891 77 5456 17
7625 5 189 91 6775 71 4652 10 2368 91 4541 66
7626 5 4141 80 5734 55 3542 63 3673 65 6402 67
7627 5 6889 81 9122 3 7236 18 3528 22 9464 70
7628 3 7452 84 9241 89 2302 33
7629 4 1142 88 8474 35 3673 35 6312 80
7630 4 4930 90 3050 48 4086 71 5245 56
7631 6 2623 2 7699 85 2774 85 858 83 6535 34 3839 88
7632 4 3944 36 8150 48 298 45 5012 42
7633 5 4975 26 8040 50 2486 24 3399 30 2999 10
7634 5 2699 31 8440 34 1557 97 2334 65 9875 43
7635 4 854 76 694 74 4250 81 5180 44
7636 7 6805 50 139 79 9958 86 6056 93 1994 28 6999 55 4337 67
7637 3 4943 7 8951 31 3699 98
7638 4 6795 83 2512 48 934 95 9297 73
7639 3 1839 30 5230 54 5766 41
7640 5 2434 85 2052 27 5012 84 8089 48 1963 30
7641 6 1431 29 9208 51 4113 83 8783 53 2037 35 9219 61
7642 4 7221 94 594 3 1801 36 1697 12
7643 1 4135 30
7644 2 3519 71 1942 32
7645 4 3423 6 1373 62 7676 32 3772 41
7646 6 1266 93 9187 85 9951 77 8666 52 2732 79 7686 91
7647 3 590 62 4847 55 5891 68
7648 3 5701 60 7416 96 2112 21
7649 4 4530 62 5939 10 869 67 9181 10
7650 9 992 76 9738 49 340 31 3596 11 4598 55 7733 62 7198 1 5338 45 8308 8
7651 6 5592 43 8200 65 6075 36 6920 13 2456 86 450 59
7652 6 2916 71 491 63 6490 40 3644 43 9781 60 9393 95
7653 2 3516 82 7290 84
7654 2 4751 79 4354 50
7655 5 5799 88 8015 15 8306 7 7158 9 6901 56
7656 5 6929 22 963 61 4914 94 20 1 3708 7
7657 7 22 74 8196 15 5324 60 4647 2 8287 41 9224 13 746 91
7658 4 1082 34 7477 13 9586 68 9923 69
7659 5 1602 33 5105 12 1631 94 3281 39 1759 29
7660 3 2603 24 8012 87 6040 81
7661 6 2660 85 2148 74 3266 82 2699 54 1470 43 1073 22
7662 3 5338 26 9650 32 5864 66
7663 4 2906 6 2015 97 9431 58 545 78
7664 3 1268 22 9019 19 5696 63
7665 4 4068 30 2088 38 6244 50 8209 57
7666 4 7423 91 9156 14 4873 92 2687 65
7667 2 2437 5 8236 90
7668 3 441 69 7326 27 3944 78
7669 4 2930 12 4518 27 1047 78 4607 27
7670 2 6894 5 6581 42
7671 5 3276 43 9227 100 3089 6 7347 90 4183 58
7672 5 511 79 4509 65 3918 62 9508 13 2188 28
7673 3 7206 16 9232 1 257 2
7674 5 5481 95 1966 48 4310 31 1282 86 9229 54
7675 2 1373 68 1448 17
7676 6 520 11 8797 32 7933 19 7645 32 4415 55 9295 19
7677 4 960 82 9599 10 855 39 1174 78
7678 4 6615 88 9165 68 7814 27 4641 67
7679 4 1338 84 5088 94 9621 94 9881 35
7680 2 6695 5 4209 60
7681 4 3466 56 6711 68 437 89 3993 30
7682 5 2872 100 8684 85 346 88 9623 97 3439 24
7683 4 5528 21 4728 21 3308 2 3782 4
7684 4 4305 43 8979 89 9882 8 5532 3
7685 2 5046 35 963 98
7686 4 4840 19 4529 93 7969 68 7646 91
7687 4 6768 18 4989 65 942 62 8490 66
7688 6 971 58 3506 32 1033 9 2935 96 3013 68 5717 99
7689 3 6854 96 9425 44 6374 24
7690 5 6607 80 9352 70 3675 44 8517 91 5630 21
7691 3 1893 65 7729 11 8609 98
7692 3 4886 6 4693 54 5760 82
7693 2 12 38 1613 28
7694 2 7415 2 8388 50
7695 4 2659 19 6837 62 5394 67 5158 29
7696 6 1432 69 8127 10 8480 90 6637 64 870 46 4262 39
7697 7 3075 89 555 63 4058 60 840 18 3653 19 4771 30 5927 38
7698 5 3353 71 3389 44 4153 88 7474 85 5409 22
7699 6 7631 85 7076 54 5658 97 6682 15 8285 98 2353 44
7700 3 3967 73 6936 3 3500 30
7701 2 6154 98 5396 53
7702 5 1639 46 7229 7 9397 74 7216 30 7211 35
7703 3 6277 98 6897 70 8436 100
7704 2 4941 34 7185 69
7705 2 3829 4 1997 24
7706 6 4676 82 5373 66 2929 98 8734 74 6203 44 182 26
7707 3 560 96 4924 31 5780 59
7708 3 1198 63 9584 25 2621 54
7709 2 3949 22 3948 81
7710 3 3740 47 9814 48 6051 3
7711 4 1656 57 7813 16 6024 32 2295 20
7712 3 7127 83 4799 88 3687 88
7713 7 5944 81 3223 2 9199 41 3840 19 854 79 6645 37 4706 16
7714 6 287 14 4680 87 1847 39 3996 12 9911 27 5302 21
7715 3 1104 90 2025 79 2587 81
7716 5 3954 36 9076 97 4185 23 3480 29 897 88
7717 7 3867 94 4042 31 5415 27 1965 71 6925 32 6522 27 8251 93
7718 6 4822 36 9329 57 2780 32 9584 44 9321 26 8425 54
7719 5 3290 40 8611 38 5816 5 2995 41 3216 38
7720 6 708 5 7780 53 6925 47 5023 15 4956 55 6594 77
7721 4 2183 36 9945 20 4229 89 816 6
7722 5 1016 99 6170 52 4649 41 9406 10 7353 41
7723 1 7511 80
7724 4 1822 19 6679 55 231 51 5727 35
7725 5 5852 92 5290 2 9976 23 1143 52 5070 47
7726 3 2327 30 62 9 4316 52
7727 2 2614 55 1535 97
7728 4 6299 55 121 17 3164 71 1985 14
7729 5 7691 11 9514 35 822 6 6919 93 6824 75
7730 3 42 20 9525 44 96 52
7731 5 4351 39 8514 49 5496 60 9214 26 9806 78
7732 2 1043 60 1566 43
7733 7 5121 46 8319 49 8663 6 9370 57 8649 38 7650 62 7830 91
7734 4 1819 77 2717 26 2375 99 4751 36
7735 3 5951 54 7786 24 8830 79
7736 3 7167 58 3178 22 1991 94
7737 4 4338 64 8071 84 5695 21 2844 25
7738 4 3792 90 5560 74 9685 58 5748 8
7739 4 2155 16 2 66 5316 38 4129 72
7740 4 64 32 2320 9 5574 47 3075 26
7741 3 3652 66 4049 44 6568 66
7742 6 3170 71 4878 100 4930 18 7861 37 8545 44 391 66
7743 6 1196 13 8036 88 2158 94 6445 100 9856 22 9340 29
7744 6 7049 45 4641 7 5035 15 6530 76 4213 91 2481 6
7745 5 5806 96 4156 85 4088 15 667 35 2576 43
7746 3 7588 59 1591 95 7856 93
7747 3 2144 88 5396 67 1331 80
7748 3 3263 87 8829 35 1213 90
7749 5 3607 18 2434 86 436 94 1710 36 6963 39
7750 2 6317 9 837 60
7751 6 3061 96 8516 100 8585 64 364 58 5144 35 8257 23
7752 3 5386 80 8601 100 9696 54
7753 6 7291 68 1096 77 8803 53 5827 44 2292 79 5264 33
7754 5 5270 33 5703 14 1631 25 5331 43 792 13
7755 6 612 86 4191 81 9343 10 3949 51 5980 83 2070 25
7756 4 1653 82 9342 48 9901 13 3938 55
7757 3 6353 57 8034 15 2596 41
7758 4 7590 66 9790 12 5989 80 2630 83
7759 5 3675 11 2876 65 2319 25 4061 20 6808 91
7760 5 2277 76 5952 21 65 19 6395 43 5677 40
7761 9 6348 92 8389 39 248 92 7602 64 5717 57 6463 67 4656 32 4113 34 6290 71
7762 1 5003 76
7763 5 3282 93 5319 64 6988 93 3154 84 7126 69
7764 4 1073 20 8202 73 9275 52 5243 33
7765 5 6317 42 6908 19 9313 48 9579 65 7809 6
7766 2 987 62 3520 59
7767 2 3610 99 453 17
7768 1 5615 80
7769 4 232 17 4495 63 4579 62 5305 8
7770 3 6705 69 6488 13 2042 46
7771 5 6442 72 2453 76 1198 42 7959 29 7272 95
7772 5 265 46 4489 93 8281 66 273 60 8286 21
7773 4 4314 55 8575 89 7934 73 3055 75
7774 4 3182 57 9647 81 6770 88 5388 29
7775 6 3001 42 2447 19 7887 26 9307 37 2686 50 2209 98
7776 2 2586 26 7318 83
7777 7 5297 49 8329 89 4234 36 5307 44 3432 75 4648 51 6335 39
7778 4 3553 93 2037 27 5048 47 3117 50
7779 3 6700 63 7359 69 9518 83
7780 6 7720 53 290 98 5996 68 8701 41 608 38 8912 27
7781 2 164 55 9254 23
7782 5 3870 49 7594 48 5096 66 6318 91 4564 39
7783 4 534 64 5714 100 5551 69 4756 39
7784 2 2449 42 4649 97
7785 6 6556 57 6702 75 3001 91 3512 58 6983 35 5089 100
7786 5 7735 24 8184 92 8287 30 8455 60 4078 4
7787 1 5383 99
7788 3 2447 55 8853 90 5326 23
7789 5 6928 13 9431 57 9521 54 3974 83 3367 84
7790 2 7234 76 8019 7
7791 6 3479 77 9499 56 768 54 9987 96 4766 9 4242 44
7792 7 5272 62 9289 24 8194 52 8769 97 2854 13 4156 55 8057 33
7793 6 7510 74 7144 31 9766 99 6635 11 1930 46 8007 26
7794 5 4553 5 435 32 2644 90 6267 77 8001 21
7795 3 2815 74 9398 11 6689 84
7796 4 973 8 8797 62 49 7 1275 14
7797 3 6205 38 2824 30 5436 57
7798 3 1228 55 8949 43 9873 55
7799 3 1704 66 1689 56 8775 4
7800 2 971 22 2265 46
7801 4 3826 3 8708 15 7088 74 7305 17
7802 8 5257 82 6283 85 1590 96 8533 67 2542 25 5382 9 3061 39 5895 52
7803 6 7188 34 4589 59 2 60 4549 12 2035 95 3369 60
7804 6 6407 68 9593 23 9680 75 1395 36 3646 74 4038 54
7805 5 2104 3 5824 65 7425 74 3642 65 1660 64
7806 5 6238 43 3635 81 5163 41 2744 39 1861 96
7807 6 5243 86 8404 10 5685 87 7054 19 8485 54 4617 93
7808 3 6076 22 2236 58 2235 63
7809 6 5046 26 2325 23 5329 44 6074 93 2428 70 7765 6
7810 2 6415 39 7551 78
7811 4 3840 58 9024 44 3166 18 8954 65
7812 7 6764 15 9844 18 4590 19 6862 83 489 69 8906 96 3500 31
7813 5 85 54 7711 16 6472 6 2265 40 810 95
7814 9 6442 19 8238 69 7678 27 3460 9 4725 48 7827 4 4475 56 6863 3 9173 36
7815 7 4485 48 9610 72 7904 82 7387 7 1719 35 813 9 4416 71
7816 3 694 58 3372 7 2635 45
7817 5 5871 3 7277 83 7104 53 4393 44 4833 7
7818 6 1653 63 9037 44 5582 89 5207 77 5781 99 9114 58
7819 4 407 82 7139 35 5346 37 2228 34
7820 3 494 95 5655 65 5944 24
7821 2 4371 83 3781 93
7822 5 6723 74 5689 42 1757 76 2970 9 9873 27
7823 5 7534 64 9172 39 1124 24 6699 51 4998 100
7824 4 3355 98 6398 65 1914 13 4478 18
7825 4 7312 23 4363 11 8572 7 3680 51
7826 5 7454 2 9532 60 1550 12 8417 100 3745 47
7827 4 2806 5 8691 19 6275 74 7814 4
7828 3 3377 40 8820 23 6521 44
7829 5 2697 67 2682 20 139 18 5550 61 913 32
7830 7 4910 70 346 76 7733 91 1189 20 4045 87 3357 67 5959 8
7831 7 5714 54 8440 6 4152 94 7919 81 3065 93 3533 67 7949 21
7832 2 2205 94 9258 27
7833 5 7282 2 8136 18 9788 72 8816 70 5456 77
7834 5 1934 61 6007 37 5798 61 5924 40 5816 29
7835 6 5693 89 1512 29 5959 90 5487 5 9872 23 1003 34
7836 3 2375 72 8142 48 137 72
7837 5 3454 87 8872 57 6422 59 8557 16 2248 63
7838 2 538 89 3439 86
7839 5 1392 90 8870 67 8913 94 9131 91 7570 43
7840 5 2161 18 9962 54 5818 10 8182 67 2118 8
7841 4 6073 11 7208 10 9002 88 8085 64
7842 5 7093 17 120 13 3372 54 2148 58 2700 65
7843 2 7348 82 9434 56
7844 4 6777 84 8654 19 1 36 8723 31
7845 5 4424 99 7925 46 2166 33 1601 68 885 82
7846 7 5877 73 9420 76 3802 34 2529 78 3341 40 6167 100 3068 32
7847 6 2191 7 9046 48 1383 28 1153 92 5423 1 4017 93
7848 5 4820 36 6654 59 3985 34 3636 26 1276 58
7849 3 6255 74 1791 11 5305 6
7850 3 6164 83 8396 67 4872 47
7851 4 1333 76 5659 24 1886 4 9403 77
7852 6 1713 9 9973 34 1906 67 9859 94 7860 4 5741 2
7853 5 1168 16 6523 92 901 39 4432 52 311 64
7854 3 1817 23 1167 56 3538 100
7855 5 2907 8 1682 34 5795 13 9419 31 4968 91
7856 4 5617 96 5300 46 7746 93 9992 6
7857 5 5484 9 5196 60 5607 79 2778 39 1681 49
7858 3 1328 76 9370 39 8437 36
7859 3 155 62 861 77 6120 55
7860 4 1902 21 9372 70 2626 47 7852 4
7861 5 7023 2 8412 44 7742 37 6556 9 1816 64
7862 6 2970 23 7952 90 2894 41 9127 71 6692 26 9452 19
7863 4 5316 42 8625 50 8309 91 2177 2
7864 6 6481 12 8122 41 7050 31 9613 97 9469 59 9769 48
7865 3 2280 28 4955 31 4533 10
7866 3 5220 46 6734 19 7310 75
7867 5 5938 67 4681 79 8082 68 9050 15 84 82
7868 4 1844 96 6275 70 6090 99 4441 77
7869 3 4198 53 1225 25 3751 54
7870 5 4847 91 9876 27 1505 78 3512 11 4328 87
7871 1 2927 5
7872 5 1449 26 1703 46 1170 70 1911 37 5014 41
7873 6 4136 26 2364 49 4135 61 8515 6 9218 94 8336 23
7874 3 4553 68 6998 100 9640 53
7875 4 5479 92 232 55 5996 93 8373 44
7876 6 6990 84 8427 44 5498 72 4082 62 2845 74 8248 64
7877 3 2596 76 8133 70 7595 74
7878 5 4566 46 9480 36 585 13 2498 20 343 33
7879 6 4597 3 6237 22 512 75 7366 47 4415 59 3783 17
7880 7 6303 6 9415 20 4206 29 6074 73 8808 68 3843 76 1658 94
7881 6 5450 1 9377 21 168 75 1434 87 2041 62 725 78
7882 1 6467 58
7883 3 4784 10 1002 42 67 99
7884 3 3983 58 9188 46 9770 74
7885 5 3007 17 8325 44 8305 2 6766 42 3052 9
7886 3 4167 80 166 5 3314 52
7887 4 5624 94 7775 26 2663 54 8401 80
7888 6 3540 15 215 36 3231 76 5848 72 1252 23 2829 31
7889 9 717 92 9374 34 4204 77 8678 16 8064 26 1874 55 7410 15 6744 85 1640 72
7890 2 313 10 4769 48
7891 3 2975 12 2661 37 2272 1
7892 4 4182 79 5271 80 983 24 2338 16
7893 7 6654 25 1522 33 4350 98 8447 53 225 16 8757 46 1588 78
7894 2 2862 10 7406 73
7895 6 1414 97 9059 75 7555 32 2954 20 9227 3 8809 22
7896 5 2267 6 4302 41 3320 75 6408 34 2787 59
7897 4 808 5 8149 3 6619 44 7908 4
7898 4 2431 93 4279 3 2470 15 1324 3
7899 4 4753 86 226 5 1609 59 3242 89
7900 5 3461 22 1919 57 665 21 5124 40 9360 62
7901 2 5023 74 8435 65
7902 7 905 6 3847 66 7286 57 6422 52 150 79 1141 89 9922 67
7903 8 3234 32 7918 66 7565 43 3427 10 2906 67 6579 17 8456 94 24 37
7904 5 593 51 7815 82 3730 26 8161 68 1333 7
7905 2 5338 39 1621 65
7906 2 3785 56 7248 49
7907 2 1090 28 4036 78
7908 4 4959 81 9748 1 7897 4 4144 72
7909 4 3822 94 8613 34 516 95 7436 90
7910 5 5517 85 9520 20 1563 50 1734 70 8270 92
7911 3 3284 20 8183 42 3821 53
7912 3 5154 96 3943 94 8339 94
7913 6 6225 23 1396 65 9603 5 449 36 8009 51 3865 67
7914 3 6825 100 2557 18 7552 51
7915 2 4706 50 3836 43
7916 4 3671 80 1453 7 4794 7 7152 26
7917 3 6329 31 8275 70 2702 87
7918 6 7903 66 8091 13 9037 14 4853 5 351 76 4572 35
7919 4 5120 75 8466 31 3475 54 7831 81
7920 2 5396 81 8375 2
7921 5 3246 73 8357 74 2972 7 3112 19 1535 27
7922 6 140 18 9202 85 9905 59 6071 24 8696 66 1809 87
7923 4 1328 23 8340 5 3254 82 2975 64
7924 2 6678 83 9880 14
7925 5 7845 46 8910 69 3263 33 1772 35 5358 1
7926 3 3733 46 4388 18 4820 75
7927 3 293 46 8872 15 1175 11
7928 2 1976 56 84 23
7929 3 750 56 2570 69 1492 1
7930 3 834 53 2113 39 3333 64
7931 2 7239 46 4789 40
7932 5 131 34 2746 85 3271 38 201 24 7085 84
7933 4 349 77 2480 60 7676 19 4481 66
7934 5 6468 69 7773 73 9173 38 9993 28 1728 4
7935 1 4701 49
7936 4 6021 6 8540 100 5666 93 4839 28
7937 6 7278 44 9291 34 1065 66 886 63 5153 80 6124 7
7938 4 6817 47 9884 16 4465 80 1356 2
7939 3 981 77 8167 2 5690 93
7940 5 4907 9 8655 73 2099 64 8930 87 6611 16
7941 4 4766 39 4461 82 8526 15 9257 50
7942 2 5565 4 3863 85
7943 4 2057 13 8923 84 4482 71 452 91
7944 6 4162 80 5990 57 8824 47 8770 74 4262 75 4624 96
7945 1 4153 28
7946 4 5395 3 8459 19 9749 48 380 8
7947 3 3300 68 6178 9 1186 91
7948 3 3143 96 6795 11 2371 40
7949 5 4715 75 5178 51 171 32 9003 75 7831 21
7950 4 155 82 7128 60 2848 88 5272 1
7951 9 5897 91 8735 87 2190 5 9849 13 8983 1 6041 71 7035 23 8799 34 6258 66
7952 4 7862 90 3574 100 6996 69 3491 12
7953 3 5883 98 374 72 2487 36
7954 3 1742 49 649 49 9011 37
7955 3 3198 12 8989 4 1464 61
7956 3 842 89 3879 59 3277 74
7957 3 3267 34 5945 50 2611 75
7958 5 5472 45 8576 22 8441 98 4128 59 4955 73
7959 5 4002 71 5190 25 7771 29 2444 65 3544 45
7960 3 5013 33 6038 11 8179 81
7961 5 5714 46 8808 97 2357 94 6085 45 9900 20
7962 1 6533 74
7963 3 1843 55 5799 52 2631 55
7964 5 3416 84 8792 85 2263 89 2237 95 1692 39
7965 7 5068 7 6915 20 5652 52 633 44 972 6 4292 13 9602 41
7966 3 8 14 280 79 2153 100
7967 7 5775 67 8522 16 9730 21 1383 70 8049 4 4659 91 2956 49
7968 6 1479 72 5054 59 6068 5 6258 61 4456 94 7281 48
7969 5 5935 78 7686 68 1640 1 5730 98 241 10
7970 3 1054 52 8380 23 736 81
7971 2 7335 23 1889 62
7972 3 190 87 396 3 3354 49
7973 2 2236 10 3950 51
7974 5 6056 25 6952 34 1842 49 408 89 6306 59
7975 4 407 6 973 1 184 67 3224 75
7976 2 6312 28 5421 69
7977 4 3907 20 8549 10 6344 75 3905 72
7978 6 3578 67 6434 64 2197 30 4931 10 1487 77 5882 22
7979 6 6293 55 8335 46 8153 19 9972 36 5905 1 1799 89
7980 6 421 65 9849 32 9944 27 8681 63 3874 27 3024 42
7981 4 1812 92 287 71 3249 4 2390 48
7982 4 649 59 1992 66 3097 92 2072 23
7983 2 2757 81 8983 94
7984 2 7007 59 5147 30
7985 5 753 46 9563 91 5154 81 5494 85 2493 88
7986 3 6662 44 5520 92 3719 51
7987 9 6255 69 8744 43 3236 42 376 19 5817 22 8313 92 6173 37 1224 26 1624 77
7988 5 6668 74 5947 19 3080 40 1394 4 6517 4
7989 4 4193 61 441 40 2303 25 5866 82
7990 3 6700 59 5839 47 3331 74
7991 4 4714 22 7136 38 4850 17 3425 2
7992 4 5520 53 1974 72 9165 69 9942 78
7993 5 4210 16 2797 82 2535 31 7295 32 8025 12
7994 4 3877 88 9929 60 981 96 8619 19
7995 4 2017 20 4892 99 1037 4 5067 27
7996 4 5281 71 1379 29 6855 35 6783 40
7997 3 566 81 9319 53 3498 40
7998 5 2500 41 8681 70 1526 32 6184 93 1135 68
7999 3 1286 59 8583 78 1335 59
8000 5 7180 54 9760 60 9069 18 8281 63 1945 89
8001 6 570 19 8582 57 6746 18 4355 58 5661 61 7794 21
8002 2 4380 61 3863 57
8003 4 134 78 6059 62 7098 35 4871 41
8004 2 4430 71 4079 18
8005 6 6650 2 1489 8 3080 26 182 59 1892 9 625 89
8006 4 6224 41 4882 84 5284 43 5580 1
8007 5 6294 84 9181 85 819 73 5558 20 7793 26
8008 4 2072 68 365 3 267 90 2417 49
8009 6 3343 85 5808 27 8733 79 6998 8 7913 51 1401 53
8010 2 2758 25 7466 6
8011 8 1667 14 8106 88 2479 8 4323 28 3346 32 1448 96 3902 35 9495 12
8012 6 7660 87 5842 94 9813 45 1351 60 3796 30 1110 68
8013 5 3927 65 8317 11 4548 19 5599 40 4099 11
8014 4 5644 62 9815 54 5943 78 8931 46
8015 9 7436 9 9956 56 7655 15 7289 69 2293 52 4624 68 7037 42 5371 66 4473 68
8016 4 1974 18 9139 66 3244 11 4221 19
8017 2 7549 29 9187 45
8018 3 1864 7 9030 17 6585 85
8019 5 7790 7 3226 99 4387 53 5238 4 6523 74
8020 6 5259 68 9309 40 8305 72 5053 39 8145 93 8281 44
8021 4 2119 22 5589 79 9822 71 6826 82
8022 4 1295 24 8861 80 2418 99 2333 88
8023 1 2576 96
8024 10 4968 62 1643 28 7353 64 892 65 6113 92 3385 83 8612 39 4130 40 1405 69 4896 91
8025 3 5468 13 3570 58 7993 12
8026 3 6884 95 4547 53 4835 13
8027 2 4699 51 2830 40
8028 7 6216 53 3353 55 8658 7 4152 59 2789 19 1951 93 2668 41
8029 3 3269 10 1171 27 4490 90
8030 2 4474 42 6491 88
8031 6 2897 13 9079 87 4443 48 2330 71 7340 30 3151 6
8032 4 6736 3 9960 17 9994 68 372 94
8033 3 2125 35 3019 66 4250 72
8034 3 7757 15 8713 72 3195 38
8035 3 3556 21 4389 61 5051 14
8036 1 7743 88
8037 4 1642 53 8104 5 4369 70 7023 57
8038 3 2533 65 6395 68 4991 78
8039 3 6359 72 333 42 8318 44
8040 4 7633 50 3639 36 5623 40 9579 23
8041 4 5692 45 894 63 1696 94 2242 68
8042 5 7240 55 6631 24 6550 39 9705 49 2046 66
8043 6 2049 95 9824 95 6393 28 2023 98 5611 49 988 14
8044 4 1986 63 4644 28 98 73 5881 88
8045 4 1694 41 9332 83 8774 38 1799 37
8046 3 4325 67 147 11 6794 5
8047 1 5257 30
8048 2 6992 37 2421 25
8049 6 6271 76 7967 4 6057 91 9313 88 9494 61 2089 90
8050 5 5129 62 9019 94 7538 45 1005 74 216 89
8051 4 7018 31 7374 76 1616 31 9268 40
8052 3 6655 17 8178 33 3542 44
8053 4 7491 64 9372 5 3565 35 3549 100
8054 3 4141 4 8992 28 2007 4
8055 2 2390 19 5792 60
8056 2 2391 82 1252 86
8057 5 5279 46 6351 54 2700 25 7792 33 4073 88
8058 5 6368 95 1515 64 7241 96 4818 59 3873 83
8059 4 2610 84 2328 4 128 98 5417 99
8060 3 3268 42 1391 39 1108 32
8061 2 7158 89 8972 65
8062 3 7373 86 5895 60 789 67
8063 4 2862 12 9490 40 2587 17 6534 44
8064 5 3765 53 7889 26 3360 55 4283 69 1953 86
8065 3 2933 58 2875 5 446 93
8066 5 3246 11 4102 3 8869 34 8428 54 156 2
8067 2 4527 41 9348 2
8068 6 3497 48 9734 89 9911 45 6266 96 5660 5 730 82
8069 3 5870 74 8281 55 1807 34
8070 4 5717 23 2662 100 2020 54 3107 80
8071 10 7737 84 8564 94 8957 37 9722 71 7414 13 774 30 9293 27 9255 53 8892 44 2336 100
8072 2 1394 64 8309 55
8073 2 2014 6 185 96
8074 3 2998 11 4865 89 5858 81
8075 6 6418 89 8088 80 9307 93 6046 29 6949 80 831 13
8076 3 2384 52 1939 16 5487 48
8077 4 5768 56 1922 3 8927 73 3221 60
8078 3 7268 98 8309 72 3602 43
8079 4 2262 91 3082 20 1788 88 9756 67
8080 4 2858 38 8536 20 6974 100 2505 76
8081 5 6196 43 8330 67 9338 51 2520 79 6433 98
8082 5 6110 49 9456 55 7867 68 348 29 3588 38
8083 2 6091 78 3673 67
8084 5 3707 57 2301 12 2967 65 991 20 7469 8
8085 3 6666 48 6106 18 7841 64
8086 4 197 53 9413 50 9768 74 8607 61
8087 5 5018 56 995 97 5090 67 1565 58 3331 24
8088 6 1490 44 8075 80 4540 8 7342 20 4308 8 4747 99
8089 4 6980 97 383 37 1251 82 7640 48
8090 2 5944 54 627 29
8091 4 7918 13 540 76 3405 31 7476 10
8092 5 1979 58 9942 24 6705 75 3293 68 8302 56
8093 2 7103 47 1124 54
8094 10 7611 94 8852 85 9286 31 1836 96 580 53 9339 35 7185 38 4492 78 1226 28 6167 11
8095 2 5191 40 9432 4
8096 3 4166 28 699 72 1215 45
8097 2 436 20 584 33
8098 2 5634 47 3785 36
8099 7 5138 4 3674 95 3525 26 3039 77 9340 22 9684 63 3506 23
8100 3 6178 81 8258 84 7359 48
8101 5 2873 85 218 40 4492 3 1228 58 5369 45
8102 8 6504 11 982 14 3933 80 6095 38 5406 36 8124 64 3936 21 4292 16
8103 6 7416 16 2836 53 9283 58 8392 24 6241 11 4886 31
8104 3 6228 15 8037 5 9845 12
8105 4 4718 78 4494 46 7300 44 459 90
8106 3 8011 88 7106 52 5163 16
8107 1 194 100
8108 4 3775 73 3306 83 4476 96 7472 87
8109 6 3052 13 2429 55 1446 68 6500 29 3150 17 2147 4
8110 7 3248 64 8397 24 4380 44 5896 65 5663 19 6592 64 8183 79
8111 1 2265 1
8112 3 6587 16 9319 2 2092 88
8113 4 3075 36 4184 57 4599 57 1815 4
8114 3 499 74 4205 75 3678 25
8115 5 2598 39 8838 15 2971 18 1086 48 3444 18
8116 3 371 80 9422 97 3565 95
8117 4 5538 87 6272 55 3062 99 2863 89
8118 8 106 93 9314 44 5797 86 8377 71 9284 23 7213 34 7160 8 3450 79
8119 6 2626 2 8436 64 1240 80 3815 98 4143 5 6419 99
8120 4 6036 90 8424 43 78 76 8919 49
8121 3 5282 5 4975 68 6630 1
8122 6 5815 49 7864 41 8255 39 8828 22 8582 84 5597 68
8123 5 4343 35 2318 5 666 34 8520 85 7383 33
8124 7 1898 64 2141 56 9088 64 8579 74 6210 58 5719 64 8102 64
8125 5 690 42 1274 46 3095 88 9551 49 6628 65
8126 7 6612 38 9535 18 5635 13 7546 58 2943 90 2796 61 1833 30
8127 3 7696 10 5355 20 4730 11
8128 5 1083 71 6162 2 7158 57 50 87 7484 43
8129 4 6223 15 9822 41 5186 15 9846 46
8130 2 3704 63 9642 49
8131 5 4779 19 8783 87 7072 11 8474 45 6874 84
8132 4 374 31 8644 77 8980 83 6381 69
8133 5 7877 70 8515 19 5416 5 932 34 9479 9
8134 4 3982 83 1698 69 7567 5 753 76
8135 1 5699 39
8136 4 7833 18 8892 66 7574 85 4655 57
8137 2 5983 44 9463 25
8138 5 6529 79 8482 48 9299 52 5450 67 1787 5
8139 2 297 86 2130 96
8140 3 5717 71 6281 82 2131 44
8141 3 4713 11 6582 23 3782 93
8142 5 129 87 8268 28 4405 94 7257 88 7836 48
8143 6 2679 67 8717 39 2000 94 1594 43 1445 13 2437 1
8144 8 4490 35 667 51 1752 74 2285 36 2538 98 1922 93 8822 9 7202 5
8145 2 3220 90 8020 93
8146 5 2641 40 6920 16 4873 44 5113 20 8870 23
8147 6 2271 20 3009 71 9831 34 2461 5 9570 47 5476 40
8148 6 6771 86 2859 41 3639 97 4445 81 3229 36 5970 17
8149 2 7401 40 7897 3
8150 2 1449 73 7632 48
8151 2 4347 6 5427 29
8152 5 6115 92 5269 13 1198 96 1073 19 5676 91
8153 3 7163 51 7979 19 3939 44
8154 3 6086 71 6231 29 2180 64
8155 5 2270 63 8565 21 732 56 9751 8 3249 25
8156 5 3080 77 5101 100 6191 22 6529 32 9866 42
8157 3 6089 50 9585 67 3631 54
8158 2 5363 79 5489 99
8159 4 2004 26 4700 29 4100 83 4544 56
8160 3 362 8 216 41 1564 10
8161 3 2208 71 7904 68 1130 59
8162 2 7309 43 9267 18
8163 4 2216 29 5989 52 1581 7 2402 76
8164 1 2224 4
8165 3 1487 13 3608 30 8473 49
8166 5 5587 15 4969 84 6602 94 3865 75 1697 74
8167 5 5004 78 1778 68 7939 2 2480 92 6489 24
8168 3 2517 86 9061 22 3144 60
8169 3 4237 78 1783 32 2280 48
8170 2 4784 63 650 90
8171 3 7048 12 8892 40 1934 37
8172 4 394 53 5235 29 5186 42 298 84
8173 6 3107 63 848 97 1823 72 216 68 351 38 5048 14
8174 5 4067 29 8358 37 5507 91 9108 9 552 53
8175 5 6423 49 3036 89 8553 5 5772 28 2342 81
8176 7 3682 82 2144 55 4720 96 1547 42 8880 99 306 29 3646 84
8177 1 2015 74
8178 7 1476 44 8567 18 8052 33 4908 50 7245 31 6519 12 7291 18
8179 8 5473 70 9078 51 4357 97 2055 52 7213 29 3224 15 7960 81 2602 33
8180 4 5677 10 5510 9 8366 82 866 87
8181 2 5084 19 1179 71
8182 3 1019 21 7840 67 6273 31
8183 6 2790 26 7911 42 8983 78 3313 68 5296 14 8110 79
8184 6 7786 92 8925 84 7273 41 6298 88 853 95 6427 40
8185 8 5222 54 9885 65 8224 17 5629 77 1578 92 7307 13 6708 74 9167 35
8186 4 4429 31 1901 48 620 58 6687 80
8187 7 3910 87 3736 38 8624 14 9085 14 5323 47 5354 53 5469 54
8188 4 7356 72 5012 7 7190 16 6617 10
8189 5 1233 52 9316 35 9040 39 1236 39 8958 42
8190 3 5190 68 3854 67 7131 31
8191 4 2566 4 2898 99 501 4 3607 91
8192 6 3991 73 5518 2 4114 3 6089 76 2372 91 3637 48
8193 3 6148 4 6711 95 1401 38
8194 7 1992 99 9663 81 7792 52 9086 26 5500 53 4761 82 2687 33
8195 4 3470 42 6466 98 6322 96 3077 60
8196 8 1402 94 7657 15 9153 92 3863 96 2060 49 6481 2 155 64 1546 56
8197 2 582 43 3543 75
8198 7 7285 2 9068 10 8374 86 2845 90 6895 2 838 14 3493 51
8199 4 6346 45 2313 75 5766 55 1455 15
8200 4 7651 65 163 64 4349 86 505 45
8201 3 7449 11 2195 44 4485 67
8202 6 7764 73 1536 87 1153 25 5760 32 771 31 3728 53
8203 3 336 73 9873 57 7480 45
8204 3 2726 100 9711 66 128 78
8205 2 826 57 2305 53
8206 4 1591 47 1858 26 5486 3 137 95
8207 4 1223 29 3497 97 6900 27 5035 56
8208 7 4891 56 8657 88 9556 59 6726 39 9147 25 1169 30 9471 8
8209 3 5196 5 5380 31 7665 57
8210 4 187 30 9601 29 7104 47 781 57
8211 7 3298 76 3283 56 3577 13 1627 92 6751 13 2527 12 2862 14
8212 4 5255 5 6218 50 4037 91 5361 42
8213 3 6515 5 1856 25 4686 22
8214 6 3887 8 9563 31 2022 92 1758 90 1746 48 6705 64
8215 2 4775 32 8527 31
8216 5 6688 45 5783 36 3981 16 2157 92 1868 93
8217 4 2277 91 958 23 2265 69 5190 83
8218 3 39 1 9858 98 6921 14
8219 5 3457 4 3171 50 9527 18 2672 52 9977 65
8220 6 1864 92 8347 75 7138 59 5806 94 8230 45 248 16
8221 6 5008 30 3106 22 3776 79 9881 83 1339 9 3362 65
8222 7 2094 55 3559 95 3721 66 5214 50 5916 42 9333 78 5884 55
8223 3 987 66 4808 68 501 18
8224 8 4753 9 9615 88 8641 38 9626 69 6606 14 8185 17 8244 26 9674 53
8225 3 4749 85 8321 93 9964 6
8226 4 2093 18 6390 66 6342 58 9989 78
8227 5 1849 67 8886 14 5960 9 5333 73 1468 74
8228 5 5516 64 9401 75 5029 5 3839 62 2422 69
8229 3 7117 38 2913 54 7289 63
8230 6 6249 22 5799 7 4353 10 8220 45 168 33 7104 45
8231 1 5414 49
8232 2 7045 34 9481 34
8233 2 1251 61 7014 99
8234 4 2393 36 2164 36 3841 76 5098 73
8235 4 2033 48 2213 25 6358 37 3576 75
8236 5 6330 3 4205 53 8599 79 9732 82 7667 90
8237 8 644 23 1930 81 1883 61 3817 32 1503 74 4187 91 8500 76 2472 31
8238 6 1213 27 9665 58 7814 69 5272 57 943 17 9343 100
8239 6 5440 42 6485 87 9609 42 4031 37 26 52 8530 77
8240 4 1003 95 1953 36 4976 100 3630 65
8241 3 3897 45 2312 35 4560 93
8242 2 1308 50 9352 64
8243 1 600 1
8244 6 5453 78 4035 10 5395 27 8888 54 8224 26 923 83
8245 3 2814 43 9981 30 6395 51
8246 3 2508 34 1059 49 2613 49
8247 6 1881 58 8275 67 6189 61 6553 9 4230 87 4441 61
8248 3 6028 69 4734 12 7876 64
8249 2 3183 23 1662 79
8250 5 2417 24 4936 55 725 18 4676 43 3339 65
8251 3 5127 66 3696 9 7717 93
8252 6 54 84 9043 27 509 99 5168 9 9692 34 5067 3
8253 4 5875 59 3402 3 9351 86 8471 48
8254 4 1307 54 8616 29 5720 32 1046 19
8255 5 5664 85 8122 39 7470 91 9747 69 3912 52
8256 4 4124 10 4914 99 798 82 455 91
8257 3 3571 3 8430 9 7751 23
8258 11 8100 84 8789 37 3964 22 2497 96 104 77 2696 50 3181 79 1813 68 3274 30 5317 36 4324 54
8259 3 450 39 1860 86 810 9
8260 5 273 56 8444 5 1338 44 6561 69 3577 43
8261 2 2483 58 1144 57
8262 4 7179 97 534 17 8845 80 3848 43
8263 3 6963 66 7192 3 1840 40
8264 3 1737 90 4267 74 5683 45
8265 5 718 64 3775 87 743 36 6252 2 1007 8
8266 4 5852 58 8441 32 1908 66 887 38
8267 5 5193 13 9939 50 9858 54 9374 12 4021 50
8268 4 8142 28 9205 22 9279 72 9541 83
8269 5 948 79 4437 96 5764 50 5584 72 9812 71
8270 5 1087 19 7910 92 5876 2 3248 33 6139 95
8271 5 1658 98 2044 47 6320 13 7538 49 5887 44
8272 6 4456 97 1071 22 3998 50 8290 96 8844 63 2543 74
8273 2 3011 62 2827 77
8274 5 2885 11 8583 74 3293 77 6075 30 1699 30
8275 4 8247 67 5019 26 7917 70 6781 30
8276 3 5242 52 8908 10 2544 11
8277 5 5641 4 9907 29 4147 42 3522 29 5216 75
8278 6 7584 35 5701 31 1094 30 6279 78 3247 54 5899 28
8279 4 3822 62 5851 31 1252 70 4704 70
8280 4 3967 87 3578 73 4732 41 5125 90
8281 8 8069 55 7772 66 138 28 5654 31 8000 63 638 20 8383 39 8020 44
8282 2 5603 77 2681 95
8283 3 5672 45 1501 13 1347 70
8284 5 3836 76 3971 33 1226 76 3273 77 6423 19
8285 5 1347 72 6772 58 2962 39 7699 98 9260 15
8286 6 4677 36 3724 5 1336 93 5180 84 5654 8 7772 21
8287 4 7786 30 9268 15 7657 41 422 59
8288 5 700 10 9756 4 7211 67 2736 10 8652 87
8289 4 5096 89 7047 72 824 79 6039 57
8290 4 6670 25 8954 80 9512 28 8272 96
8291 3 1194 34 2148 89 6406 3
8292 5 1600 1 8944 89 2529 7 5005 27 9506 67
8293 2 6333 26 4885 84
8294 4 3882 98 7084 61 970 77 2792 4
8295 5 7167 9 9173 58 2228 5 2024 68 5763 6
8296 4 2390 19 4010 94 254 58 2550 24
8297 5 3687 38 6092 26 5109 52 2317 31 4955 87
8298 5 1617 63 5093 31 5305 74 2085 99 533 21
8299 4 2331 72 7197 16 4754 51 8495 43
8300 2 2542 24 2322 7
8301 2 6876 23 8418 59
8302 6 45 88 9468 6 358 68 9653 75 8092 56 959 13
8303 6 6614 52 1229 87 6206 2 6713 66 3312 67 2707 47
8304 5 6547 34 5053 22 2854 13 9896 17 4763 52
8305 4 4408 68 3517 54 8020 72 7885 2
8306 5 3754 16 4322 56 7655 7 9266 85 698 19
8307 6 5666 56 7582 23 2707 78 9019 53 5537 56 558 28
8308 6 2159 42 8430 47 296 64 184 48 5755 2 7650 8
8309 6 919 91 8078 72 8072 55 7863 91 872 41 3742 64
8310 4 7332 11 723 18 3723 41 2682 71
8311 5 6723 21 4417 82 6092 56 1934 81 3229 17
8312 2 5687 61 3880 35
8313 7 4360 23 8526 5 9922 65 6 52 81 80 9126 60 7987 92
8314 4 3882 79 6841 95 819 95 3714 42
8315 2 1765 39 4972 25
8316 5 2952 37 3879 58 6978 20 9788 42 6335 70
8317 9 3286 90 5443 31 3311 20 7315 91 8013 11 9112 53 1500 93 7459 64 6989 84
8318 5 6533 73 9966 45 8039 44 4500 64 3706 26
8319 3 7733 49 1431 75 8930 75
8320 2 7126 47 5 12
8321 7 8225 93 5070 17 442 78 8700 25 2634 13 8967 16 2106 68
8322 4 5885 47 1114 53 5983 49 3691 26
8323 5 5075 46 2890 99 9337 52 1697 9 5358 90
8324 3 4461 68 4549 45 4064 85
8325 3 845 57 7885 44 3815 83
8326 3 672 4 5526 90 6869 7
8327 2 4949 65 4372 89
8328 3 1953 83 2241 3 8936 76
8329 4 7777 89 6594 73 9910 78 9996 10
8330 5 8081 67 3517 82 4965 47 5447 82 3094 26
8331 2 1114 2 4980 74
8332 2 6088 57 2737 61
8333 2 1753 87 8958 88
8334 4 3238 80 7415 98 415 21 3066 82
8335 3 7979 46 4187 89 8927 18
8336 3 6820 41 3594 26 7873 23
8337 5 6336 80 9651 22 5027 65 6836 2 1891 87
8338 3 3917 57 8921 16 2864 11
8339 4 571 42 1553 26 7912 94 4045 50
8340 3 7923 5 8893 42 9061 81
8341 8 3852 72 8629 32 9277 74 9872 62 1683 29 1349 83 4150 23 2362 81
8342 5 6880 34 984 60 6997 20 2469 6 7124 1
8343 3 5695 78 4233 94 4025 20
8344 2 7096 54 3040 36
8345 5 6827 45 867 26 5632 77 4741 62 5385 83
8346 5 5962 84 8908 15 5597 62 5678 32 5827 42
8347 3 8220 75 4730 94 6080 6
8348 3 6068 63 5782 37 8836 65
8349 7 6219 26 9864 69 9869 77 3439 58 7083 94 3522 62 4000 90
8350 4 1856 70 4003 43 7065 6 5164 75
8351 2 4671 86 7312 36
8352 3 4460 9 2320 78 9291 9
8353 6 841 72 689 14 7589 69 9823 67 3227 77 7555 52
8354 8 6012 29 2238 30 2192 33 5827 93 4903 25 6110 76 4336 38 1678 31
8355 4 2517 21 1773 25 1552 26 5795 66
8356 3 5551 21 9089 11 2488 19
8357 2 7921 74 9175 30
8358 3 8174 37 5880 91 4555 25
8359 1 5766 61
8360 4 4434 40 760 4 6246 59 1391 67
8361 1 4765 87
8362 1 7501 18
8363 5 3053 70 2486 94 5457 88 687 86 7591 1
8364 6 2124 82 9852 25 2653 64 8515 28 9869 80 1491 89
8365 3 4051 19 9772 46 938 56
8366 5 7438 51 8687 83 3179 95 8180 82 1507 53
8367 4 3935 94 2147 35 95 100 1957 76
8368 6 3319 15 3046 68 2556 47 794 24 1742 90 8891 81
8369 6 1004 57 4712 97 1817 34 9291 60 1041 26 8413 22
8370 9 5553 1 8945 42 541 62 5355 68 5944 65 4281 92 5303 56 8781 62 1970 56
8371 3 6129 39 3353 51 3930 21
8372 4 5977 80 9432 70 5217 98 32 91
8373 5 3315 57 5436 41 9368 98 2535 94 7875 44
8374 3 5874 65 8198 86 8738 38
8375 3 4349 77 7920 2 4873 17
8376 5 3671 44 1657 68 3079 39 3540 97 356 51
8377 3 3598 4 8118 71 6859 55
8378 3 3999 22 3170 44 9546 65
8379 3 6892 81 9912 32 2662 99
8380 3 565 55 6613 97 7970 23
8381 3 6332 1 2211 74 3870 56
8382 2 6458 39 6729 30
8383 7 980 46 2673 100 2770 87 263 56 6850 2 158 92 8281 39
8384 3 5775 1 9652 55 6630 39
8385 3 5919 86 7086 33 4955 49
8386 7 3182 2 5528 35 1295 96 2587 31 6685 67 3484 65 1702 17
8387 2 103 71 9749 73
8388 3 6673 66 9645 92 7694 50
8389 7 7761 39 7359 66 6839 52 8723 55 1018 38 7615 99 7579 18
8390 4 5482 24 6346 79 1410 88 2410 72
8391 4 7014 75 1486 35 1408 98 5169 46
8392 5 443 20 8103 24 614 90 3177 87 4578 66
8393 2 1894 70 9789 57
8394 4 4769 50 9579 38 4682 97 4095 57
8395 2 862 29 7155 88
8396 6 7850 67 2463 27 8896 8 1256 62 2955 9 5734 99
8397 2 8110 24 7576 93
8398 4 6574 8 7556 72 4308 26 8611 79
8399 2 3531 19 5194 5
8400 6 792 36 5597 57 3983 56 7147 34 4354 72 4552 63
8401 5 6478 43 6520 15 1700 51 7226 6 7887 80
8402 1 5939 65
8403 3 4154 44 4642 83 2289 20
8404 6 2199 6 3807 63 2361 15 5444 55 7807 10 3782 51
8405 3 4153 76 3682 21 4505 50
8406 3 5625 98 1742 97 9784 56
8407 9 5269 39 3853 19 144 4 9476 78 5075 33 4855 54 9433 66 5434 66 4543 18
8408 4 4493 60 6591 95 804 2 9731 2
8409 9 1085 71 9853 54 3109 65 5643 57 3990 11 35 84 2434 85 421 55 6101 81
8410 3 6363 10 9351 64 503 16
8411 8 2173 86 9149 14 197 100 2724 52 7216 7 3265 41 3394 25 5353 28
8412 5 6547 91 4632 17 7861 44 7516 39 9358 75
8413 5 2353 64 7428 13 6802 45 2420 60 8369 22
8414 1 702 28
8415 6 1060 95 332 92 1135 36 4507 3 1376 12 3573 79
8416 4 696 36 9580 77 644 19 924 48
8417 7 1488 58 8782 17 1143 81 7826 100 3242 88 5747 87 852 75
8418 3 2073 21 777 9 8301 59
8419 5 5784 66 3871 4 1184 18 7325 66 7478 83
8420 2 7466 53 5929 92
8421 4 1797 84 256 58 2171 60 6045 31
8422 5 3781 90 4776 21 878 86 6564 98 6143 70
8423 5 4618 70 8435 3 3642 48 8699 92 9534 79
8424 7 2088 96 8120 43 1791 36 5086 76 6171 39 2326 97 895 45
8425 5 1398 100 9729 52 9681 71 7718 54 6687 12
8426 5 3286 7 9062 32 2936 11 9194 100 4569 91
8427 3 7876 44 8857 3 9675 14
8428 6 1530 72 6005 14 1510 80 8066 54 6216 28 667 4
8429 4 2744 40 277 84 6429 85 353 68
8430 4 8308 47 8257 9 9895 9 5426 85
8431 5 2115 85 3597 33 3339 58 62 24 5368 38
8432 4 3602 38 2569 16 3245 19 5650 89
8433 3 5589 33 2553 12 1910 38
8434 6 6044 51 386 7 3637 95 122 29 9970 52 5135 84
8435 5 7901 65 1098 69 8423 3 4059 38 669 31
8436 4 8119 64 8867 23 7298 47 7703 100
8437 6 6004 4 2819 96 5319 84 7858 36 8628 63 2713 89
8438 6 4968 49 8678 33 9402 59 950 46 1668 52 1433 62
8439 4 3464 96 1566 34 372 47 190 48
8440 5 7831 6 7634 34 6762 19 8537 54 3269 88
8441 4 8266 32 7958 98 5826 61 3480 42
8442 3 4899 60 8585 43 6410 76
8443 3 6080 79 225 18 7307 54
8444 3 6949 23 8260 5 2287 3
8445 3 879 16 9837 50 3713 3
8446 5 6652 43 8732 18 9648 84 7291 54 398 11
8447 6 7612 90 9129 100 7487 76 7893 53 5698 81 3698 86
8448 5 2731 100 9987 89 5546 84 6866 41 9316 41
8449 7 1318 31 8651 40 5862 100 2634 70 5898 44 3731 31 1465 8
8450 4 6723 78 9479 96 1565 77 3634 21
8451 2 4829 88 9459 30
8452 5 3387 27 9867 46 5416 28 7361 19 9362 58
8453 1 4192 90
8454 4 5291 72 5308 73 6268 99 987 97
8455 3 7786 60 3629 10 1124 82
8456 8 1546 88 9516 67 3232 7 382 94 7113 88 7903 94 4930 21 8708 18
8457 2 7619 30 9204 42
8458 1 4166 75
8459 5 7946 19 4273 69 3254 88 3496 54 6712 14
8460 1 2236 29
8461 2 1837 28 9366 49
8462 2 6471 97 9377 2
8463 3 6388 42 1849 52 9270 9
8464 4 4505 81 8941 42 373 27 9717 42
8465 3 3388 80 4836 29 1850 50
8466 5 7919 31 2133 62 3690 82 711 77 1498 93
8467 3 2711 95 226 45 9200 32
8468 5 431 61 4078 86 2631 71 116 84 1489 15
8469 2 7554 66 2604 33
8470 3 5804 43 755 6 7438 17
8471 4 7099 67 3113 52 4512 83 8253 48
8472 2 2710 29 6876 49
8473 2 6802 40 8165 49
8474 3 7629 35 9265 69 8131 45
8475 3 7075 56 2387 52 1527 88
8476 2 843 75 6782 46
8477 5 2947 84 4823 72 6417 57 1052 30 908 55
8478 4 811 77 4516 99 5499 50 9964 7
8479 4 6463 58 6648 88 1996 77 5473 82
8480 5 7696 90 3001 89 448 65 3034 22 4884 21
8481 4 3736 40 4199 79 9356 59 732 63
8482 5 8138 48 7203 8 2944 72 5807 86 4608 25
8483 2 4851 34 5797 69
8484 3 933 96 5987 18 2717 42
8485 6 2584 8 3079 42 6223 48 7807 54 9532 53 4204 97
8486 3 4477 99 6235 81 2696 82
8487 2 1702 95 1032 14
8488 6 5796 65 9794 12 4548 24 7471 52 7203 53 4081 45
8489 6 4380 90 9878 54 4216 19 8990 16 9458 1 1539 54
8490 8 3880 74 9036 7 3943 94 9969 94 6077 69 6137 77 3805 54 7687 66
8491 7 6084 66 2349 30 1460 82 4100 40 9534 7 383 90 259 28
8492 7 6558 17 3414 16 2507 29 4217 92 3011 74 5700 90 2622 88
8493 2 2973 62 408 43
8494 5 6199 19 9489 49 2940 95 5806 93 8635 35
8495 3 6745 81 2244 62 8299 43
8496 2 4033 2 9334 33
8497 4 1526 16 7475 50 2083 20 1959 40
8498 2 2724 79 8819 100
8499 3 3722 6 418 25 8878 55
8500 3 3282 77 8746 16 8237 76
8501 3 1886 75 2217 5 9594 20
8502 5 452 39 1174 46 5947 96 3642 27 6830 57
8503 4 2392 42 1974 44 1241 17 4159 15
8504 6 6804 60 8761 97 2598 36 74 87 7106 60 9605 81
8505 4 1691 67 9256 41 7317 19 8 94
8506 7 251 3 9072 24 3160 26 9321 95 3509 34 5533 50 7393 91
8507 3 7144 48 2901 29 6371 97
8508 7 1406 80 2077 58 5291 61 7188 38 6592 98 5800 38 4270 3
8509 6 4662 7 9128 49 9374 68 2222 72 2085 46 3524 53
8510 2 812 95 1339 63
8511 6 3509 19 8524 68 7082 36 4309 25 6506 18 8741 74
8512 5 2029 32 1653 18 2135 85 5231 56 4445 74
8513 2 6154 42 1324 3
8514 2 5265 68 7731 49
8515 9 352 47 8133 19 9374 98 8364 28 3471 68 1124 32 7873 6 2880 52 7059 24
8516 4 7751 100 9365 2 3847 48 4858 62
8517 2 1750 49 7690 91
8518 1 5265 15
8519 2 2732 63 4689 70
8520 4 461 99 6874 16 8123 85 233 96
8521 1 3301 96
8522 4 7967 16 9084 23 2580 5 3075 35
8523 5 1137 52 1994 96 7593 79 9610 13 1690 7
8524 4 8511 68 5761 57 1153 83 8734 22
8525 6 5799 91 3230 74 2608 16 3829 88 5551 79 7145 29
8526 3 8313 5 2771 44 7941 15
8527 8 5742 8 5128 62 5455 82 864 91 8865 89 9847 65 4579 15 8215 31
8528 1 3401 1
8529 4 238 40 3008 37 5707 40 1870 26
8530 7 5217 72 1794 26 2105 52 2000 82 1724 55 4580 37 8239 77
8531 2 5360 95 1514 23
8532 4 2858 32 9658 48 6639 14 7498 26
8533 3 2626 52 7802 67 4211 70
8534 5 4941 94 5501 30 1853 93 1064 2 988 5
8535 7 2586 68 9943 32 2991 47 3097 51 9736 53 6706 8 9936 15
8536 5 8080 20 9200 14 4019 17 4834 59 3649 2
8537 3 553 69 6301 58 8440 54
8538 6 6836 67 9394 94 9878 58 2756 23 35 58 778 55
8539 6 5845 6 2396 70 4663 26 6878 33 9205 55 6861 3
8540 4 7936 100 2953 19 2055 4 2945 92
8541 5 6690 43 1150 3 8954 18 7005 88 3785 72
8542 7 5682 95 9023 94 3965 62 8568 73 3788 40 6912 89 9690 56
8543 5 2154 59 8891 30 523 33 7390 65 4879 15
8544 5 2225 93 1545 32 8678 41 6528 71 460 4
8545 5 6470 39 5451 36 4468 79 728 81 7742 44
8546 5 4583 28 3030 57 6248 90 6483 85 959 98
8547 2 472 56 693 75
8548 5 2525 14 9260 96 9991 8 7547 48 6977 76
8549 7 4385 61 7977 10 7138 64 6030 46 6358 95 7411 52 1208 78
8550 5 1974 40 4588 100 5929 95 4659 83 2875 75
8551 2 2730 2 5916 38
8552 4 4588 35 2610 72 7099 62 5967 17
8553 5 2167 95 3968 18 7564 35 8175 5 6811 93
8554 2 2420 6 4469 35
8555 2 4319 86 8835 40
8556 3 6951 20 7228 58 9983 71
8557 7 5580 18 8869 16 1769 26 3413 70 6255 83 7837 16 6133 80
8558 6 3783 30 5434 97 4652 52 1430 47 5204 6 3466 76
8559 3 520 77 514 30 6943 19
8560 2 4008 94 2755 69
8561 3 1371 19 5927 8 8800 69
8562 3 2037 49 9297 98 2497 42
8563 3 881 95 1534 39 7194 38
8564 5 8071 94 9524 3 5989 66 4364 67 2259 53
8565 2 8155 21 557 76
8566 3 5013 5 6682 17 8606 66
8567 4 8178 18 8701 52 6089 99 8964 88
8568 2 4697 41 8542 73
8569 6 928 3 964 96 4229 40 2726 26 5006 17 6106 89
8570 6 4385 89 8901 59 6615 32 4509 40 8965 60 2841 37
8571 5 2117 50 748 100 3337 50 3168 8 3183 8
8572 6 5531 53 225 88 5863 34 6657 22 7825 7 543 44
8573 9 2737 54 9336 67 2180 1 8829 52 1129 18 3862 42 8721 69 3324 17 1614 18
8574 1 7342 54
8575 7 5422 40 7212 2 2852 64 7773 89 3796 13 6618 93 6061 51
8576 6 7958 22 1734 40 45 8 3464 78 9187 10 4167 29
8577 3 6166 33 9229 46 253 66
8578 1 4437 24
8579 2 5670 51 8124 74
8580 3 6481 8 9704 76 3616 2
8581 3 6193 42 61 21 8769 57
8582 3 8001 57 3055 70 8122 84
8583 6 7999 78 5439 16 4295 59 5501 3 8274 74 9400 26
8584 2 5136 33 2401 91
8585 5 7751 64 8442 43 3524 43 6405 63 1802 76
8586 2 2807 33 8714 34
8587 5 1657 98 9867 1 2640 25 2199 30 7126 6
8588 4 3920 29 9511 24 2939 35 1688 13
8589 5 5034 22 1891 5 1471 56 2603 43 1376 53
8590 1 1737 93
8591 4 2161 56 3626 97 5492 48 2152 77
8592 6 4686 29 9997 43 2434 37 2960 65 4615 40 1810 90
8593 4 2589 86 2534 92 6382 84 6443 9
8594 2 2296 18 9100 89
8595 2 68 30 9766 88
8596 5 3873 39 9365 99 8673 65 5511 83 2174 50
8597 1 6762 99
8598 4 4679 91 2551 58 1148 37 2762 46
8599 11 2168 99 8236 79 54 40 2651 39 9952 55 5650 73 8715 4 4826 9 9118 12 63 84 575 10
8600 2 1871 48 435 73
8601 4 2463 8 7752 100 5350 76 4700 28
8602 4 5861 88 1122 23 9358 52 3633 34
8603 4 6018 18 1568 37 9798 52 418 40
8604 3 7352 71 189 69 6589 12
8605 3 7274 45 3750 31 9621 37
8606 3 3541 70 4404 62 8566 66
8607 6 3024 11 4345 57 2881 60 5703 62 8086 61 6369 84
8608 3 1783 86 9874 26 7452 58
8609 4 926 85 9677 53 7691 98 1333 86
8610 3 6460 69 3140 51 9066 15
8611 7 885 30 9389 54 5797 5 7719 38 118 62 8398 79 4086 35
8612 3 6806 17 6142 100 8024 39
8613 7 4377 66 9497 62 7909 34 6221 72 5733 11 2665 86 669 90
8614 7 2942 86 8934 41 9208 50 5005 83 9646 47 8 65 9264 18
8615 6 6394 8 3315 72 7323 90 4588 2 5559 22 3079 66
8616 2 8254 29 5500 61
8617 5 719 85 1089 30 1605 3 2159 8 7023 85
8618 4 6063 42 6913 91 9081 23 5004 28
8619 5 285 42 974 67 6544 49 7363 52 7994 19
8620 3 5577 30 9886 38 9147 48
8621 4 4505 88 6517 3 3912 59 3763 15
8622 2 441 55 5854 10
8623 2 1468 65 235 31
8624 5 1322 5 8187 14 3826 44 9726 59 9937 38
8625 6 7863 50 7624 48 4674 80 9403 80 6479 60 3582 84
8626 1 1609 86
8627 7 2796 46 2431 20 8866 94 6809 85 5505 67 1240 45 189 2
8628 2 7358 48 8437 63
8629 4 8341 32 8703 7 9451 55 5922 46
8630 1 6036 60
8631 6 6812 17 9820 54 3453 12 593 47 6200 36 5604 64
8632 1 1974 6
8633 3 234 83 3959 26 3428 27
8634 2 2117 26 2821 21
8635 4 1754 61 962 82 472 14 8494 35
8636 3 5486 94 2707 83 9354 11
8637 4 5222 31 6791 22 5396 91 1575 91
8638 3 7063 21 3258 22 2941 73
8639 2 3515 1 8818 79
8640 4 1422 23 9106 11 5155 32 9244 12
8641 4 246 90 9436 93 8224 38 7175 83
8642 2 1881 15 2086 78
8643 3 3641 52 6407 22 4667 40
8644 2 6231 69 8132 77
8645 3 5848 86 6484 55 7496 37
8646 6 5035 10 8796 53 1943 99 7176 99 8663 38 5592 59
8647 2 7278 82 6065 48
8648 3 2450 92 6056 64 5950 12
8649 5 5963 36 1401 22 9897 95 7733 38 7593 69
8650 2 601 56 1093 32
8651 2 8449 40 5606 84
8652 6 2131 73 8672 44 8829 94 6119 85 376 80 8288 87
8653 6 5035 100 776 16 2384 51 6284 34 7068 13 5181 51
8654 5 31 80 6558 24 7844 19 233 1 8847 93
8655 3 7940 73 9847 88 5639 41
8656 6 2671 11 2769 52 2267 12 6521 13 762 35 4452 79
8657 4 7559 85 9736 65 5856 7 8208 88
8658 6 6144 77 8028 7 5873 43 154 99 9422 88 1299 32
8659 2 1958 56 2985 85
8660 3 6294 7 5004 76 9012 60
8661 5 1203 36 4084 57 1226 76 2443 70 9388 40
8662 4 7070 43 5727 19 1793 85 2037 51
8663 5 2234 32 7733 6 9095 26 8646 38 5171 26
8664 4 3849 65 9083 58 823 62 2313 70
8665 6 5842 31 7449 77 235 38 2189 74 5282 41 932 28
8666 6 3445 11 2584 98 3095 68 6779 40 4897 73 7646 52
8667 5 6481 27 6644 15 9171 15 6635 15 6266 78
8668 2 1688 61 3219 32
8669 4 2761 37 2756 64 9834 64 109 46
8670 2 1707 77 1627 55
8671 4 2929 21 165 82 6053 91 6350 39
8672 5 8652 44 3067 64 4572 90 7053 76 7105 74
8673 4 4318 68 7379 22 8596 65 4967 75
8674 6 1654 20 8860 55 55 68 8795 33 1457 22 4083 63
8675 3 123 21 9040 59 5553 87
8676 4 4602 10 994 28 1404 75 1944 23
8677 1 2139 17
8678 6 8438 33 9236 92 7889 16 8544 41 4650 37 1078 39
8679 3 2328 59 1038 52 7622 77
8680 3 2158 85 2817 16 4934 60
8681 3 7998 70 7319 57 7980 63
8682 2 4624 55 6390 75
8683 3 4764 20 1587 94 9838 45
8684 3 7682 85 8807 72 170 34
8685 4 3444 82 1178 54 758 93 1250 76
8686 3 2553 88 3689 60 5452 64
8687 1 8366 83
8688 2 6815 45 5450 72
8689 3 5686 8 1779 51 5399 67
8690 6 1527 23 1173 42 6063 11 7431 44 4329 95 1824 35
8691 6 7827 19 8797 26 3162 100 7596 59 7598 14 9311 14
8692 3 6196 16 6845 73 6814 28
8693 2 963 32 5855 3
8694 6 1317 53 8933 66 3515 64 1210 85 5899 63 5496 29
8695 3 4024 28 4583 80 2980 62
8696 5 4595 33 4575 70 979 84 6463 91 7922 66
8697 3 6248 20 9774 91 4660 16
8698 2 6781 5 686 40
8699 5 1824 64 5278 23 7280 77 7278 79 8423 92
8700 4 5186 91 4266 60 8321 25 9066 81
8701 5 4005 63 8567 52 7528 37 7780 41 4479 91
8702 8 6764 15 3985 58 1293 72 3040 86 3734 1 2862 20 4266 61 4269 14
8703 2 8629 7 6598 88
8704 2 4282 12 241 42
8705 6 3464 26 9717 71 2528 37 605 94 9162 31 7366 3
8706 2 5349 44 9035 88
8707 2 2951 4 9999 40
8708 5 7801 15 9494 54 5683 90 5898 41 8456 18
8709 3 7115 64 2953 35 5826 72
8710 4 5397 47 8780 71 4587 5 4812 46
8711 3 444 13 9773 21 5334 67
8712 2 7582 15 2182 2
8713 2 8034 72 28 82
8714 2 4418 25 8586 34
8715 6 3972 9 9531 52 8599 4 1526 2 4915 70 7442 16
8716 4 1547 3 1902 71 683 39 2680 16
8717 3 8143 39 4996 100 5184 7
8718 3 5191 12 872 17 6394 12
8719 4 7529 49 3721 48 9349 19 3763 1
8720 2 1556 45 4862 76
8721 4 980 26 8573 69 4036 54 5744 56
8722 3 582 17 2398 2 6695 19
8723 4 3900 34 8389 55 7844 31 3737 84
8724 5 3422 79 6940 56 1128 43 5151 9 7533 9
8725 7 1364 22 9211 46 1401 93 9966 92 7439 2 991 49 1477 32
8726 3 6370 2 6413 68 9775 13
8727 4 5091 53 5602 24 5615 1 4257 7
8728 3 5053 59 3143 7 5399 58
8729 5 1943 78 4262 5 1751 77 6971 29 4805 11
8730 2 5916 12 3646 30
8731 1 2048 6
8732 5 7162 80 2249 34 4610 36 8446 18 8974 95
8733 5 4694 80 8009 79 201 76 1009 87 698 47
8734 4 4461 66 9670 84 7706 74 8524 22
8735 2 7951 87 4178 83
8736 7 3101 98 732 48 6451 93 4563 71 7347 39 9297 27 5567 11
8737 5 182 84 5947 5 4990 45 7421 100 3474 73
8738 6 1193 23 5045 89 8374 38 2646 64 6354 94 441 86
8739 4 3004 61 4926 27 580 66 411 99
8740 3 1364 20 4508 47 9112 91
8741 5 4599 73 1794 66 6883 24 8511 74 4311 14
8742 6 587 23 185 35 3704 15 1371 37 2569 23 3278 62
8743 6 3917 76 9811 13 6364 22 3794 10 3241 6 299 39
8744 3 7987 43 3696 53 9551 41
8745 5 3328 37 5156 38 4779 46 6734 53 1233 22
8746 3 8500 16 391 94 9050 90
8747 4 4183 94 5712 8 4028 52 6376 50
8748 4 7231 8 9339 90 4915 49 9643 52
8749 3 1209 17 6481 30 7543 6
8750 3 6587 84 2345 83 2672 17
8751 4 2970 63 2818 91 2286 62 9399 3
8752 4 2016 79 3944 46 2042 46 4957 37
8753 7 4225 97 3298 48 6322 19 4568 38 9177 28 4003 92 5605 70
8754 1 1427 57
8755 6 5707 85 9776 7 4299 55 6459 9 329 42 2494 80
8756 6 1655 8 690 36 2874 57 9064 3 5098 73 115 35
8757 5 7478 76 4109 93 2650 50 7893 46 4770 78
8758 5 590 15 3811 9 4846 65 9461 86 6449 63
8759 5 4591 78 9493 34 2960 34 7071 15 1138 13
8760 6 1251 6 14 59 6092 46 4910 50 4458 86 5516 32
8761 3 8504 97 3542 7 1959 15
8762 1 5166 44
8763 4 6687 51 5204 91 9159 75 1563 15
8764 1 2065 75
8765 2 3345 47 1233 24
8766 4 6587 3 858 53 723 95 3375 3
8767 5 2757 55 6699 3 2366 100 2052 23 7045 69
8768 3 3320 45 4498 39 7463 16
8769 4 6238 82 7792 97 8581 57 9081 28
8770 6 6781 83 316 30 7944 74 3547 87 6969 55 3723 32
8771 1 3833 20
8772 3 4914 77 427 43 6107 63
8773 3 2678 6 2733 23 5587 41
8774 6 311 85 391 66 8045 38 3263 6 9977 9 6478 48
8775 7 5125 56 59 21 3196 1 2215 54 1444 65 7799 4 6913 43
8776 8 2417 4 3659 47 2042 15 1833 71 953 85 3526 15 734 28 9186 5
8777 3 560 84 2192 36 3709 82
8778 3 6017 42 5502 25 2813 36
8779 4 581 58 6936 26 4161 16 4501 19
8780 8 8710 71 4896 59 3747 62 2298 93 9547 93 4858 11 5902 80 844 51
8781 4 602 71 246 61 4497 63 8370 62
8782 4 8417 17 6682 52 7590 33 8904 28
8783 6 3104 79 4761 75 7641 53 9756 53 8131 87 1709 41
8784 2 587 82 4171 48
8785 6 204 56 9957 81 5218 32 1528 36 825 70 291 93
8786 2 178 34 1288 19
8787 5 3090 6 8872 73 4134 85 9016 76 4258 78
8788 3 625 94 416 33 4013 62
8789 3 8258 37 4550 14 6697 1
8790 6 7285 94 1766 47 8911 98 3960 17 4488 76 6742 24
8791 4 492 26 925 17 9784 4 1913 52
8792 5 709 74 7964 85 1919 96 6774 56 1219 60
8793 3 311 18 5239 76 1963 93
8794 6 4733 27 4310 94 3280 38 1562 81 4612 47 9154 44
8795 4 5574 94 8674 33 8997 48 3807 24
8796 3 8646 53 7550 7 6134 73
8797 7 8691 26 9290 64 7676 32 1837 15 5111 48 7796 62 5739 83
8798 1 4723 42
8799 3 3302 96 7140 24 7951 34
8800 5 4630 38 1468 67 8561 69 2911 66 6255 38
8801 5 3804 35 3788 8 5286 29 4547 67 1952 85
8802 2 5771 53 9160 84
8803 4 5213 40 7753 53 4400 93 1736 70
8804 5 7112 5 5058 46 4441 78 5237 47 6994 19
8805 8 263 66 9113 7 3002 44 4080 39 3562 41 7157 15 4625 49 9054 96
8806 3 2832 74 9728 22 384 66
8807 3 825 36 8684 72 5479 18
8808 8 7961 97 9351 41 531 75 7390 65 7880 68 9205 24 3971 89 1112 62
8809 4 2045 24 3811 96 5351 26 7895 22
8810 3 2509 36 968 96 836 62
8811 1 2552 79
8812 4 6678 52 1028 81 3340 59 5653 8
8813 4 442 92 9354 63 1481 75 5663 96
8814 3 4322 39 2134 89 7569 14
8815 4 837 24 9676 29 855 70 2716 12
8816 4 5449 89 601 62 7299 21 7833 70
8817 2 3751 85 6369 100
8818 3 8639 79 7070 7 9452 39
8819 4 8498 100 4815 66 6481 82 7177 17
8820 2 3568 10 7828 23
8821 2 1471 75 9505 84
8822 4 2099 91 757 6 8144 9 6754 41
8823 4 2022 23 5242 16 4539 68 6438 80
8824 2 2223 17 7944 47
8825 5 3531 12 9056 69 7351 83 4115 40 4790 96
8826 5 5525 57 2455 94 1484 46 6341 13 407 34
8827 3 1500 14 9664 58 6419 35
8828 3 452 75 2183 68 8122 22
8829 4 8652 94 3218 65 8573 52 7748 35
8830 3 7735 79 2794 6 1623 81
8831 3 4522 64 9253 56 5754 48
8832 5 5221 78 1696 38 4095 67 3330 84 7324 23
8833 4 3022 19 2984 5 7415 74 4831 62
8834 5 4646 60 8885 37 6292 95 778 13 6770 91
8835 3 8555 40 4612 26 2407 31
8836 4 5394 72 286 87 8348 65 7338 21
8837 5 4433 82 6820 16 9505 56 2125 15 1957 7
8838 6 8115 15 3632 56 3176 77 9857 49 1863 94 9770 4
8839 5 3210 41 6470 14 9665 72 6462 75 358 47
8840 5 2268 87 9944 44 2645 14 9815 53 5220 25
8841 1 6020 14
8842 3 1901 9 129 41 2448 73
8843 2 2922 18 5961 43
8844 4 6636 4 4228 61 8272 63 5626 16
8845 4 831 83 157 32 8262 80 9589 84
8846 5 6973 38 194 83 851 75 3162 24 3537 72
8847 5 7185 69 2351 100 1764 87 8654 93 5121 76
8848 4 2001 3 9656 86 6923 90 6865 66
8849 3 3243 77 1282 47 3621 36
8850 3 3871 83 1706 43 6458 99
8851 5 4685 62 1160 63 4862 4 6879 46 5993 56
8852 4 8094 85 5126 86 4316 37 2703 79
8853 4 3482 38 3213 90 7788 90 6611 27
8854 5 4621 66 2128 60 2419 52 1880 69 6665 7
8855 1 5606 55
8856 2 5655 87 7496 45
8857 3 8427 3 7076 94 962 50
8858 5 1320 91 5820 98 6944 46 1202 73 6133 52
8859 1 1978 85
8860 7 8674 55 4131 38 9034 51 9543 23 390 51 9214 10 6901 87
8861 3 3840 46 8022 80 158 60
8862 2 6498 89 7003 69
8863 4 2134 60 867 14 5412 3 464 39
8864 7 2840 10 9033 70 6036 77 897 18 6341 28 5210 27 9198 72
8865 4 2395 39 9505 36 8527 89 6746 66
8866 3 4913 98 2876 43 8627 94
8867 4 6455 41 8436 23 3000 56 2627 70
8868 3 2866 10 6152 28 9096 20
8869 5 3628 19 8066 34 8557 16 9104 47 1816 67
8870 4 7839 67 2719 40 706 54 8146 23
8871 4 4609 60 4442 45 6976 50 6719 99
8872 5 7375 43 7927 15 6387 46 8787 73 7837 57
8873 4 536 74 8879 24 1522 4 1474 9
8874 5 3304 6 6775 40 1385 88 9043 51 3134 38
8875 1 3259 32
8876 7 3416 70 6218 78 5291 6 5890 37 253 93 5993 96 32 86
8877 4 6733 71 7618 75 5430 13 9655 89
8878 4 2263 57 9590 81 9684 2 8499 55
8879 1 8873 24
8880 3 5317 73 8176 99 7513 45
8881 2 4605 46 8883 71
8882 4 5819 89 3445 26 4235 38 1039 51
8883 3 4234 62 8881 71 4817 49
8884 4 7476 22 1691 98 5712 11 5963 13
8885 2 8834 37 8991 67
8886 4 8227 14 7212 71 5705 99 5244 36
8887 3 66 8 4475 6 148 57
8888 6 2403 45 4659 78 8244 54 7583 73 6188 6 2646 94
8889 3 6361 42 3145 59 9681 44
8890 3 1812 79 243 12 5560 58
8891 5 8543 30 2918 59 7207 73 7624 77 8368 81
8892 5 8136 66 8171 40 2568 12 9402 11 8071 44
8893 5 1403 93 8340 42 2199 73 2727 16 3662 74
8894 5 907 44 6333 66 6187 55 3669 5 1988 46
8895 3 4780 82 4302 35 2004 4
8896 6 4388 46 8396 8 1486 16 3956 20 3664 67 1556 34
8897 2 2339 78 5567 23
8898 3 7052 86 1837 58 6540 60
8899 6 656 51 4812 77 4906 46 9721 19 865 46 9647 93
8900 3 1128 97 6019 62 4632 91
8901 3 8570 59 9669 87 325 46
8902 2 5795 51 1617 44
8903 2 233 15 6905 28
8904 4 549 19 3200 48 2922 79 8782 28
8905 7 3202 74 7126 78 7495 51 7338 11 6531 79 6233 39 4974 20
8906 7 4071 52 6865 49 2373 13 5520 89 1946 11 7812 96 1967 31
8907 3 7544 31 2585 58 961 83
8908 5 8276 10 8346 15 4858 83 7566 76 7126 7
8909 6 302 27 5389 77 5173 21 4046 12 4221 82 3037 67
8910 3 7925 69 7257 69 2521 66
8911 5 7537 93 3217 45 2433 58 8790 98 5644 43
8912 4 5160 36 4564 88 7780 27 7611 78
8913 3 7839 94 5140 26 2709 48
8914 3 779 27 120 19 4561 69
8915 5 5676 25 9906 35 1757 52 9213 12 6428 80
8916 2 5699 29 260 83
8917 6 4481 14 9044 51 9219 34 5058 84 7266 85 6636 71
8918 6 3123 96 9301 28 4152 53 1486 83 1639 27 2913 77
8919 6 35 47 4165 12 5255 96 9629 86 2726 63 8120 49
8920 5 5171 84 9649 74 24 49 9118 38 9352 100
8921 5 8338 16 4784 2 2171 93 6358 78 6071 23
8922 5 2285 66 9589 94 4063 81 5002 73 2988 100
8923 5 7943 84 9553 48 6973 92 1925 14 718 32
8924 4 6252 17 1753 55 5957 80 5569 63
8925 6 8184 84 9846 51 7559 66 2229 86 962 60 3969 92
8926 3 3901 28 7182 75 5978 100
8927 5 2867 60 7275 74 9278 98 8077 73 8335 18
8928 3 2144 63 9251 6 9445 52
8929 3 5936 9 1499 40 7587 28
8930 5 7408 49 4878 15 7607 74 8319 75 7940 87
8931 3 7040 23 709 82 8014 46
8932 6 4726 89 834 70 3776 81 5907 40 9822 11 976 56
8933 5 8694 66 5449 39 7201 91 2743 38 5968 6
8934 9 2550 88 8614 41 5339 32 1821 77 434 30 2198 9 9369 33 7590 9 2366 28
8935 4 4007 79 8956 90 1654 71 6951 48
8936 2 2594 30 8328 76
8937 2 3973 47 3701 57
8938 5 3486 23 6009 52 7441 59 259 21 3232 33
8939 11 3754 30 9285 99 1804 79 7044 26 2551 38 3250 85 1501 91 3823 82 1554 100 2516 69 7049 61
8940 4 878 2 9412 17 2568 36 3932 48
8941 4 8464 42 3845 15 9330 4 3518 66
8942 4 6255 92 6353 7 130 16 1696 80
8943 6 140 57 8988 59 859 41 3933 60 5292 59 5899 11
8944 4 8292 89 2107 63 4137 22 4474 57
8945 4 6639 36 8370 42 8951 30 6206 73
8946 4 7047 18 4996 73 1837 71 2681 6
8947 1 6464 90
8948 4 6690 23 1369 16 2263 57 7520 85
8949 6 7798 43 4697 63 6044 54 816 11 1735 98 3001 73
8950 3 6192 16 9942 17 3295 2
8951 5 7637 31 9504 38 201 99 8945 30 4740 91
8952 4 4885 87 9735 19 5258 17 9494 95
8953 3 7332 72 9717 14 6952 46
8954 5 3319 47 8290 80 712 80 8541 18 7811 65
8955 4 101 57 6498 57 245 61 9446 37
8956 5 4126 53 9875 59 8935 90 1055 81 3719 90
8957 5 8071 37 234 24 2532 61 3714 17 4817 69
8958 6 3830 32 6204 26 8333 88 2985 62 8189 42 9995 26
8959 5 5281 60 6737 97 804 7 4521 88 2290 39
8960 4 3148 27 6901 74 2165 21 9234 93
8961 3 2580 33 5191 65 5269 71
8962 5 500 25 2962 71 596 95 4706 76 6384 95
8963 3 6601 22 1494 1 9444 30
8964 4 849 4 8567 88 7131 27 686 72
8965 6 6799 42 9716 29 9569 75 7145 3 8570 60 931 89
8966 4 4070 89 884 4 6657 97 7451 94
8967 7 5153 44 4150 32 6065 98 8321 16 5225 7 1578 48 2770 47
8968 6 6956 74 3964 28 4981 91 9122 60 3820 55 3205 26
8969 7 3305 54 9473 1 8995 19 98 86 7338 73 1865 95 6530 51
8970 3 4775 75 3452 47 5905 15
8971 2 2740 66 7288 38
8972 5 5336 59 800 75 8061 65 9766 81 7293 72
8973 5 4741 75 1407 21 4336 47 5351 63 5255 90
8974 4 5903 28 180 43 1809 27 8732 95
8975 5 5711 94 9003 11 4910 97 2716 35 5469 91
8976 2 4996 28 9326 20
8977 3 466 95 7020 42 3044 65
8978 4 1383 45 9348 70 9630 48 2684 40
8979 3 7684 89 2929 9 2309 23
8980 5 342 22 3360 37 466 83 6147 15 8132 83
8981 3 3475 77 3332 93 399 82
8982 6 3348 70 2755 63 4615 54 1764 55 2668 37 4414 26
8983 7 7983 94 7951 1 6577 77 6644 47 902 6 8183 78 1300 47
8984 2 6935 97 4972 30
8985 3 563 5 2895 7 1726 94
8986 5 3926 29 1938 83 7005 51 3209 7 3238 50
8987 4 1056 81 6313 7 1708 63 283 63
8988 4 4432 84 8943 59 269 16 1768 40
8989 4 5267 23 3727 12 7955 4 5005 44
8990 9 3492 89 8999 30 7325 75 5163 95 6800 8 5396 10 5248 95 1032 99 8489 16
8991 5 5377 94 8885 67 5645 84 2763 94 2573 40
8992 8 8054 28 6059 77 6908 83 4832 18 1164 37 5191 75 1912 49 2494 20
8993 3 596 27 4578 22 4359 67
8994 2 3532 61 1304 6
8995 9 2269 19 8969 19 7228 8 793 77 7110 11 6978 73 5335 18 7352 71 4811 16
8996 2 3385 60 3614 80
8997 5 3834 25 5093 72 3230 58 4212 29 8795 48
8998 5 6007 84 2150 6 6799 10 7549 29 1643 90
8999 7 6801 35 8990 30 6828 12 4124 84 3436 96 2994 6 3898 63
9000 6 1342 99 6026 8 6763 12 4241 35 6815 78 3676 25
9001 3 4485 63 101 81 9807 7
9002 5 7462 5 4460 67 7841 88 9270 68 5985 41
9003 7 8975 11 9244 5 9391 33 3463 29 7949 75 5887 26 9907 49
9004 3 3973 12 3496 99 666 85
9005 1 1331 96
9006 3 6166 2 7566 70 402 78
9007 2 4407 5 4382 98
9008 4 4553 76 1070 14 5807 19 3848 64
9009 7 3146 43 5001 22 2454 41 7520 24 332 1 9193 19 2680 98
9010 5 3512 4 7350 71 6845 93 5505 82 4916 29
9011 5 3931 28 9784 78 3434 10 9966 90 7954 37
9012 4 7362 32 4097 90 4565 100 8660 60
9013 4 1253 65 2141 62 1656 28 5329 47
9014 6 6782 70 1118 98 5060 22 3323 83 1150 70 3550 11
9015 6 2667 96 9901 47 6398 95 3944 14 3377 2 4551 76
9016 4 6548 22 5489 84 8787 76 3028 20
9017 5 3991 63 4636 14 5389 65 4646 46 2800 1
9018 7 5175 90 9909 14 7332 12 4971 19 7444 13 7456 90 6043 95
9019 10 6295 15 8307 53 1708 62 7664 19 2230 20 8050 94 1986 17 2696 6 9273 82 6509 59
9020 8 658 13 9140 99 9091 25 3750 40 6587 22 2299 98 6550 29 1882 32
9021 5 4297 20 9217 6 4886 39 3477 16 33 28
9022 3 2205 99 9904 50 9027 74
9023 4 8542 94 4869 54 1974 9 406 75
9024 6 7811 44 5446 81 6072 38 787 15 4764 72 3233 38
9025 6 6935 58 3353 43 673 85 1836 71 6659 52 6578 89
9026 4 1367 8 1842 83 2142 54 5677 8
9027 5 4520 18 1804 62 6088 9 9022 74 4808 41
9028 6 3436 76 6349 14 761 9 7564 20 2503 22 2024 31
9029 4 3613 75 9830 56 9844 63 2081 78
9030 4 3500 8 8018 17 51 97 1274 68
9031 4 6655 100 3224 76 2833 67 4347 16
9032 4 3135 43 6381 4 767 53 6925 98
9033 2 8864 70 617 78
9034 4 1514 97 8860 51 6090 72 647 10
9035 4 3446 1 8706 88 3444 99 6428 10
9036 4 8490 7 4548 22 907 56 3013 26
9037 7 7918 14 7510 80 7818 44 3084 20 1776 34 3892 43 2990 62
9038 2 7015 18 2580 90
9039 4 5316 26 7304 62 9580 67 3433 62
9040 5 8675 59 8189 39 2990 75 6443 46 5888 19
9041 2 5348 96 4307 42
9042 4 7271 88 6577 30 6684 50 5116 58
9043 8 8252 27 9424 23 1037 60 5570 38 2306 73 8874 51 3835 33 5734 50
9044 1 8917 51
9045 5 1601 17 1158 44 6621 14 852 80 5715 52
9046 9 2974 56 9927 46 6244 81 1792 78 7847 48 2461 30 6391 17 3023 76 3527 40
9047 2 3336 88 9783 66
9048 2 6052 42 3440 85
9049 7 1946 53 5378 17 6573 5 2883 96 5776 76 4752 49 57 18
9050 5 3675 16 4565 54 4111 89 8746 90 7867 15
9051 2 4827 35 2012 4
9052 3 4885 24 1191 68 9820 39
9053 5 4024 87 6343 93 5314 7 3568 21 2230 58
9054 4 4693 38 5990 49 9944 96 8805 96
9055 2 7620 83 4738 59
9056 4 106 3 7517 91 8825 69 6016 59
9057 8 2457 64 6567 30 5197 91 9676 37 6355 35 1966 68 2238 28 6128 56
9058 2 3532 15 1348 24
9059 4 7895 75 5524 55 3971 37 5037 45
9060 4 262 17 4529 78 2639 94 95 33
9061 5 1814 28 8168 22 6591 92 4845 98 8340 81
9062 2 8426 32 5713 98
9063 2 2991 63 9881 44
9064 2 29 17 8756 3
9065 1 621 88
9066 8 3085 96 548 20 4696 65 85 19 9711 58 8610 15 8700 81 4497 99
9067 1 25 94
9068 3 8198 10 2294 57 5118 7
9069 5 2256 11 3145 21 9715 71 4125 19 8000 18
9070 4 948 85 6417 32 5815 73 3014 78
9071 3 5145 2 959 63 5397 79
9072 5 8506 24 3418 60 4705 21 3237 36 2122 45
9073 2 1890 71 7318 90
9074 5 3951 70 1954 43 6152 29 4286 59 2602 70
9075 2 7173 48 2355 26
9076 8 3508 49 7716 97 1454 31 1198 59 9811 76 3316 54 4649 96 616 49
9077 5 1423 80 1605 85 3498 90 3607 53 2958 17
9078 2 6304 91 8179 51
9079 2 8031 87 2614 62
9080 3 654 63 2508 72 3203 98
9081 5 4768 3 4302 4 9122 81 8769 28 8618 23
9082 2 2020 84 1432 33
9083 2 8664 58 1231 59
9084 5 8522 23 6532 52 1600 91 803 21 4156 43
9085 2 2504 93 8187 14
9086 4 6648 88 8194 26 9372 97 9751 93
9087 2 4465 81 219 20
9088 3 4859 66 5110 92 8124 64
9089 3 8356 11 1988 63 179 10
9090 3 5203 54 7094 71 156 96
9091 8 5441 56 9020 25 3299 49 1871 13 2325 64 2178 34 2100 60 1980 42
9092 2 4685 100 4288 100
9093 4 4291 46 5775 22 5529 86 6450 91
9094 4 1774 54 1458 75 1247 63 11 15
9095 4 5183 90 3140 20 8663 26 3725 69
9096 6 6803 43 210 46 6723 71 6758 34 8868 20 3188 4
9097 3 528 85 2440 81 1535 96
9098 5 734 17 5990 24 837 23 4534 46 5523 21
9099 5 3876 23 9865 73 597 85 1801 36 4993 22
9100 7 3655 43 8594 89 9127 70 4109 100 6624 16 2793 83 1399 36
9101 5 230 44 2075 64 98 88 341 91 7149 99
9102 5 177 61 6359 37 5572 29 6231 50 1706 67
9103 3 2487 16 3816 95 2250 3
9104 4 6313 13 7530 18 7189 78 8869 47
9105 7 7342 20 9181 81 7305 56 3243 38 4543 27 7544 48 3368 42
9106 3 8640 11 4949 77 9924 32
9107 2 4959 81 7559 26
9108 5 3368 89 800 86 785 93 8174 9 3191 93
9109 4 1707 9 6921 82 2179 42 4668 91
9110 7 907 18 1289 24 1772 50 4579 41 5717 9 6288 42 3824 83
9111 3 2227 99 2512 73 1628 28
9112 4 4546 94 8317 53 2897 40 8740 91
9113 7 8805 7 5338 91 71 34 2001 40 458 42 5566 97 4460 73
9114 6 6809 24 9 21 1321 71 3673 34 6787 2 7818 58
9115 1 5321 19
9116 3 3756 61 9936 73 4090 8
9117 6 2033 59 6186 56 2909 72 4283 44 4392 92 5605 47
9118 6 471 21 8599 12 598 23 3804 16 8920 38 9729 70
9119 4 4061 72 6993 35 9366 8 206 72
9120 4 1637 45 6671 20 3838 94 9787 100
9121 3 5997 93 5380 84 477 95
9122 5 7627 3 9501 42 8968 60 9982 41 9081 81
9123 2 6338 61 6071 57
9124 1 7203 23
9125 4 5198 98 5687 85 9470 20 4236 39
9126 4 1472 89 5773 48 8313 60 7303 60
9127 8 3818 81 4546 57 7862 71 2078 41 9100 70 3548 89 4924 95 5596 38
9128 4 8509 49 925 94 1683 28 1208 52
9129 2 6699 50 8447 100
9130 2 5209 74 6086 40
9131 2 3309 49 7839 91
9132 3 1407 40 1389 49 6455 31
9133 2 3135 69 9461 20
9134 3 1013 89 1138 98 6434 83
9135 6 1941 25 7588 39 3508 4 940 65 1261 81 1305 50
9136 2 3026 25 2874 75
9137 4 2401 47 4023 76 4059 26 1534 21
9138 6 2864 64 4891 73 1548 33 6193 17 4619 76 9209 77
9139 3 5721 88 8016 66 4920 25
9140 5 9020 99 9767 5 1147 76 7030 34 1643 46
9141 4 3280 80 5364 46 6978 9 7397 4
9142 2 6060 98 4789 48
9143 8 6431 64 9975 65 6233 5 5641 25 5026 40 7089 12 7151 46 4776 60
9144 3 2051 93 3154 1 3241 19
9145 3 5341 77 876 28 2824 43
9146 4 1004 82 37 29 6962 75 6085 71
9147 5 1213 31 8620 48 354 71 6353 64 8208 25
9148 1 5837 6
9149 4 8411 14 3271 16 2628 62 445 25
9150 4 4455 75 4429 58 7486 54 1406 55
9151 5 1175 37 3068 82 9869 30 1823 53 5462 5
9152 6 4303 30 434 33 3499 95 1860 39 2888 96 3853 58
9153 9 2449 70 1497 75 6494 31 8196 92 2160 38 103 40 6228 41 4313 70 5934 69
9154 3 4280 69 8794 44 3452 36
9155 2 1453 84 4111 48
9156 6 3980 88 4126 4 7666 14 3688 59 5160 14 5479 87
9157 4 1183 94 5801 2 9457 40 2336 65
9158 3 704 54 1210 22 1915 84
9159 5 3704 10 1748 78 273 4 2816 65 8763 75
9160 5 5239 66 9778 26 2170 82 8802 84 7476 48
9161 3 2507 68 3944 7 1537 61
9162 6 7193 27 9834 16 5217 36 2726 11 8705 31 7538 25
9163 3 7367 3 696 25 7266 53
9164 7 5995 95 2020 56 5842 39 7428 3 4479 55 9822 14 4721 62
9165 8 7678 68 9296 24 3438 63 4860 77 7992 69 6306 36 5205 3 91 48
9166 5 338 17 4928 89 5041 35 4047 74 1972 6
9167 6 7196 80 1985 11 2362 90 1586 69 1384 73 8185 35
9168 3 6009 15 465 100 4914 92
9169 1 3463 76
9170 1 6906 21
9171 5 4169 3 4822 2 8667 15 5821 43 3315 18
9172 6 6878 91 7823 39 2782 11 3846 85 2648 43 7460 44
9173 7 8295 58 6336 32 1425 62 7934 38 7814 36 9736 100 9468 1
9174 4 6885 83 6926 56 2343 6 5784 92
9175 4 3598 53 305 98 8357 30 1341 25
9176 2 2708 81 234 34
9177 7 351 9 996 98 8753 28 6670 91 1959 1 6427 12 2061 82
9178 3 5507 11 9893 39 3882 74
9179 2 1707 21 5838 37
9180 8 2256 93 9836 67 6482 19 5171 37 1106 68 4713 17 2495 39 2502 47
9181 7 8007 85 9105 81 394 23 6984 41 2827 95 636 78 7649 10
9182 6 6050 54 2533 14 153 72 5635 42 7508 24 6418 89
9183 2 36 5 1490 92
9184 2 1371 12 5282 76
9185 4 7595 9 1220 82 3069 54 9502 32
9186 5 1687 57 3759 28 2286 98 9207 60 8776 5
9187 6 7646 85 5533 38 252 91 8576 10 8017 45 4490 88
9188 1 7884 46
9189 4 5709 27 5263 97 4359 49 9324 38
9190 2 5103 7 4569 88
9191 3 2417 27 9692 14 7188 9
9192 6 4973 76 3421 87 1929 21 7138 7 2819 56 2056 36
9193 2 7455 37 9009 19
9194 4 1663 32 3472 30 8426 100 833 71
9195 3 5758 16 5728 92 7174 50
9196 5 1786 65 3373 76 5662 85 4978 42 1575 92
9197 4 2223 52 2542 98 5410 27 630 61
9198 4 7070 45 9266 16 5646 54 8864 72
9199 7 899 17 4033 29 1696 90 7457 18 6461 10 7713 41 6333 57
9200 4 8536 14 529 19 9461 8 8467 32
9201 2 3578 36 9539 79
9202 5 7922 85 9871 81 695 99 4682 37 9895 27
9203 3 250 57 401 52 4499 73
9204 3 1881 35 9592 83 8457 42
9205 3 8268 22 8808 24 8539 55
9206 3 4724 22 7214 27 7210 26
9207 4 3044 43 9827 10 6819 54 9186 60
9208 4 5680 82 948 32 8614 50 7641 51
9209 3 7280 16 5693 23 9138 77
9210 3 2403 7 4050 8 1889 4
9211 3 8725 46 3387 75 7262 7
9212 6 1290 83 6674 89 2103 4 4712 41 2090 9 5941 92
9213 6 6192 99 3202 79 3285 70 5946 86 8915 12 596 50
9214 9 255 10 9538 96 3439 60 272 20 7731 26 886 94 5001 19 9490 98 8860 10
9215 4 1936 15 4711 23 3174 19 4861 47
9216 3 4410 56 4598 40 9650 73
9217 3 9021 6 4493 9 2856 25
9218 4 1484 45 2897 62 7873 94 2946 11
9219 9 8917 34 9759 47 7344 1 4176 58 3013 70 548 6 7641 61 2088 16 1039 80
9220 3 7169 25 2391 63 1583 65
9221 1 3298 12
9222 3 5087 25 4257 28 5432 31
9223 1 3141 15
9224 4 775 85 6736 3 9261 24 7657 13
9225 5 4351 90 9385 43 3834 70 503 47 4083 10
9226 3 3026 99 7164 53 4796 98
9227 2 7671 100 7895 3
9228 2 2073 5 6216 45
9229 5 2470 10 8577 46 7147 82 7674 54 2756 62
9230 6 4182 19 2195 15 4421 23 1941 36 2909 4 2517 89
9231 3 4832 47 2562 22 2297 60
9232 6 7673 1 4257 88 667 15 9949 3 6846 87 3848 4
9233 2 3160 89 2359 16
9234 4 2499 88 2005 11 8960 93 2363 33
9235 3 7505 40 758 40 356 31
9236 5 5809 15 3128 92 8678 92 5650 65 9305 47
9237 1 3567 75
9238 3 3426 16 1849 89 5391 65
9239 1 7137 46
9240 3 3586 19 9780 10 7337 8
9241 5 5373 74 2861 8 7628 89 2551 21 3061 1
9242 5 187 99 3678 11 6989 30 6133 82 3177 45
9243 4 4147 32 7268 92 6355 67 4356 95
9244 3 9003 5 8640 12 1417 40
9245 2 4000 12 7221 68
9246 7 5634 46 9838 86 1691 37 3352 46 4897 95 7268 79 1810 38
9247 5 5486 87 575 95 5760 15 4063 9 5967 66
9248 5 3816 66 3884 87 3251 11 4923 37 1233 11
9249 5 4785 100 9632 51 434 10 1744 4 5011 27
9250 4 6556 20 1646 12 7217 63 4963 59
9251 3 1558 98 8928 6 1856 29
9252 6 4627 59 4295 56 2449 57 2826 38 7551 82 188 59
9253 6 4011 81 9761 73 6949 54 8831 56 5442 98 5463 53
9254 4 4550 47 346 70 7781 23 6432 13
9255 6 3306 17 3429 68 6618 41 8071 53 7394 59 1327 99
9256 3 1815 54 8505 41 9269 30
9257 3 2977 7 7941 50 9538 92
9258 4 795 40 7832 27 1506 62 7364 41
9259 2 4305 23 5470 62
9260 7 4821 10 5534 21 1742 96 8548 96 5219 15 6940 45 8285 15
9261 4 2691 89 9482 45 5139 99 9224 24
9262 3 6679 42 5764 85 2306 88
9263 6 6350 28 6394 7 2602 53 355 51 2892 21 1974 1
9264 2 3806 11 8614 18
9265 4 8474 69 183 59 3802 45 4356 82
9266 5 9198 16 8306 85 172 20 5676 68 1127 63
9267 2 8162 18 2861 14
9268 5 8287 15 1339 89 3063 90 10 58 8051 40
9269 3 3731 4 362 70 9256 30
9270 5 2943 58 8463 9 1799 32 9002 68 1195 68
9271 5 579 9 4176 78 4102 8 2121 59 6041 54
9272 3 5004 77 3845 60 3397 6
9273 5 4098 20 5648 52 9019 82 2268 42 5371 42
9274 2 7235 65 6644 18
9275 3 7764 52 9476 66 4545 11
9276 2 6134 32 9414 8
9277 6 8341 74 9404 21 428 51 863 44 5342 11 791 29
9278 2 1738 69 8927 98
9279 5 2474 16 8268 72 657 77 4736 9 1178 56
9280 4 7367 88 5129 37 242 20 2710 98
9281 2 4445 76 3955 92
9282 3 3896 27 2707 21 9816 66
9283 3 337 1 8103 58 6575 36
9284 4 4140 9 8118 23 752 68 1468 68
9285 3 1745 60 8939 99 984 97
9286 1 8094 31
9287 5 495 83 6632 23 9731 56 7292 3 301 69
9288 4 3949 12 7438 25 7192 37 6635 30
9289 4 7792 24 2922 84 2903 14 9941 54
9290 1 8797 64
9291 5 4122 30 7937 34 4887 97 8369 60 8352 9
9292 5 7572 74 9939 8 5138 3 3007 94 4234 60
9293 8 6469 69 4755 74 2068 21 6541 80 4785 68 8071 27 7146 100 3010 35
9294 3 1503 54 2259 41 3317 37
9295 3 1157 14 6541 51 7676 19
9296 3 9165 24 7319 62 567 63
9297 7 8562 98 3594 78 4413 74 5438 15 2241 51 8736 27 7638 73
9298 4 6187 44 9745 72 5653 18 2530 79
9299 5 247 76 8138 52 7301 99 2326 100 5863 65
9300 5 5042 48 9936 67 1841 18 5371 20 352 63
9301 2 648 75 8918 28
9302 4 2846 3 1279 63 5665 62 1565 82
9303 4 4191 55 2909 32 267 78 4172 99
9304 1 2193 59
9305 4 2181 32 9796 21 4994 30 9236 47
9306 3 2029 27 5082 81 4365 8
9307 7 6295 72 9512 35 3514 74 4091 46 6514 2 8075 93 7775 37
9308 4 1988 64 620 98 1339 55 3832 35
9309 4 8020 40 7335 27 9771 50 4426 2
9310 5 2182 27 481 76 2302 70 2717 76 5424 86
9311 5 1249 55 6041 55 9579 72 4788 8 8691 14
9312 5 6857 32 3113 87 3663 88 3690 94 5845 88
9313 5 7072 61 7765 48 8049 88 3989 40 1642 11
9314 3 8118 44 9513 20 2139 3
9315 4 6151 15 465 34 5817 21 632 70
9316 3 6687 50 8189 35 8448 41
9317 6 441 4 2909 85 6915 8 5314 46 3162 75 9577 21
9318 3 7003 1 7274 26 5458 42
9319 4 5527 54 8112 2 7997 53 899 87
9320 4 843 40 5849 17 6567 57 4974 81
9321 6 5750 63 7718 26 4072 68 8506 95 1892 62 6170 64
9322 3 3785 9 4889 26 165 2
9323 3 2496 87 2624 16 764 83
9324 6 4909 77 6297 1 5060 59 4256 67 643 54 9189 38
9325 4 4118 30 2027 38 4869 45 3479 89
9326 5 7590 80 5419 41 8976 20 1283 16 5168 19
9327 4 762 27 6490 73 9551 16 6306 10
9328 4 2058 22 2943 45 541 53 1427 86
9329 6 211 75 7718 57 1325 74 3490 10 2166 12 695 80
9330 6 551 41 4561 98 2201 80 3241 18 8941 4 4399 49
9331 2 6469 12 5051 26
9332 4 6664 47 9390 40 8045 83 1839 36
9333 2 5868 69 8222 78
9334 3 6890 82 8496 33 2872 70
9335 2 1357 42 861 3
9336 5 8573 67 4386 46 1199 72 9879 17 4763 66
9337 7 5358 56 3977 31 8323 52 1155 77 843 95 2994 76 5201 76
9338 4 8081 51 2064 50 1021 49 2476 82
9339 4 8748 90 8094 35 7331 61 5904 34
9340 7 5883 16 7430 52 8099 22 235 32 1730 25 7743 29 4031 86
9341 2 3753 85 1169 64
9342 4 7286 49 7756 48 1607 46 5156 28
9343 7 5994 15 6086 46 7755 10 6216 7 7065 80 8238 100 7510 85
9344 6 7148 5 9479 43 4895 35 6477 85 9763 8 4905 29
9345 4 4499 40 9672 32 5366 19 4025 68
9346 2 3169 52 5874 52
9347 3 7220 51 9401 27 4550 47
9348 6 4087 71 9539 8 8067 2 8978 70 1623 58 4488 53
9349 10 5022 51 5539 7 9909 86 7532 59 1681 10 5356 53 7220 21 4630 30 8719 19 5386 24
9350 1 5572 27
9351 6 8808 41 8410 64 4596 68 8253 86 37 60 4796 79
9352 5 3536 31 8242 64 3730 29 7690 70 8920 100
9353 4 5541 54 9567 1 1609 37 7134 29
9354 5 8813 63 6971 82 1236 72 8636 11 6897 89
9355 4 5897 99 3821 12 3712 2 1152 59
9356 6 124 67 280 97 6236 69 8481 59 5566 83 5378 54
9357 3 2495 10 3846 7 4141 67
9358 4 5465 72 4363 79 8602 52 8412 75
9359 3 5501 26 1535 74 3304 75
9360 4 3163 61 9400 59 1947 9 7900 62
9361 2 4928 61 7374 75
9362 5 2248 68 3215 46 3465 37 8452 58 6283 82
9363 4 4404 19 5056 24 3526 68 2881 77
9364 1 951 20
9365 3 8596 99 795 63 8516 2
9366 4 494 13 5909 79 9119 8 8461 49
9367 2 4048 78 1076 14
9368 4 6738 43 2014 44 8373 98 4742 85
9369 8 2788 9 2618 53 4415 22 2894 59 1503 63 8934 33 4911 74 377 94
9370 3 3487 81 7858 39 7733 57
9371 4 4346 64 7411 68 2060 38 4100 26
9372 7 8053 5 3169 32 6433 84 7860 70 4966 27 4331 70 9086 97
9373 5 290 88 4121 6 6860 45 7229 45 9930 24
9374 10 7889 34 3952 29 6144 6 8515 98 2946 17 8509 68 8267 12 6532 98 3434 21 2228 45
9375 1 2796 14
9376 2 7551 6 5235 15
9377 9 7881 21 1960 32 2061 32 8462 2 1553 66 4060 34 184 45 3357 95 5337 15
9378 4 1905 15 2547 79 3452 47 478 61
9379 2 719 52 5976 27
9380 5 4961 28 3770 51 5436 77 5511 76 7562 25
9381 4 3609 59 9542 35 7018 52 44 9
9382 5 1721 70 6285 48 2608 80 1217 45 5100 71
9383 6 6569 98 3771 82 2845 80 5012 21 5592 97 6245 85
9384 2 7402 14 9869 60
9385 5 9225 43 1017 2 6811 76 1686 40 2993 54
9386 6 5011 80 9661 63 3337 47 7407 37 9745 37 3 54
9387 5 2214 34 9554 46 1682 57 4008 50 130 58
9388 4 6717 49 6944 71 315 89 8661 40
9389 2 8611 54 6546 60
9390 6 9332 40 9942 75 5745 89 136 22 4838 57 1938 10
9391 2 9003 33 435 76
9392 3 7214 93 3541 64 6560 76
9393 5 4156 74 4200 28 7437 93 6231 9 7652 95
9394 5 8538 94 9462 88 4661 35 2459 40 364 16
9395 5 1175 49 7274 41 7334 18 1302 2 3499 45
9396 2 4904 6 2352 14
9397 3 3803 57 6964 70 7702 74
9398 6 1796 17 7795 11 7252 69 5443 74 2986 55 5303 38
9399 4 5357 57 9487 100 5466 79 8751 3
9400 7 4921 17 9360 59 6889 12 6568 8 6032 39 8583 26 1196 26
9401 2 8228 75 9347 27
9402 6 5110 55 2022 75 8438 59 3064 6 8892 11 1278 34
9403 3 5700 7 8625 80 7851 77
9404 2 9277 21 2920 67
9405 2 6542 93 5193 79
9406 3 2128 63 1703 22 7722 10
9407 5 1799 100 9746 89 2934 75 2200 73 7421 63
9408 4 4102 9 2918 94 4442 39 2985 77
9409 6 4715 5 6969 84 2024 83 3676 74 540 35 4553 34
9410 2 4172 67 3302 22
9411 5 6096 1 1523 76 3821 7 3995 4 1172 40
9412 3 8940 17 1551 2 313 80
9413 7 3060 24 8086 50 5327 9 6018 25 2396 72 6763 65 5954 11
9414 5 9276 8 2245 16 309 51 5740 74 2172 76
9415 4 7880 20 348 21 6479 94 1582 97
9416 3 3795 55 1235 62 1876 52
9417 3 6069 76 6932 12 971 29
9418 3 1952 75 7448 57 4711 48
9419 2 2930 6 7855 31
9420 1 7846 76
9421 7 7440 39 9489 82 3546 84 2082 66 4260 75 6809 92 6197 79
9422 5 5977 9 4897 14 8116 97 1526 31 8658 88
9423 3 7010 80 2059 21 9577 57
9424 3 9043 23 312 8 5629 27
9425 3 7370 73 9587 99 7689 44
9426 2 1172 28 9547 35
9427 3 7036 97 6142 38 675 54
9428 5 3160 5 6360 81 4339 94 7498 22 1232 14
9429 5 6089 12 3205 56 1153 25 1019 43 4897 95
9430 7 5832 3 1760 9 4804 48 5994 99 1495 38 4759 24 3010 64
9431 4 7789 57 665 59 7663 58 3460 27
9432 3 8372 70 8095 4 7095 84
9433 3 6785 51 8407 66 3908 100
9434 3 2404 81 7843 56 5416 27
9435 3 5781 6 1230 6 5002 61
9436 2 8641 93 6046 5
9437 3 4045 36 9803 93 1667 5
9438 3 3913 8 2484 88 3934 13
9439 5 981 35 5790 50 9525 61 1368 18 6818 34
9440 6 7001 57 3447 68 4911 16 9832 96 3770 65 4533 22
9441 3 6723 49 872 88 4181 93
9442 4 5253 83 9723 55 892 95 2838 28
9443 3 6540 48 3974 73 7301 79
9444 2 887 69 8963 30
9445 5 5554 59 9541 36 6114 44 1699 47 8928 52
9446 4 576 97 6153 25 5287 59 8955 37
9447 4 2203 29 699 45 1264 49 4253 92
9448 3 6839 62 146 85 4308 14
9449 3 538 32 4754 34 4442 7
9450 3 836 32 7223 97 3531 10
9451 3 8629 55 1976 94 6323 26
9452 5 6925 31 5002 65 1377 9 8818 39 7862 19
9453 3 4546 39 124 84 7233 6
9454 4 4515 30 6703 57 7000 24 6980 66
9455 2 4156 5 4399 1
9456 4 1864 74 3714 18 1942 6 8082 55
9457 5 2607 72 5422 26 3357 92 9157 40 4874 32
9458 5 6322 1 9638 44 8489 1 7159 75 5152 81
9459 3 8451 30 5687 17 5207 60
9460 8 4975 70 3359 56 6307 89 2530 74 2867 13 3087 67 3799 46 1494 9
9461 8 6217 48 9133 20 2597 9 5438 89 5571 31 9200 8 8758 86 4149 4
9462 3 9394 88 5202 8 3606 87
9463 4 8137 25 2173 94 7465 13 7423 47
9464 4 3922 8 3115 79 6511 34 7627 70
9465 2 7263 24 7239 23
9466 3 1655 86 4539 38 62 94
9467 5 7495 89 4423 68 3120 89 3476 91 7166 3
9468 4 8302 6 3272 29 1194 98 9173 1
9469 5 426 65 5031 11 7864 59 7302 84 383 27
9470 7 4714 36 5873 38 9125 20 4748 73 3980 99 5461 43 2081 100
9471 5 14 24 627 36 4500 85 8208 8 2473 16
9472 4 744 35 5119 28 2258 90 3290 21
9473 3 8969 1 911 46 4939 45
9474 3 3858 68 9892 88 7186 37
9475 4 5211 63 2986 84 4841 2 3752 1
9476 7 1227 1 9561 82 4089 94 8407 78 1788 33 6577 99 9275 66
9477 5 764 30 2931 88 899 33 787 91 5513 51
9478 5 371 4 6322 18 3449 95 304 58 9960 81
9479 4 6718 95 8450 96 9344 43 8133 9
9480 8 1166 26 9792 84 7878 36 6678 82 1053 61 6287 53 7436 41 6104 8
9481 4 3941 35 73 91 9495 21 8232 34
9482 2 9261 45 3497 82
9483 6 482 83 5034 49 2706 48 1826 65 4019 23 865 14
9484 4 1722 44 7391 61 5095 40 4147 29
9485 4 397 12 697 70 5599 25 1447 48
9486 2 6984 82 4669 88
9487 4 9399 100 997 74 6096 3 3784 58
9488 5 708 67 6045 51 1990 54 1122 6 6812 26
9489 3 8494 49 9421 82 4950 6
9490 7 4315 58 8063 40 2594 13 5760 97 6914 54 9902 93 9214 98
9491 6 3581 30 9832 62 6907 17 7488 87 9948 36 2079 20
9492 4 1073 50 3513 85 430 1 1721 79
9493 5 6824 88 7298 72 8759 34 498 58 2205 62
9494 6 8708 54 9806 78 4302 21 888 38 8049 61 8952 95
9495 6 6433 26 6827 62 9956 94 9 9 9481 21 8011 12
9496 3 1509 3 5176 26 9613 32
9497 4 8613 62 9862 99 2154 11 936 39
9498 2 7320 19 472 97
9499 5 5803 90 7791 56 2820 10 3056 30 2924 28
9500 3 4983 81 3228 66 2118 61
9501 4 6618 85 9122 42 2386 3 4034 16
9502 4 4005 21 1729 13 9185 32 2015 72
9503 3 523 32 2610 38 191 49
9504 3 8951 38 4170 5 3097 49
9505 6 8865 36 932 61 8837 56 8821 84 3676 25 1818 27
9506 3 7582 76 8292 67 6705 6
9507 1 5423 23
9508 3 5132 47 7672 13 5195 45
9509 4 5448 5 5522 41 808 71 4278 88
9510 5 6868 26 5021 44 9560 61 6686 43 2970 5
9511 4 2260 80 2528 15 9713 64 8588 24
9512 3 5755 56 9307 35 8290 28
9513 5 5521 73 9757 86 2397 82 6723 34 9314 20
9514 6 7729 35 4202 36 3061 35 4814 69 9554 40 85 2
9515 5 1546 70 1457 77 2225 11 6442 26 507 46
9516 2 8456 67 4076 78
9517 3 1259 41 5174 92 2175 88
9518 5 1961 68 6285 25 3349 18 7779 83 7441 92
9519 2 6943 76 6763 91
9520 5 7910 20 6712 60 1444 19 6239 14 1350 35
9521 3 6374 39 7789 54 6583 33
9522 3 756 74 5539 94 3255 47
9523 5 7035 36 3679 87 2566 52 3325 83 9717 99
9524 5 1346 60 8564 3 2975 59 6794 43 1931 4
9525 5 7730 44 2402 17 5723 35 7382 71 9439 61
9526 2 3082 51 7094 48
9527 3 6095 96 8219 18 6754 35
9528 3 2585 47 4911 28 5754 38
9529 3 736 26 381 47 6082 79
9530 5 7342 2 5886 64 6471 78 6888 64 5332 77
9531 1 8715 52
9532 5 6118 84 7826 60 9798 84 8485 53 5137 19
9533 5 1993 89 9723 49 3173 15 696 37 2170 8
9534 4 1300 100 8491 7 2113 7 8423 79
9535 5 2704 12 2257 10 8126 18 6850 35 4885 99
9536 2 5212 57 839 67
9537 5 4929 74 2398 4 5199 4 3181 49 6545 55
9538 6 9214 96 9730 58 1395 85 5694 99 5669 93 9257 92
9539 3 9348 8 9201 79 6341 35
9540 4 7623 95 3343 73 819 98 4792 76
9541 7 9445 36 7506 12 2238 22 5075 37 7357 85 7133 62 8268 83
9542 5 5255 68 9381 35 4438 16 2086 94 4878 61
9543 7 4964 99 6882 78 3601 40 1926 53 8860 23 5972 96 1158 56
9544 2 455 58 252 97
9545 3 6591 23 3985 16 7400 93
9546 3 4359 35 5363 7 8378 65
9547 3 9426 35 8780 93 4169 13
9548 3 7308 75 5776 14 2086 45
9549 2 4992 76 9598 67
9550 2 7039 64 3838 56
9551 5 7589 8 4872 92 8125 49 9327 16 8744 41
9552 3 1246 7 1024 27 5570 11
9553 3 8923 48 5994 59 3742 73
9554 5 9387 46 4332 96 6908 18 4475 83 9514 40
9555 6 6275 59 7585 68 1107 35 7414 83 1486 67 3007 1
9556 4 5897 51 8208 59 6916 96 845 83
9557 2 5685 86 9560 78
9558 4 6983 88 2180 6 1605 33 6184 73
9559 2 4238 79 6855 64
9560 5 3874 39 4115 36 480 16 9510 61 9557 78
9561 3 9476 82 1911 77 3983 16
9562 2 4702 42 2334 61
9563 3 7985 91 8214 31 2761 98
9564 3 5214 58 1179 74 1347 19
9565 3 4948 39 2581 45 1047 73
9566 1 3595 45
9567 3 9353 1 6928 12 1854 8
9568 3 4013 67 1349 53 4616 29
9569 4 6376 90 2850 69 8965 75 2549 42
9570 4 2665 30 4895 48 3211 41 8147 47
9571 3 2385 33 2490 30 4407 6
9572 6 6600 10 1742 84 4121 6 406 21 1571 11 5178 98
9573 3 5228 84 1206 33 1942 54
9574 2 7317 56 3199 69
9575 3 7145 10 2212 96 4235 56
9576 2 6412 58 5334 87
9577 5 6250 40 1307 87 6202 20 9317 21 9423 57
9578 4 2041 58 5455 5 2886 52 2805 73
9579 5 8394 38 8040 23 7282 29 9311 72 7765 65
9580 4 8416 77 6415 27 9039 67 319 58
9581 2 3840 16 3974 19
9582 2 5264 53 855 53
9583 2 3734 72 5366 76
9584 6 5903 48 7718 44 7708 25 4229 49 7008 98 5535 40
9585 3 3257 11 8157 67 7184 9
9586 6 4968 27 9869 62 7658 68 7556 6 5447 16 4257 92
9587 7 4393 22 9998 54 984 67 9425 99 4323 68 9862 18 1751 82
9588 2 7261 22 3079 7
9589 4 4676 28 8922 94 6854 10 8845 84
9590 4 7466 33 8878 81 5778 16 5210 43
9591 3 4740 84 7205 42 1539 53
9592 6 5662 76 3094 18 9204 83 5179 81 2808 8 3702 40
9593 4 7804 23 5337 25 5096 44 5627 63
9594 4 3701 34 4603 49 6368 13 8501 20
9595 4 2769 68 2927 44 21 48 3957 64
9596 3 6288 16 1885 40 5851 87
9597 3 5647 61 6358 27 1050 65
9598 6 2640 44 4887 19 2191 77 3449 20 9549 67 3338 95
9599 3 7677 10 1089 97 1972 77
9600 4 7410 45 2368 95 2771 1 9733 58
9601 3 671 81 8210 29 2483 76
9602 8 3370 99 2693 10 321 40 2177 69 86 27 7494 33 517 2 7965 41
9603 7 1686 5 6776 16 3688 79 4062 52 7913 5 1677 33 763 54
9604 5 7016 38 3021 93 6078 87 466 80 3649 94
9605 7 4857 19 3134 90 1023 48 9926 95 7587 34 5066 15 8504 81
9606 1 1839 14
9607 7 6297 8 2784 25 6801 47 5915 49 6764 30 7319 59 9640 78
9608 2 3970 56 4612 96
9609 4 4342 41 667 75 8239 42 1851 49
9610 3 7815 72 1096 16 8523 13
9611 5 682 6 4110 19 708 82 1161 83 3421 13
9612 2 6210 67 9816 62
9613 4 6972 81 7864 97 6206 77 9496 32
9614 4 1500 49 4468 68 1801 58 2675 94
9615 4 8224 88 6960 90 1652 40 4908 59
9616 2 2666 62 1681 66
9617 4 5701 28 1681 21 5709 86 4170 93
9618 3 5006 37 5267 18 6099 90
9619 2 7595 55 1961 14
9620 3 6814 71 7020 82 4864 49
9621 8 6229 61 4492 31 2856 85 6425 80 7679 94 9676 56 9944 26 8605 37
9622 2 1752 25 1642 38
9623 5 1589 67 2511 84 2852 27 7682 97 3306 61
9624 3 6947 92 1760 44 4856 22
9625 4 5703 3 1698 74 5337 46 1957 99
9626 3 4478 35 8224 69 944 77
9627 2 5142 59 6364 79
9628 5 3647 79 84 63 4511 57 7506 94 2085 88
9629 6 3937 23 9714 20 2054 65 7145 2 9827 36 8919 86
9630 5 3653 19 5995 51 5430 81 8978 48 4106 89
9631 4 6343 59 3283 100 776 74 2170 76
9632 2 9249 51 6669 41
9633 7 391 31 6043 68 246 64 5632 38 1908 99 4313 72 5866 45
9634 2 7175 6 6167 1
9635 3 6774 49 1175 76 3127 97
9636 4 4346 16 3859 68 5810 21 5444 95
9637 6 3140 69 7250 84 2548 56 7410 76 2856 88 9755 66
9638 3 7507 45 6296 84 9458 44
9639 6 7548 66 2915 18 6265 44 456 34 1411 49 3807 82
9640 6 830 86 6806 55 7473 32 9607 78 1504 21 7874 53
9641 2 2310 57 4502 72
9642 4 8130 49 2673 83 4269 75 6500 96
9643 9 7529 17 1211 74 9735 29 191 49 2080 54 6785 66 3155 12 7416 24 8748 52
9644 5 5249 82 118 39 7564 8 2378 58 1243 20
9645 4 8388 92 1624 4 2827 100 4896 83
9646 2 5358 69 8614 47
9647 5 7774 81 1801 65 256 6 4724 6 8899 93
9648 6 1385 29 2277 94 2636 38 3923 13 8446 84 9990 11
9649 5 2079 2 8920 74 4954 22 5741 14 1693 87
9650 5 7662 32 1854 8 9216 73 6071 93 1575 37
9651 4 8337 22 2761 26 5596 78 1073 69
9652 4 8384 55 4049 10 6129 89 1851 12
9653 4 6582 23 6937 60 8302 75 7023 79
9654 5 4502 81 975 86 6690 7 5929 76 6958 9
9655 5 1701 7 3772 46 910 43 1090 66 8877 89
9656 2 607 45 8848 86
9657 1 4691 22
9658 4 8532 48 5889 84 3699 21 2340 3
9659 2 1269 69 5293 52
9660 5 1618 42 6794 22 6564 9 6129 43 1148 4
9661 4 9386 63 7316 4 7518 16 5869 95
9662 3 3258 72 1915 22 4679 15
9663 2 8194 81 4983 83
9664 6 4244 3 166 53 5931 89 23 94 8827 58 1305 63
9665 2 8238 58 8839 72
9666 4 3099 19 1 32 315 28 1117 35
9667 4 2578 14 5458 61 9873 58 839 45
9668 3 6078 75 81 72 6951 5
9669 6 2801 38 4118 56 8901 87 784 41 1227 80 1781 34
9670 5 7152 47 8734 84 6655 25 3869 43 3741 35
9671 3 7477 94 9937 64 6965 43
9672 2 9345 32 4699 2
9673 2 3852 38 4457 12
9674 4 316 22 9880 80 433 68 8224 53
9675 1 8427 14
9676 4 6517 79 8815 29 9057 37 9621 56
9677 2 8609 53 2481 36
9678 4 3007 72 6144 51 7477 9 2994 41
9679 3 1268 96 2582 91 7370 62
9680 1 7804 75
9681 7 7108 4 8425 71 859 18 149 9 2552 68 8889 44 4669 17
9682 3 265 35 2140 84 935 9
9683 2 5744 41 7464 32
9684 6 396 22 125 13 7605 65 8099 63 8878 2 5230 81
9685 4 3557 87 3471 56 5802 73 7738 58
9686 5 211 78 359 53 5104 55 795 66 493 46
9687 2 6297 34 71 5
9688 4 5513 78 5782 51 6225 45 725 47
9689 3 6199 84 2836 95 5622 24
9690 4 4928 89 2466 27 5339 35 8542 56
9691 7 395 70 524 90 464 40 7558 90 6212 57 6429 99 6487 73
9692 7 2614 55 6851 27 9191 14 9981 7 8252 34 4199 32 1560 28
9693 3 628 72 3535 81 3777 63
9694 5 6090 6 2964 33 6835 78 9974 51 3114 81
9695 4 5982 93 2876 77 3371 3 1038 83
9696 5 5585 28 7052 38 7752 54 5905 1 1069 15
9697 2 1866 2 5655 17
9698 5 3606 80 4149 68 2241 68 3849 91 2124 8
9699 2 7013 79 1210 82
9700 3 4976 82 6681 97 4260 32
9701 3 2379 96 5708 78 3288 70
9702 3 4141 86 3847 11 1550 97
9703 6 3832 29 5106 69 651 50 1135 19 2879 28 1317 23
9704 5 8580 76 3769 95 6064 5 1642 34 6260 85
9705 6 2316 46 7417 58 1371 78 3912 76 1995 49 8042 49
9706 6 561 93 5857 78 3266 66 311 43 7311 16 3141 18
9707 4 5464 29 9736 71 5511 16 1959 89
9708 7 6027 68 5044 82 4175 88 3770 31 5157 5 3041 75 6616 90
9709 3 5042 56 4668 3 768 54
9710 2 5674 40 2597 4
9711 6 314 14 1708 36 7448 32 8204 66 9066 58 2641 56
9712 2 3459 21 2810 98
9713 6 4954 76 9857 88 5562 56 7500 37 7090 13 9511 64
9714 2 4263 82 9629 20
9715 5 6541 91 9069 71 2571 35 4151 98 7490 16
9716 5 8965 29 906 86 4996 7 942 82 4960 78
9717 8 8705 71 407 50 8464 42 9863 11 1860 92 5688 48 8953 14 9523 99
9718 3 6812 62 6041 20 5668 16
9719 2 27 62 5045 48
9720 4 1496 28 1927 47 3368 87 7204 55
9721 6 3868 78 9965 10 1430 57 2226 23 4022 36 8899 19
9722 5 8071 71 9848 36 256 21 3829 79 4613 29
9723 3 9533 49 9442 55 3210 54
9724 3 4145 33 6789 58 9943 28
9725 2 276 78 6557 26
9726 3 3356 68 8624 59 3987 22
9727 4 3346 40 5979 30 6316 70 1117 69
9728 3 6732 65 8806 22 813 35
9729 4 8425 52 897 23 9118 70 2654 43
9730 5 7967 21 9538 58 1293 84 2430 58 3334 46
9731 5 2894 4 6821 19 9287 56 1553 93 8408 2
9732 5 2817 62 8236 82 407 41 7143 55 5679 43
9733 5 3726 22 4875 62 679 13 9899 61 9600 58
9734 2 8068 89 9805 84
9735 8 2452 73 9643 29 6151 21 3110 97 3762 15 8952 19 2017 44 2421 14
9736 7 8657 65 3978 26 9707 71 6190 57 8535 53 9173 100 6566 32
9737 5 2572 59 6528 8 1614 24 5452 79 190 69
9738 2 7650 49 1628 7
9739 3 5101 72 7294 24 2648 55
9740 4 2264 8 7597 54 2174 59 326 55
9741 3 1125 92 3519 84 4344 53
9742 4 1381 43 7352 7 5785 90 7419 44
9743 3 3793 28 3938 63 1951 86
9744 1 3006 87
9745 7 9298 72 9386 37 218 51 1817 73 1253 14 186 80 422 75
9746 4 5995 48 1743 41 9407 89 4415 42
9747 4 6749 71 1882 42 8255 69 1946 83
9748 8 2321 64 6513 36 2302 99 7908 1 304 13 2543 94 5859 37 4866 78
9749 6 4006 81 7946 48 8387 73 3391 72 2363 93 2355 19
9750 2 450 1 6169 68
9751 5 443 27 8155 8 9086 93 5344 93 1947 11
9752 6 5370 77 4878 54 3690 57 4257 77 3844 10 156 27
9753 3 5667 16 1602 94 4436 8
9754 3 4433 59 959 20 7600 76
9755 5 6377 9 1992 93 5571 69 9637 66 2239 54
9756 6 8288 4 1747 71 4327 69 5099 53 8079 67 8783 53
9757 5 4825 95 7281 26 7110 92 9513 86 9781 7
9758 2 3578 38 4946 27
9759 5 3578 49 9219 47 3119 31 4613 69 5111 40
9760 4 8000 60 7280 22 2744 30 6197 26
9761 2 9253 73 2918 91
9762 4 6465 62 5897 55 7076 100 941 91
9763 5 69 5 2448 1 9344 8 1035 21 2994 83
9764 4 1678 9 7610 55 852 85 360 13
9765 3 478 28 7559 56 3140 86
9766 4 8595 88 7793 99 5420 70 8972 81
9767 3 1515 4 9140 5 2988 15
9768 2 511 51 8086 74
9769 5 3079 96 5120 3 4218 31 7864 48 6069 47
9770 3 7884 74 4971 37 8838 4
9771 4 6297 95 4436 88 9309 50 2239 1
9772 7 4011 83 7044 7 5849 63 8365 46 2501 1 3424 43 6775 29
9773 5 56 63 8711 21 3610 82 7274 76 7075 94
9774 3 6487 20 4078 77 8697 91
9775 4 6894 42 6749 23 5864 96 8726 13
9776 2 2333 76 8755 7
9777 1 7306 78
9778 3 9160 26 1082 90 6650 52
9779 1 1780 84
9780 2 9240 10 3560 75
9781 5 3050 6 75 7 9757 7 7652 60 305 34
9782 3 2417 40 9980 31 6265 30
9783 3 9047 66 6588 12 751 36
9784 8 5296 66 3658 44 6575 49 2692 26 8791 4 1930 95 9011 78 8406 56
9785 2 6966 34 1618 23
9786 5 2901 38 1749 92 5329 80 6135 43 4394 31
9787 5 3103 69 4193 21 9120 100 2329 23 5057 82
9788 6 3858 80 4355 39 7833 72 8316 42 4921 9 2720 53
9789 4 6225 94 7231 77 2339 48 8393 57
9790 4 7758 12 303 24 5106 62 7528 90
9791 2 4525 67 4318 5
9792 2 9480 84 4557 22
9793 1 431 36
9794 1 8488 12
9795 4 2293 55 3399 85 13 57 7243 74
9796 5 9305 21 1967 27 4428 2 2472 90 1366 90
9797 3 642 1 226 27 6123 40
9798 5 6289 64 8603 52 964 85 9532 84 7246 27
9799 2 4249 7 3587 58
9800 2 6163 22 2157 83
9801 6 674 18 2309 76 7383 44 1298 61 5512 1 769 75
9802 7 1900 75 4080 63 3389 83 5850 16 3882 30 5221 98 6506 36
9803 4 9437 93 1341 34 3013 53 6750 62
9804 3 5247 44 6237 1 2504 69
9805 7 5669 100 821 43 127 74 4878 21 9734 84 2717 4 2857 6
9806 5 9494 78 9918 6 6933 52 1848 22 7731 78
9807 5 6656 91 9001 7 40 92 5027 44 7593 29
9808 2 5897 75 4365 6
9809 3 2540 41 5900 96 3327 70
9810 5 7065 34 6094 49 2191 77 9910 44 4593 32
9811 8 6343 77 3557 8 8743 13 3047 5 4786 74 9076 76 4170 94 2321 21
9812 4 2593 92 8269 71 1085 98 71 71
9813 5 7124 32 3762 25 8012 45 1998 15 571 57
9814 6 5121 93 7710 48 5590 91 4755 11 7579 84 967 86
9815 4 8014 54 7553 30 4630 100 8840 53
9816 5 1510 86 6371 2 3082 58 9282 66 9612 62
9817 2 2062 67 1110 85
9818 4 7373 48 6986 83 2871 92 1630 42
9819 1 51 94
9820 5 5756 41 6977 70 8631 54 6309 33 9052 39
9821 2 6900 19 3554 25
9822 5 3585 63 8129 41 8021 71 9164 14 8932 11
9823 6 2171 96 451 19 8353 67 3328 95 6870 69 1165 80
9824 6 3666 63 8043 95 6485 47 6398 8 5679 4 3959 5
9825 4 1485 3 5215 94 5516 56 5388 38
9826 1 5343 56
9827 3 5653 77 9207 10 9629 36
9828 3 731 16 1451 30 7346 71
9829 4 3938 13 3306 87 5272 72 6469 42
9830 3 4349 25 4003 98 9029 56
9831 5 3917 65 1952 46 8147 34 2087 89 2982 34
9832 3 9491 62 2151 37 9440 96
9833 5 5646 31 3896 27 3816 63 210 52 945 9
9834 9 9162 16 6435 52 4770 6 7429 64 1508 44 4441 26 8669 64 1061 83 5983 31
9835 1 3824 42
9836 2 9180 67 7366 15
9837 3 8445 50 647 23 6755 70
9838 5 9246 86 1858 42 3553 9 8683 45 4612 9
9839 3 5452 2 3810 23 3565 63
9840 4 3416 36 4270 26 6704 12 6183 70
9841 2 2411 48 4815 97
9842 4 6910 10 4664 27 4564 54 6232 52
9843 3 2082 39 43 56 3284 5
9844 2 7812 18 9029 63
9845 2 5975 26 8104 12
9846 11 4212 88 5857 32 5676 64 9904 77 8925 51 519 9 8129 46 1259 57 7215 13 4290 42 2160 5
9847 3 3898 55 8655 88 8527 65
9848 3 5410 5 9722 36 3448 26
9849 7 7980 32 7951 13 5731 39 1455 45 150 80 6676 61 5941 63
9850 1 971 64
9851 3 3023 24 2003 1 3128 49
9852 5 6792 75 8364 25 908 73 7339 24 6061 40
9853 3 8409 54 5575 57 2742 53
9854 6 5312 29 2107 17 179 12 809 35 2126 59 6119 82
9855 3 5372 30 2704 73 2610 64
9856 6 1467 69 6921 82 4000 26 7743 22 3521 15 3357 53
9857 5 9713 88 471 85 4215 81 4697 30 8838 49
9858 4 8218 98 4623 88 8267 54 1635 62
9859 7 1746 37 4785 93 4181 52 3332 93 5853 18 7852 94 7272 60
9860 3 3115 6 2433 73 7362 82
9861 4 3951 100 3897 28 5240 77 2086 43
9862 4 1411 23 5870 75 9497 99 9587 18
9863 4 369 96 9717 11 4381 65 5577 1
9864 5 7031 74 5935 16 8349 69 1157 52 425 51
9865 3 9099 73 9884 48 169 55
9866 2 4646 47 8156 42
9867 3 8587 1 6266 37 8452 46
9868 2 562 4 6575 43
9869 9 6016 28 9151 30 9586 62 2915 71 8349 77 364 78 8364 80 9384 60 3920 56
9870 5 1220 44 1020 11 3342 54 2105 34 4577 21
9871 2 9202 81 7003 90
9872 3 8341 62 3133 1 7835 23
9873 6 8203 57 3264 78 9667 58 691 89 7798 55 7822 27
9874 4 8608 26 4785 81 4346 63 1636 22
9875 6 8956 59 7184 41 1689 51 4526 100 5861 10 7634 43
9876 4 7623 25 3327 51 7870 27 5100 27
9877 1 4414 58
9878 3 2501 30 8538 58 8489 54
9879 4 1179 45 3379 90 4623 35 9336 17
9880 4 7924 14 9674 80 5831 83 8 53
9881 7 5333 82 3150 75 8221 83 3216 11 7679 35 9063 44 6656 22
9882 3 7684 8 4960 93 3961 26
9883 3 3404 61 4733 25 2397 18
9884 7 7938 16 3465 56 9865 48 2479 26 907 65 6585 79 802 60
9885 3 5948 14 8185 65 1081 11
9886 2 8620 38 4509 62
9887 1 3057 70
9888 2 7301 56 6027 59
9889 2 6952 37 2372 18
9890 2 7316 43 4151 15
9891 2 5774 7 7003 1
9892 6 2844 16 5278 69 5763 36 6740 19 6162 2 9474 88
9893 3 9178 39 2027 69 7102 95
9894 6 6600 72 4003 91 7500 56 1543 50 9979 68 6145 35
9895 6 7019 95 8430 9 3081 24 9202 27 398 70 6192 58
9896 2 806 29 8304 17
9897 3 374 11 6268 50 8649 95
9898 2 6019 65 3284 99
9899 4 7008 51 3934 48 9733 61 6108 5
9900 5 4069 50 3258 100 4212 68 7961 20 1389 55
9901 2 9015 47 7756 13
9902 3 5798 86 1284 87 9490 93
9903 1 1828 45
9904 2 9022 50 9846 77
9905 1 7922 59
9906 5 2147 14 8915 35 980 8 2189 95 1365 44
9907 4 8277 29 1919 75 3794 2 9003 49
9908 5 2454 2 5174 29 2504 94 2957 31 3315 39
9909 5 5660 75 9018 14 5873 85 9349 86 1125 51
9910 5 871 14 561 9 340 47 8329 78 9810 44
9911 4 8068 45 6471 78 7714 27 7502 56
9912 8 8379 32 2737 11 388 95 3457 25 4840 39 364 55 7493 71 3353 86
9913 6 7456 61 5942 86 5571 16 2475 7 6687 7 2422 82
9914 3 225 20 5305 38 67 56
9915 3 5206 88 1430 62 6663 18
9916 5 1577 42 4683 66 3444 56 6888 45 6071 51
9917 4 1318 38 2789 15 4966 33 3063 82
9918 3 1097 58 9806 6 2264 46
9919 3 6438 30 4770 45 21 53
9920 1 6469 4
9921 3 1323 7 6639 96 5132 40
9922 4 8313 65 2399 97 1310 60 7902 67
9923 3 5419 14 7658 69 2770 28
9924 4 1059 81 5475 82 5895 51 9106 32
9925 3 2047 92 1860 62 1178 95
9926 6 6746 20 4952 86 9605 95 6119 100 2259 41 4719 83
9927 4 9046 46 2883 7 6400 82 6653 96
9928 4 1089 78 4792 8 2332 75 4193 22
9929 5 1581 82 5675 53 3798 30 7994 60 1166 50
9930 3 2082 97 7113 12 9373 24
9931 2 553 16 96 56
9932 3 7303 100 2794 4 732 96
9933 3 4574 41 7040 30 570 11
9934 4 21 20 936 73 4994 84 5752 18
9935 4 273 7 2151 55 2311 68 3472 59
9936 8 1541 13 9300 67 4874 9 9116 73 1993 93 8535 15 5476 99 7143 24
9937 5 6286 8 9671 64 8624 38 4621 74 4517 55
9938 6 7240 76 5767 56 2231 39 4496 22 5269 6 257 3
9939 4 9292 8 8267 50 1936 15 4413 82
9940 4 2006 14 5888 10 3533 92 7055 93
9941 3 2393 87 5055 22 9289 54
9942 7 9390 75 8092 24 8950 17 7139 98 7992 78 2017 54 5732 68
9943 4 6969 12 8535 32 5831 23 9724 28
9944 5 694 30 7980 27 8840 44 9054 96 9621 26
9945 2 7721 20 2436 83
9946 1 6613 1
9947 2 846 2 6773 67
9948 4 4252 73 247 62 9491 36 4041 43
9949 5 1771 83 2681 37 9232 3 2884 80 3508 100
9950 3 5944 65 3186 11 4446 27
9951 4 6797 16 7646 77 3399 1 154 14
9952 3 5214 71 1004 21 8599 55
9953 4 6413 21 6087 9 1540 51 4187 3
9954 5 7574 8 2242 45 7617 62 5870 81 1802 83
9955 2 474 33 4880 72
9956 2 8015 56 9495 94
9957 5 8785 81 4898 9 7222 76 7082 65 6988 46
9958 4 721 98 3663 78 7636 86 3207 51
9959 2 936 31 6838 66
9960 6 5924 59 6862 81 8032 17 5746 75 9478 81 4047 55
9961 3 1252 38 993 19 5015 46
9962 1 7840 54
9963 4 579 6 351 84 5739 23 987 85
9964 4 8225 6 6415 16 2248 48 8478 7
9965 2 9721 10 6664 81
9966 4 8318 45 8725 92 5034 49 9011 90
9967 5 1613 19 1738 57 344 37 2738 6 5663 15
9968 3 4011 84 1412 81 2361 95
9969 3 3630 91 372 96 8490 94
9970 3 4122 25 8434 52 3047 97
9971 4 1469 4 2351 84 5798 77 7087 87
9972 2 80 81 7979 36
9973 2 7852 34 3753 85
9974 3 4451 82 9694 51 1983 38
9975 2 9143 65 7310 59
9976 2 3256 8 7725 23
9977 6 7085 69 5332 17 4473 80 553 93 8774 9 8219 65
9978 2 3074 82 5851 10
9979 6 1644 26 678 76 6248 52 9894 68 4080 47 3920 12
9980 3 6852 10 9782 31 3958 28
9981 7 8245 30 6441 21 5812 83 1734 70 9692 7 2670 48 4277 80
9982 4 2731 61 611 95 9122 41 1888 9
9983 3 3931 89 2110 80 8556 71
9984 2 5695 42 5426 25
9985 4 3338 39 7510 89 2811 24 7060 39
9986 5 6816 86 5841 74 3876 9 6932 1 3240 82
9987 3 8448 89 7791 96 3378 72
9988 3 4407 3 6617 85 1217 46
9989 5 1374 84 3354 35 606 93 482 71 8226 78
9990 3 7179 56 2667 3 9648 11
9991 5 3373 89 3070 67 8548 8 727 44 5558 84
9992 3 1660 41 310 38 7856 6
9993 3 1988 38 1833 4 7934 28
9994 5 5044 7 7384 80 8032 68 5428 3 2709 44
9995 3 1311 14 1523 50 8958 26
9996 6 3450 27 4923 69 1469 59 7601 30 1988 4 8329 10
9997 3 8592 43 6653 12 3932 69
9998 4 9587 54 2422 66 2530 13 3234 58
9999 3 6233 97 8707 40 4339 19
SOURCE 0
