10000 24997
0 9 1 2 3 14 299 562 2431 8246 8124
1 11 0 8 12 29 38 97 473 2729 6850 557 358
2 15 0 11 43 47 66 107 298 2867 3051 3793 8244 6259 1806 2894 3826
3 7 0 4 6 183 8028 6992 8833
4 8 3 5 10 13 42 272 4292 8236
5 9 4 7 17 433 2496 2500 5633 5654 8432
6 10 3 32 68 88 580 4286 4983 5081 2006 9151
7 16 5 15 18 36 39 60 117 213 240 464 885 4315 6908 5933 3369 6778
8 8 1 9 149 204 438 1714 9917 3803
9 10 8 16 21 27 155 1831 2584 6246 4744 8486
10 7 4 19 72 81 131 9584 8751
11 10 2 25 50 302 500 5699 8603 7487 9965 2111
12 9 1 22 28 40 1500 4054 7108 1695 9139
13 6 4 55 1666 1919 5518 1072
14 11 0 23 86 212 350 375 721 5248 4156 6545 2111
15 13 7 26 31 80 90 305 417 1723 6362 6481 5315 5731 6479
16 11 9 46 142 150 160 592 652 6492 699 3290 5317
17 10 5 94 115 280 378 1839 4020 6209 9369 8660
18 12 7 20 127 140 153 650 3479 3535 1660 2939 1222 692
19 5 10 139 246 3921 5961
20 12 18 24 41 439 7631 8494 2289 6900 2873 6718 3619 7766
21 15 9 54 74 222 846 2340 9944 3906 5788 9633 3666 3741 9056 6386 7439
22 7 12 35 45 207 1109 2094 2149
23 10 14 37 106 673 1009 7077 8669 1986 9403 5219
24 7 20 296 431 527 794 1158 7520
25 10 11 34 173 229 263 392 516 1147 8137 6410
26 13 15 30 73 129 363 424 459 599 1085 1128 5220 7923 8717
27 8 9 130 181 591 2438 8198 1166 5680
28 9 12 44 1483 1718 3858 9987 8470 7280 4087
29 10 1 59 76 1838 7141 582 5633 8334 8566 2397
30 14 26 101 109 145 251 685 1221 1239 1388 1823 1921 9209 2597 6730
31 12 15 52 92 199 414 696 3301 4735 3406 313 6317 8676
32 7 6 33 185 219 1614 4149 510
33 8 32 49 466 493 1786 6846 3523 812
34 7 25 91 134 1405 2628 6009 7669
35 3 22 762 650
36 7 7 51 95 221 498 3657 4132
37 7 23 89 579 3425 2826 1031 2061
38 6 1 118 2829 9314 6079 6317
39 13 7 100 116 361 2147 2908 3030 3427 9838 6870 1761 177 6415
40 14 12 82 102 236 2600 2994 4137 5210 9924 4261 4442 4067 7997 8729
41 8 20 53 121 182 7648 8872 3964 4815
42 8 4 70 85 96 2682 1816 9598 6985
43 8 2 113 283 1214 1406 3865 6042 6868
44 8 28 83 188 257 526 824 4005 5498
45 11 22 62 112 152 471 520 854 1173 3529 4669 3614
46 11 16 48 58 65 87 1185 1564 2903 8086 9497 6825
47 2 2 669
48 11 46 69 71 79 158 546 986 5013 6594 5211 8692
49 9 33 133 325 432 1033 1303 3200 5504 3126
50 6 11 304 390 1133 1308 1885
51 11 36 303 323 691 1095 1347 8679 3243 7457 3079 8567
52 10 31 56 161 261 341 2161 2208 6471 7592 4111
53 9 41 77 110 1127 3491 9872 6070 6336 5908
54 8 21 57 63 2831 3744 9158 5344 448
55 9 13 3864 3891 7800 1441 4642 1788 3571 3246
56 10 52 78 274 307 619 625 792 1526 6835 7174
57 10 54 478 549 953 2283 8833 5720 1745 5476 2646
58 10 46 122 595 731 2418 3661 5361 9829 892 1888
59 6 29 64 923 2086 2356 3787
60 13 7 61 75 126 1349 1725 5084 8340 9973 3741 2962 5144 4103
61 11 60 169 190 457 590 729 1880 3235 1681 846 8120
62 15 45 103 602 609 941 1234 1617 2447 2877 3976 3994 9413 5052 5009 6769
63 10 54 67 125 163 448 1054 2045 2103 5288 5498
64 17 59 111 147 337 651 737 931 2681 3333 2680 7246 5976 1482 1819 951 366 9628
65 8 46 218 552 1000 2504 1446 9166 9771
66 11 2 194 453 545 835 1653 6890 9396 1515 6676 6944
67 11 63 108 430 449 470 864 1068 4452 5255 5698 3928
68 6 6 214 262 3410 8551 9969
69 9 48 119 674 806 952 4953 3735 2189 6227
70 9 42 175 276 661 780 2168 6912 9665 6483
71 9 48 405 658 1059 1888 3769 1360 6227 9679
72 7 10 93 267 4140 9258 4474 3198
73 9 26 84 167 428 776 4385 6416 7867 6600
74 9 21 156 225 342 896 9652 690 3744 5517
75 11 60 123 186 442 654 1334 1372 8287 7765 1640 5235
76 11 29 104 293 343 848 7078 2773 2043 148 5806 8932
77 7 53 1726 3861 4655 2234 1870 3081
78 7 56 273 873 1705 3250 4196 6070
79 11 48 198 317 751 818 940 2806 5571 8826 3534 114
80 7 15 243 444 1114 2815 9573 6506
81 12 10 201 426 450 566 1176 2417 3570 3254 8612 7583 5246
82 15 40 132 335 435 474 588 1659 1882 1924 6813 7762 5487 1144 8277 8104
83 5 44 840 8670 9725 492
84 9 73 128 388 543 5700 3174 5877 6380 4405
85 11 42 114 264 614 627 1514 5897 3039 5013 5586 8743
86 4 14 200 291 887
87 8 46 157 1762 2426 875 6717 3712 5164
88 7 6 322 399 1360 3788 7471 3071
89 11 37 558 987 1205 1275 5529 8654 9051 6802 3833 6322
90 9 15 98 138 177 144 8545 9456 2451 1887
91 12 34 515 1928 2444 2951 3575 8865 4386 165 4711 2266 1988
92 12 31 413 881 1826 2691 3114 5644 7562 3779 3549 5604 7677
93 6 72 764 1202 3267 9712 3075
94 7 17 141 1079 2033 8808 5405 7907
95 5 36 522 610 846 3688
96 5 42 99 715 2781 176
97 10 1 648 735 2802 6387 4930 5897 3138 5025 3018
98 12 90 136 384 1408 2795 5393 7202 3172 563 5727 5468 2559
99 10 96 248 308 3008 5809 7822 3796 7766 3593 9080
100 8 39 165 208 258 856 1643 8884 4320
101 11 30 211 2763 6030 1872 9799 6022 5743 8731 239 265
102 6 40 105 332 4430 3444 5798
103 8 62 476 921 1545 2990 2233 7680 6632
104 11 76 379 1240 3100 3672 4806 2127 892 2302 4036 6986
105 14 102 284 407 427 746 2017 2427 2576 8316 8318 2482 1042 5296 1041
106 9 23 171 319 727 1576 254 9130 6580 2918
107 9 2 137 146 833 3931 7604 6934 3299 6816
108 12 67 143 151 331 1458 2271 3243 3923 3725 1478 3746 1793
109 3 30 333 336
110 6 53 144 197 1936 2801 6418
111 13 64 154 164 309 528 604 1025 1090 1242 1494 8946 4675 5894
112 5 45 238 250 1255 1529
113 9 43 148 206 495 497 5332 6239 7389 4487
114 9 85 120 565 616 797 2023 7870 8674 79
115 18 17 170 172 184 290 328 409 531 1297 1525 1557 2009 3978 5533 2118 2425 1479 5694
116 6 39 2422 8977 1187 9217 3840
117 3 7 279 3027
118 7 38 231 6288 5703 8197 2482 4576
119 6 69 241 352 1017 1265 4090
120 9 114 1531 1667 2300 4857 7267 1842 1532 9774
121 8 41 744 1812 3037 6213 7815 7507 7513
122 5 58 4659 8061 8165 1653
123 11 75 124 223 422 477 484 636 1491 5406 9405 5370
124 6 123 752 1902 4831 1705 2152
125 8 63 180 275 769 4076 6110 9692 4878
126 6 60 135 387 633 1795 1575
127 5 18 973 8321 190 1924
128 6 84 400 2185 2292 5444 6870
129 6 26 1312 5269 4217 9012 3776
130 5 27 757 803 8678 3132
131 15 10 203 377 1155 3896 4881 4991 5480 4172 5990 2127 2093 2032 7288 6506
132 10 82 205 351 398 851 1064 8412 6943 3556 4176
133 11 49 535 888 2131 3196 3492 5690 1221 2122 6247 7089
134 12 34 202 316 955 2451 5265 9003 1306 8901 3974 494 2413
135 12 126 162 176 313 347 942 1129 1549 4170 6727 9223 9275
136 9 98 239 805 1089 2027 2350 8326 9986 8897
137 9 107 300 690 1574 1618 1631 4626 9485 2294
138 10 90 365 506 554 3658 6443 9803 7888 5110 6932
139 9 19 9266 1384 3283 3022 7306 1048 7930 3705
140 10 18 189 270 285 894 1086 1589 4424 6213 182
141 6 94 178 1088 2152 4316 784
142 13 16 159 220 281 289 393 607 1981 2489 253 6934 1429 598
143 10 108 374 551 1998 2645 5819 7464 6015 7239 7498
144 16 110 368 489 1167 2840 3280 4159 4446 8545 90 9457 6869 5691 9412 7652 5544
145 12 30 553 8320 8788 3955 1706 8214 5188 4725 7315 8887 6597
146 11 107 166 216 286 349 1078 2183 5270 7622 5852 2510
147 5 64 415 1658 2063 9088
148 7 113 870 959 1351 3455 3830 76
149 10 8 224 318 402 1629 3630 6902 6985 2740 8303
150 7 16 256 419 2601 5742 9375 7425
151 6 108 571 597 905 2728 5327
152 3 45 6064 750
153 3 18 168 1773
154 7 111 255 314 670 1390 5626 8060
155 9 9 1041 1261 2604 6327 6561 1863 8048 8581
156 11 74 266 507 2133 2865 6049 9515 1840 9868 473 8274
157 6 87 394 777 1642 9762 7237
158 6 48 252 618 1104 1110 889
159 14 142 191 226 327 338 1779 2238 4876 5271 5741 8840 7737 314 1586
160 5 16 187 356 3881 4340
161 5 52 179 1145 2538 9459
162 8 135 234 2586 5017 8906 4492 9140 7933
163 6 63 742 1925 2006 6624 4410
164 15 111 196 287 462 468 561 2716 2809 4713 352 1146 862 8737 4163 7532
165 15 100 192 253 326 389 1825 2115 3508 223 4120 7774 8291 91 8063 8702
166 11 146 210 271 530 827 1165 7433 4484 6423 2856 9790
167 7 73 174 749 1117 1773 1248 5749
168 8 153 295 587 6159 8148 7119 7849 9786
169 7 61 634 9748 7836 4322 3202 191
170 10 115 1108 1148 1493 5100 5412 6426 1645 9801 6782
171 12 106 209 345 628 745 815 897 1906 2585 7358 9262 9949
172 6 115 970 8258 5832 4832 8635
173 9 25 193 4333 570 8476 8734 4506 8688 3095
174 6 167 230 467 1616 3728 727
175 9 70 601 1796 2529 6343 8542 3038 7461 3177
176 12 135 481 523 1781 2205 2239 8330 2144 6248 96 7017 3752
177 11 90 329 957 1060 2279 5506 6605 6886 9131 39 7440
178 6 141 8563 8493 186 1225 6095
179 6 161 259 4680 5441 9874 4058
180 9 125 990 2617 3019 5142 6720 9695 6795 1556
181 3 27 9786 9215
182 11 41 1504 2719 4945 6112 1288 6958 6118 3036 7091 140
183 8 3 195 217 5140 5540 6128 5223 1985
184 7 115 1639 2030 6751 6777 3506 9487
185 6 32 1209 6708 9464 7846 1862
186 6 75 1957 378 178 6647 8344
187 10 160 369 1065 1241 1245 2090 3600 3607 7497 1608
188 9 44 215 421 1098 1943 2765 5179 7180 7400
189 6 140 1638 2673 4602 8324 3672
190 8 61 306 621 5726 127 9627 6698 3452
191 16 159 249 254 311 2339 2820 3365 5848 1768 3957 5712 7137 6350 8221 659 169
192 7 165 235 370 461 637 4430 7522
193 6 173 504 3522 6801 1372 5706
194 5 66 1038 1622 1934 1449
195 7 183 360 383 1869 3453 273 3781
196 7 164 242 247 401 755 5634 746
197 8 110 233 244 245 1341 8325 3757 8330
198 7 79 1125 2477 2895 4320 7036 4702
199 11 31 278 1040 8295 9126 7519 7945 865 2376 496 498
200 7 86 440 867 1019 3819 7722 7264
201 9 81 232 950 1030 3616 8635 5269 5596 9156
202 9 134 1648 6268 6456 7725 6298 9613 1659 6535
203 6 131 310 1048 3299 9100 7982
204 6 8 269 638 1321 1870 7988
205 6 132 2416 2434 7711 4106 9207
206 7 113 646 1333 1426 6105 6539 2877
207 9 22 662 1661 2694 3625 9593 4844 7275 1390
208 12 100 228 277 2074 2741 2974 4690 8450 7847 8096 4694 4364
209 8 171 463 739 534 6085 9544 1468 8847
210 7 166 1191 1007 5722 1218 7628 4596
211 5 101 925 2379 2625 4354
212 12 14 499 1267 1603 2202 4106 3128 7613 269 7052 7763 3920
213 3 7 612 9598
214 14 68 2180 5452 9698 6781 2824 1929 3900 4012 9261 8959 7546 6889 4503
215 7 188 441 9625 2823 5795 5629 2678
216 15 146 385 445 583 790 1272 1454 1470 3603 4313 6432 7813 5070 8156 1843
217 10 183 1374 1696 3409 6380 9170 5467 6653 4926 9504
218 6 65 774 1541 1571 3635 4582
219 8 32 260 367 4661 5358 9191 9790 9106
220 8 142 557 1026 2862 5782 5019 5677 6304
221 5 36 340 1124 8874 8580
222 7 21 227 1660 1899 2409 2598 9735
223 4 123 3678 9965 165
224 7 149 943 2163 2558 8795 8692 7502
225 5 74 8535 1738 3431 8684
226 10 159 373 408 458 1081 2242 4726 4009 3127 4795
227 3 222 2620 3427
228 10 208 529 802 1180 1296 2420 3325 5103 5688 6565
229 9 25 396 664 1350 5021 9335 8512 4324 5982
230 9 174 237 1222 2124 3685 9024 7223 5198 4392
231 15 118 364 454 991 1327 1393 2518 5694 6972 4764 2673 5111 7521 4421 9043
232 8 201 292 315 3437 2243 4246 1118 1830
233 4 197 5675 5838 5392
234 10 162 265 355 1119 2964 8432 1688 9698 9477 2611
235 7 192 282 2547 3387 5970 4298 4219
236 7 40 1867 4128 4583 4827 7581 5096
237 13 230 321 807 1503 3740 4022 9049 2047 4207 3536 9669 3222 1784
238 9 112 537 1164 1587 3618 7064 4814 7874 3025
239 8 136 517 1244 6201 1372 9145 9745 101
240 10 7 550 766 1037 2011 7586 8403 7249 4489 2811
241 5 119 655 1481 4515 6470
242 10 196 294 668 796 2278 3314 4405 9874 4569 3658
243 7 80 732 1211 1420 7898 2626 4216
244 9 197 491 584 7088 7590 3088 9626 9847 1394
245 9 197 406 613 822 1817 1914 5581 4219 6271
246 5 19 626 1153 1250 1466
247 7 196 1170 1499 6946 9889 9105 4397
248 9 99 446 617 763 838 4318 4778 1381 866
249 3 191 1873 9712
250 2 112 701
251 4 30 320 1443 8288
252 8 158 268 334 372 404 2657 887 628
253 6 165 1235 1761 2138 7462 142
254 11 191 1295 1811 2582 3112 4351 4519 7124 8848 4008 106
255 6 154 380 720 804 2429 6244
256 6 150 4150 2420 9257 7326 806
257 5 44 301 2008 3606 6427
258 7 100 1171 1752 1766 478 9049 691
259 8 179 312 503 812 9911 1545 453 2969
260 6 219 288 3688 5272 8714 1891
261 4 52 1962 9537 6858
262 8 68 366 728 2522 3184 3284 1590 426
263 10 25 451 858 968 3755 5157 9604 9543 5000 8738
264 4 85 1792 2210 9630
265 8 234 819 1300 4326 4734 7833 3577 101
266 12 156 513 548 767 954 1537 1593 1753 4918 7956 8821 2835
267 7 72 1459 2633 7334 4480 6203 6936
268 10 252 678 916 3345 6420 5334 8780 1153 7394 8397
269 11 204 505 1076 1824 2448 3805 5559 7916 1175 212 5729
270 4 140 1101 6762 9255
271 10 166 443 1409 3396 8236 2586 6645 5947 3967 2605
272 4 4 8886 8299 2701
273 6 78 1412 8958 195 7535 3658
274 9 56 485 645 7210 3340 740 9986 1587 6362
275 7 125 1910 3566 5036 942 2020 8015
276 5 70 722 884 1916 2322
277 11 208 339 348 1721 2975 3383 3398 4251 3497 7432 6644
278 10 199 357 418 1032 1206 6338 8988 5476 7604 1769
279 2 117 1208
280 4 17 665 960 3321
281 14 142 434 487 877 1100 1252 1368 2137 3601 6114 9520 4413 8652 6160
282 6 235 2571 4358 1508 4299 4088
283 7 43 344 397 456 576 3871 8519
284 4 105 703 9411 3248
285 10 140 532 1094 1900 1990 2542 3265 5098 7641 9991
286 7 146 1407 3590 1644 6958 2904 1110
287 10 164 1356 1854 2506 4564 4941 6190 3314 6706 4638
288 5 260 416 6418 1912 6640
289 11 142 297 917 2327 3023 7587 8187 2192 1450 2322 5046
290 5 115 8353 3201 9641 2592
291 9 86 376 904 1015 1693 2762 3149 8466 1163
292 7 232 773 823 855 1083 3869 6825
293 8 76 944 1035 1521 2976 3614 5949 7106
294 12 242 821 2554 2999 3477 1938 2761 9863 8249 842 2513 7858
295 7 168 2422 9769 2123 9163 8655 7560
296 3 24 1636 8763
297 5 289 488 2988 4485 630
298 4 2 4752 3443 5158
299 5 0 1392 2539 4854 3199
300 4 137 524 5203 2660
301 10 257 586 738 770 1679 2705 3510 1301 5485 1515
302 7 11 615 1651 9651 2453 1526 6372
303 8 51 1175 1941 2707 5301 4189 8610 9090
304 8 50 1113 7064 1428 8320 7029 8011 3075
305 12 15 362 603 4127 6473 8266 8479 8522 5371 1701 8108 3857
306 7 190 4350 3053 3154 5292 6651 3275
307 5 56 1423 639 3207 7222
308 8 99 411 539 575 2044 3667 8107 9895
309 7 111 358 382 893 1588 2260 3371
310 6 203 761 1057 9595 4044 9058
311 11 191 346 354 472 1740 1850 4032 9898 6117 9161 9750
312 7 259 386 1120 2290 8951 4047 2460
313 6 135 1216 2057 9587 1747 31
314 5 154 1182 4963 2416 159
315 9 232 1020 1777 5222 8053 6664 6921 9337 4074
316 6 134 4038 9257 1917 2303 4759
317 2 79 1384
318 8 149 353 496 525 1099 1945 3753 1513
319 9 106 460 8349 8900 4967 4968 1708 6996 808
320 13 251 425 642 663 2597 6002 9476 6943 5605 3959 2498 891 2694
321 10 237 330 1425 1646 2896 3561 5997 6266 4266 3950
322 6 88 519 639 2909 3239 8397
323 7 51 324 511 4418 9654 5842 8345
324 10 323 608 759 1516 1554 1203 7862 2661 2280 8239
325 11 49 606 623 2864 3474 6766 9302 953 2638 1386 9324
326 5 165 1543 6426 8039 6235
327 8 159 429 490 3824 4605 7022 3547 5074
328 5 115 657 1419 5460 3608
329 5 177 740 9412 8604 2940
330 4 321 1107 536 3583
331 9 108 1320 7647 9258 5808 6863 822 8120 6910
332 11 102 1710 7216 9878 1046 624 776 7440 7740 8765 4177
333 7 109 782 2568 6217 564 8316 1597
334 4 252 1194 3732 5759
335 9 82 455 1074 1492 3274 4122 3849 9027 5202
336 5 109 3129 5167 9944 3997
337 5 64 573 1913 6695 1820
338 8 159 447 1859 2366 6923 7447 8751 3301
339 5 277 5097 4799 5817 4960
340 8 221 509 547 3792 5162 8412 9222 6517
341 5 52 686 889 3650 2553
342 10 74 371 410 649 712 784 1810 2492 9043 7085
343 11 76 919 1052 1299 1720 5776 6821 5611 7590 2329 7653
344 8 283 437 1613 6464 5298 2271 6131 2193
345 5 171 758 1285 3598 7643
346 6 311 420 2593 2685 8113 4103
347 13 135 469 1204 1238 1535 1550 4785 5515 9161 6385 1528 1447 8865
348 8 277 1187 9261 3632 4659 7603 4206 1963
349 7 146 3082 9755 9839 8883 1541 1196
350 6 14 1864 2686 9589 4048 6743
351 8 132 482 585 1422 2268 4320 5458 3009
352 6 119 555 1680 5737 164 2785
353 4 318 4005 7573 5959
354 8 311 2093 3348 4509 4832 5716 8217 3823
355 9 234 486 4695 7477 9472 1702 6580 1750 5244
356 10 160 5169 6440 9892 7103 1478 5871 9281 7159 7776
357 8 278 653 934 1080 2703 4780 8535 3706
358 8 309 359 647 736 789 5036 1 6030
359 3 358 3289 2816
360 4 195 706 814 2399
361 8 39 502 521 1702 5210 9961 3271 5164
362 8 305 3576 3583 7851 2039 5436 1980 5684
363 6 26 743 871 1045 9709 4351
364 1 231
365 5 138 593 8079 8070 536
366 7 262 2756 3115 5861 1916 3990 64
367 7 219 1937 2607 5069 4183 6605 7019
368 17 144 381 403 756 1650 5052 6681 7753 4367 4042 2322 6108 5092 529 6664 7072 7130
369 7 187 544 556 9608 5201 9387 5856
370 3 192 1021 9927
371 5 342 2575 5307 4327 6998
372 9 252 927 1203 1249 4229 5500 3608 706 7949
373 6 226 7214 8137 846 7593 3680
374 6 143 765 1177 2371 2158 8177
375 5 14 656 7970 736 865
376 8 291 798 4722 1799 9827 2875 1811 8412
377 5 131 5144 8667 1357 7395
378 11 17 581 1188 2123 8227 9681 186 7845 3768 7516 1150
379 6 104 1485 2505 3898 4419 2283
380 9 255 436 598 1269 3927 4266 4346 7406 4331
381 7 368 391 572 635 6220 8328 8287
382 8 309 3856 7871 4833 8132 4912 5753 1541
383 7 195 452 1066 2390 9026 6204 8763
384 5 98 574 2092 3240 8596
385 7 216 863 1236 4603 5803 5017 2739
386 10 312 1561 7812 7984 6148 9621 1937 5942 3488 6976
387 6 126 1198 1985 3632 8892 4601
388 7 84 538 9530 6287 5860 5979 2690
389 8 165 708 865 1287 1743 2338 6500 4633
390 4 50 1184 3068 3641
391 8 381 541 622 2901 3353 3726 5838 5186
392 9 25 629 1029 1070 1215 6209 1217 4315 3284
393 11 142 582 2060 3163 3347 5948 9263 1276 3188 3948 3257
394 11 157 395 725 2211 2718 3216 5950 7269 6633 7605 935
395 8 394 423 1306 1756 2541 6482 6743 6001
396 5 229 6325 7122 7630 9595
397 9 283 492 631 1233 2620 3531 3916 2407 9439
398 5 132 1994 2471 8728 3282
399 9 88 412 989 3615 5447 2484 3783 2257 4910
400 9 128 1346 2199 3061 3239 6237 1578 2466 5833
401 8 196 2022 2186 2570 5981 7692 9728 507
402 2 149 1606
403 5 368 2129 4830 6417 5942
404 5 252 4926 3279 9481 7815
405 5 71 5929 6025 3583 843
406 5 245 7340 1397 898 1533
407 9 105 1286 6079 6895 9875 9886 1058 8059 5702
408 9 226 564 1585 1619 1950 2301 3662 1603 4787
409 8 115 714 730 2507 3641 9829 9690 4661
410 4 342 1283 2676 957
411 6 308 811 849 2832 6755 7253
412 13 399 483 1498 1923 2246 4655 3977 6970 5330 7127 1662 8193 8850
413 12 92 2847 4384 4585 4843 5166 9155 7389 7712 9706 5733 6049
414 13 31 640 643 771 2373 4094 5737 937 7487 3614 1426 8427 4496
415 8 147 1462 2280 2562 4512 4767 6506 4931
416 5 288 660 1005 5873 3020
417 4 15 760 3960 9009
418 3 278 534 570
419 13 150 676 684 704 1270 1887 3090 7471 9501 7485 7622 5715 455
420 7 346 644 1317 1436 2324 6194 8843
421 7 188 514 8363 6410 6001 2010 9997
422 5 123 1529 1972 8110 8574
423 9 395 707 716 899 2501 3548 7002 4800 9183
424 12 26 2089 5926 6944 8837 9437 7547 5595 9634 3360 2788 5571
425 4 320 7364 3521 6402
426 8 81 3690 705 3858 6084 262 5631 1031
427 6 105 569 679 753 6540 502
428 9 73 475 563 1049 9535 1186 9380 4131 6425
429 13 327 724 788 836 906 1146 1496 1749 3139 5922 6991 5188 9753
430 5 67 2943 6332 8401 9997
431 7 24 816 2890 9864 2059 7270 1090
432 6 49 1833 3551 2044 7141 4455
433 9 5 972 2313 2911 2479 606 8068 3816 5300
434 15 281 508 799 951 979 7043 7101 7695 8963 5924 7875 4192 3660 6570 8599
435 10 82 1047 2343 5206 3128 3255 7780 9223 9530 9094
436 7 380 699 1192 7723 2918 6738 6401
437 7 344 834 2700 3088 7918 8766 5393
438 3 8 692 1178
439 7 20 694 1692 1768 5023 7038 6826
440 6 200 568 801 8971 2216 8992
441 7 215 465 933 2647 7445 884 7701
442 3 75 6567 8520
443 7 271 479 754 2637 7861 1994 6710
444 8 80 494 857 1253 1279 3136 9429 9458
445 6 216 2474 4179 2531 1068 3738
446 9 248 719 741 2826 5227 9678 520 7855 982
447 7 338 810 1876 1659 4097 6877 1198
448 7 63 683 4094 3927 8836 9711 54
449 8 67 1675 2963 8242 8744 3569 3066 8467
450 6 81 988 4559 6693 704 5283
451 7 263 697 1410 9363 9063 1212 4170
452 4 383 3133 3977 567
453 7 66 874 903 3045 7854 259 5314
454 7 231 2004 2061 1308 6858 6755 9086
455 12 335 620 1043 1685 3737 7696 7932 5528 5703 419 7433 791
456 11 283 480 1798 6143 9321 9586 9206 8963 8738 4175 7446
457 8 61 2346 7931 4611 9677 7279 2009 8848
458 7 226 1732 2236 4288 2433 7517 8444
459 12 26 1344 1793 2005 2120 2512 2569 504 9777 1097 9619 4327
460 10 319 682 1999 2166 3542 6361 2248 7978 7492 6927
461 11 192 689 866 3349 4709 5077 6969 4063 3644 4823 8717
462 7 164 533 907 3955 8733 6647 3898
463 6 209 2933 5060 6736 6787 7608
464 8 7 713 1003 2194 3764 5767 9528 8068
465 3 441 8388 9302
466 6 33 687 1046 2369 4063 721
467 6 174 962 1745 2654 6309 5751
468 7 164 800 869 1467 9340 3811 2340
469 2 347 1695
470 7 67 659 1460 3450 3484 4076 2561
471 7 45 832 998 5846 7197 3181 3986
472 7 311 1028 2331 4892 4705 6384 8716
473 7 1 4040 7286 8257 5111 156 1282
474 7 82 578 4733 5327 8801 4592 9381
475 4 428 2013 2146 3743
476 9 103 510 542 830 3233 5975 3666 7426 3942
477 11 123 1536 3525 4369 5478 6911 2869 1576 1315 8293 3374
478 8 57 2099 2105 2297 4571 258 9434 5031
479 10 443 2561 6137 6883 7748 861 8346 5279 7605 4960
480 8 456 1134 1378 1835 5205 6225 6223 2030
481 3 176 1141 1659
482 7 351 2267 6709 5647 6128 3991 2952
483 7 412 935 3342 9926 8973 2481 6840
484 2 123 7952
485 10 274 3489 3588 4518 5126 5975 7117 9302 8714 6349
486 6 355 8164 1412 5561 7971 8103
487 9 281 734 2243 3932 5442 7732 5770 4401 3916
488 11 297 501 1736 1830 2070 2423 2443 6519 4910 5252 556
489 7 144 1200 2038 2135 5127 6974 1076
490 6 327 2073 6699 9429 1235 2149
491 4 244 2144 3883 9016
492 9 397 1431 2261 3756 6354 8974 9528 83 7852
493 8 33 600 1556 2062 5285 5855 4079 5842
494 5 444 4943 7391 5043 134
495 9 113 540 3294 7307 7582 5072 8399 2833 1676
496 8 318 594 605 6670 9570 9082 199 8845
497 8 113 512 518 577 1438 1528 1818 3333
498 7 36 967 5526 8153 4192 9058 199
499 12 212 1007 1464 3478 3705 5148 6373 1336 7726 9819 6189 9255
500 10 11 1439 2566 3024 7628 649 3505 5347 8280 9830
501 2 488 8246
502 6 361 817 7030 6924 427 4341
503 7 259 1440 2811 3886 6938 4998 7370
504 9 193 2170 3510 3821 8827 8573 5531 459 9728
505 4 269 2656 8658 6026
506 6 138 4925 8357 1627 4137 1453
507 5 156 2053 5498 401 6700
508 9 434 596 868 2668 4440 5777 7844 8004 8908
509 5 340 4135 2527 7737 1988
510 8 476 536 2220 9511 32 7768 3927 559
511 7 323 6360 5538 6985 8310 1789 1547
512 5 497 711 1733 2731 6168
513 7 266 3214 5568 7320 8213 9089 1735
514 7 421 8466 1618 8563 4574 661 4987
515 9 91 681 844 1217 3660 5696 6551 9899 6643
516 5 25 2247 3234 5353 7691
517 7 239 733 1022 1190 4669 9558 1651
518 6 497 2483 6093 1757 4649 9498
519 9 322 1280 2997 6290 7214 6150 9321 9509 7224
520 9 45 589 1218 1223 4075 9405 5219 446 4379
521 7 361 567 2002 2463 3203 687 4539
522 7 95 2641 4507 5641 8588 7538 8383
523 4 176 1926 7769 4594
524 7 300 630 5200 1703 3068 2736 6792
525 4 318 1402 4889 7120
526 6 44 1377 1891 8864 4314 3005
527 11 24 837 3340 3352 3692 4303 3111 1296 6440 4684 5529
528 5 111 1149 1463 2014 8393
529 8 228 880 1670 2012 6372 8540 368 3734
530 7 166 747 966 4935 6807 5567 4498
531 13 115 1354 1684 1975 3135 5761 6704 9178 6666 7732 8577 9072 2243
532 9 285 926 1301 2269 5612 5616 2872 9659 2501
533 9 462 1348 2484 6214 6300 1190 4370 2314 6287
534 9 418 1276 1955 3035 3799 7201 209 7715 7659
535 2 133 8306
536 10 510 981 2010 7893 1140 330 2358 3273 365 3728
537 1 238
538 12 388 726 876 895 3683 6741 8627 9883 4501 1208 4826 6727
539 11 308 560 1959 2375 3872 9597 1435 8434 6309 4767 1206
540 3 495 5212 2005
541 8 391 1243 1881 1970 3509 9426 5607 1440
542 9 476 901 1490 2303 2524 4687 8161 9664 4002
543 4 84 7641 5578 4181
544 9 369 2893 4338 5134 5800 9337 5514 1529 7053
545 3 66 1247 4648
546 5 48 559 5490 5774 6363
547 10 340 908 1316 1335 5179 8613 5941 9520 6380 7007
548 9 266 786 1755 2029 2544 4053 7286 3099 4169
549 4 57 1380 7561 1390
550 12 240 983 1224 4604 8682 2000 5424 3418 2976 5215 5232 8550
551 2 143 2258
552 8 65 820 961 2329 2772 6024 872 2160
553 6 145 890 1452 2041 9917 8885
554 6 138 671 839 3249 6875 3593
555 5 352 5041 5392 8286 3067
556 7 369 1319 3728 3315 7671 9798 488
557 8 220 922 3789 955 1 9696 7082 7215
558 6 89 1634 3715 6031 5491 3504
559 6 546 2439 4607 3380 6265 510
560 8 539 3049 3357 8706 8756 3359 7491 7353
561 5 164 4322 9358 9424 773
562 5 0 3016 5183 4883 5053
563 5 428 9954 690 98 4552
564 4 408 5631 6342 333
565 5 114 3036 8880 9893 8760
566 10 81 956 1799 2469 3213 5938 7822 8554 3787 2639
567 11 521 624 785 2164 5597 8275 3455 9448 9880 452 9053
568 3 440 7584 2983
569 6 427 4915 5436 4496 9037 9801
570 12 418 667 843 1135 1292 6725 8993 9122 9636 173 6362 6374
571 9 151 611 1121 9845 2933 7263 4289 4700 4958
572 11 381 1225 1539 2916 4037 5085 2728 2206 2512 2866 1247
573 6 337 1935 4819 9824 2624 7483
574 9 384 1248 3529 4248 5684 2912 7668 5563 5796
575 5 308 1573 8447 6080 2609
576 11 283 2608 3467 6932 7034 8769 857 2175 3421 9772 7463
577 3 497 8558 6356
578 1 474
579 5 37 992 4336 5048 8150
580 10 6 1364 1717 4619 4664 9151 8683 3428 8933 9774
581 9 378 695 1310 1958 3180 6621 7331 1790 9200
582 9 393 1075 1189 2435 5005 29 8774 2529 7222
583 4 216 1758 5355 4446
584 6 244 2381 2800 6707 6033 6064
585 3 351 1894 2231
586 11 301 1996 4050 5003 6322 6733 6925 9892 8668 2570 2757
587 5 168 4538 9354 5347 5217
588 5 82 996 2275 3104 5357
589 7 520 1518 1599 6844 5927 3980 5929
590 6 61 1131 1324 3112 8504 5215
591 11 27 1157 3054 3912 6006 7384 7627 2508 3049 652 4571
592 4 16 4984 9963 8555
593 9 365 2942 3556 9213 6719 5433 2765 7757 2523
594 6 496 2072 2567 3209 5059 7010
595 7 58 1004 9749 6753 3249 9392 786
596 8 508 793 1163 1430 2082 6537 8423 9859
597 6 151 872 1304 4066 8204 7257
598 7 380 1213 1731 3315 3540 2119 142
599 12 26 632 2488 2560 4226 6401 1742 8319 9675 7709 8191 792
600 5 493 8503 5947 1023 6453
601 7 175 4994 6453 8519 8708 5354 8364
602 6 62 795 1657 2511 7508 3503
603 6 305 3704 1409 5016 1144 9474
604 9 111 878 1480 2655 8584 2122 7501 2476 7677
605 5 496 1533 7834 6150 7723
606 8 325 1565 1805 3408 9838 7352 433 1931
607 8 142 1023 1169 3323 9990 6498 3833 5944
608 3 324 2955 4274
609 8 62 826 938 4788 6714 5927 7766 8912
610 9 95 949 964 1168 2156 5398 6748 6423 1651
611 5 571 723 9751 9886 6968
612 7 213 847 1689 3297 843 5869 3588
613 7 245 688 2825 4156 4252 4656 2816
614 7 85 1682 2450 2643 8843 3581 4548
615 4 302 1013 7967 9685
616 6 114 2861 5354 1500 3594 9431
617 5 248 1062 1078 2567 1065
618 4 158 672 4091 7259
619 6 56 1016 1197 1207 6146 1100
620 6 455 3681 3921 5529 3140 2957
621 8 190 1034 1575 2551 3120 5780 7433 8074
622 6 391 2754 2766 3096 7352 7824
623 5 325 1199 6289 9560 2916
624 10 567 693 2021 5022 7160 6375 332 6270 9871 2866
625 3 56 875 3230
626 6 246 705 775 2341 2436 3482
627 6 85 909 1150 1482 5096 7470
628 4 171 7277 252 872
629 4 392 3956 2776 6409
630 10 524 1011 1186 5039 6635 1089 823 297 9063 9370
631 6 397 1251 3170 5336 7764 7420
632 5 599 641 2900 6975 7205
633 4 126 3952 1150 9047
634 10 169 700 5792 7019 5429 5231 6984 6598 796 5963
635 5 381 3527 5578 5753 4748
636 7 123 718 1418 2403 5962 8131 3966
637 3 192 2229 8642
638 11 204 680 709 791 1067 2036 7933 5010 9858 4586 6353
639 8 322 677 1142 2556 8264 307 8306 3977
640 5 414 1471 1484 2108 9048
641 6 632 1230 6924 6021 9434 1038
642 10 320 825 3597 3626 4055 6027 6945 4583 4526 7709
643 9 414 702 1229 1701 3423 7594 7878 7315 7715
644 5 420 1476 4099 8235 900
645 3 274 661 6894
646 8 206 808 3095 4532 7610 5882 6308 1264
647 5 358 1056 1166 1258 3186
648 9 97 902 1260 2873 7060 5626 2994 8184 4462
649 6 342 666 7726 500 9455 3406
650 5 18 2295 6485 7406 35
651 3 64 948 6103
652 9 16 861 1042 5160 1511 591 4956 8726 2316
653 5 357 710 1586 8312 4101
654 10 75 675 2234 4244 3261 6540 7543 5520 810 1064
655 7 241 1010 1977 2922 9088 9344 2984
656 5 375 1715 7710 2531 2825
657 8 328 1674 9304 4790 9500 6251 2148 2817
658 6 71 809 1922 5553 5850 7835
659 4 470 1073 4869 191
660 8 416 2497 9117 5518 6536 8015 6333 3761
661 4 70 645 9643 514
662 6 207 1897 7084 7374 4549 3591
663 9 320 1140 1895 2107 2527 3032 9583 9739 8906
664 8 229 772 1314 4458 6976 2902 3977 6971
665 3 280 7143 2815
666 10 649 750 1352 1513 2358 2878 9884 2131 7001 5762
667 7 570 900 1563 6104 8896 3868 4212
668 8 242 862 929 3205 3671 3699 4963 1950
669 4 47 748 6259 2705
670 7 154 1355 1542 8160 6169 4738 3220
671 5 554 768 4348 9461 6552
672 4 618 3454 6870 2789
673 4 23 3078 3069 7133
674 4 69 1071 6641 9188
675 11 654 2056 4642 4707 7771 5272 8028 5278 2723 2915 1444
676 9 419 928 969 1457 1841 3256 8765 8394 5570
677 5 639 1069 9188 3769 2399
678 5 268 1051 4145 4987 3234
679 10 427 781 984 1122 1403 1620 3108 3571 3747 3529
680 14 638 980 1978 6329 8892 8448 2830 2543 7468 1335 5738 5841 5383 9705
681 10 515 698 787 2376 8619 5562 2136 4268 6726 1544
682 14 460 1328 1343 1370 1624 3651 5583 8129 9964 7805 6440 2937 2283 3385
683 6 448 1212 1376 3537 3990 6997
684 3 419 842 2262
685 9 30 937 1058 1627 2141 2671 2066 4017 7883
686 3 341 2777 9542
687 7 466 1411 3441 6412 521 6304 4889
688 8 613 3013 8290 2018 1808 2949 7817 9358
689 9 461 994 2574 4018 9890 3059 2818 1684 8392
690 9 137 5572 7599 9551 74 563 1498 7792 6716
691 3 51 761 258
692 7 438 1288 2118 7268 7379 6573 18
693 7 624 2204 3111 9279 9251 5885 2836
694 4 439 2188 5295 8853
695 12 581 828 965 1363 3160 4617 5729 1431 5329 698 5081 9514
696 6 31 1637 2996 4717 2978 7940
697 5 451 3268 3858 1351 2850
698 9 681 4907 2213 2732 3948 695 6336 6558 5100
699 6 436 4414 9679 8036 971 16
700 3 634 778 9641
701 6 250 1527 2139 4955 5200 6309
702 8 643 1788 1832 4169 7547 6688 6123 2132
703 4 284 946 978 5532
704 8 419 4311 4432 982 8181 3218 450 6180
705 6 626 1553 1663 5643 426 5870
706 7 360 8830 1271 372 712 1672 3107
707 7 423 977 6030 3825 2740 7942 7495
708 7 389 779 1868 6860 8770 9773 1988
709 9 638 1580 2573 3004 5192 8679 2040 7812 2955
710 6 653 936 2919 4125 9958 6529
711 8 512 1862 3321 4215 1266 3924 8030 5645
712 12 342 912 930 1039 1911 2287 2304 4131 5785 706 9381 9194
713 4 464 853 6277 1047
714 3 409 6047 3167
715 5 96 4361 4506 7910 8374
716 3 423 717 8217
717 4 716 1427 3311 3712
718 9 636 1357 1829 3577 6809 8738 6541 3264 6286
719 3 446 1082 5090
720 4 255 3495 2142 2800
721 7 14 6530 9180 466 9877 8286 879
722 6 276 939 1465 3675 4561 6257
723 4 611 1246 7768 5755
724 6 429 1980 3397 4319 1856 3388
725 9 394 1840 2084 3890 5491 7913 1913 3121 7559
726 7 538 2753 3924 4831 8533 4152 2457
727 9 106 813 1487 1800 2165 2203 9788 6696 174
728 7 262 1450 2791 2860 4182 6077 7776
729 8 61 852 2588 3260 7930 1018 4292 6106
730 7 409 1266 1973 7906 5225 7339 4371
731 6 58 1750 4220 5910 9950 8987
732 7 243 1361 1644 2040 2699 8649 9731
733 8 517 829 3823 4921 7937 7137 6453 5304
734 5 487 1220 4794 8971 7019
735 6 97 3506 7737 3674 2487 1391
736 8 358 6129 6393 9148 2022 3927 8675 375
737 1 64
738 6 301 1227 1694 4527 6157 7760
739 6 209 1342 2413 2415 8945 9014
740 7 329 845 3236 9229 274 8261 8302
741 8 446 4802 7009 7415 7776 6971 2901 9064
742 6 163 1552 4587 8254 7536 3083
743 8 363 1469 1583 2531 9725 5503 9246 9266
744 5 121 1264 7952 1593 5885
745 8 171 1027 2026 2233 8670 7753 2609 7633
746 6 105 1961 3460 3742 2769 196
747 6 530 999 2051 7079 9609 3470
748 5 669 2037 2722 6905 7139
749 6 167 9417 9621 4951 2009 1853
750 11 666 850 1226 1263 2112 5110 152 1373 1982 2252 7673
751 8 79 1329 1677 9963 1874 5941 7939 2349
752 5 124 1130 1318 1522 8784
753 5 427 5703 9191 9133 9604
754 8 443 1747 4651 765 8018 8002 2404 1300
755 4 196 9006 8925 1468
756 7 368 2241 8658 5846 1420 2685 6951
757 9 130 783 1652 1872 2778 3757 6167 7606 4758
758 8 345 2515 2710 2698 3811 3692 5998 4788
759 8 324 883 2244 7483 1746 9249 7959 5023
760 11 417 914 1678 1845 2317 9672 8881 6965 6083 5491 7680
761 7 310 3123 3428 691 7047 7876 6152
762 9 35 2520 3594 4621 9292 2331 8202 2172 2551
763 10 248 1728 2209 2219 2298 2797 8482 5068 5952 2892
764 6 93 1960 4375 1638 8485 6658
765 6 374 1669 754 1180 5978 7526
766 3 240 7229 1176
767 2 266 2015
768 2 671 1126
769 8 125 1641 2918 2979 6036 9649 2860 5368
770 11 301 995 1803 3331 3687 6829 6926 8602 4963 1180 6176
771 8 414 2759 2851 5831 8858 5746 4986 4609
772 6 664 5218 7428 5482 4537 1065
773 9 292 1947 5064 5145 3265 9800 2392 2561 561
774 7 218 932 8766 8347 4282 3713 8628
775 8 626 1708 1806 2419 1142 5582 2995 3683
776 7 73 1401 2222 7845 332 8808 4534
777 7 157 2991 3909 3456 5682 7315 5619
778 6 700 1137 2284 5152 6489 4569
779 5 708 2583 5342 6526 7965
780 4 70 1183 3219 7192
781 5 679 5995 1682 2559 7597
782 6 333 1555 2986 5865 3076 9556
783 7 757 985 1822 5761 7518 7518 6192
784 10 342 1044 1313 2258 5468 141 7358 3087 5211 6055
785 5 567 911 5071 6033 3013
786 5 548 1737 9303 5661 595
787 9 681 1808 2065 2592 3444 3646 8249 9108 7599
788 4 429 2361 3899 1302
789 10 358 860 6233 7005 9972 3192 7923 2558 6453 7984
790 6 216 886 1111 9821 5716 908
791 6 638 1271 5506 9817 2809 455
792 9 56 1751 989 9909 5669 3858 5673 599 2305
793 5 596 1687 3795 3276 7052
794 5 24 9898 3725 1827 6115
795 7 602 1014 1615 3144 9380 2766 2862
796 7 242 1724 7693 634 6237 8430 6398
797 1 114
798 3 376 5942 3010
799 5 434 1597 2227 2989 7244
800 6 468 2677 4989 7744 5507 8328
801 6 440 1232 5827 6361 8419 1583
802 4 228 831 1231 5291
803 2 130 2678
804 4 255 6491 2083 8473
805 9 136 958 1635 2736 4581 9583 5996 3728 9197
806 6 69 8665 6750 5392 4962 256
807 3 237 9037 1855
808 12 646 1877 4129 6298 6813 9637 7107 2542 1320 8418 1451 319
809 2 658 9988
810 9 447 963 1686 2019 4650 9530 2440 654 1737
811 7 411 1538 1905 2039 7399 9152 2361
812 10 259 1132 1366 2264 8514 9371 2586 33 1611 6279
813 6 727 6170 8620 3384 1224 4152
814 10 360 974 2333 2493 8909 7102 4427 7262 7378 961
815 10 171 2232 2266 6092 1948 3027 5877 5316 3803 8249
816 7 431 2538 4738 8946 6554 9035 5420
817 4 502 9069 7490 1047
818 6 79 1601 3078 4793 6835 8206
819 6 265 2949 3209 9460 8057 9943
820 10 552 1196 9379 9943 3234 2541 7798 8549 2623 3104
821 4 294 9552 2861 7438
822 10 245 1446 1866 2003 5580 5764 7118 7509 331 7341
823 6 292 9066 1287 630 9820 1753
824 4 44 1647 8831 8202
825 1 642
826 6 609 924 3499 4665 2206 5198
827 3 166 3148 7600
828 3 695 841 2509
829 5 733 859 5019 7409 6907
830 8 476 2773 2859 4701 3439 3574 1934 5048
831 6 802 1671 3313 3781 7292 8879
832 4 471 3680 5417 1043
833 3 107 3533 9475
834 4 437 4616 6772 1337
835 9 66 1092 1741 5410 1010 5471 2175 8563 5787
836 9 429 997 1159 2215 9441 6329 9928 1297 8735
837 6 527 1154 2024 7225 2498 3637
838 10 248 1455 2153 2352 5048 7013 7949 8744 3085 8007
839 4 554 913 5484 5682
840 4 83 7446 5372 2741
841 7 828 1434 3698 1770 8509 6644 2948
842 9 684 898 2319 2946 5757 6504 5559 1248 294
843 8 570 879 2130 2456 9997 405 5926 612
844 4 515 1473 6830 6121
845 9 740 882 1548 1592 2534 8345 9283 5782 6302
846 11 21 2182 5238 95 5964 6464 61 373 1405 6722 6739
847 8 612 4240 6405 8245 3734 1917 1787 8246
848 7 76 1055 3439 4636 5925 7245 9201
849 7 411 1416 2069 5795 1963 1883 1195
850 7 750 1093 1281 2724 5559 3836 2708
851 5 132 2198 5642 6436 1787
852 6 729 971 1417 2344 6324 1782
853 8 713 892 4363 8756 9867 7661 9127 6619
854 6 45 1262 9448 9515 7065 5549
855 5 292 2091 6078 4071 6998
856 5 100 1506 3189 4446 4563
857 9 444 1709 2491 3343 5863 8475 576 2251 4035
858 4 263 4301 7747 8776
859 4 829 4686 5066 1572
860 5 789 1428 9522 6902 3099
861 6 652 1162 3988 479 4914 1460
862 4 668 2318 164 1074
863 4 385 4426 1838 1790
864 4 67 915 5605 6191
865 9 389 1139 2499 2745 5614 4080 199 375 5775
866 8 461 1878 4287 8297 7074 6190 2106 248
867 8 200 910 1472 8664 9526 7089 6858 8617
868 4 508 9512 6373 6999
869 7 468 3534 4487 7602 4338 9034 1944
870 7 148 3146 3350 1795 5616 7891 8427
871 9 363 2355 7175 1721 6230 5102 9580 1095 3660
872 6 597 1096 8922 552 5741 628
873 5 78 2193 9514 4054 2305
874 5 453 1546 2116 8967 5245
875 4 625 2490 8137 87
876 7 538 1791 9125 3766 6027 1385 8882
877 8 281 891 1396 9629 8640 8958 9939 3418
878 7 604 8445 2366 1984 3975 6950 9070
879 5 843 1594 3582 6157 721
880 4 529 1578 4350 2244
881 5 92 1404 4760 4855 7393
882 7 845 2449 6662 4650 7068 9008 8936
883 10 759 1018 1816 3553 5985 6208 9988 3737 2585 1421
884 4 276 441 6594 7266
885 5 7 2925 5051 6261 3877
886 8 790 6430 4176 1116 3946 5146 6907 9716
887 6 86 252 6289 3670 5967 3166
888 3 133 3433 4517
889 11 341 920 1256 1273 2440 3147 3351 3989 8509 985 158
890 3 553 2761 4351
891 6 877 9371 3590 2258 8108 320
892 9 853 1326 1534 2360 2247 104 7878 2329 58
893 7 309 4355 6572 2006 7689 9447 7896
894 3 140 2639 8228
895 10 538 1024 1453 1568 2128 3322 9077 6615 9709 7323
896 5 74 1367 3700 4731 6792
897 8 171 2638 4973 5678 8300 1771 5096 3724
898 6 842 918 8169 406 1631 7484
899 5 423 7657 9080 7919 4864
900 4 667 2083 5015 644
901 5 542 2311 3367 9376 3769
902 4 648 1103 8553 2266
903 7 453 1141 1143 1385 1664 3663 9987
904 6 291 7293 8163 4453 1527 4261
905 5 151 9942 1126 8640 2758
906 4 429 6265 6582 2569
907 5 462 1398 4154 6680 5759
908 6 547 1289 4362 4911 7420 790
909 10 627 1413 1435 6180 9502 5553 1835 1051 8905 3357
910 5 867 982 6370 9470 9818
911 9 785 945 2921 6278 7914 6547 7659 3177 2325
912 6 712 2015 4082 914 3395 4991
913 4 839 1077 5206 9564
914 5 760 912 3239 7609 5841
915 6 864 5892 9553 8848 4772 924
916 2 268 4355
917 5 289 947 2934 5736 3707
918 8 898 1008 1138 2481 2834 8004 8145 8663
919 7 343 2272 8089 9061 8807 6139 1007
920 5 889 2119 2725 9410 2091
921 7 103 1006 1607 1832 940 1587 1764
922 8 557 2387 2404 2968 7717 4516 3564 8900
923 8 59 1063 1497 1849 3696 1933 6398 7688
924 10 826 1784 5334 9001 9379 7840 915 9269 984 8548
925 4 211 2063 4697 8956
926 6 532 1174 1383 3307 3691 6246
927 7 372 1053 2335 4270 7680 8487 5888
928 4 676 1371 3238 3472
929 4 668 7658 5840 7007
930 6 712 1727 3304 3674 4200 7549
931 4 64 1087 1739 3284
932 9 774 1308 5385 5471 7366 2298 7227 5045 3194
933 8 441 1116 1259 3812 4074 4456 7811 5887
934 6 357 1181 3874 9508 7803 3670
935 8 483 1713 8567 8694 7113 6745 3358 394
936 5 710 1662 3131 5006 2087
937 7 685 1456 4138 4186 414 4916 4254
938 10 609 1307 4408 5592 6434 6812 7743 9234 6919 7672
939 4 722 6917 6884 5600
940 6 79 1608 5520 6356 1486 921
941 8 62 1123 1311 1394 1488 3647 7593 8767
942 7 135 1860 3048 9144 275 5559 5923
943 4 224 4558 9113 1275
944 6 293 5379 6783 7748 1995 4204
945 7 911 1353 1987 7552 1808 4918 9126
946 8 703 1291 3083 7750 5731 1390 2281 5613
947 9 917 1730 1951 4756 5373 5661 2696 8309 5845
948 5 651 3631 9985 3979 5472
949 4 610 4046 4815 6168
950 4 201 1621 1677 1623
951 8 434 1309 2071 8150 9932 8243 64 984
952 8 69 1294 2917 3005 4670 1086 5580 2976
953 8 57 1012 1097 3496 3758 325 3622 1267
954 5 266 2437 3503 5463 1517
955 7 134 3010 7561 557 9450 4563 3556
956 8 566 1061 2348 5420 7342 3168 8419 4621
957 8 177 3904 7057 9066 410 4847 8156 9339
958 12 805 1105 1339 1468 1625 2958 3334 9329 7117 8340 1970 5356
959 9 148 993 1036 1084 2969 5120 8250 4009 2890
960 4 280 4339 6285 3933
961 5 552 3159 3902 814 9509
962 8 467 2452 3428 4896 8659 6714 3875 5634
963 5 810 1898 2978 5323 6330
964 3 610 5524 5342
965 8 695 1507 1765 2256 6138 4867 2626 6574
966 3 530 1415 4986
967 6 498 975 3466 3784 9721 4360
968 10 263 1375 1984 2016 2167 2528 5028 8149 9929 7721
969 6 676 1156 6065 4704 4783 4298
970 5 172 1992 6864 8892 6504
971 7 852 1369 2557 5046 699 6228 8849
972 10 433 1772 8002 5597 1949 9439 7271 8034 9842 1142
973 7 127 4987 3443 8155 4337 1321 1285
974 7 814 976 1219 1381 5449 3039 9751
975 6 967 9994 9156 2264 6278 1164
976 7 974 4035 6026 9033 3522 2787 4417
977 11 707 1691 1848 3125 1923 3868 5531 8140 6390 4625 8336
978 4 703 7935 8520 9381
979 9 434 4264 8223 8329 9742 3160 2297 4801 4955
980 5 680 2931 3376 4681 8920
981 7 536 1210 4652 1102 2396 1133 5403
982 9 910 2708 4048 9912 1494 704 4675 8746 446
983 3 550 8395 2486
984 6 679 5769 8105 4317 951 924
985 7 783 1110 1735 3848 4573 889 6629
986 5 48 7164 7906 2952 2631
987 7 89 7016 9439 6765 6893 4219 2872
988 14 450 1002 1325 1424 2020 2927 3718 9189 2723 1143 1091 4556 6207 2576
989 11 399 3469 4268 7285 7775 8592 2306 792 5249 9040 3568
990 3 180 1001 1667
991 6 231 2619 7848 7009 1738 5174
992 2 579 3863
993 8 959 1112 1444 1626 3573 6294 9879 6904
994 6 689 1136 1577 7105 2226 6555
995 8 770 1722 9451 7396 9055 8347 5862 9581
996 5 588 5560 7944 4573 2254
997 6 836 1630 5864 6858 8515 9291
998 7 471 3295 5268 9174 2964 7630 1734
999 4 747 2536 6499 7888
1000 9 65 1820 1989 2106 2782 3569 4477 3266 5466
1001 6 990 3074 3327 9631 4869 1342
1002 5 988 2854 5467 6149 9700
1003 4 464 3541 3785 5325
1004 6 595 1502 1704 4123 8543 3008
1005 3 416 1610 9081
1006 7 921 3085 4413 6995 6068 6695 7649
1007 10 499 1031 1530 5221 1526 210 1009 919 9974 8277
1008 5 918 1605 1699 3447 2350
1009 9 23 1268 1519 6961 8778 1007 9899 5588 8273
1010 10 655 1293 1429 1600 2433 4865 835 3880 4261 9380
1011 4 630 1783 8171 8354
1012 9 953 1160 3255 5209 6062 1390 2969 6197 7514
1013 5 615 6433 2723 6910 1536
1014 6 795 4815 3976 5896 8693 8192
1015 7 291 1857 6630 7159 5333 8503 2246
1016 8 619 1102 2595 3754 6252 1101 7914 5187
1017 4 119 2332 5918 8836
1018 6 883 2651 729 2609 4123 3072
1019 8 200 1655 1706 2221 2494 6672 2901 2946
1020 8 315 7664 9394 6289 2434 4097 5530 2157
1021 7 370 2077 7001 5772 6992 4651 6738
1022 7 517 1512 2513 9378 2068 5366 1089
1023 5 607 3056 6847 1074 600
1024 6 895 1949 2305 9668 1676 7959
1025 9 111 2028 2627 7492 7912 8018 4940 1089 9177
1026 3 220 5369 6397
1027 3 745 2442 3270
1028 7 472 1050 1486 8549 8852 7590 6207
1029 5 392 1151 4652 3321 3498
1030 10 201 2653 4101 5032 5869 8169 9645 8628 3571 8895
1031 9 1007 5061 5347 8298 8772 7407 37 1534 426
1032 9 278 1432 1700 6705 4777 9610 2811 8528 1145
1033 8 49 1939 2755 6897 9278 3747 5663 6165
1034 3 621 9307 2160
1035 13 293 1395 2767 2982 4513 5760 8457 8530 1393 3516 1382 6461 9410
1036 3 959 9389 8303
1037 4 240 8852 4070 1938
1038 7 194 2596 9086 2789 2156 9578 641
1039 3 712 1284 4350
1040 8 199 3483 6495 5046 7485 8428 9992 8200
1041 9 155 7199 9446 6564 6460 105 2384 6066 5209
1042 4 652 1358 3796 105
1043 7 455 1654 8878 1431 3562 832 8902
1044 8 784 1602 1944 2104 2750 6563 7814 4515
1045 4 363 9428 5048 7760
1046 8 466 1834 2201 2480 332 9465 1994 3250
1047 7 435 5623 7472 4735 4867 817 713
1048 5 203 5075 9715 139 8894
1049 5 428 2605 7215 9420 2475
1050 6 1028 2025 2127 2771 6040 8009
1051 8 678 1447 6937 8083 909 4576 4788 5979
1052 2 343 4624
1053 5 927 1274 1688 8151 2733
1054 6 63 3053 8713 2039 8105 3705
1055 3 848 5605 2802
1056 5 647 3964 5298 6960 3865
1057 5 310 1748 2432 5301 1265
1058 10 685 2117 4839 6806 7417 2462 407 1622 8576 9897
1059 6 71 1152 1486 3780 7189 2377
1060 6 177 2007 3748 7367 3096 2031
1061 10 956 1072 1106 1195 1336 3922 7228 8509 7512 7960
1062 7 617 8911 1564 2625 5620 8181 8789
1063 2 923 3568
1064 7 132 2830 7465 9199 1686 7601 654
1065 9 187 3877 7839 7872 4887 772 617 2860 1965
1066 5 383 2258 3432 2096 5136
1067 4 638 1189 1338 1732
1068 10 67 1604 1668 2899 3201 3903 4015 6557 445 7980
1069 4 677 6377 4606 5545
1070 4 392 9940 2171 5880
1071 8 674 1448 2368 3047 3852 7689 2582 4131
1072 9 1061 3167 7580 5205 4472 7712 4324 8391 13
1073 5 659 1884 3963 8540 5019
1074 8 335 5811 9362 8679 6428 8685 1023 862
1075 7 582 2122 4570 5245 4906 3912 3289
1076 6 269 5429 7883 5373 6817 489
1077 6 913 1091 1474 4175 8445 5865
1078 6 146 5801 9293 617 9410 4578
1079 3 94 9203 1093
1080 7 357 2807 3257 9420 3034 4840 9851
1081 3 226 1144 2389
1082 4 719 3153 4915 4753
1083 7 292 1228 2001 3204 7802 9056 7406
1084 4 959 4979 4471 2906
1085 8 26 1672 3254 7307 8789 7919 7923 5526
1086 8 140 1315 1569 2663 5317 7798 952 4656
1087 6 931 1115 3173 9180 8110 9332
1088 3 141 8561 2939
1089 10 136 4611 4805 7663 4954 1025 630 3523 1022 8544
1090 6 111 1517 1886 2345 4662 431
1091 4 1077 2354 3888 988
1092 6 835 3642 3670 6041 9357 9046
1093 5 850 5736 5828 8064 1079
1094 6 285 4217 4592 6556 4897 3350
1095 6 51 8746 2904 7254 7462 871
1096 4 872 4723 6103 1922
1097 7 953 2669 5068 5646 7886 459 3857
1098 6 188 2564 2977 7220 5317 7039
1099 5 318 1929 6607 6474 9311
1100 4 281 619 6404 9910
1101 7 270 1697 3106 5289 7492 1016 5491
1102 7 1016 3247 5728 3541 8090 981 5953
1103 7 902 3424 4177 9462 5072 6128 7403
1104 6 158 8077 9109 8530 5711 2741
1105 8 958 1852 3069 3087 3477 5973 8261 2794
1106 6 1061 1908 2370 5058 5795 7100
1107 3 330 2941 4531
1108 7 170 3815 5415 6774 8314 7089 4672
1109 5 22 4208 1554 2159 4510
1110 9 985 3040 8135 158 2337 1449 8810 286 3587
1111 7 790 3395 4774 8869 6133 9022 9879
1112 7 993 1118 1237 2356 8662 9272 6657
1113 2 304 6833
1114 13 80 1479 2253 2430 3384 9933 4050 9352 6983 4497 8818 4254 3202
1115 10 1087 4981 6868 1408 5722 6329 7042 8062 9554 6549
1116 6 933 1560 2289 886 1155 3991
1117 5 167 1389 3837 4706 3807
1118 4 1112 3221 232 8053
1119 6 234 9283 2263 1359 3811 7571
1120 6 312 1254 4818 9126 2616 7635
1121 7 571 3827 4337 5474 9141 3911 2491
1122 6 679 3555 4299 4707 5647 8926
1123 5 941 1397 3188 1549 6366
1124 4 221 6381 8358 5911
1125 7 198 1874 2581 4028 5008 7524 1659
1126 8 768 4825 905 3970 5348 7101 1964 8134
1127 8 53 2784 6553 9052 7259 8378 7219 6196
1128 7 26 2871 4692 8774 3125 4458 3928
1129 8 135 5121 5921 4658 8166 9095 8369 3686
1130 2 752 2174
1131 5 590 1161 6164 3752 2913
1132 5 812 1278 7371 2046 3064
1133 8 50 1201 2790 2839 7895 9265 981 4733
1134 7 480 1544 4321 2593 6921 7757 5892
1135 8 570 2460 2764 8788 5048 7931 6088 2464
1136 7 994 1489 2035 7951 2745 9619 1287
1137 5 778 9454 5595 8811 3071
1138 3 918 1302 7832
1139 10 865 4014 4850 9304 2204 7402 4437 2797 2372 8548
1140 6 663 5707 536 3448 3006 5564
1141 12 903 1508 1769 2213 2285 7192 8345 481 2558 9742 7625 6998
1142 7 639 1257 1598 5238 775 8654 972
1143 8 903 1764 2248 3067 988 9631 5258 7906
1144 7 1081 3639 6691 603 82 5618 1592
1145 6 161 8637 1418 9904 2566 1032
1146 8 429 6938 9285 164 6438 2738 3537 5701
1147 6 25 2154 4309 6124 7901 1694
1148 3 170 1172 8556
1149 5 528 4361 3948 8206 6190
1150 5 627 1886 9147 633 378
1151 6 1029 4407 4499 3883 3483 8762
1152 4 1059 1892 3224 5030
1153 10 246 4680 9377 2317 268 7787 8084 3098 7826 3441
1154 5 837 8813 5634 8013 2143
1155 8 131 1836 2905 7022 9774 1605 1116 2319
1156 6 969 1776 3610 4976 8819 3820
1157 11 591 1345 2842 3323 7632 5317 9558 2905 7177 3277 5620
1158 3 24 3779 7694
1159 8 836 1362 7062 2223 7191 4154 3271 8707
1160 2 1012 3853
1161 9 1131 1379 3776 7198 3748 2883 5026 3109 6250
1162 7 861 1322 1744 1844 4017 4985 3785
1163 3 596 291 8802
1164 3 238 2256 975
1165 2 166 6583
1166 9 647 2336 7512 8028 5486 9413 3105 4731 27
1167 9 144 1290 3284 7121 5504 3284 2121 2755 2147
1168 8 610 2810 8305 8967 4383 1915 1495 9537
1169 7 607 3910 8657 5432 8094 4306 1252
1170 6 247 5276 5277 6764 4125 1320
1171 4 258 1901 3416 9393
1172 6 1148 1179 2816 5794 7256 7000
1173 7 45 1967 2151 5686 6015 3757 9882
1174 7 926 2357 2629 3560 3855 2646 1673
1175 5 303 1612 8691 269 2170
1176 4 81 1193 766 3071
1177 6 374 2150 4379 7231 6929 4119
1178 6 438 1645 2563 8434 9721 7881
1179 7 1172 1716 2178 4021 7458 8714 2403
1180 13 228 1305 2397 3151 4929 9132 3996 7960 765 7493 3814 770 6580
1181 3 934 1734 8060
1182 7 314 8823 9004 7058 4472 5571 8127
1183 10 780 1532 1861 2181 5731 9665 6723 7597 5862 4055
1184 3 390 4794 6218
1185 11 46 1766 2302 4095 4143 1511 1411 2462 9786 9091 4541
1186 10 630 1754 4586 4890 9016 4934 428 5039 2248 5364
1187 5 348 1477 5977 116 6055
1188 8 378 1932 9222 1849 3236 8930 6437 2654
1189 5 582 3362 5866 7302 1067
1190 5 517 9111 5631 533 5095
1191 2 210 7824
1192 9 436 2769 5353 8904 5436 4989 4608 3854 9429
1193 5 1176 4065 6406 2437 5745
1194 8 334 5457 7827 6964 8683 2965 3807 9821
1195 9 1061 2315 3411 8346 5238 8498 849 7985 7610
1196 6 820 4343 349 7776 4060 2289
1197 5 619 1461 1676 9335 9799
1198 9 387 1523 7513 9832 7531 7003 1541 9713 447
1199 7 623 3617 8115 2285 8466 5840 7581
1200 5 489 7211 9641 7398 1279
1201 8 1133 1782 3113 3828 6028 9815 9337 5571
1202 3 93 3718 6788
1203 9 372 1505 5009 9223 7533 2607 324 7964 9418
1204 7 347 1802 7193 9066 3283 4045 1695
1205 3 89 2630 4537
1206 7 278 2445 2883 3666 3708 539 7639
1207 5 619 2206 3156 3623 5142
1208 6 279 1298 1570 4481 7252 538
1209 3 185 4577 4416
1210 9 981 3507 4105 6940 8334 6203 7802 4025 6972
1211 5 243 2169 1946 8314 6987
1212 7 683 5688 4187 4544 9048 451 9324
1213 7 598 1511 6812 8379 2438 6633 3255
1214 5 43 2159 8015 5885 2367
1215 2 392 4346
1216 4 313 4582 5335 4387
1217 8 515 5095 7309 7699 4732 392 2521 8537
1218 5 520 5695 6842 3040 210
1219 5 974 3273 4119 3879 9844
1220 4 734 7221 9812 8925
1221 8 30 1414 1451 9575 133 9409 6653 7943
1222 7 230 1760 2419 4152 6239 6145 18
1223 3 520 3199 3118
1224 5 550 1567 5410 7214 813
1225 5 572 3511 178 7075 4924
1226 10 750 1399 4838 8362 5681 9710 3255 1866 9662 8611
1227 7 738 8761 2196 5569 8727 6215 2375
1228 7 1083 1700 7107 1745 6138 3921 8822
1229 4 643 3245 9023 2853
1230 6 641 2793 7543 6568 3103 1843
1231 7 802 2079 4712 2696 3735 1751 5730
1232 3 801 9967 7867
1233 8 397 3493 2483 7894 8944 9684 7256 6620
1234 3 62 5990 8671
1235 8 253 3394 3565 4331 5730 4112 9782 490
1236 6 385 2309 2646 9385 6135 8125
1237 7 1112 1391 4121 2920 8947 1633 5170
1238 10 347 1330 1365 3089 3222 5896 8145 8294 4717 4088
1239 7 30 1520 2609 3859 5131 8221 4672
1240 4 104 2148 2533 7218
1241 7 187 2914 7678 7697 9240 7744 8042
1242 4 111 1775 4337 8439
1243 9 541 1323 9085 2075 7561 5466 6845 7086 3436
1244 7 239 2712 9065 9654 2840 6304 5324
1245 3 187 1337 5495
1246 7 723 1917 5096 5620 1287 7882 5799
1247 4 545 5542 1491 572
1248 8 574 3210 6003 8725 167 8719 842 9502
1249 6 372 3390 6406 7062 9603 3108
1250 6 246 9680 7496 5181 6120 4910
1251 8 631 4762 5695 8793 1757 6641 2559 9654
1252 8 281 1332 1433 3059 8773 9728 1429 1169
1253 5 444 1421 2967 5002 8588
1254 7 1120 2384 8235 7477 7274 8064 3995
1255 4 112 2533 5224 1838
1256 5 889 2930 9657 7860 9800
1257 2 1142 5025
1258 6 647 4999 4872 1493 4055 8989
1259 4 933 2095 2276 3422
1260 4 648 3624 6931 4489
1261 6 155 1400 1449 2508 3972 3815
1262 8 854 1331 1509 6877 5193 5267 2238 5564
1263 6 750 2176 4596 4881 5524 6840
1264 10 744 2049 2068 7200 8852 5766 8271 4963 5660 646
1265 4 119 1057 7574 9348
1266 7 730 2220 711 6456 8340 1845 3589
1267 6 212 6529 6788 6294 953 6947
1268 6 1009 2702 4465 3755 7532 2972
1269 1 380
1270 2 419 6457
1271 11 791 1282 1386 2299 3057 7758 9119 8204 7506 706 5261
1272 11 216 4522 8056 9374 9596 4850 3017 8009 9697 2536 8996
1273 5 889 1277 2175 2231 2034
1274 3 1053 4544 9834
1275 5 89 2406 7801 9102 943
1276 7 534 3025 6811 9094 5683 393 9543
1277 6 1273 8655 8781 8264 7819 5607
1278 7 1132 1551 2173 2863 4187 1696 5930
1279 7 444 1809 6719 4629 6981 8674 1200
1280 5 519 4335 4984 9475 4852
1281 3 850 2355 1615
1282 10 1271 1927 2464 9737 1558 1699 2274 8707 1934 473
1283 7 410 3232 6475 5889 1747 1916 6561
1284 10 1039 1623 2316 7134 1961 5739 7629 8862 5324 3710
1285 6 345 4847 1360 7978 973 5378
1286 6 407 8143 8384 9987 5228 6968
1287 7 389 6493 9733 1246 823 1136 7495
1288 6 692 3416 4019 5219 3902 182
1289 7 908 2187 2398 7372 8316 2688 9148
1290 3 1167 5929 4468
1291 4 946 5091 9640 9560
1292 5 570 6803 2867 5299 8804
1293 4 1010 7621 2388 9106
1294 6 952 1885 4279 5774 6069 5537
1295 4 254 3949 8076 5469
1296 6 228 3369 527 2270 7325 9212
1297 7 115 3015 3517 6238 2111 1315 836
1298 4 1208 2328 5926 2142
1299 5 343 4061 7379 6602 4705
1300 3 265 5546 754
1301 8 532 1540 2100 9356 7688 5910 301 6712
1302 4 1138 2804 1613 788
1303 5 49 7453 3072 3475 3139
1304 6 597 3175 1543 7372 5754 6695
1305 5 1180 2606 6326 7478 3144
1306 6 395 1442 2822 7041 134 9298
1307 6 938 1558 2189 3790 6855 7195
1308 11 932 2845 8400 3530 6196 6919 50 454 9779 9242 8233
1309 8 951 1340 3475 4281 5014 3455 1726 5387
1310 8 581 1729 2031 3563 1755 8505 4329 5199
1311 8 941 2473 8008 7591 7581 6987 9975 9634
1312 8 129 1382 1596 6326 7624 8817 9568 8420
1313 3 784 2891 5817
1314 3 664 6928 5885
1315 9 1086 2191 5955 9345 8236 6646 1297 477 9872
1316 9 547 1359 2796 3987 1742 4239 9195 7982 5178
1317 7 420 1373 2393 2727 3102 6709 2898
1318 8 752 1890 2018 4417 4894 8835 3720 2644
1319 5 556 1387 4853 5549 1493
1320 5 331 5228 808 2825 1170
1321 4 204 8573 6634 973
1322 12 1162 2325 4549 7137 8839 5033 2981 8320 9835 6727 5045 2685
1323 2 1243 9893
1324 4 590 2342 9157 1750
1325 5 988 6434 2547 4677 7245
1326 5 892 1595 2281 5789 9235
1327 2 231 6973
1328 4 682 3763 6676 4885
1329 9 751 1338 3933 5575 7655 1483 4662 8143 7791
1330 7 1238 3907 4936 5635 7010 6685 4004
1331 7 1262 1942 7434 8373 3713 8577 4210
1332 2 1252 8706
1333 6 206 2545 2862 2970 4607 9720
1334 3 75 8267 2658
1335 5 547 1986 9046 7115 680
1336 9 1061 2140 2881 2948 5658 499 6591 5440 2179
1337 6 1245 3359 7393 834 8627 3705
1338 6 1329 2684 4397 6938 1067 2758
1339 3 958 2670 4580
1340 5 1309 4214 6567 2743 8141
1341 4 197 7725 1353 7470
1342 9 739 1993 2462 2957 5652 6557 1380 4575 1001
1343 5 682 2212 5282 6267 6602
1344 4 459 1501 8138 4702
1345 6 1157 2457 2636 5604 8350 3477
1346 3 400 1445 3191
1347 7 51 7187 5452 1740 3347 1744 4185
1348 6 533 3300 8578 2173 1458 2097
1349 7 60 4130 8840 8427 5362 5932 7254
1350 4 229 1813 5590 6174
1351 5 148 3070 4786 697 3696
1352 10 666 1478 1572 2928 3228 3392 7310 8905 1890 2923
1353 7 945 2476 3018 8272 1968 8559 1341
1354 6 531 4498 5797 8807 4383 9083
1355 5 670 2983 4064 4367 9757
1356 6 287 2306 7405 8641 9050 5910
1357 6 718 2362 3191 8318 377 2321
1358 8 1042 2642 3461 4003 6374 1706 5660 9379
1359 7 1316 1858 5561 9360 3052 1119 5390
1360 8 88 1510 1559 8402 9158 2476 1285 71
1361 4 732 1566 2218 5400
1362 6 1159 4043 5022 9841 8485 9065
1363 3 695 1954 3992
1364 6 580 1441 1879 4331 6400 8369
1365 2 1238 7683
1366 6 812 1707 9545 8903 5660 2664
1367 8 896 1855 6292 9426 8014 2866 4724 6422
1368 6 281 3329 5412 4601 7886 3838
1369 7 971 1632 6034 8861 5485 2937 4380
1370 5 682 5999 8501 4481 9235
1371 2 928 5875
1372 8 75 2274 2775 4545 239 193 4733 1658
1373 5 1317 4846 3376 7325 750
1374 6 217 7385 3672 8413 7981 9805
1375 3 968 6141 2444
1376 5 683 4904 8079 4131 1817
1377 4 526 2412 4750 7833
1378 4 480 1590 1468 9129
1379 5 1161 3431 1465 7575 9908
1380 6 549 1475 4911 8304 9855 1342
1381 6 974 3451 8181 4433 248 2467
1382 6 1312 3276 3537 8718 1035 4168
1383 4 926 8000 6764 6228
1384 5 317 1584 139 3437 1499
1385 6 903 8097 9951 876 2813 7078
1386 5 1271 1443 1681 325 9027
1387 5 1319 2134 4304 7496 4378
1388 11 30 1969 2061 6152 7696 3151 8504 3936 7462 3674 5122
1389 12 1117 1690 2043 2844 5080 9323 4301 1403 2950 6960 7442 2025
1390 9 154 4273 1782 5788 1012 549 946 207 5344
1391 4 1237 9387 7292 735
1392 13 299 1797 2064 2383 3259 3382 5927 6131 9604 3340 8438 7580 2423
1393 5 231 2066 4761 1035 3548
1394 10 941 1976 3634 5207 7757 5651 8693 3635 1594 244
1395 3 1035 1515 1843
1396 5 877 1437 2273 2912 7762
1397 11 1123 2337 6354 406 8148 4165 7020 3036 9106 3152 2571
1398 7 907 1664 4565 1816 6214 6425 5443
1399 4 1226 3554 6734 2240
1400 4 1261 4353 9036 3962
1401 6 776 2624 8087 2808 6846 2773
1402 6 525 1883 3786 7823 9283 2162
1403 5 679 1770 8546 1389 3068
1404 4 881 2390 9198 1984
1405 6 34 9977 846 1946 5928 8988
1406 3 43 3825 8206
1407 6 286 6787 2924 4932 7203 9903
1408 16 98 2132 2250 2692 3702 6800 7335 9483 6841 1115 3106 5253 6016 3813 5783 5779
1409 6 271 8093 2014 603 4635 9034
1410 5 451 1827 8721 7730 1545
1411 5 687 3836 3579 1185 9679
1412 8 273 5232 486 2319 9237 7096 7749 7095
1413 5 909 6722 6217 4838 5698
1414 8 1221 2622 4044 7130 9949 8251 4103 3218
1415 5 966 2000 2293 6823 1897
1416 5 849 4443 6042 7998 9523
1417 5 852 3146 3197 8108 9816
1418 9 636 3181 3599 4962 7794 5528 1145 2890 5002
1419 3 328 9796 9863
1420 4 243 4448 756 6155
1421 4 1253 8818 883 6930
1422 7 351 2067 2391 2846 7629 7791 8318
1423 5 307 3026 3845 4236 4247
1424 7 988 6140 9350 5423 7700 9929 4173
1425 3 321 2187 2543
1426 5 206 2621 8822 6895 414
1427 4 717 6685 7236 6470
1428 4 860 5588 304 6780
1429 7 1010 4293 9730 142 4606 8749 1252
1430 6 596 7050 6853 8036 3241 7140
1431 8 492 2136 7653 1043 695 9004 7027 4114
1432 7 1032 2155 2971 3320 4180 5689 4382
1433 4 1252 2245 2191 7943
1434 4 841 2632 4711 6666
1435 5 909 3822 3219 539 7292
1436 4 420 4649 7997 3599
1437 6 1396 4796 7448 8203 6526 2250
1438 5 497 5430 6263 8845 9855
1439 5 500 5074 1919 2771 5435
1440 10 503 1633 2032 3767 3867 4531 5996 7994 541 8359
1441 7 1364 3326 5309 6773 8063 55 1551
1442 9 1306 3248 3279 3759 3892 8608 8081 5190 9471
1443 6 1386 3356 5286 251 8161 6118
1444 10 993 2367 3389 4677 5709 9421 1717 9255 2647 675
1445 3 1346 4786 2373
1446 6 822 1974 9441 65 2766 7803
1447 6 1051 2111 2813 6808 6836 347
1448 5 1071 2102 4856 5805 8515
1449 11 1261 2502 3165 8713 9096 9131 3413 194 8220 1110 6445
1450 10 728 1665 2884 5685 7367 9935 6149 9515 289 9548
1451 7 1221 4985 4695 6785 7278 808 4530
1452 5 553 4837 7879 5320 7267
1453 6 895 1979 2742 4789 2889 506
1454 7 216 2485 3225 8390 9197 5785 3866
1455 6 838 9666 3667 9062 3542 4630
1456 12 937 1562 1609 1988 5216 2400 7808 2023 1578 2270 3030 9765
1457 6 676 2374 2689 5546 6347 8493
1458 5 108 3230 4500 6009 1348
1459 5 267 7971 7029 3638 8230
1460 9 470 1759 2870 8587 861 3611 6103 1632 5067
1461 4 1197 3960 5757 9434
1462 8 415 1673 2618 3967 5193 8068 9616 8097
1463 5 528 7809 6969 6533 4343
1464 3 499 4843 9812
1465 9 722 2217 6539 8176 1379 5086 6285 4419 6723
1466 6 246 2732 5804 2243 8500 8610
1467 5 468 1801 4439 5752 8576
1468 7 958 2265 4225 1378 209 755 7919
1469 5 743 4212 5766 2763 9841
1470 3 216 1771 4189
1471 4 640 1495 2197 5429
1472 5 867 2799 3041 9605 9159
1473 6 844 3833 6654 7946 2347 7754
1474 8 1077 6570 6817 7284 6519 3272 4859 3461
1475 1 1380
1476 6 644 2721 4053 4658 4911 7970
1477 6 1187 5299 1687 6921 6342 7763
1478 4 1352 1703 356 108
1479 6 1114 1966 2396 3606 2376 115
1480 7 604 3038 6050 9910 2678 4700 7105
1481 4 241 1582 4528 8609
1482 5 627 1683 3366 4560 64
1483 6 28 5450 6120 6276 7416 1329
1484 6 640 2987 9029 3577 2439 1778
1485 6 379 2747 6880 9742 4199 6086
1486 14 1028 1889 2517 3958 940 1059 2292 5311 4744 5572 9914 5626 9230 8628
1487 9 727 1842 2962 4133 7474 2847 8656 5101 3495
1488 7 941 2235 6796 3522 6659 9295 2340
1489 5 1136 1865 4942 5019 3007
1490 14 542 1780 2454 4436 5943 6099 7039 4337 2752 8050 2972 2450 8669 6675
1491 5 123 9347 7284 1247 8659
1492 5 335 4590 9321 8859 8007
1493 11 170 4097 5047 8647 1258 5129 8115 5764 3691 2536 1319
1494 5 111 5698 982 4525 4472
1495 4 1471 1649 1168 3288
1496 4 429 5024 4494 8854
1497 5 923 2372 3851 2938 2458
1498 7 412 6845 9771 6058 6061 8891 690
1499 6 247 5586 2128 2687 8098 1384
1500 9 12 1581 1742 1778 2487 9597 2278 616 4852
1501 6 1344 2611 3122 4391 6781 9097
1502 4 1004 2467 3994 1624
1503 7 237 2160 3584 4201 6408 9694 4190
1504 4 182 3981 4635 7096
1505 7 1203 1547 5015 5342 2244 8407 9451
1506 5 856 1656 2177 2970 3066
1507 5 965 2080 3220 7106 7616
1508 8 1141 1940 2749 4965 6038 282 4750 7684
1509 3 1262 1871 2852
1510 3 1360 5497 8296
1511 9 1213 2774 3545 6928 652 1185 2767 5134 5908
1512 8 1022 2935 7770 7113 5797 5077 4790 8637
1513 3 666 1767 318
1514 7 85 7392 4100 9162 6425 8518 2922
1515 5 1395 1964 66 2727 301
1516 8 324 2475 4070 1601 4045 9616 8783 9509
1517 9 1090 1524 2980 3398 954 4997 2867 8617 6322
1518 4 589 1856 2866 7962
1519 6 1009 2192 4382 6130 7735 5211
1520 1 1239
1521 6 293 4331 8370 6011 2796 4007
1522 11 752 2224 2696 4079 1885 7149 2437 2190 5734 4486 7645
1523 3 1198 9696 8421
1524 6 1517 2334 3846 8849 5308 4496
1525 7 115 4706 6085 6541 7888 7971 4538
1526 7 56 3783 9712 1007 302 4826 8380
1527 7 701 2458 3811 7551 9432 904 3782
1528 5 497 4970 347 3291 3468
1529 4 422 3426 544 112
1530 6 1007 2088 2410 7530 3648 8411
1531 5 120 8009 5631 8051 3096
1532 8 1183 2580 4211 8934 8520 120 9256 2314
1533 7 605 2230 2394 6451 9962 406 4852
1534 6 892 1774 1819 8516 1031 5693
1535 7 347 3749 4503 4400 2513 3015 9405
1536 3 477 1013 3459
1537 8 266 1863 2114 1564 4029 4068 8971 8375
1538 6 811 3033 5419 9700 8077 5383
1539 4 572 2704 7559 6303
1540 4 1301 9123 2248 8197
1541 9 218 8217 6448 349 3393 1198 2051 3663 382
1542 7 670 4260 8383 6429 3470 5782 9912
1543 8 326 1851 2349 1304 6466 5581 3948 1831
1544 7 1134 1611 4795 8268 681 2236 8793
1545 10 103 2207 2913 3969 4238 6169 259 1410 2967 9728
1546 5 874 2377 3802 7067 7492
1547 5 1505 8742 5742 3983 511
1548 4 845 2108 5563 2062
1549 4 135 5896 8504 1123
1550 3 347 9182 9875
1551 7 1278 4051 4334 4356 7823 2672 1441
1552 5 742 1628 5524 5704 7570
1553 5 705 1807 2385 2537 4034
1554 6 324 2945 7906 1109 6580 8702
1555 5 782 1591 6580 2961 5785
1556 9 493 1787 1997 2827 3750 6434 180 7957 1712
1557 2 115 8427
1558 9 1307 2310 3172 4342 1282 6380 2959 5836 6390
1559 3 1360 2054 8541
1560 6 1116 1579 5765 9371 3149 7411
1561 5 386 2259 3240 6753 3621
1562 4 1456 3121 8395 5095
1563 7 667 2157 2652 5316 1581 5414 9190
1564 6 46 1537 1062 9251 6646 6488
1565 4 606 7081 9860 6613
1566 7 1361 1875 2559 5257 9145 5208 5057
1567 5 1224 8569 4971 6687 6683
1568 7 895 2143 2783 3155 3240 9839 2333
1569 8 1086 2380 3065 4007 7668 5618 5910 6207
1570 6 1208 1971 2857 3275 7263 7241
1571 7 218 2055 7123 9978 5999 7265 7189
1572 6 1352 1640 1963 5753 3744 859
1573 7 575 1719 1746 1757 7098 2727 7246
1574 4 137 2034 4562 7828
1575 6 621 9419 126 6836 1803 4969
1576 5 106 2378 4967 477 4681
1577 6 994 1909 4042 5133 9346 6875
1578 6 880 2075 2076 6320 1456 400
1579 4 1560 4776 7324 6386
1580 7 709 2723 4317 8302 8767 4605 8067
1581 7 1500 1896 5105 6496 6225 4709 1563
1582 5 1481 1893 3498 5086 7612
1583 4 743 3418 4174 801
1584 3 1384 1711 8086
1585 5 408 6355 6357 9113 6142
1586 7 653 3614 5173 2025 9798 4810 159
1587 5 238 7391 8984 921 274
1588 4 309 2843 1876 5081
1589 5 140 1804 2944 5394 7393
1590 4 1378 8463 262 5835
1591 6 1555 2814 6608 1622 7502 2241
1592 7 845 2623 6427 4591 2362 9717 1144
1593 6 266 4490 8711 744 7759 5702
1594 6 879 2786 3777 5138 4037 1394
1595 4 1326 2286 9529 8329
1596 6 1312 4643 5211 4040 5346 3829
1597 4 799 6587 8175 333
1598 4 1142 3673 2761 4352
1599 8 589 1912 2085 2808 3818 7018 3652 3692
1600 4 1010 1782 6771 2689
1601 6 818 1763 3782 6369 4198 1516
1602 3 1044 2330 3920
1603 11 212 2565 6019 8093 408 6534 5567 8297 6949 9077 9648
1604 4 1068 5621 5083 7936
1605 4 1008 6750 1155 6126
1606 8 402 3298 1684 3254 4265 5493 2739 2899
1607 6 921 2920 3850 8052 1800 8422
1608 4 940 6303 9040 187
1609 5 1456 9134 3812 7056 5361
1610 2 1005 4866
1611 5 1544 6132 2131 8838 812
1612 4 1175 1957 3289 2489
1613 11 344 2109 3458 3480 5070 1807 7777 4756 1302 6529 5501
1614 7 32 2843 3608 4237 8645 8839 1660
1615 6 795 1837 1956 2009 5846 1281
1616 10 174 2382 4115 9747 8422 8762 8920 2562 7637 5134
1617 7 62 1903 2872 3495 7752 7753 8935
1618 4 137 514 2734 8899
1619 5 408 7845 9545 7557 2131
1620 4 679 2887 2250 1872
1621 3 950 8501 2417
1622 9 194 2516 4953 5482 7675 1591 5541 1058 9391
1623 12 1284 2548 6470 6936 8496 3071 8546 4756 7747 8197 5102 950
1624 4 682 1502 6969 4829
1625 4 958 2503 9524 5468
1626 2 993 2594
1627 3 685 8367 506
1628 10 1552 1790 3699 3739 6634 9814 5372 3211 7655 6945
1629 3 149 1918 3945
1630 2 997 3557
1631 5 137 8091 898 9019 6465
1632 4 1369 1753 2931 1460
1633 12 1440 2757 2805 5388 3674 4812 4026 1237 3563 4895 8097 2117
1634 7 558 3162 5137 8492 9214 4219 4729
1635 3 805 3649 7417
1636 4 296 6194 9939 2554
1637 3 696 8426 4673
1638 8 189 5185 3144 4254 764 8219 4773 6426
1639 5 184 1794 5260 6007 6977
1640 8 1572 4174 7191 6313 75 2022 2711 8167
1641 4 769 4830 8733 2117
1642 5 157 4325 6914 2392 6324
1643 4 100 3153 3427 8584
1644 8 732 2179 2966 286 9665 3565 7362 9251
1645 4 1178 3193 4747 170
1646 3 321 2095 5826
1647 4 824 3048 4633 7960
1648 5 202 2388 7491 4514 3641
1649 5 1495 5191 4742 4480 5008
1650 5 368 6543 7265 1967 8086
1651 7 302 2634 3648 5510 9617 610 517
1652 5 757 6026 6299 3552 9086
1653 7 66 9486 8286 8375 122 9105 5436
1654 5 1043 4647 5250 6090 8740
1655 8 1019 2952 9079 3725 3828 8192 7938 8123
1656 5 1506 2278 7034 8436 4807
1657 5 602 2251 5384 6335 8204
1658 7 147 4674 8760 8451 4227 9208 1372
1659 9 82 2869 4096 7971 447 202 8680 1125 481
1660 6 222 9721 18 9019 6233 1614
1661 3 207 3215 6234
1662 8 936 2929 4047 5664 8586 5695 4436 412
1663 5 705 1907 9588 4288 7437
1664 6 1398 9765 4533 903 3324 2324
1665 4 1450 3145 6841 2307
1666 5 13 2889 7127 8085 8896
1667 9 120 2042 8084 8749 3857 990 3908 5374 8895
1668 6 1068 4797 7582 2800 7705 3514
1669 4 765 7178 2501 7409
1670 3 529 6058 8118
1671 2 831 1804
1672 6 1085 2048 3768 8844 3999 706
1673 5 1462 4613 5836 1894 1174
1674 7 657 2047 4480 2647 9871 3337 8332
1675 2 449 4626
1676 7 1197 2999 9106 3804 1024 7292 495
1677 5 751 3880 4765 950 2690
1678 5 760 3150 4297 8842 7817
1679 8 301 1853 5591 6390 4060 4060 3085 9273
1680 4 352 2620 3738 1717
1681 9 1386 5130 6822 7045 5125 6860 61 4135 1897
1682 6 614 2936 3216 781 6268 4690
1683 4 1482 1738 4062 4867
1684 5 531 7736 1606 689 9559
1685 2 455 2342
1686 7 810 1698 3302 3820 1064 8907 3400
1687 9 793 1847 2521 9881 8274 1477 7554 2096 8083
1688 11 1053 3042 3999 7046 234 7353 3590 1730 5472 3986 2314
1689 5 612 8605 2281 3682 9834
1690 4 1389 2078 8782 5420
1691 2 977 5174
1692 3 439 9473 6585
1693 4 291 9580 6790 7851
1694 6 738 5227 4149 1147 4297 3782
1695 9 469 4160 6081 12 2797 7547 4481 1204 1807
1696 10 217 7570 1278 3520 8386 5189 4233 4544 4765 8697
1697 5 1101 4658 9915 7799 2971
1698 4 1686 3986 1929 8129
1699 3 1008 3028 1282
1700 4 1228 3101 1032 7308
1701 6 643 2014 4639 305 2133 9847
1702 9 361 1712 2695 5833 2353 355 5409 8445 6267
1703 7 1478 524 8211 7855 2575 9678 5206
1704 8 1004 4036 5477 5585 7182 9902 2466 4436
1705 9 78 4419 7128 8026 124 9094 9767 7500 4822
1706 5 1019 3713 1358 145 6292
1707 4 1366 4700 6727 9054
1708 5 775 1965 319 4253 8424
1709 4 857 2950 8861 7237
1710 6 332 4272 6074 6422 3710 4089
1711 4 1584 3902 8082 3596
1712 7 1702 4879 5376 1747 7433 8009 1556
1713 4 935 3917 6193 2140
1714 6 8 2937 9231 9675 9985 2625
1715 8 656 2540 3832 7283 7765 3194 8498 3643
1716 6 1179 2650 3270 3735 5147 8171
1717 7 580 1814 2902 4529 1444 2255 1680
1718 5 28 1821 7408 4347 2957
1719 6 1573 4679 7313 8018 4270 9751
1720 6 343 1930 4771 6599 2680 4651
1721 5 277 2270 9396 3549 871
1722 5 995 1828 3939 5086 4322
1723 8 15 2098 3262 5153 7833 8056 7549 6322
1724 6 796 5966 7613 8820 8630 5915
1725 6 60 7531 9475 9704 4232 6213
1726 6 77 9478 7966 3878 1309 3442
1727 3 930 2543 4938
1728 2 763 3183
1729 3 1310 8129 8154
1730 6 947 4029 3938 9473 1688 2073
1731 6 598 3187 4928 8687 2116 7798
1732 6 458 3831 6921 7639 6827 1067
1733 3 512 2142 4794
1734 8 1181 1843 2510 3002 5093 9634 5632 998
1735 6 985 7421 6338 3580 3658 513
1736 4 488 2184 7113 3431
1737 5 786 4478 8887 7422 810
1738 4 1683 991 225 6425
1739 2 931 6381
1740 8 311 3158 3319 5683 6510 1347 6508 2294
1741 5 835 6468 9744 6819 2625
1742 11 1500 6627 1316 2882 599 7059 8739 3678 5497 3198 2992
1743 3 389 5942 8474
1744 5 1162 1946 5102 1347 3248
1745 10 467 2050 2688 3717 6202 8534 1228 4006 9123 57
1746 4 1573 3459 5619 759
1747 8 754 3415 6801 1712 9570 1283 313 3571
1748 4 1057 3250 1837 3180
1749 3 429 5425 3839
1750 4 731 4246 1324 355
1751 8 792 6182 8625 1231 8127 8686 7839 8041
1752 9 258 1815 3009 3103 3164 6475 8126 6059 6628
1753 6 266 5868 9065 4672 1632 823
1754 3 1186 2226 9290
1755 4 548 7178 1310 6469
1756 3 395 8094 8407
1757 4 1573 1251 518 3576
1758 3 583 2610 8135
1759 7 1460 3766 5770 4373 8421 2916 5252
1760 6 1222 9008 5599 4038 6768 8122
1761 5 253 4566 4708 9202 39
1762 5 87 2190 6397 9638 2273
1763 11 1601 1995 2257 2743 4620 6848 8868 8294 3897 7837 9156
1764 4 1143 7109 7747 921
1765 9 965 3312 4004 5097 9309 8315 2415 5250 1916
1766 8 1185 1785 1789 5896 6585 9922 258 3566
1767 4 1513 3020 6999 9237
1768 6 439 191 2809 5080 8545 9897
1769 4 1141 2377 9799 278
1770 5 1403 2599 841 4836 2944
1771 9 1470 2059 3838 4367 897 2586 8624 3355 4527
1772 5 972 6625 9549 2628 4515
1773 7 167 3179 3873 153 5288 9226 6181
1774 4 1534 7912 6470 9245
1775 5 1242 4088 8844 9853 8955
1776 5 1156 2262 5124 8668 5137
1777 2 315 9529
1778 5 1500 2885 5640 1484 5844
1779 11 159 2087 3934 4500 5396 2460 5486 7591 4170 7369 5114
1780 7 1490 2321 4895 5854 4106 6309 8402
1781 5 176 2320 2555 8311 2762
1782 8 1201 2644 1390 3057 1600 9877 8512 852
1783 10 1011 2572 5499 5852 6455 7741 4576 9047 2674 7198
1784 7 924 4909 5340 8228 1933 4734 237
1785 6 1766 7241 9670 3455 6589 3141
1786 2 33 2353
1787 8 1556 4216 6658 7703 7448 2027 851 847
1788 6 702 4203 8289 55 7949 6293
1789 5 1766 4276 7102 5163 511
1790 7 1628 5712 581 8593 6573 8784 863
1791 3 876 6441 4541
1792 6 264 3339 3572 8106 3570 2261
1793 4 459 5660 7315 108
1794 4 1639 7987 5618 7594
1795 6 126 4062 6189 4695 870 2940
1796 3 175 3244 5155
1797 9 1392 1968 3712 4045 7024 2508 9396 2761 2234
1798 7 456 2523 5894 4975 2087 8224 9508
1799 4 566 376 9984 3774
1800 5 727 2470 2683 4849 1607
1801 3 1467 5094 4905
1802 6 1204 2693 6523 8255 5943 6360
1803 8 770 9591 2584 7028 8123 3136 1962 1575
1804 6 1589 2214 3138 8232 8256 1671
1805 6 606 4540 6092 6348 2325 8748
1806 7 775 2158 4070 5554 4952 7912 2
1807 5 1553 3110 1613 5367 1695
1808 3 787 945 688
1809 8 1279 4352 8433 4759 6110 6296 7162 7766
1810 8 342 1933 2852 3197 5344 9269 5661 5222
1811 7 254 7834 3255 5032 8734 5034 376
1812 5 121 1983 2995 8528 4091
1813 1 1350
1814 6 1717 1920 2812 4148 5797 6476
1815 6 1752 3829 6956 1864 2998 5970
1816 6 883 4302 4753 9996 1398 42
1817 6 245 2680 3984 4127 1376 3153
1818 5 497 3252 4323 5608 2407
1819 4 1534 1991 64 6053
1820 7 1000 4023 2682 6646 2983 9920 337
1821 3 1718 6928 7336
1822 2 783 8192
1823 5 30 1904 5979 7796 1858
1824 5 269 4494 4962 5768 8869
1825 5 165 3578 9002 6132 3375
1826 6 92 2441 3073 4059 4949 4494
1827 4 1410 5982 9909 794
1828 6 1722 4594 4804 3953 6880 2399
1829 3 718 4993 5432
1830 3 488 232 6988
1831 4 9 9689 7624 1543
1832 6 702 3419 921 8764 5740 5133
1833 10 432 2438 3305 7860 8067 4282 9947 2446 2573 5406
1834 10 1046 1846 3445 5220 5557 1849 6398 3835 4106 8920
1835 8 480 2101 2748 9734 3067 909 7854 9018
1836 2 1155 9027
1837 9 1615 4265 4357 5911 6109 8105 1748 7723 4118
1838 11 29 2461 3543 3659 4629 9237 6033 1255 3767 3676 863
1839 4 17 3813 4328 5936
1840 5 725 4783 3244 156 8030
1841 4 676 2486 6749 9710
1842 6 1487 7626 5955 5066 9139 120
1843 6 1734 2737 5155 1395 216 1230
1844 8 1162 3935 4914 8644 9827 6248 4456 8032
1845 5 760 9059 3345 9734 1266
1846 8 1834 2960 8055 4309 1878 5227 8181 5607
1847 5 1687 1938 2674 3223 7537
1848 5 977 6147 3010 2979 7041
1849 6 923 2196 1834 7916 2354 1188
1850 3 311 8508 5790
1851 3 1543 3979 7382
1852 4 1105 2171 7642 3677
1853 6 1679 4812 8452 749 2971 2030
1854 2 287 2946
1855 10 1367 1952 1953 2446 2803 4290 8690 7044 3812 807
1856 6 1518 3520 4795 724 8151 4156
1857 3 1015 2365 7321
1858 9 1359 3536 4946 7085 8970 6563 4803 4232 1823
1859 2 338 2172
1860 4 942 4108 9359 9157
1861 3 1183 7890 7312
1862 11 711 2701 4081 7502 2685 2840 4519 2026 7090 7741 185
1863 5 1537 1982 1979 155 4448
1864 5 350 7382 1815 2159 2906
1865 8 1489 3202 4027 5176 5186 7113 4421 9103
1866 4 822 5244 1226 5325
1867 4 236 7528 9120 9703
1868 6 708 3701 2171 4123 7009 5237
1869 4 195 2237 3876 8478
1870 6 204 4691 2248 77 9417 7263
1871 4 1509 3274 9568 3815
1872 8 757 2121 2453 2526 1620 101 3536 6617
1873 5 249 5608 3620 2177 8491
1874 5 1125 1926 751 4613 7541
1875 3 1566 2052 4363
1876 11 447 2216 3330 6241 8738 3180 2236 9321 1588 7817 2567
1877 9 808 1915 2058 2849 2886 4514 3834 4274 8562
1878 9 866 2602 2672 5809 6445 2456 1846 2048 7231
1879 4 1364 2591 3519 8593
1880 7 61 2939 5862 7232 8159 2568 4853
1881 2 541 5906
1882 13 82 3586 4523 5582 6740 6797 8059 5034 3998 3694 3195 7278 9472
1883 7 1402 2097 849 5411 4340 4581 8988
1884 2 1073 7821
1885 6 1294 1522 2186 5324 50 6418
1886 4 1090 2495 1150 5779
1887 6 419 3895 4605 5865 4811 90
1888 9 71 6051 6729 9117 7459 8424 9560 58 3426
1889 6 1486 3134 5813 4433 3604 8996
1890 6 1318 2263 5055 7415 2499 1352
1891 5 526 2837 5122 5766 260
1892 3 1152 6101 8575
1893 5 1582 4010 8219 3216 8881
1894 6 585 8165 1673 5002 4089 6129
1895 7 663 3464 9349 2357 7509 7945 7592
1896 5 1581 2291 3190 6341 2033
1897 8 662 2096 7120 1415 2464 2741 8576 1681
1898 4 963 3609 3762 6928
1899 4 222 2833 9269 4975
1900 3 285 7204 3041
1901 11 1171 3306 3953 4622 7328 8999 9174 9220 7043 9724 3914
1902 6 124 2667 2726 9124 8469 7582
1903 6 1617 3733 3839 4631 4251 9049
1904 3 1823 2294 4884
1905 6 811 3472 3959 5028 8934 3809
1906 3 171 2204 2271
1907 6 1663 3220 5515 6141 3906 2050
1908 6 1106 4826 6166 9019 7859 4356
1909 6 1577 1948 3178 7136 3637 5588
1910 3 275 3195 6371
1911 10 712 5423 6569 5210 3978 2074 2029 8279 7042 8827
1912 5 1599 3709 6889 8607 288
1913 7 337 3251 8339 725 5890 7475 2372
1914 4 245 5992 8299 5486
1915 8 1877 3500 3722 5576 1168 8820 9461 4087
1916 9 276 2401 2792 4109 8163 366 1283 5926 1765
1917 9 1246 3022 4939 7740 9519 316 847 4061 7625
1918 7 1629 2225 2876 6780 6339 9039 3089
1919 9 13 5031 3293 8094 9641 9322 7462 9341 1439
1920 4 1814 1931 7568 8546
1921 10 30 2249 2587 4563 7334 6525 8024 9768 3494 2751
1922 7 658 3731 6449 3703 8040 1096 7609
1923 7 412 4085 4728 977 2664 6663 9557
1924 7 82 3272 6325 127 7275 5048 6801
1925 5 163 5834 4155 6320 9725
1926 5 523 1874 4045 7515 8851
1927 5 1282 2324 2134 4525 6706
1928 6 91 3982 6186 4333 3142 8459
1929 11 1099 2414 2550 3246 6436 8863 9107 5875 1698 214 3665
1930 5 1720 4644 4210 4598 3497
1931 7 1920 2046 3591 2048 9080 7719 606
1932 8 1188 7517 4514 4194 2394 4811 5809 5876
1933 7 1810 6308 7645 8753 923 1784 7395
1934 6 194 3044 3324 830 9577 1282
1935 5 573 2312 4540 3172 3844
1936 4 110 9140 5096 4928
1937 3 367 6465 386
1938 7 1847 5401 5545 8970 294 7734 1037
1939 9 1033 2428 2706 6270 7404 8677 7151 5804 9586
1940 5 1508 5983 2481 6039 2665
1941 5 303 2666 2740 7552 2395
1942 2 1331 2848
1943 4 188 4196 9560 4404
1944 6 1044 3174 6478 9994 869 3755
1945 1 318
1946 8 1744 2739 5581 7841 4553 1211 1405 3101
1947 3 773 3778 7269
1948 5 1909 4202 815 2973 7437
1949 6 1024 2590 3080 8111 6845 972
1950 5 408 3666 3614 668 2927
1951 7 947 2660 5348 6481 7982 4767 7763
1952 2 1855 6067
1953 4 1855 3335 6154 7780
1954 8 1363 5587 5638 8830 7281 6710 3168 2443
1955 3 534 5448 8626
1956 6 1615 4012 9657 6886 4802 5774
1957 6 186 1612 5327 2729 1973 7268
1958 6 581 3743 5321 5768 7453 2693
1959 4 539 3109 7516 5736
1960 3 764 5451 4852
1961 5 746 1284 3836 7333 9877
1962 6 261 2837 3585 2921 7482 1803
1963 9 1572 3211 4294 7540 849 3287 5434 348 6899
1964 11 1515 2195 8211 8808 7299 5208 4383 3320 1126 3546 3316
1965 4 1708 3926 9595 1065
1966 5 1479 3410 3654 3708 6863
1967 4 1173 7850 1650 4261
1968 3 1797 3946 1353
1969 4 1388 2386 2519 3558
1970 8 541 2254 2603 6908 9643 958 8690 7846
1971 7 1570 3765 7862 5372 6225 9259 2107
1972 6 422 3055 4489 9620 4031 6158
1973 5 730 1957 6234 9306 5363
1974 4 1446 3176 9293 8936
1975 5 531 6016 7059 9110 3949
1976 5 1394 2579 7308 2193 2404
1977 4 655 3062 7614 6578
1978 5 680 3226 8622 4652 4634
1979 4 1453 1863 9480 8192
1980 5 724 3285 7301 8363 362
1981 5 142 7139 4853 5148 9317
1982 4 1863 3663 7215 750
1983 3 1812 2897 5570
1984 11 968 7739 9553 2001 878 3322 7103 9909 7299 1404 5422
1985 10 387 6181 7701 2742 2751 9476 3963 8626 2377 183
1986 7 1335 2659 23 3614 6749 6974 8955
1987 5 945 6596 8556 8690 2241
1988 8 1456 6192 9179 3776 509 9432 91 708
1989 6 1000 2228 9766 4581 5235 3640
1990 4 285 6039 7522 2223
1991 3 1819 2088 3423
1992 6 970 2715 3972 4384 2325 6470
1993 5 1342 3645 4365 6230 3194
1994 8 398 5364 7070 5943 443 1046 8863 9306
1995 7 1763 2546 3223 8776 944 2703 7442
1996 8 586 4233 6433 6990 7187 7474 2879 9335
1997 8 1556 2779 3271 6468 6903 7213 8005 6130
1998 2 143 2340
1999 2 460 2110
2000 9 1415 2648 5263 8828 9870 6448 550 7257 5313
2001 5 1083 9839 1984 2871 2062
2002 1 521
2003 4 822 2162 8753 6621
2004 6 454 2200 7921 3698 3946 2202
2005 9 459 3093 3787 4466 4963 540 6708 4269 4925
2006 8 163 4194 9780 893 7087 3301 2429 6
2007 6 1060 6851 7388 8446 5873 6261
2008 5 257 2145 4255 6609 6297
2009 6 115 3220 1615 749 7464 457
2010 6 536 3623 2144 2952 421 4134
2011 5 240 7400 2144 4762 8138
2012 4 529 4632 7733 5992
2013 5 475 3808 6423 9198 8671
2014 5 1701 528 3404 1409 7571
2015 7 912 3804 7190 8810 8230 6355 767
2016 3 968 5021 2049
2017 4 105 8957 3340 2570
2018 14 1318 3468 4243 4782 8252 6982 688 5648 7501 2514 5508 6688 5581 3676
2019 3 810 6151 9861
2020 6 988 5228 275 4782 6983 8488
2021 6 624 2640 4025 5080 3843 8461
2022 5 401 736 4162 1640 9456
2023 7 114 2535 3391 3404 4277 1456 5504
2024 4 837 4120 2978 9614
2025 10 1050 2553 3020 7700 8319 7046 1586 2370 1389 3274
2026 8 745 3671 7271 7733 9506 7434 1862 6835
2027 5 136 6599 2538 1787 6208
2028 9 1025 5446 5859 9748 9901 7726 7117 5268 2191
2029 4 548 2679 8088 1911
2030 7 184 2113 3641 9631 7668 480 1853
2031 6 1310 5606 6152 4511 4657 1060
2032 7 1440 3908 4073 5380 5430 131 6854
2033 3 94 8888 1896
2034 7 1574 2662 2785 3494 3610 9575 1273
2035 4 1136 2698 5534 5416
2036 6 638 4370 6790 6998 7595 7185
2037 4 748 3017 2181 3962
2038 8 489 2552 7948 6067 7376 7125 6727 4644
2039 5 811 362 1054 6923 2190
2040 6 732 709 6074 8913 5310 6192
2041 7 553 2081 3171 2645 5276 9872 9004
2042 7 1667 3046 5522 7012 2991 7205 6621
2043 6 1389 7057 9489 76 2945 2876
2044 8 308 2223 4445 7787 8760 6609 432 2811
2045 4 63 9799 5816 9469
2046 4 1931 4332 3004 1132
2047 4 1674 6204 9560 237
2048 5 1672 1931 6035 5741 1878
2049 6 1264 4822 8184 7862 3458 2016
2050 5 1745 2699 9630 4047 1907
2051 7 747 2821 4568 7044 6284 1541 9097
2052 4 1875 7939 6608 4683
2053 4 507 3567 4719 5408
2054 4 1559 3559 3799 5601
2055 1 1571
2056 2 675 2466
2057 7 313 3375 3826 3995 8256 8491 5189
2058 7 1877 4474 6792 8551 6351 6948 6726
2059 6 1771 4195 5566 431 7631 9186
2060 5 393 2392 5659 4839 9964
2061 9 1388 3063 7932 6923 454 2882 3386 37 9593
2062 7 493 7140 7555 9843 8495 2001 1548
2063 3 925 3114 147
2064 3 1392 4906 8240
2065 7 787 2240 4447 4556 3241 5993 2589
2066 7 1393 5135 8456 685 8414 6969 4921
2067 2 1422 5290
2068 4 1264 1022 9800 7370
2069 4 849 3524 4107 5952
2070 4 488 2364 9904 8909
2071 5 951 6611 7060 8045 3415
2072 9 594 2468 2730 8786 8454 2357 7888 7192 4250
2073 4 490 5404 2598 1730
2074 4 208 3023 2876 1911
2075 6 1578 2616 4829 2687 1243 7762
2076 4 1578 7077 6442 5869
2077 6 1021 6087 5064 4642 4234 5090
2078 6 1690 3329 7927 5776 9937 8935
2079 3 1231 2717 5690
2080 3 1507 4756 8187
2081 4 2041 8976 8466 3885
2082 4 596 7365 7896 8726
2083 6 900 804 2165 7877 6480 3179
2084 7 725 2110 7233 8215 8008 7883 5784
2085 3 1599 4506 4742
2086 5 59 2252 4816 5612 7568
2087 8 1779 9159 9241 9594 4963 1798 4814 936
2088 3 1530 4321 1991
2089 7 424 3905 5122 5898 7725 9507 4210
2090 6 187 3388 7447 3371 9617 7820
2091 6 855 5340 3985 4094 920 9863
2092 6 384 2323 3058 3644 6122 6199
2093 2 354 131
2094 1 22
2095 3 1259 6229 1646
2096 5 1897 7693 1687 8776 1066
2097 5 1883 2888 3402 4924 1348
2098 5 1723 5783 6690 9280 9189
2099 3 478 3018 4885
2100 3 1301 5708 4595
2101 3 1835 2720 9225
2102 3 1448 4521 8311
2103 4 63 3923 5797 5988
2104 5 1044 7953 9585 7681 2685
2105 4 478 8865 7641 5127
2106 6 1000 4067 4874 5840 5212 866
2107 8 663 2277 3189 4146 5680 4363 2610 1971
2108 5 1548 5807 9324 640 3290
2109 3 1613 7648 6909
2110 4 2084 6178 8216 1999
2111 10 1447 3679 4142 5059 8725 7581 1297 14 7518 11
2112 3 750 6577 5509
2113 4 2030 7858 7999 8524
2114 5 1537 2126 2658 9314 9427
2115 7 165 4437 5964 3863 3809 5706 7404
2116 4 874 3402 1731 6989
2117 12 1058 2402 4454 6770 8125 8667 9661 8478 1641 4006 7019 1633
2118 7 692 2751 6688 115 8986 7173 6634
2119 4 920 9352 598 8697
2120 4 459 2631 3785 9245
2121 5 1872 5274 4112 6582 1167
2122 6 1075 4934 5814 5012 604 133
2123 4 378 2459 3512 295
2124 4 230 2125 5702 3037
2125 5 2124 4192 7793 3100 4796
2126 4 2114 3142 4834 8876
2127 11 1050 2907 3719 9497 5366 5685 104 5453 7006 131 7768
2128 3 895 4546 1499
2129 8 403 3169 7688 8740 7003 5719 7989 5187
2130 5 843 2713 2898 9513 2537
2131 7 133 666 7176 9780 1611 9453 1619
2132 6 1408 4987 5611 702 8968 2365
2133 6 156 2146 6960 6939 1701 9052
2134 4 1387 3185 1927 5481
2135 7 489 4658 8110 4797 3648 8278 9707
2136 5 1431 681 8188 3977 5498
2137 1 281
2138 2 253 5786
2139 6 701 4008 5101 7687 9514 4482
2140 9 1336 2850 8389 9606 3122 3816 7267 6996 1713
2141 9 685 2296 3452 4399 5347 6118 3732 9737 6772
2142 8 1733 7601 3827 720 5943 5290 9582 1298
2143 6 1568 2425 6242 3294 5304 1154
2144 6 491 2953 2011 2010 176 3385
2145 2 2008 2347
2146 3 2133 475 8872
2147 5 39 3354 6853 7991 1167
2148 6 1240 2455 9071 9206 657 2672
2149 6 22 7607 4932 5678 490 5070
2150 3 1177 4283 9020
2151 4 1173 3076 4464 8476
2152 6 141 2532 3287 9888 124 6186
2153 6 838 3628 3686 5762 4347 5848
2154 4 1147 4438 4525 9341
2155 3 1432 6664 2402
2156 5 610 2363 9783 1038 9098
2157 10 1563 2892 4633 9521 9496 3831 6310 7891 1020 4736
2158 4 1806 3868 374 5839
2159 8 1214 3860 5300 9719 1864 6357 1109 3486
2160 7 1503 4675 6964 552 9867 1034 6232
2161 2 52 9581
2162 4 2003 4510 7875 1402
2163 4 224 2308 7344 4185
2164 4 567 4718 4825 6427
2165 5 727 3118 4459 6442 2083
2166 4 460 3970 5091 4670
2167 3 968 2400 5788
2168 5 70 5266 6435 7253 6659
2169 3 1211 2742 7898
2170 7 504 4708 6663 8116 9089 1175 6904
2171 8 1852 2841 4972 5886 1868 5257 1070 8811
2172 6 1859 9776 4324 6055 762 8309
2173 5 1278 1348 9054 4000 8295
2174 7 1130 8036 7044 8983 3617 3918 8492
2175 10 1273 2923 6107 576 5104 835 2361 7211 4000 5534
2176 2 1263 3844
2177 5 1506 5011 5278 4341 1873
2178 6 1179 2612 5198 9326 3306 8340
2179 4 1644 3581 7221 1336
2180 7 214 2282 3640 4401 6462 3000 2523
2181 3 1183 8771 2037
2182 7 846 2314 8233 4625 3056 7393 7178
2183 6 146 4722 9900 5767 4974 7699
2184 2 1736 6667
2185 6 128 4666 9018 5370 4064 7507
2186 6 401 8972 1885 4337 6633 4293
2187 2 1289 1425
2188 5 694 2421 3034 3885 2923
2189 7 1307 4070 7383 4750 69 4706 8074
2190 11 1762 2482 3557 3937 7303 9749 9834 1522 4548 7886 2039
2191 6 1315 2578 1433 6443 5665 2028
2192 11 1519 4551 5287 7257 8933 5623 2966 289 8522 8959 9800
2193 6 873 2858 2901 9934 1976 344
2194 6 464 4930 7881 9353 6890 3524
2195 8 1964 3092 4693 9420 4557 2473 6332 7844
2196 11 1849 2434 2478 2525 2752 6448 7036 6113 1227 3810 3433
2197 3 1471 5234 7850
2198 8 851 5399 9426 8609 5387 7622 3727 6297
2199 7 400 2635 5513 5914 8915 9559 8812
2200 3 2004 2495 6622
2201 5 1046 6840 8758 5759 4641
2202 6 212 4086 4349 4356 5257 2004
2203 4 727 3137 7031 9340
2204 7 693 5390 6880 1139 1906 2507 4586
2205 7 176 8024 7098 6814 7345 8777 8066
2206 7 1207 7930 826 9576 572 8156 5936
2207 3 1545 3084 9072
2208 6 52 2411 4553 5502 7250 3740
2209 4 763 2577 9469 7354
2210 7 264 2938 6831 9445 2541 2225 9474
2211 4 394 2853 4656 7243
2212 4 1343 8820 7057 5075
2213 9 1141 2776 6220 4138 698 5644 2672 3910 3989
2214 7 1804 4366 7100 2551 4807 2459 2317
2215 7 836 4646 4417 7939 7775 8043 9534
2216 4 1876 2255 5233 440
2217 2 1465 2709
2218 4 1361 6512 6081 4690
2219 5 763 4269 6253 6467 6941
2220 5 510 5528 1266 5864 5769
2221 5 1019 9531 7778 9478 9818
2222 6 776 8372 3487 4174 6924 4840
2223 6 2044 2836 1159 4429 8607 1990
2224 4 1522 3982 3973 5118
2225 5 1918 3965 2210 8234 7789
2226 4 1754 6975 994 4137
2227 2 799 4526
2228 3 1989 8197 9120
2229 5 637 5264 7234 6477 9803
2230 6 1533 2351 9490 7075 5785 8163
2231 5 1273 8966 585 5020 3618
2232 7 815 2788 3091 8502 8195 5207 3814
2233 5 745 9711 103 5840 7660
2234 6 654 77 8735 7707 3965 1797
2235 4 1488 4374 5994 5722
2236 10 458 2665 3264 5981 7674 3508 1876 6120 1544 7189
2237 9 1869 2973 3422 6232 6689 6824 6262 5540 5030
2238 7 159 3136 3303 7820 9924 1262 5925
2239 12 176 8469 7999 7016 8467 6674 5808 8989 5882 5007 9720 4528
2240 6 2065 4049 8838 5804 8163 1399
2241 6 756 3938 5695 1591 7722 1987
2242 6 226 2613 9088 9837 6372 5860
2243 5 487 5909 1466 232 531
2244 10 759 2664 1505 6128 6798 6729 5532 8454 880 8796
2245 2 1433 4751
2246 4 412 5391 3950 1015
2247 3 516 892 8434
2248 8 1143 2307 4361 1540 460 8313 1870 1186
2249 6 1921 2818 6035 9499 8834 3825
2250 5 1408 1620 9114 7982 1437
2251 3 1657 8500 857
2252 3 2086 7557 750
2253 6 1114 7677 9527 6193 7983 7665
2254 6 1970 9150 4686 8499 3437 996
2255 5 2216 4254 2667 1717 3366
2256 12 965 4441 4801 5018 2386 4055 9968 1164 6966 6916 9047 8779
2257 3 1763 2891 399
2258 7 784 7532 1066 6231 6788 891 551
2259 5 1561 8703 9786 4925 3303
2260 4 309 5370 4438 3389
2261 5 492 2780 4307 9338 1792
2262 7 1776 2288 7049 8058 9891 684 8169
2263 7 1890 3282 6193 1119 3049 8465 6128
2264 2 812 975
2265 2 1468 4172
2266 7 815 5280 5779 4406 902 7927 91
2267 9 482 3414 6472 9779 4576 2781 8443 3539 4373
2268 6 351 3081 3695 4386 7600 5838
2269 7 532 5509 7974 8537 8928 9855 2365
2270 4 1721 2823 1296 1456
2271 6 108 4505 7544 3840 1906 344
2272 5 919 2395 4781 9324 3357
2273 11 1396 3194 4204 6331 8814 5112 6487 2504 4437 1762 8021
2274 7 1372 8980 4777 3657 1282 8381 6860
2275 7 588 2326 6919 7431 7525 6171 6763
2276 9 1259 2359 4743 4920 6044 5565 5910 7460 3792
2277 3 2107 3429 6808
2278 4 242 1500 1656 2715
2279 6 177 5537 6258 8115 6181 8040
2280 6 415 2649 5072 8147 324 6650
2281 9 1326 4868 7448 1689 946 7578 5526 9062 7567
2282 5 2180 6388 9650 9507 2551
2283 7 57 3760 5316 682 4609 9322 379
2284 8 778 6441 8259 5311 7323 9827 4695 9910
2285 4 1141 1199 9868 9978
2286 6 1595 3502 8575 4293 6361 3544
2287 6 712 8504 9352 5629 3768 3064
2288 3 2262 8476 7306
2289 9 1116 2408 2479 2993 6429 8175 20 7225 1196
2290 7 312 3060 2797 9365 9045 5731 5593
2291 4 1896 3911 7088 9553
2292 7 128 4601 1486 8808 9902 4434 7668
2293 4 1415 3309 9205 5927
2294 7 1904 2856 6711 7524 1740 9253 137
2295 5 650 2711 4608 5231 5736
2296 7 2141 2880 5558 6016 6432 7479 9189
2297 5 478 8920 979 6822 4250
2298 5 763 4939 4292 4230 932
2299 4 1271 7993 7723 9935
2300 3 120 9323 6560
2301 6 408 2910 4039 5662 9739 6358
2302 3 1185 104 4470
2303 6 542 4491 5977 9009 2722 316
2304 5 712 2768 4754 5365 9475
2305 7 1024 5887 6186 4288 792 873 4062
2306 7 1356 3198 989 4134 3206 9609 2791
2307 6 2248 3292 5490 9015 1665 5052
2308 4 2163 3637 3780 4578
2309 6 1236 3843 6568 7091 8253 8914
2310 5 1558 5574 7905 8486 8225
2311 7 901 3012 4402 9945 5120 7753 2830
2312 4 1935 2819 5548 7439
2313 6 433 6148 4392 7867 7900 8056
2314 8 2182 5778 9914 8424 9796 533 1688 1532
2315 3 1195 2424 3529
2316 5 1284 2875 4598 8489 652
2317 10 760 2894 1153 6071 4135 6130 2214 6430 6879 6891
2318 4 862 3290 3597 7463
2319 6 842 5341 5359 1412 9876 1155
2320 4 1781 2503 7400 3772
2321 6 1780 9971 7846 2868 3071 1357
2322 7 276 3928 4998 7636 7862 368 289
2323 6 2092 2794 3291 9201 8282 5402
2324 4 420 4124 1927 1664
2325 6 1322 7184 1992 7002 1805 911
2326 3 2275 3440 2956
2327 2 289 2981
2328 5 1298 5303 8502 8156 2509
2329 8 552 2824 9215 5461 5090 343 892 4812
2330 6 1602 3161 4595 4851 9695 5386
2331 5 472 3403 6863 762 5758
2332 2 1017 5039
2333 3 814 9917 1568
2334 5 1524 4502 8720 8095 4371
2335 9 927 3875 9295 2504 6917 5177 8855 5877 2773
2336 3 1166 3191 9252
2337 4 1397 1110 3596 3078
2338 6 389 3882 4330 4483 4968 9327
2339 9 191 3064 5197 7252 8216 8704 5679 4570 9810
2340 6 21 2904 3748 468 1488 1998
2341 4 626 6641 9894 5985
2342 8 1324 2610 2985 4615 1685 7606 2351 9235
2343 3 435 4521 4314
2344 5 852 2981 5004 7439 9943
2345 8 1090 2407 2690 8834 6852 2734 3433 8097
2346 1 457
2347 6 2145 5824 1473 2473 7768 2948
2348 6 956 6176 8977 7748 7689 6728
2349 7 1543 4001 5175 8376 2533 3584 751
2350 5 136 5081 1008 3622 6714
2351 6 2230 3208 2342 4423 9423 4679
2352 4 838 4530 9601 6981
2353 6 1786 5337 1702 4379 7712 9484
2354 7 1091 4852 9903 1849 5332 7513 9095
2355 3 871 1281 4453
2356 4 1112 3253 59 5376
2357 6 1174 1895 4919 6683 3694 2072
2358 8 666 3756 6840 5590 536 5133 2560 5861
2359 4 2276 3501 5900 6908
2360 5 892 5246 7183 8675 7072
2361 4 788 6815 2175 811
2362 6 1357 3736 8277 7892 1592 8702
2363 5 2156 3485 5479 9449 9072
2364 5 2070 8952 9565 3996 7148
2365 7 1857 2924 4261 5889 2132 8964 2269
2366 6 338 2824 8434 878 3715 7071
2367 7 1444 6635 9532 9848 9513 1214 4679
2368 3 1071 8237 4400
2369 4 466 3241 9568 4878
2370 6 1106 3399 5226 9114 2025 4550
2371 4 374 2798 6668 4034
2372 4 1497 1139 1913 2382
2373 6 414 2405 5363 6967 8286 1445
2374 5 1457 6990 3343 7681 8841
2375 6 539 3246 3680 8153 1227 3321
2376 9 681 3793 4421 1479 5213 199 8393 3884 8556
2377 7 1546 2879 4470 5488 1985 1769 1059
2378 4 1576 4791 6070 7499
2379 4 211 5543 5659 4117
2380 4 1569 9294 9495 3849
2381 5 584 8907 2808 3953 8398
2382 4 1616 6867 2372 5805
2383 3 1392 3604 4420
2384 7 1254 6014 5744 6147 3567 6887 1041
2385 7 1553 2998 3072 5337 8421 6886 4151
2386 8 1969 3900 8342 9774 2256 2389 4593 7215
2387 4 922 3486 4844 5375
2388 6 1648 6023 7981 1293 7928 6701
2389 4 1081 2386 4715 3850
2390 5 383 9108 6530 1404 7200
2391 7 1422 6523 4359 2876 6833 5872 8605
2392 6 2060 5603 9203 1642 773 5397
2393 1 1317
2394 5 1533 9984 8706 1932 8710
2395 5 2272 2912 1941 8506 6716
2396 5 1479 4398 7495 981 6120
2397 6 1180 2514 4640 5524 8367 29
2398 5 1289 2915 4710 7890 6502
2399 7 360 5872 8885 1828 9167 6117 677
2400 3 2167 6721 1456
2401 9 1916 2589 3154 5164 6502 8372 3348 5976 5443
2402 5 2117 3276 6199 3051 2155
2403 6 636 4024 4623 8192 2557 1179
2404 5 922 2965 9029 1976 754
2405 4 2373 8685 6606 5973
2406 4 1275 3140 6849 4468
2407 5 2345 2760 8979 1818 397
2408 5 2289 4617 8981 6768 6020
2409 1 222
2410 3 1530 4171 8133
2411 4 2208 4388 8802 3720
2412 8 1377 4231 4291 4547 3009 8442 6834 8586
2413 4 739 4029 4590 134
2414 6 1929 7332 7669 5997 7469 6038
2415 10 739 3993 5724 7329 8455 9923 1765 3736 3910 8041
2416 6 205 2972 4868 9012 314 2657
2417 5 81 3574 9366 4448 1621
2418 2 58 6480
2419 2 1222 775
2420 6 228 2675 4184 4013 256 9034
2421 7 2188 4885 7554 5703 2821 7188 7146
2422 5 295 116 9650 9307 3507
2423 2 488 1392
2424 3 2315 2630 5615
2425 7 2143 7805 6100 7704 6578 115 8048
2426 4 87 5035 8130 6881
2427 6 105 7367 9419 8025 7688 8462
2428 4 1939 9857 2483 6442
2429 6 255 6651 8079 7595 2006 4596
2430 5 1114 2734 4932 8142 7246
2431 4 0 5531 8144 4365
2432 8 1057 2465 3538 5381 5346 5503 4664 2763
2433 6 1010 6448 458 5908 4947 3332
2434 6 2196 2789 4820 205 1020 4837
2435 5 582 7090 5470 9199 2876
2436 5 626 2697 9014 9192 5719
2437 10 954 4275 3093 1522 2985 4345 7418 1193 5604 9042
2438 7 1833 4006 6141 6899 27 6610 1213
2439 3 559 8991 1484
2440 7 889 3942 4098 6210 3886 4953 810
2441 2 1826 5439
2442 8 1027 5256 5734 9403 6297 5929 4616 3020
2443 7 488 3791 5602 8460 7820 1954 7067
2444 6 91 4768 9057 7015 1375 9041
2445 7 1206 3121 3950 5916 4051 5744 8111
2446 11 1855 4423 7094 8757 8875 9894 9340 1833 2980 3812 6250
2447 3 62 9565 7765
2448 6 269 4663 5368 4000 7813 7887
2449 6 882 4541 6072 6873 8535 3640
2450 5 614 3379 4492 1490 7721
2451 5 134 6847 3325 2834 90
2452 5 962 4882 3488 9156 5973
2453 8 1872 6652 302 5546 7979 7532 9127 7671
2454 3 1490 4435 7135
2455 4 2148 3075 7073 5774
2456 7 843 4741 5302 6634 1878 8578 6837
2457 7 1345 2984 3894 8903 5261 3968 726
2458 3 1527 3653 1497
2459 5 2123 2770 3769 2214 4754
2460 9 1135 5037 5599 5653 1779 312 5110 9950 4045
2461 7 1838 6011 7958 8833 3685 9013 5460
2462 7 1342 1058 1185 9003 9864 6612 4871
2463 2 521 6077
2464 8 1282 7983 1897 3082 9994 1135 7687 6063
2465 5 2432 2472 3655 7435 5232
2466 6 2056 6031 6657 9257 400 1704
2467 9 1502 3207 3470 7690 7270 4091 4356 1381 5471
2468 2 2072 8582
2469 5 566 6713 7405 6074 3749
2470 3 1800 7377 3257
2471 3 398 2992 5504
2472 4 2465 2733 3863 5236
2473 5 1311 3831 4749 2195 2347
2474 8 445 3435 4221 5460 6675 8044 7690 6944
2475 7 1516 3747 6279 5260 1049 2616 5956
2476 4 1353 7121 604 1360
2477 3 198 9779 4808
2478 2 2196 2498
2479 8 2289 2530 2615 4931 9467 5281 433 3013
2480 2 1046 6336
2481 3 918 483 1940
2482 6 2190 3107 4957 8006 105 118
2483 8 518 7994 6296 5830 2428 1233 9556 2696
2484 5 533 399 6738 6860 6189
2485 9 1454 4234 4724 9755 7481 3627 8680 2707 4229
2486 4 1841 983 6059 8549
2487 5 1500 5493 6060 9200 735
2488 5 599 3166 3656 4497 8031
2489 10 142 3007 3097 3462 5374 3768 9047 9067 1612 3657
2490 5 875 3682 5638 8603 8985
2491 3 857 4808 1121
2492 3 342 4023 3548
2493 3 814 9126 7369
2494 8 1019 4076 4147 5177 4523 7240 7913 4283
2495 7 1886 9002 2576 2532 5578 5887 2200
2496 4 5 3473 8982 7811
2497 1 660
2498 4 2478 8813 837 320
2499 2 865 1890
2500 9 5 3612 4614 4722 9441 5792 9276 6608 8993
2501 8 423 7161 5472 7194 7970 1669 8431 532
2502 5 1449 5551 7015 6796 3850
2503 5 2320 8294 1625 3156 6664
2504 9 65 6187 6747 2335 6359 2273 5573 5450 9201
2505 4 379 6231 7443 8256
2506 7 287 3132 3951 3729 7929 9796 5168
2507 7 409 3463 5567 3171 6469 2204 7228
2508 4 1261 591 1797 6606
2509 6 828 4114 5940 6537 2944 2328
2510 6 1734 8172 8386 4571 4686 146
2511 5 602 6017 9684 4835 8208
2512 6 459 7382 8599 4929 2578 572
2513 5 1022 1535 294 6235 9356
2514 3 2397 3449 2018
2515 4 758 4240 4798 7258
2516 10 1622 3355 4218 4817 5963 8182 6169 6736 8139 8857
2517 3 1486 5861 8974
2518 6 231 7831 5538 9339 5961 5910
2519 7 1969 8718 9128 7180 6732 5847 3774
2520 5 762 3746 7023 8871 9919
2521 10 1687 2614 5895 9058 8901 5447 1217 6840 7455 6228
2522 3 262 3952 6465
2523 5 1798 7594 2180 3222 593
2524 4 542 3127 4534 7620
2525 6 2196 3344 6054 7135 4180 9210
2526 3 1872 4469 6280
2527 2 663 509
2528 1 968
2529 9 175 2567 7598 8392 4289 3374 5747 582 8818
2530 7 2479 4056 4434 8918 4246 3526 7188
2531 7 743 4511 8894 445 3924 656 6886
2532 5 2152 2495 4589 9614 6083
2533 5 1255 3514 2349 6537 1240
2534 8 845 2758 3421 9730 5847 5798 9396 7356
2535 4 2023 5087 4693 6079
2536 4 999 7402 1272 1493
2537 4 1553 3943 2130 3405
2538 7 816 2549 7350 6879 161 2027 6949
2539 2 299 9270
2540 4 1715 6779 7471 3988
2541 6 395 9980 5915 2210 820 9355
2542 5 285 7209 9710 808 5337
2543 4 1727 6860 680 1425
2544 7 548 7587 4388 2975 3541 3324 9157
2545 5 1333 9423 5430 6398 4769
2546 3 1995 6286 8959
2547 9 235 3948 5351 6222 1325 3364 8693 5349 5325
2548 4 1623 7705 9868 4629
2549 3 2538 4541 2561
2550 4 1929 3528 5128 5815
2551 8 621 2661 5283 2214 6368 2282 762 6753
2552 5 2038 7355 4646 9940 6106
2553 7 2025 5171 8938 9948 6526 341 8482
2554 4 294 4905 2828 1636
2555 6 1781 3490 9634 3943 3158 5915
2556 4 639 7366 4268 4191
2557 2 971 2403
2558 7 224 3959 6365 1141 4694 789 7052
2559 6 1566 781 3113 1251 98 9215
2560 8 599 2787 3094 4567 6537 7270 5109 2358
2561 7 479 9175 7481 4035 470 773 2549
2562 5 415 2626 1616 3288 6728
2563 4 1178 2882 8255 8008
2564 5 1098 8961 9289 5276 9736
2565 3 1603 9337 6175
2566 3 500 7130 1145
2567 7 2529 9848 9120 594 5280 617 1876
2568 6 333 6198 4487 1880 5929 4335
2569 6 459 8335 9115 906 6825 2808
2570 8 401 2687 2954 8123 8141 586 2017 9873
2571 8 282 2926 7634 7985 7779 4437 8043 1397
2572 4 1783 3774 4239 3814
2573 3 709 3481 1833
2574 3 689 3944 7530
2575 6 371 3003 5310 6243 1703 8941
2576 6 105 3363 2495 3457 6203 988
2577 4 2209 3954 7638 3986
2578 6 2191 3117 3278 3348 2512 7752
2579 4 1976 3266 9577 7665
2580 4 1532 7619 7217 8049
2581 2 1125 3440
2582 4 254 8229 7148 1071
2583 3 779 3488 9109
2584 6 9 1803 8449 6685 3033 3563
2585 6 171 3405 3436 7171 883 9496
2586 8 162 2828 3346 271 1771 8218 4021 812
2587 6 1921 5141 9227 9447 5296 6427
2588 4 729 3177 8573 7751
2589 8 2401 2961 4977 6248 6295 3871 2065 8084
2590 5 1949 4824 8950 4935 7093
2591 3 1879 7156 6042
2592 5 787 3281 290 7739 9150
2593 6 346 4660 6765 6595 1134 9755
2594 7 1626 4256 7772 9823 8119 8521 8274
2595 3 1016 7149 4598
2596 4 1038 3417 2985 5877
2597 8 320 7290 9430 8782 30 5404 5353 4446
2598 9 222 2735 5441 8916 3257 3182 2073 2948 9142
2599 4 1770 3283 3478 7609
2600 2 40 6716
2601 6 150 6310 6844 8603 5046 7494
2602 3 1878 9905 3176
2603 2 1970 8944
2604 4 155 4727 5000 3932
2605 5 1049 9003 4152 9627 271
2606 6 1305 2940 4193 5534 5658 7263
2607 6 367 8124 8636 1203 6073 9269
2608 7 576 3807 4157 4213 8913 9678 2650
2609 6 1239 2896 745 575 1018 4446
2610 5 2342 3676 1758 2107 8210
2611 5 1501 234 8186 3953 9997
2612 7 2178 4280 4431 4855 8960 3462 7876
2613 7 2242 9664 9334 3464 3667 2719 5770
2614 4 2521 6385 4692 6633
2615 1 2479
2616 6 2075 2838 1120 3765 2475 4365
2617 4 180 3513 4274 9718
2618 1 1462
2619 5 991 8063 9608 5994 4707
2620 4 397 1680 227 7576
2621 4 1426 6561 7453 5201
2622 3 1414 7928 9610
2623 4 1592 5251 2780 820
2624 4 1401 5314 2752 573
2625 6 211 4199 3207 1714 1062 1741
2626 5 2562 2855 3204 243 965
2627 4 1025 8671 6879 8529
2628 7 34 3694 5045 7499 1772 6055 8745
2629 5 1174 8113 9940 9376 4248
2630 5 1205 5618 2424 6309 5763
2631 4 2120 7947 7770 986
2632 4 1434 3157 7873 7300
2633 1 267
2634 3 1651 6414 3206
2635 7 2199 3710 9900 6657 5688 6728 9490
2636 5 1345 3549 9465 6207 3337
2637 2 443 4068
2638 5 897 7155 2725 325 2720
2639 4 894 2906 9497 566
2640 6 2021 3029 9905 7981 4022 8997
2641 7 522 3580 4223 6070 3220 8106 3194
2642 4 1358 4377 4524 5339
2643 2 614 6780
2644 6 1782 3212 8068 1318 6101 5911
2645 4 143 7066 2041 5149
2646 4 1236 1174 3742 57
2647 5 441 5843 1674 1444 7415
2648 5 2000 2744 3370 7702 9891
2649 4 2280 3590 5420 5840
2650 8 1716 3985 9487 7031 4078 6883 2608 6526
2651 9 1018 3364 5292 7248 8719 6199 4441 6868 5102
2652 3 1563 2653 3268
2653 7 1030 4100 4800 5329 9710 2652 2951
2654 4 467 8920 5127 1188
2655 1 604
2656 4 505 6603 8389 3237
2657 7 252 3707 5476 2416 5133 7604 8155
2658 2 2114 1334
2659 5 1986 3130 5167 9090 9425
2660 4 1951 7678 7303 300
2661 6 2551 3814 6226 3517 9705 324
2662 3 2034 4520 8564
2663 7 1086 2714 3794 3971 5606 3292 5948
2664 4 2244 3657 1923 1366
2665 10 2236 9930 8988 3075 4302 9403 7102 1940 7218 9344
2666 5 1941 6207 6941 4502 7858
2667 5 1902 2255 9991 9341 6757
2668 8 508 7305 7493 7848 4288 3862 8210 5013
2669 4 1097 3011 3587 9573
2670 6 1339 8076 8346 7833 7953 6181
2671 9 685 8591 8785 4784 8796 8337 3637 6070 8072
2672 8 1878 7486 9636 4880 2213 3689 1551 2148
2673 8 189 3664 231 5300 9384 2924 4127 7063
2674 7 1847 2738 6553 9731 3271 4781 1783
2675 4 2420 6560 9868 5016
2676 4 410 3638 6719 4860
2677 5 800 4011 8685 2759 4444
2678 6 803 5158 1480 3973 4694 215
2679 3 2029 5627 9994
2680 4 1817 4867 64 1720
2681 4 64 8705 8869 4031
2682 5 42 4173 6712 1820 7975
2683 7 1800 2709 4307 9279 6414 2693 4784
2684 3 1338 3000 8274
2685 10 346 4758 5454 4483 1862 756 6848 2104 3537 1322
2686 3 350 9448 3651
2687 7 2570 5708 8052 9679 2075 6527 1499
2688 5 1745 3386 7281 1289 9912
2689 4 1457 3039 7901 1600
2690 9 2345 3377 4396 9830 6955 4045 1677 6415 388
2691 3 92 9665 9529
2692 4 1408 5409 4113 4326
2693 6 1802 9766 7975 1958 3533 2683
2694 5 207 3099 9407 5004 320
2695 3 1702 2711 3613
2696 7 1522 8371 1231 947 2483 8421 5375
2697 5 2436 7674 4810 3451 5411
2698 5 2035 4041 3629 758 7817
2699 6 732 7796 9253 2050 7072 2855
2700 4 437 4360 3872 7533
2701 9 1862 3318 3465 4380 4428 5099 6986 7309 272
2702 7 1268 7261 9983 5277 7138 9663 4142
2703 3 357 6601 1995
2704 4 1539 3821 5729 7918
2705 4 301 6815 669 9914
2706 4 1939 7092 5317 5047
2707 7 303 3457 5993 9084 6595 2485 3791
2708 2 982 850
2709 5 2683 3103 3231 2217 7302
2710 4 758 3515 8759 3931
2711 4 2295 3385 2695 1640
2712 4 1244 3077 3406 8478
2713 4 2130 4176 9271 6826
2714 3 2663 9874 7235
2715 3 1992 6409 2278
2716 6 164 3021 5579 6795 9728 6784
2717 5 2079 4497 6477 5373 8089
2718 2 394 9273
2719 8 182 3336 4104 7738 9915 5456 2613 2919
2720 5 2101 8761 8448 3051 2638
2721 4 1476 5324 5754 3001
2722 5 748 2303 3500 5438 5999
2723 6 1580 5523 3038 988 1013 675
2724 3 850 7492 3224
2725 8 920 3237 4092 7711 4258 2872 2638 7107
2726 7 1902 2746 3996 6279 6970 5451 4951
2727 6 1317 6997 8146 1573 5415 1515
2728 7 151 2947 4542 5607 9173 572 8457
2729 3 1 4190 1957
2730 2 2072 9634
2731 4 512 3079 5817 9184
2732 6 1466 7771 698 7356 4964 9326
2733 7 2472 9064 3464 3784 6725 1053 3427
2734 4 2430 3438 2345 1618
2735 4 2598 3143 9653 8679
2736 6 805 6632 3011 8784 524 7334
2737 5 1843 5114 6507 8709 7127
2738 8 2674 4466 7037 9347 7375 6278 1146 3246
2739 7 1946 9194 4462 385 3240 4389 1606
2740 10 1941 2956 6155 9041 149 8251 5830 3876 707 3171
2741 9 208 8288 840 9425 1104 3710 3592 1897 4746
2742 5 1453 5503 1985 2169 8164
2743 6 1763 2932 3918 7018 1340 7992
2744 7 2648 4654 5647 5068 8819 9636 3252
2745 5 865 4078 5697 1136 6616
2746 5 2726 5781 4599 7715 9041
2747 4 1485 6836 6659 3126
2748 5 1835 6169 5798 6914 6947
2749 4 1508 9877 7471 2883
2750 2 1044 6413
2751 4 2118 3341 1985 1921
2752 5 2196 6901 2624 1490 6401
2753 9 726 3050 8022 8581 9659 3831 3419 9861 9322
2754 6 622 5173 7065 3494 6750 3681
2755 7 1033 3997 2969 5152 8608 1167 7843
2756 11 366 6644 7707 9828 7656 4918 9902 7680 6321 4239 3559
2757 6 1633 3168 9227 8439 9153 586
2758 5 2534 905 3053 5569 1338
2759 5 771 4671 4298 2677 2952
2760 3 2407 4112 4229
2761 8 890 2959 3714 294 4904 1797 1598 4442
2762 4 291 8771 1781 8221
2763 6 101 3770 9225 9697 1469 2432
2764 3 1135 4259 3081
2765 5 188 4444 6509 8717 593
2766 4 622 6518 795 1446
2767 5 1035 7982 8815 7882 1511
2768 7 2304 4406 7145 8793 5886 5482 9907
2769 6 1192 4958 7145 5241 746 8436
2770 4 2459 6439 6420 5985
2771 7 1050 3071 5725 8176 3082 8304 1439
2772 4 552 3857 4178 7928
2773 7 830 7530 76 2335 5605 5137 1401
2774 4 1511 7777 7417 4585
2775 6 1372 2904 3488 5601 7672 5763
2776 3 2213 3116 629
2777 5 686 3677 5405 7056 3476
2778 2 757 3702
2779 2 1997 2808
2780 5 2261 4089 4271 2623 8703
2781 8 96 3378 3544 4300 4844 5109 8924 2267
2782 6 1000 6005 9730 5881 7344 4060
2783 4 1568 7360 7675 7529
2784 2 1127 8413
2785 6 2034 2868 8067 8458 352 9565
2786 3 1594 5170 5644
2787 5 2560 976 9329 3171 7905
2788 6 2232 3476 7517 6893 9744 424
2789 4 2434 1038 672 5269
2790 6 1133 5344 5563 8736 5588 8468
2791 7 728 4572 8028 9143 3983 3908 2306
2792 4 1916 6040 9797 3981
2793 2 1230 5259
2794 3 2323 6494 1105
2795 1 98
2796 8 1316 3592 5907 5919 7207 7515 1521 3731
2797 11 763 3124 4810 7911 5514 2290 1139 4918 9500 1695 9308
2798 6 2371 3400 4764 6609 9909 3978
2799 4 1472 3217 4714 4439
2800 6 584 7769 8093 8104 1668 720
2801 2 110 2817
2802 3 97 4292 1055
2803 7 1855 5165 6219 9613 9722 9482 8837
2804 7 1302 3218 7176 9105 8969 6382 9071
2805 8 1633 5485 6869 8009 7139 8953 3144 6392
2806 3 79 5433 5514
2807 8 1080 4259 9185 9174 6137 9697 6231 8907
2808 6 1599 2381 6317 2569 1401 2779
2809 8 164 3652 1768 4715 2857 5785 791 9494
2810 5 1168 3332 5239 5713 7503
2811 10 503 5112 5492 7969 8095 1032 5049 2044 7609 240
2812 3 1814 3089 6056
2813 8 1447 4308 6498 5305 4509 4363 4124 1385
2814 3 1591 3914 4997
2815 6 80 4548 7998 2964 6575 665
2816 7 1172 4744 6876 9860 5344 613 359
2817 5 2801 4705 8942 6002 657
2818 4 2249 7251 689 6380
2819 2 2312 3338
2820 8 191 6382 8214 8078 6477 6766 6419 5643
2821 5 2051 8422 2421 2937 5301
2822 2 1306 6255
2823 7 2270 3043 4903 6748 215 3894 3906
2824 7 2329 6801 6451 2366 6558 214 5373
2825 5 613 6859 5144 1320 656
2826 5 446 3497 5959 37 3597
2827 4 1556 3143 3419 9363
2828 3 2586 5136 2554
2829 3 38 8873 3771
2830 7 1064 680 9899 6376 9540 2311 8367
2831 3 54 8942 6982
2832 8 411 2835 7842 8602 3839 3260 7835 8827
2833 4 1899 4961 4309 495
2834 5 918 5489 4136 2451 6834
2835 4 2832 3679 266 3379
2836 7 2223 3152 3242 7835 9031 4116 693
2837 5 1962 7673 8505 3624 1891
2838 4 2616 7426 4274 3954
2839 4 1133 4394 3517 5286
2840 10 144 5466 6126 3887 1244 3619 1862 9146 8224 7399
2841 6 2171 4484 8656 7254 9665 5654
2842 7 1157 6857 8075 8777 4613 4378 4402
2843 8 1614 4017 4683 6020 7056 9981 1588 2990
2844 2 1389 7072
2845 3 1308 6951 9247
2846 6 1422 4031 4841 8619 3677 3158
2847 5 413 7425 9297 4196 1487
2848 2 1942 9444
2849 4 1877 3227 6564 6058
2850 5 2140 3443 7751 8416 697
2851 6 771 5751 6922 9436 8732 4912
2852 3 1810 3241 1509
2853 6 2211 8404 1229 9732 8430 9290
2854 3 1002 3173 7113
2855 6 2626 3316 4228 9516 4633 2699
2856 6 2294 5025 6066 4247 166 9302
2857 9 1570 3206 3734 6351 8549 3596 2809 5808 6040
2858 2 2193 3893
2859 4 830 3014 4887 9326
2860 4 728 7042 769 1065
2861 7 616 821 6478 6070 6554 4641 5222
2862 7 220 4933 8247 9223 795 1333 4203
2863 3 1278 4884 3914
2864 2 325 4314
2865 4 156 5648 6488 9623
2866 9 1518 2874 4164 1367 6204 8166 572 9367 624
2867 5 2 3545 1292 7255 1517
2868 5 2785 4393 6738 8846 2321
2869 2 1659 477
2870 4 1460 3837 9276 5904
2871 4 1128 5651 4449 2001
2872 10 1617 5639 2725 532 9472 7876 7115 6320 4049 987
2873 6 648 6272 9477 3400 20 7370
2874 5 2866 3442 3216 8809 4985
2875 4 2316 5063 376 9221
2876 8 1918 6306 7402 2391 2074 4989 2043 2435
2877 4 62 5904 7243 206
2878 10 666 4589 7180 7597 2899 8486 8381 5972 9117 5972
2879 4 2377 8099 1996 5672
2880 3 2296 5885 6313
2881 7 1336 3337 4971 4999 5281 7278 3709
2882 8 2563 8503 1742 9768 2061 3545 5943 8064
2883 4 1206 1161 4393 2749
2884 2 1450 6332
2885 5 1778 3622 9281 9620 8363
2886 6 1877 3810 5163 9189 8104 5145
2887 4 1620 8494 8820 7531
2888 6 2097 3486 4770 5143 7262 8148
2889 5 1666 4448 1453 9717 7721
2890 9 431 3231 5146 5548 1418 3819 9802 6196 959
2891 3 1313 9995 2257
2892 5 2157 6839 5696 8490 763
2893 5 544 3105 6844 7867 6886
2894 4 2317 3031 5249 2
2895 2 198 3361
2896 9 321 4836 6410 2609 3581 9342 4764 8149 6830
2897 6 1983 7208 3904 5335 8581 3164
2898 6 2130 6525 6846 7799 1317 3797
2899 4 1068 2878 3026 1606
2900 4 632 3229 4846 3152
2901 11 391 3567 3930 5306 5763 6462 1019 9109 2193 3533 741
2902 3 1717 664 5548
2903 4 46 9471 8130 4588
2904 5 2775 2340 6748 1095 286
2905 4 1155 5400 1157 5083
2906 8 2639 7196 9032 9166 6109 9015 1864 1084
2907 8 2127 7968 8485 9099 7476 3678 8930 5924
2908 5 39 4250 6536 6267 8219
2909 3 322 5161 7726
2910 1 2301
2911 4 433 3602 4205 9206
2912 5 2395 4000 574 1396 6758
2913 3 1545 2948 1131
2914 4 1241 3052 5431 4226
2915 7 2398 5718 5945 9355 675 4573 9614
2916 5 572 9589 1759 623 5078
2917 5 952 4721 7592 3572 7665
2918 8 769 436 4622 4302 4165 6685 6611 106
2919 5 710 3851 7807 9890 2719
2920 4 1607 6682 1237 9736
2921 4 911 9093 3142 1962
2922 5 655 9809 8504 8227 1514
2923 8 2175 4685 2188 3386 3597 7982 5992 1352
2924 5 2365 1407 9885 2673 6121
2925 7 885 3006 3324 4944 6219 5491 3330
2926 7 2571 3972 4584 6057 9081 9310 6624
2927 6 988 6463 6322 1950 4933 4967
2928 5 1352 3862 5632 6786 5312
2929 4 1662 7494 7683 6962
2930 5 1256 3296 4862 5435 7465
2931 5 980 7345 6551 5649 1632
2932 6 2743 3407 6086 4808 9665 7632
2933 5 463 571 3915 8260 8186
2934 3 917 7333 6631
2935 1 1512
2936 7 1682 4207 7936 3354 3824 9085 7995
2937 6 1714 3086 682 8494 1369 2821
2938 8 2210 5299 4295 5757 7458 1497 3231 5880
2939 4 1880 1088 18 9176
2940 6 2606 3801 329 1795 8277 7909
2941 3 1107 9039 4141
2942 4 593 6718 8222 3015
2943 6 430 7033 9546 9762 7624 7322
2944 6 1589 5156 7892 2509 1770 8532
2945 4 1554 3968 2043 6876
2946 6 842 3001 6491 7300 1854 1019
2947 4 2728 6607 3936 9394
2948 9 1336 3636 3697 4461 9376 2913 2598 841 2347
2949 3 819 3537 688
2950 4 1709 5841 1389 6511
2951 7 91 3526 5539 9186 9323 5267 2653
2952 8 1655 3834 2010 8779 986 2759 482 6539
2953 6 2144 5033 6971 6490 7524 8090
2954 4 2570 9207 5852 3415
2955 6 608 4581 6555 4920 6407 709
2956 8 2740 3745 4967 8027 6034 4334 2326 8213
2957 6 1342 5365 4837 8326 1718 620
2958 5 958 3098 3569 4844 9788
2959 4 2761 6982 1558 8849
2960 6 1846 3773 5168 5873 8648 9137
2961 7 2589 7766 3913 1555 9697 7530 4601
2962 6 1487 3878 5611 6226 60 7807
2963 4 449 4312 9833 7309
2964 6 234 2815 4185 998 7551 5961
2965 4 2404 4197 1194 8140
2966 6 1644 3518 2192 4652 3167 4264
2967 4 1253 4030 3939 1545
2968 4 922 3360 7431 3948
2969 8 959 3119 3595 3761 4247 2755 1012 259
2970 4 1506 5932 6764 1333
2971 4 1432 5826 1853 1697
2972 6 2416 6502 1490 4886 9219 1268
2973 5 2237 8092 8429 1948 5522
2974 4 208 6330 3573 6357
2975 4 277 7533 5266 2544
2976 6 293 8640 6134 550 8031 952
2977 5 1098 4550 6158 6561 6866
2978 8 963 8034 696 7992 5538 2024 5627 7016
2979 7 769 6312 9758 8770 1848 5006 6814
2980 7 1517 5090 8989 3159 2446 4078 4613
2981 7 2344 5074 9602 1322 2327 4124 3683
2982 3 1035 8234 7650
2983 9 1355 3454 4773 7273 7292 9173 1820 4653 568
2984 6 2457 4249 4600 4618 655 8106
2985 7 2342 8965 9666 2596 5155 2437 6182
2986 5 782 7050 8149 3220 4317
2987 3 1484 3643 7509
2988 4 297 6178 9380 3094
2989 2 799 4383
2990 6 103 6069 6542 7322 2843 6588
2991 4 777 3840 2042 8990
2992 3 2471 4954 1742
2993 5 2289 5439 7523 9488 9850
2994 4 40 3381 9681 648
2995 6 1812 4161 7773 5384 775 9476
2996 5 696 7184 8383 6016 6431
2997 6 519 3532 5073 9463 3734 5931
2998 4 2385 6317 8085 1815
2999 8 294 4486 9000 9053 1676 9320 6131 9690
3000 6 2684 3771 5876 7447 3866 2180
3001 6 2946 3800 4442 2721 5351 9735
3002 7 1734 4657 6247 8111 9267 6379 9337
3003 10 2575 3192 5871 9995 3947 8838 6256 9494 5524 7707
3004 6 709 4117 4737 8081 8690 2046
3005 5 952 6416 9619 526 8069
3006 5 2925 3505 5738 1140 4781
3007 3 2489 1489 4712
3008 4 99 5644 1004 8087
3009 3 1752 2412 351
3010 5 955 7522 1848 798 9641
3011 3 2669 2736 4207
3012 2 2311 9627
3013 9 688 6059 7694 8828 8269 4482 2479 9566 785
3014 3 2859 4482 7557
3015 6 1297 3589 4403 1535 5491 2942
3016 6 562 3372 4774 3665 5312 5510
3017 5 2037 3258 1272 5803 6645
3018 8 1353 3317 2099 8010 3542 7754 97 5131
3019 7 180 3413 8228 8566 6576 5592 9360
3020 6 2025 9026 1767 7529 416 2442
3021 5 2716 7631 9145 3737 9015
3022 5 1917 5682 8851 139 4712
3023 4 289 2074 6814 8273
3024 5 500 7724 7553 4018 6604
3025 5 1276 6943 6646 238 7119
3026 4 1423 9588 5870 2899
3027 5 117 4162 8922 815 6111
3028 4 1699 9940 8859 7533
3029 3 2640 4467 7075
3030 4 39 5125 5326 1456
3031 6 2894 4772 9233 5862 3765 3305
3032 3 663 6235 3536
3033 3 1538 5784 2584
3034 3 2188 3126 1080
3035 1 534
3036 5 565 9119 6474 1397 182
3037 6 121 5065 5291 4239 6175 2124
3038 5 1480 2723 175 6979 4128
3039 7 2689 8399 974 7684 85 5700 5558
3040 3 1110 4883 1218
3041 4 1472 5067 8270 1900
3042 7 1688 6878 7006 6952 7459 8634 8609
3043 5 2823 5772 6532 4809 7668
3044 6 1934 6165 6957 9761 6038 8745
3045 3 453 3552 7660
3046 4 2042 5305 3388 5095
3047 3 1071 9489 7608
3048 5 942 4235 4450 6323 1647
3049 5 560 8779 591 2263 8891
3050 3 2753 4744 6344
3051 5 2 7112 2402 2720 8550
3052 7 2914 3308 1359 6897 7286 5343 6064
3053 5 1054 6123 306 2758 3948
3054 6 591 4451 8969 6488 8653 6143
3055 8 1972 7538 7761 5807 9864 6921 5350 4065
3056 6 1023 8301 9045 8344 8183 2182
3057 7 1271 5108 6683 1782 6089 6141 5949
3058 2 2092 8750
3059 6 1252 3173 5790 6267 689 6637
3060 6 2290 5519 4195 6985 3316 8094
3061 2 400 9352
3062 5 1977 4368 5758 4194 6269
3063 3 2061 3611 3936
3064 7 2339 9691 9345 3282 3556 2287 1132
3065 5 1569 3711 4533 8819 7894
3066 2 1506 449
3067 8 1143 3547 4580 5786 1835 3615 7478 555
3068 6 390 4153 5150 524 4681 1403
3069 5 1105 3523 7627 4431 673
3070 3 1351 5402 5391
3071 14 2771 5182 9866 5521 1623 7286 88 1137 4196 2321 3328 1176 3494 7595
3072 5 2385 6333 6764 1303 1018
3073 5 1826 3353 5565 5388 6330
3074 1 1001
3075 9 2455 7923 8443 5520 2665 8984 93 5785 304
3076 9 2151 3368 8398 3919 8935 3933 6587 782 7104
3077 3 2712 9191 8478
3078 5 818 9047 4339 2337 673
3079 8 2731 7020 4787 3490 4041 6727 5255 51
3080 5 1949 4494 6214 6186 4928
3081 4 2268 2764 77 6434
3082 6 349 3806 5045 2771 3497 2464
3083 6 946 5824 8109 742 4048 5019
3084 5 2207 4780 5593 5759 3636
3085 5 1006 6563 7054 838 1679
3086 4 2937 9761 3882 4837
3087 4 1105 3805 784 3209
3088 2 437 244
3089 5 1238 9813 1918 2812 4481
3090 5 419 7303 4190 8458 6167
3091 4 2232 5481 7606 8717
3092 3 2195 3926 9998
3093 7 2005 5978 5327 2437 6611 4208 8282
3094 6 2560 5242 6891 3825 9055 2988
3095 5 646 4111 7131 3353 173
3096 4 622 6925 1531 1060
3097 5 2489 5083 5676 9839 8886
3098 5 2958 4810 8331 1153 7814
3099 7 2694 3448 5099 860 548 7274 8598
3100 8 104 6636 8345 4617 6066 2125 7977 9056
3101 5 1700 4276 7101 1946 9355
3102 2 1317 9248
3103 8 1752 3797 4165 8688 2709 1230 3652 9871
3104 10 588 4227 5670 3291 4260 6450 6269 5356 3910 820
3105 5 2893 7750 1166 7714 4292
3106 4 1101 3128 1408 5097
3107 4 2482 5211 9678 706
3108 3 679 6039 1249
3109 5 1959 3991 1161 5437 7191
3110 5 1807 7153 9388 9337 5371
3111 3 693 527 9387
3112 7 254 4230 4472 5913 590 7885 7456
3113 5 1201 6956 3663 2559 6222
3114 5 92 8568 2063 4936 7881
3115 8 366 5359 6053 9258 9309 7342 5475 7960
3116 8 2776 8217 8381 3659 5206 5755 8188 6291
3117 7 2578 7107 7667 8136 9454 8462 9524
3118 3 2165 9653 1223
3119 6 2969 3973 5149 6759 4571 4981
3120 4 621 3941 6148 8858
3121 5 2445 3393 1562 725 5735
3122 5 1501 5014 7319 2140 3269
3123 1 761
3124 4 2797 6340 5648 9308
3125 10 977 3182 3977 4623 7146 1128 6567 5638 3166 9429
3126 6 3034 4842 49 2747 3663 9295
3127 3 2524 3790 226
3128 7 3106 7373 212 435 8263 9957 7353
3129 5 336 9677 6944 4763 3298
3130 4 2659 3288 9772 4891
3131 4 936 3141 3380 6392
3132 5 2506 9695 9016 9602 130
3133 2 452 7926
3134 5 1889 5132 6804 9988 8675
3135 4 531 3432 3959 6591
3136 9 2238 3521 4455 6791 9892 4324 1803 444 4833
3137 6 2203 3633 5668 7397 4382 7799
3138 6 1804 3940 5224 7845 3751 97
3139 4 429 3925 5408 1303
3140 5 2406 8006 4790 8432 620
3141 11 3131 4232 4730 8360 9335 5680 6421 7185 5870 6667 1785
3142 9 2126 7038 7728 2921 9657 1928 6238 8089 3731
3143 7 2827 4880 9138 2735 7640 3427 5345
3144 7 795 1638 1305 9398 2805 4180 6263
3145 4 1665 8270 7282 8220
3146 6 870 8321 8422 1417 8632 8770
3147 3 889 5563 3536
3148 3 827 4631 9405
3149 6 291 5719 9325 7521 1560 8519
3150 6 1678 4376 5725 8327 6554 4458
3151 7 1180 6705 1388 8656 7292 4585 5195
3152 4 2836 9377 1397 2900
3153 5 1643 3261 1082 8038 1817
3154 4 2401 5154 4318 306
3155 4 1568 6909 8986 3898
3156 5 1207 5216 9747 2503 9766
3157 4 2632 4361 5988 3204
3158 10 1740 4703 7942 4602 2555 2846 6021 6150 9649 4317
3159 5 961 3803 9955 2980 7321
3160 3 695 4669 979
3161 1 2330
3162 4 1634 5052 8996 9116
3163 5 393 3721 6697 5291 8391
3164 4 1752 4329 6645 2897
3165 4 1449 4916 4810 7573
3166 6 2488 5049 3125 9609 887 5241
3167 3 1072 714 2966
3168 5 2757 956 9253 9735 1954
3169 3 2129 3546 4231
3170 5 631 5508 9674 6796 9605
3171 7 2041 4009 8397 2507 6366 2787 2740
3172 6 1558 98 4668 8179 1935 4897
3173 5 3059 6162 8115 2854 1087
3174 6 1944 6699 8394 8925 84 6954
3175 2 1304 7791
3176 6 1974 5313 8137 4373 2602 4694
3177 9 2588 4699 5107 6124 911 6477 8204 175 3998
3178 6 1909 8595 5669 4197 6860 5161
3179 7 1773 8165 7743 6270 4751 3659 2083
3180 7 581 9531 1876 8168 9973 9614 1748
3181 6 1418 4013 6224 7476 3314 471
3182 2 3125 2598
3183 4 1728 6429 6280 4327
3184 4 262 4473 7083 5531
3185 7 2134 4191 5034 7004 6175 3853 9297
3186 2 647 3930
3187 6 1731 3574 3752 5383 9089 6762
3188 5 1123 7025 393 9657 5400
3189 5 2107 5372 9655 856 6432
3190 3 1896 3817 7562
3191 7 2336 8103 1357 6790 1346 8072 6587
3192 5 3003 3263 789 6362 9099
3193 7 1645 3929 8703 9697 8654 4991 5140
3194 5 2273 1993 1715 2641 932
3195 3 1910 1882 7163
3196 4 133 5057 9433 3440
3197 7 1810 3775 3962 5781 6487 1417 8707
3198 7 2306 3328 3434 6316 4468 1742 72
3199 10 1223 6775 6827 7949 9514 7375 8545 299 8831 8617
3200 4 49 6108 6513 6982
3201 5 1068 290 9246 5887 5938
3202 11 1865 4539 5865 6117 6614 7470 3587 7372 9902 1114 169
3203 4 521 5262 8146 5600
3204 8 1083 3727 4032 2626 7146 5410 3157 7545
3205 4 668 3504 9874 8247
3206 6 2857 4257 9758 2634 3885 2306
3207 3 2467 307 2625
3208 7 2351 3373 8037 8401 7277 9629 8182
3209 6 819 5969 7741 9504 594 3087
3210 3 1248 5672 6024
3211 7 1963 3277 4964 6744 8214 1628 3761
3212 4 2644 3631 4406 6185
3213 5 566 4996 8673 6164 9217
3214 7 513 3374 6637 7994 8554 8167 9300
3215 5 1661 4612 5012 6033 9399
3216 5 394 5172 1893 1682 2874
3217 4 2799 7507 5616 5374
3218 5 2804 3716 6014 704 1414
3219 3 780 6013 1435
3220 11 1507 3961 2009 2641 1907 7840 2986 670 4655 5423 4061
3221 2 1118 9366
3222 6 1238 7743 9150 5804 237 2523
3223 3 1995 1847 3855
3224 2 1152 2724
3225 5 1454 3482 4530 3297 4378
3226 4 1978 3546 5241 9468
3227 4 2849 7242 4252 5317
3228 3 1352 3657 7337
3229 3 2900 5196 7312
3230 4 1458 6937 625 9470
3231 6 2890 5378 5452 2709 2938 7862
3232 3 1283 5363 9544
3233 4 476 6612 7893 9379
3234 7 516 4285 9153 7430 820 5475 678
3235 3 61 7253 3588
3236 4 740 9940 6501 1188
3237 3 2725 8834 2656
3238 3 928 4536 3914
3239 6 400 5812 914 322 6937 4563
3240 6 1568 3269 384 5003 1561 2739
3241 6 2852 6650 2369 2065 1430 7627
3242 5 2836 4305 4736 7509 6119
3243 8 108 8087 6929 7294 5440 51 5703 9489
3244 3 1796 1840 6560
3245 3 1229 8650 3732
3246 8 1929 3430 7173 9246 2375 9959 2738 55
3247 2 1102 5708
3248 7 1442 6313 6900 7071 9957 284 1744
3249 10 554 3605 4668 4719 5710 6348 5489 595 5770 9980
3250 8 78 3286 3613 9202 1748 5819 1046 8027
3251 4 1913 4557 4829 6623
3252 3 1818 4728 2744
3253 6 2356 5038 8012 5762 5099 7546
3254 7 1085 8484 8341 81 1606 8421 4099
3255 12 1012 9631 1811 9787 7353 5994 435 4471 1226 5322 7672 1213
3256 3 676 5613 9852
3257 5 1080 2598 393 9645 2470
3258 2 3017 9625
3259 4 1392 4925 8198 6454
3260 2 729 2832
3261 6 3153 3619 8797 654 3956 9592
3262 3 1723 4359 8940
3263 5 3192 4988 8768 6954 5487
3264 6 2236 6686 7093 718 7706 8350
3265 5 285 773 8216 4992 4555
3266 3 2579 1000 4231
3267 8 93 4682 5159 7989 9761 4798 4759 4003
3268 5 697 6316 9130 2652 4759
3269 5 3240 4716 5308 5610 3122
3270 7 1716 7717 4540 6395 4655 1027 5753
3271 6 1997 4457 1159 2674 361 8700
3272 5 1924 5592 8635 6517 1474
3273 4 1219 536 5034 5440
3274 3 335 1871 2025
3275 4 1570 5147 6177 306
3276 7 2402 3906 5276 5747 8745 793 1382
3277 7 3211 3884 7908 3912 7076 1157 6741
3278 4 2578 4552 5920 5201
3279 5 1442 4875 4975 8220 404
3280 4 144 3915 6671 3687
3281 10 2592 6396 6528 8029 8989 9184 8086 5653 5998 4334
3282 5 2263 8386 3064 398 9003
3283 9 2599 3358 6508 9142 1204 139 5727 9106 6327
3284 11 262 3293 5214 9301 1167 931 9928 9247 1167 4000 392
3285 6 1980 3980 4719 8873 7333 6453
3286 4 3250 4144 4219 7648
3287 3 2152 1963 8381
3288 8 3130 3738 4016 6887 7135 1495 8387 2562
3289 8 359 6075 8352 1612 7553 3337 7162 1075
3290 6 2318 8255 9822 2108 16 6731
3291 6 2323 4672 8124 1528 3104 6866
3292 6 2307 7828 2663 6156 3759 8955
3293 4 3284 6548 1919 4671
3294 4 495 4746 2143 9565
3295 5 998 5595 7651 6568 8244
3296 3 2930 3716 7938
3297 13 612 3621 3665 7354 8183 8758 9451 9238 3225 8650 7826 7169 7003
3298 7 1606 3310 3516 4029 3609 3790 3129
3299 2 203 107
3300 6 1348 4798 7997 6497 3626 4973
3301 7 31 7790 7809 2006 4890 338 4017
3302 2 1686 4989
3303 5 2238 5474 7986 8988 2259
3304 5 930 4854 8032 7259 5282
3305 7 1833 7299 6308 8577 5252 9017 3031
3306 8 1901 6994 4172 2178 9668 5049 4977 5682
3307 4 926 8150 6029 6770
3308 3 3052 3725 9577
3309 6 2293 6140 9398 6705 6480 6496
3310 5 3298 4404 9415 6255 8059
3311 6 717 5007 4793 7495 7830 8422
3312 4 1765 3919 4173 3849
3313 1 831
3314 7 242 6003 6646 3181 5670 287 8549
3315 7 598 8400 556 7745 9105 6189 5338
3316 5 2855 9266 4829 1964 3060
3317 3 3018 9107 9274
3318 7 2701 4537 8441 6581 4616 4894 8219
3319 3 1740 5195 3799
3320 5 1432 9033 6570 1964 7261
3321 5 711 9390 280 1029 2375
3322 5 895 6419 1984 6288 4729
3323 7 1157 5438 5931 6581 7479 607 8036
3324 8 2925 3456 7536 1934 1664 7462 4309 2544
3325 7 228 3412 7225 2451 9823 9236 9027
3326 4 1441 3706 3952 4185
3327 3 1001 9952 3635
3328 4 3198 5590 6496 3071
3329 4 2078 7577 1368 6299
3330 7 1876 4345 3856 3949 4524 2925 3821
3331 6 770 7749 4304 3505 7449 6386
3332 6 2810 9172 3387 7519 8882 2433
3333 3 64 497 4008
3334 3 958 6442 5232
3335 5 1953 4966 9032 4467 8226
3336 2 2719 6365
3337 8 2881 4110 9354 1674 3289 5950 8372 2636
3338 1 2819
3339 3 1792 5812 3948
3340 5 527 3751 274 1392 2017
3341 2 2751 5197
3342 6 483 9525 8595 8798 5277 9393
3343 5 857 5949 3511 3809 2374
3344 3 2525 8975 9795
3345 6 268 6828 7609 1845 6745 7950
3346 7 2586 4057 4103 4471 8006 7142 8782
3347 3 393 1347 7669
3348 7 354 7526 2578 8266 6586 2401 6626
3349 2 461 8867
3350 3 870 6339 1094
3351 3 889 8385 6021
3352 3 527 9532 3451
3353 3 391 3095 3073
3354 5 2147 2936 7336 6648 7552
3355 8 2516 3401 4033 9537 8199 3550 1771 9830
3356 7 1443 5333 5748 6425 4972 6911 8937
3357 6 560 4341 4193 2272 8878 909
3358 5 3283 8978 8304 935 3784
3359 6 1337 3809 6419 7018 7386 560
3360 5 2968 3590 424 5483 5578
3361 6 2895 9105 3900 9886 9733 8014
3362 2 1189 9003
3363 7 2576 8418 7187 4873 4486 4251 4526
3364 9 2651 7568 6125 9585 2547 9855 5960 9566 9857
3365 3 191 6102 7718
3366 6 1482 7528 9846 4947 2255 7699
3367 1 901
3368 5 3076 8281 8685 6049 5129
3369 4 1296 7 4662 8858
3370 6 2648 3539 3849 6263 8238 8264
3371 6 309 5624 9328 4479 7936 2090
3372 6 3016 3703 4052 9242 6813 5843
3373 6 3208 3735 6584 7670 9708 5124
3374 4 3214 2529 8690 477
3375 8 2057 7950 8583 9034 6364 1825 7843 9659
3376 8 980 3720 4197 8184 4775 9828 1373 9847
3377 5 2690 6731 7017 7100 5049
3378 2 2781 6489
3379 7 2450 8247 4255 5828 9088 7285 2835
3380 4 3131 6186 8052 559
3381 3 2994 3939 5347
3382 5 1392 3420 3866 4950 4591
3383 2 277 7572
3384 4 1114 6697 813 7072
3385 4 2711 6352 2144 682
3386 6 2688 8488 2923 2061 3954 6417
3387 4 235 6622 3332 4071
3388 5 2090 4653 5295 3046 724
3389 7 1444 4696 8526 7457 8965 4883 2260
3390 4 1249 5273 4930 6384
3391 7 2023 3842 3966 5775 9395 6620 7930
3392 3 1352 3446 6428
3393 9 3121 4295 7010 5770 1541 3780 4163 6624 3870
3394 5 1235 4715 7323 4226 9105
3395 4 1111 8951 912 6069
3396 2 271 4155
3397 3 724 5279 6152
3398 4 277 6799 1517 4201
3399 4 2370 5287 7290 6061
3400 8 2798 2873 7592 5660 8871 1686 9508 7444
3401 3 3355 4775 5293
3402 6 2097 5133 6929 8792 2116 5550
3403 7 2331 3730 4599 6953 7773 8600 9301
3404 3 2023 5001 2014
3405 6 2585 3471 6340 4186 5521 2537
3406 6 2712 31 6415 7565 4346 649
3407 4 2932 7844 8744 3725
3408 6 606 7442 7972 6166 9099 7990
3409 3 217 9348 8256
3410 4 1966 5413 68 9806
3411 3 1195 9610 8176
3412 4 3325 7176 8582 8844
3413 4 3019 9317 1449 3561
3414 4 2267 4222 5792 5552
3415 3 1747 2071 2954
3416 4 1288 9820 1171 6058
3417 4 2596 3593 6999 7516
3418 5 1583 550 5161 877 8920
3419 5 1832 5987 2753 5568 2827
3420 2 3382 7410
3421 5 2534 8971 576 6812 8185
3422 5 2237 1259 6844 7114 3962
3423 5 643 8756 9673 4717 1991
3424 5 1103 9715 6092 7109 9828
3425 1 37
3426 4 1529 4102 5016 1888
3427 8 39 6633 7778 1643 5706 3143 2733 227
3428 6 962 8770 761 3919 580 8058
3429 8 2277 5255 5986 5266 5556 8690 5469 9166
3430 2 3246 6027
3431 6 1379 4476 7908 6479 225 1736
3432 6 3135 5868 1066 4824 8093 9972
3433 7 888 3712 9501 5609 2345 4289 2196
3434 4 3198 6867 6895 9992
3435 3 2474 9459 9743
3436 8 2585 3564 4748 8378 9323 8118 7499 1243
3437 9 232 3689 4136 8296 9060 1384 9621 2254 9515
3438 5 2734 9149 4269 6666 8891
3439 4 848 4460 5965 830
3440 6 2326 6373 5508 3196 6724 2581
3441 4 687 4238 7043 1153
3442 5 2874 5933 8997 1726 5604
3443 3 2850 298 973
3444 3 787 7518 102
3445 5 1834 3562 3669 9589 7562
3446 3 3392 9608 4015
3447 3 1008 5879 5320
3448 5 3099 8672 1140 4669 6483
3449 4 2514 5909 8967 5209
3450 5 470 4725 7636 4310 9844
3451 6 1381 3487 7076 7143 2697 3352
3452 6 2141 7596 8893 8328 8242 190
3453 2 195 7499
3454 7 2983 5527 6589 6965 8994 672 7009
3455 5 148 7146 567 1309 1785
3456 6 3324 4591 7920 8158 6352 777
3457 5 2707 8034 9804 2576 8143
3458 5 1613 4429 2049 9348 4302
3459 8 1746 4392 6119 6963 7249 6888 1536 4228
3460 4 746 8061 6301 3550
3461 3 1358 5095 1474
3462 5 2489 5902 9802 7873 2612
3463 3 2507 7590 4003
3464 4 1895 2733 8101 2613
3465 4 2701 5118 6306 9416
3466 6 967 3693 9132 4870 9371 3586
3467 4 576 6619 9422 9781
3468 7 2018 3729 6966 1528 5538 7439 5800
3469 4 989 5730 7972 8639
3470 6 2467 7731 747 1542 9445 5217
3471 5 3405 4848 8293 4911 7696
3472 2 1905 928
3473 6 2496 3684 3887 4068 6354 8853
3474 4 325 6438 9394 8283
3475 5 1309 9028 8274 5032 1303
3476 7 2788 5630 7501 6725 9854 2777 6529
3477 6 294 1105 5710 9402 5045 1345
3478 4 499 3983 7166 2599
3479 3 18 9250 5689
3480 2 1613 7024
3481 3 2573 4415 3978
3482 10 3225 5453 7254 9251 9500 4038 9209 7311 8853 626
3483 7 1040 3596 5212 6930 9307 1151 5350
3484 2 470 3664
3485 5 2363 4087 6459 8100 9413
3486 5 2888 9505 2387 9234 2159
3487 3 3451 2222 5096
3488 7 2775 2452 5528 2583 8622 8813 386
3489 5 485 6680 3738 9088 9952
3490 5 2555 7788 3079 9788 4724
3491 4 53 7922 6397 3822
3492 2 133 6987
3493 5 1233 8357 6258 6873 7789
3494 9 2034 5237 5984 7386 8619 1921 2754 3071 7135
3495 6 1617 720 4287 3590 4823 1487
3496 3 953 3603 3631
3497 7 2826 5331 277 4042 3082 1930 5573
3498 6 1582 3741 7026 7549 7166 1029
3499 7 826 6363 6592 8020 6975 5369 6211
3500 4 1915 8249 2722 3941
3501 2 2359 5382
3502 3 2286 8062 4047
3503 6 954 4084 4648 5615 6254 602
3504 3 3205 5944 558
3505 6 3006 9274 500 3331 4928 5643
3506 4 735 184 6716 5261
3507 3 1210 2422 5140
3508 4 165 8428 2236 5068
3509 3 541 8754 8212
3510 5 504 8437 9050 301 6297
3511 5 1225 6315 9201 3343 3939
3512 9 2123 4777 5462 6404 4173 9137 9777 7795 7564
3513 3 2617 6653 6948
3514 6 2533 3550 4224 4347 4114 1668
3515 8 2710 5355 4049 8143 5272 5685 7926 7971
3516 8 3298 6135 9747 7522 5655 9571 3932 1035
3517 5 1297 3581 2839 2661 9533
3518 4 2966 4606 6368 6538
3519 4 1879 5483 6606 6903
3520 3 1856 1696 5489
3521 8 3136 4163 4526 5122 5758 7469 8149 425
3522 6 193 9168 1488 7720 976 7493
3523 8 3069 4814 4897 5802 3565 6645 33 1089
3524 4 2069 6929 9269 2194
3525 2 477 4627
3526 3 2951 2530 5121
3527 8 635 5564 6886 8904 3553 8504 8062 6320
3528 3 2550 7841 9999
3529 10 574 3530 3627 4373 6706 2315 45 679 9407 6538
3530 8 3529 4139 1308 5580 8215 6153 3532 9022
3531 3 397 6134 5955
3532 5 2997 6760 4234 3530 4357
3533 6 833 4253 8208 6026 2693 2901
3534 6 869 3668 5456 79 7717 4248
3535 4 18 8944 8781 3627
3536 10 1858 3901 8870 6309 3147 6438 1872 237 3032 6855
3537 11 683 3974 6061 2949 4983 9485 8778 1146 1382 5448 2685
3538 4 2432 7472 4610 4566
3539 4 3370 7239 9968 2267
3540 3 598 4543 9412
3541 6 1003 4888 1102 5226 2544 7292
3542 6 460 7676 1455 3018 4445 8005
3543 2 1838 8883
3544 4 2781 3854 6741 2286
3545 6 1511 3579 2867 5606 2882 7839
3546 6 3226 5338 3169 5618 6730 1964
3547 4 3067 6111 3623 327
3548 7 423 7267 1393 2492 5952 4546 5201
3549 6 2636 5029 1721 6181 6776 92
3550 6 3514 7122 9480 3355 3460 3911
3551 5 432 4242 9510 4707 9125
3552 9 3045 6172 8054 9057 1652 8479 8863 4499 7060
3553 4 883 3527 6344 6211
3554 2 1399 6461
3555 3 1122 5536 6465
3556 8 593 7350 7951 3635 132 3064 955 6713
3557 6 2190 6691 6888 4223 4652 1630
3558 9 1969 5043 6659 7119 7397 4550 9539 7945 5983
3559 4 2054 6328 2756 6091
3560 2 1174 9308
3561 6 321 8243 8481 3413 7840 9748
3562 6 3445 7960 1043 4198 4641 6446
3563 8 1310 5079 5517 5167 2584 8838 1633 3969
3564 11 3436 6805 8643 9533 922 9024 9916 8547 7797 8549 7189
3565 6 1235 3523 8390 8420 1644 5524
3566 6 275 4412 8411 5277 1766 7732
3567 4 2901 2053 3715 2384
3568 4 1063 7474 8874 989
3569 10 1000 5972 6197 9521 7082 449 7850 8496 4616 2958
3570 5 81 7534 1792 7951 5242
3571 7 679 5053 55 6397 1030 1747 9940
3572 7 1792 7521 2917 4512 6723 9274 8356
3573 5 993 6029 9226 2974 5299
3574 4 3187 830 5738 2417
3575 2 91 4985
3576 8 362 4188 6755 7384 9771 7295 7895 1757
3577 6 718 4634 5174 1484 6301 265
3578 6 1825 3772 3870 4161 6562 5011
3579 3 3545 4410 1411
3580 3 2641 5820 1735
3581 8 3517 6378 8070 614 7221 2179 2896 6527
3582 3 879 4327 3811
3583 4 362 405 330 5225
3584 4 1503 9812 9578 2349
3585 3 1962 5459 4714
3586 4 1882 7708 5362 3466
3587 6 2669 3202 6066 6544 7599 1110
3588 4 485 3830 3235 612
3589 6 3015 8215 9140 5774 5424 1266
3590 9 3360 7540 286 2649 3495 891 1688 9740 8724
3591 5 1931 6273 662 4573 9957
3592 5 2796 6917 7639 8479 2741
3593 4 3417 99 6679 554
3594 4 762 5482 616 7534
3595 4 2969 3724 4807 7310
3596 7 3483 1711 8590 2857 4897 2337 7239
3597 6 642 7996 2923 2318 2826 9264
3598 4 345 4501 8557 9163
3599 7 1418 5335 9720 9844 9298 1436 4105
3600 5 187 4899 6027 6224 6176
3601 4 281 7649 9554 6239
3602 4 2911 4371 7794 7838
3603 7 216 4209 5909 9696 3496 4359 9706
3604 3 2383 7877 1889
3605 6 3249 3620 5733 6260 8378 7788
3606 5 257 8811 1479 9858 8298
3607 5 187 5706 6111 8235 7812
3608 6 1614 4072 372 7368 328 6385
3609 3 1898 6106 3298
3610 5 1156 3835 3841 2034 8988
3611 3 3063 7672 1460
3612 6 2500 4516 5422 7230 7731 8395
3613 6 3250 3998 6593 8549 2695 6163
3614 10 1586 8659 293 5248 9121 4575 1950 1986 414 45
3615 5 399 4158 3067 6612 6621
3616 6 201 3844 6474 8218 9163 7935
3617 2 1199 2174
3618 6 238 4529 6392 7353 5330 2231
3619 6 3261 8128 2840 9836 20 6580
3620 6 3605 5868 8427 6416 8179 1873
3621 5 3297 8724 6276 1561 7478
3622 6 2885 4575 6872 8677 2350 953
3623 8 1207 6642 2010 8121 4301 3547 9221 6485
3624 10 1260 4769 5681 7075 7424 2837 9901 6581 5106 6415
3625 8 207 5042 9353 7705 4413 5494 8689 7063
3626 7 642 3629 5667 3913 9928 7416 3300
3627 8 3529 5782 5416 2485 4310 8221 5187 3535
3628 3 2153 5370 6153
3629 3 3626 2698 4572
3630 2 149 4688
3631 6 948 4390 7381 3212 3496 8246
3632 3 387 348 6321
3633 6 3137 8490 5722 8688 5134 7552
3634 3 1394 8175 7390
3635 10 218 4026 9062 3556 8168 7518 1394 3759 6329 3327
3636 3 2948 9704 3084
3637 6 2308 5995 6670 1909 2671 837
3638 2 2676 1459
3639 7 1144 6125 9681 9835 8565 6662 9875
3640 6 2180 3947 1989 2449 7462 9180
3641 11 409 4889 6529 4105 8425 390 6582 2030 7209 7865 1648
3642 5 1092 4427 6055 4486 9846
3643 4 2987 5647 9641 1715
3644 8 2092 4071 5721 461 9116 5424 5501 8562
3645 4 1993 4821 6789 6319
3646 5 787 6000 9622 5787 9852
3647 6 941 4282 4874 9103 7428 9418
3648 6 1651 4298 9491 9535 1530 2135
3649 1 1635
3650 1 341
3651 4 682 6776 7857 2686
3652 5 2809 9292 1599 3103 9208
3653 2 2458 7082
3654 2 1966 3703
3655 3 2465 3838 4810
3656 2 2488 6242
3657 7 36 9312 2664 2274 3228 9687 2489
3658 5 138 242 3821 273 1735
3659 6 1838 6506 7306 7053 3116 3179
3660 5 515 4288 4842 434 871
3661 2 58 5387
3662 4 408 4400 7621 3942
3663 9 1982 8035 3113 3723 6137 1541 903 4479 3126
3664 4 2673 8946 3484 4914
3665 7 3297 7686 6613 3016 5723 1929 6168
3666 9 1206 7763 1950 6086 476 21 7063 4113 4743
3667 4 308 1455 2613 6206
3668 3 3534 7387 9566
3669 1 3445
3670 7 1092 3992 4479 887 9241 934 7646
3671 3 2026 668 8022
3672 6 104 5091 189 1374 8689 5083
3673 4 1598 7527 4147 8602
3674 4 930 1633 735 1388
3675 7 722 4080 5614 9986 5456 8326 9569
3676 6 2610 5556 8133 7028 2018 1838
3677 6 2777 5487 9200 1852 2846 9177
3678 6 223 5104 2907 1742 6450 7326
3679 4 2111 4058 2835 4629
3680 6 832 8272 9689 2375 373 7734
3681 3 620 4891 2754
3682 6 2490 9673 7003 1689 6784 7716
3683 4 538 775 2981 9130
3684 6 3473 4422 6179 9340 5169 7912
3685 4 230 4002 5410 2461
3686 6 2153 4151 6826 7608 9411 1129
3687 6 770 4835 6216 4585 5739 3280
3688 4 260 95 4984 4968
3689 3 3437 2672 7250
3690 4 426 9601 4308 7035
3691 6 926 7246 7658 5616 3776 1493
3692 7 527 7826 9852 3810 1599 758 5607
3693 4 3466 3723 8874 6195
3694 4 2628 2357 1882 6891
3695 5 2268 6066 7242 6001 9496
3696 5 923 7402 1351 8739 3745
3697 4 2948 5967 6023 5441
3698 6 841 5494 5793 6508 2004 6362
3699 3 1628 8516 668
3700 4 896 6096 7896 7868
3701 6 1868 4698 8561 7776 6432 6787
3702 5 1408 7065 7827 2778 4616
3703 4 3372 1922 3747 3654
3704 2 603 9634
3705 7 499 3975 5223 7377 1054 1337 139
3706 4 3326 3908 357 7739
3707 8 2657 3897 5449 7251 8872 7541 7318 917
3708 5 1966 9121 1206 9716 7362
3709 4 1912 2881 6166 9659
3710 6 2635 5610 2741 1284 8889 1710
3711 5 3065 5599 9436 4875 9680
3712 5 1797 8671 3433 87 717
3713 7 1706 6098 7418 7727 1331 4152 774
3714 4 2761 6861 8964 8225
3715 9 558 4702 4784 4828 5319 8226 4323 3567 2366
3716 4 3218 4781 3296 6063
3717 5 1745 4409 4706 9265 5015
3718 4 1202 988 9102 7195
3719 5 2127 9603 6192 8702 7216
3720 8 3376 6100 1318 7060 4825 8612 4361 2411
3721 5 3163 3816 8663 5330 8668
3722 4 1915 8299 7269 7938
3723 5 3693 4576 5968 3663 5380
3724 7 3595 4610 5957 8675 4314 9747 897
3725 10 3308 4535 7535 108 1655 5759 794 4094 3407 7128
3726 3 391 9338 6632
3727 3 3204 6826 2198
3728 4 556 805 174 536
3729 4 3468 8726 2506 6318
3730 3 3403 3879 9178
3731 8 1922 4493 8604 8216 5696 7617 2796 3142
3732 6 334 5784 7296 2141 5612 3245
3733 6 1903 5487 6506 9428 4619 7203
3734 4 2857 847 2997 529
3735 6 3373 1231 69 1716 6835 5311
3736 7 2362 4183 4495 8577 2415 4267 7600
3737 6 455 9671 4943 883 6875 3021
3738 9 3288 5854 7231 5372 8101 445 1680 3489 4660
3739 6 1628 6282 9579 4293 4139 9489
3740 2 237 2208
3741 6 3498 8937 60 9383 5333 21
3742 6 746 4262 9382 2646 4219 4399
3743 4 1958 6004 5495 475
3744 6 54 5311 1572 74 6039 7661
3745 6 2956 5377 6882 7167 9509 3696
3746 4 2520 9782 5047 108
3747 7 2475 9670 5686 679 3703 1033 5568
3748 11 1060 5693 6643 1161 5812 2340 7267 9943 4358 5019 4025
3749 6 1535 8650 5331 2469 9654 8025
3750 6 1556 5692 6139 7488 8711 5047
3751 5 3340 5655 6085 3138 6907
3752 5 3187 7283 1131 176 9418
3753 3 318 5081 6219
3754 2 1016 9183
3755 8 263 4722 5883 9148 1268 4260 1944 7518
3756 3 2358 492 9548
3757 4 757 4177 197 1173
3758 2 953 5473
3759 4 1442 3635 3292 6646
3760 3 2283 9447 8661
3761 5 2969 8507 4025 3211 660
3762 3 1898 9194 5274
3763 6 1328 8010 9202 7472 6550 5306
3764 6 464 6064 8280 8283 7421 6936
3765 8 1971 5679 7356 4069 6563 9350 2616 3031
3766 4 1759 6610 876 6227
3767 5 1440 7818 7358 4148 1838
3768 6 1672 2287 2489 6484 378 5698
3769 4 71 677 2459 901
3770 6 2763 3847 7784 9463 5255 6087
3771 8 3000 4421 8332 3806 9569 3799 7705 2829
3772 4 3578 8486 4230 2320
3773 2 2960 4223
3774 4 2572 8073 1799 2519
3775 10 3197 6371 7171 7712 9214 6142 6532 6429 8540 7769
3776 6 1161 5328 7365 1988 3691 129
3777 4 1594 7325 9294 4690
3778 2 1947 8776
3779 5 1158 6482 8149 92 6197
3780 6 2308 7703 1059 3828 3393 8694
3781 3 831 9270 195
3782 4 1601 4811 1694 1527
3783 2 1526 399
3784 4 967 9880 2733 3358
3785 5 2120 7525 1003 9760 1162
3786 5 1402 6518 5267 4573 4925
3787 5 2005 4792 59 5279 566
3788 4 88 4069 5131 5726
3789 3 557 4484 7057
3790 5 1307 7478 9282 3127 3298
3791 4 2443 9017 2707 7837
3792 4 340 5472 2276 6647
3793 5 2 7574 2376 3938 4910
3794 8 2663 3798 3913 5806 4562 7744 9686 6040
3795 3 793 6879 8887
3796 5 1042 6304 99 8973 8983
3797 4 3103 4704 7515 2898
3798 3 3794 8982 6074
3799 6 534 8232 3771 2054 8877 3319
3800 6 3001 4628 5844 9997 6985 6013
3801 2 2940 9955
3802 4 1546 4840 8406 7653
3803 6 3159 6915 7205 8 815 9376
3804 4 2015 7714 4729 1676
3805 6 269 7801 8065 4785 3087 4410
3806 3 3082 5129 3771
3807 3 2608 1194 1117
3808 1 2013
3809 5 3359 5565 2115 3343 1905
3810 5 2886 8165 3692 2196 8999
3811 7 1527 5132 758 6676 3582 468 1119
3812 5 933 4223 1609 1855 2446
3813 3 1839 1408 5793
3814 5 2661 2572 1180 6318 2232
3815 5 1108 4252 4433 1871 1261
3816 6 3721 8316 4798 2140 7615 433
3817 8 3190 5056 5297 7515 8368 9055 5718 7909
3818 6 1599 5486 5712 8741 8287 4801
3819 6 200 5476 7887 5821 2890 5477
3820 3 1686 4527 1156
3821 7 504 4310 2704 8465 3658 8879 3330
3822 4 1435 3885 3491 6989
3823 6 733 8794 4365 4107 354 5162
3824 6 327 4206 5235 2936 5708 4787
3825 5 1406 707 4131 3094 2249
3826 8 2057 4898 7551 6049 4359 6863 2 8777
3827 6 1121 4403 2142 9772 9989 6103
3828 6 1201 5915 9216 3780 1655 4807
3829 7 1815 9580 6035 9020 4100 1596 8621
3830 5 148 5252 5879 5866 3588
3831 10 1732 5123 6745 2473 2753 7339 9167 2157 5843 6644
3832 2 1715 5756
3833 6 1473 6142 7499 9693 89 607
3834 4 2952 9471 1877 3923
3835 6 3610 4842 1834 6767 6925 7179
3836 6 1411 9868 1961 850 8278 9399
3837 4 1117 2870 8037 8452
3838 3 1771 3655 1368
3839 3 1903 2832 1749
3840 10 2991 4905 5243 5847 6395 4523 2271 116 6255 4633
3841 2 3610 5214
3842 8 3391 5225 5884 5416 8069 7656 5599 5774
3843 4 2309 5210 5598 2021
3844 6 3616 6056 2176 8989 5048 1935
3845 5 1423 4781 6871 8903 5525
3846 3 1524 5976 5635
3847 3 3770 7574 4428
3848 3 985 7924 8488
3849 7 3370 9201 335 2380 3312 5505 8846
3850 5 1607 4324 9435 2502 2389
3851 4 2919 4263 1497 8025
3852 3 1071 8224 5239
3853 5 1160 6324 9875 3185 9346
3854 4 3544 6379 9469 1192
3855 5 1174 4219 6772 3223 4276
3856 5 382 7272 4481 3330 7892
3857 8 2772 4344 9790 1667 305 5905 1097 4479
3858 8 28 4141 8414 697 426 7530 792 3892
3859 5 1239 4134 4555 5547 6752
3860 3 2159 6001 9020
3861 5 77 7682 8779 5116 5088
3862 3 2928 6065 2668
3863 3 992 2472 2115
3864 3 55 5544 8274
3865 7 43 3889 5117 8598 9058 8266 1056
3866 5 3382 5540 3000 7107 1454
3867 5 1440 6793 6716 9528 6921
3868 4 2158 8069 977 667
3869 1 292
3870 5 3578 5240 5346 6615 3393
3871 3 283 2589 9102
3872 5 539 5758 9884 4072 2700
3873 2 1773 8716
3874 3 934 6410 7620
3875 5 2335 7813 962 4503 7457
3876 6 1869 4554 9322 2740 8948 9942
3877 3 1065 885 9111
3878 5 2962 4698 1726 9707 5217
3879 9 3730 4478 5445 7125 8233 7247 1219 4923 8213
3880 3 1677 1010 9581
3881 3 160 7856 4807
3882 3 2338 3978 3086
3883 3 491 1151 4601
3884 4 3277 5416 9836 2376
3885 8 2188 8763 8193 3822 3206 6516 2081 9444
3886 6 503 4667 6709 2440 9989 6271
3887 4 3473 7644 2840 9285
3888 5 1091 5645 9738 4353 5161
3889 3 3865 6661 9842
3890 6 725 7542 8251 5887 4650 7700
3891 5 55 9456 8791 7990 8535
3892 4 1442 4060 5113 3858
3893 4 2858 5744 8113 4105
3894 5 2457 4609 6012 5800 2823
3895 5 1887 5362 7977 9817 7125
3896 5 131 5469 9362 4934 4488
3897 5 3707 6731 1763 6050 9656
3898 4 379 462 4165 3155
3899 9 788 5870 7289 9569 6249 6799 7061 5736 5325
3900 5 2386 5990 6935 3361 214
3901 5 3536 4870 9130 9822 4183
3902 5 1711 5208 8559 1288 961
3903 2 1068 5392
3904 5 957 9656 2897 8870 6033
3905 3 2089 5032 4736
3906 6 3276 6895 21 6676 1907 2823
3907 3 1330 6001 7544
3908 8 2032 7380 1667 4793 3706 9229 5025 2791
3909 4 777 8832 9649 5641
3910 4 1169 2213 3104 2415
3911 6 2291 7689 1121 8222 8903 3550
3912 5 591 4922 3277 1075 9407
3913 5 3794 4370 2961 3626 4034
3914 8 2814 3957 4893 5649 9938 2863 1901 3238
3915 7 3280 7815 8120 2933 9025 4493 6583
3916 6 397 6090 5416 7145 5282 487
3917 5 1713 4425 4300 9444 4652
3918 5 2743 6821 4580 2174 8926
3919 5 3312 8049 3076 3428 7362
3920 3 1602 6969 212
3921 5 19 620 1228 7595 8670
3922 5 1061 6618 3930 6981 6256
3923 4 2103 108 6794 3834
3924 4 726 4912 711 2531
3925 5 3139 7806 7551 8696 6042
3926 4 3092 9341 4783 1965
3927 4 380 736 448 510
3928 3 2322 1128 67
3929 4 3193 7109 8387 5635
3930 6 2901 5350 7713 3186 3922 5754
3931 7 107 9089 2710 5212 9379 7103 8030
3932 5 487 4858 4923 3516 2604
3933 4 1329 5000 960 3076
3934 3 1779 5348 8964
3935 8 1844 8119 4893 5873 9671 9895 6938 4559
3936 7 3063 4167 6203 1388 2947 6851 6794
3937 4 2190 4320 8879 5814
3938 7 2241 1730 5996 8424 3793 4302 9091
3939 5 1722 8369 3511 3381 2967
3940 3 3138 4545 6490
3941 5 3120 5089 7410 6365 3500
3942 9 2440 9327 6648 6045 5643 7017 9295 3662 476
3943 2 2537 2555
3944 3 2574 4475 6523
3945 2 1629 5464
3946 7 1968 5862 886 4507 7010 8582 2004
3947 6 3640 4729 7126 3003 8943 7054
3948 11 2547 7644 3339 698 6814 6358 2968 1149 393 1543 3053
3949 6 1295 7759 9753 3330 5437 1975
3950 4 2445 4242 2246 321
3951 1 2506
3952 5 3326 5535 2522 6902 633
3953 10 1901 5440 5818 6752 1828 7388 2611 5189 2381 7297
3954 4 2577 2838 3386 7053
3955 7 462 4745 145 7877 4812 9406 9576
3956 4 629 4605 3261 9677
3957 5 3914 6100 6659 191 9137
3958 5 1486 4630 5427 6859 8152
3959 8 2558 4318 320 7910 1905 9801 3135 6253
3960 5 1461 5284 4449 417 9692
3961 3 3220 5555 6436
3962 7 3197 4262 4734 6675 1400 3422 2037
3963 5 1073 7195 1985 9804 9082
3964 5 1056 5808 41 9758 8985
3965 5 2225 7735 7359 2234 8146
3966 5 3391 8168 6526 8086 636
3967 8 1462 4118 5925 6170 8077 4438 271 7964
3968 6 2945 5616 8172 2457 4040 5681
3969 5 1545 6054 4633 5443 3563
3970 4 2166 4873 1126 9917
3971 4 2663 7336 6346 4148
3972 4 2926 1261 1992 9876
3973 4 3119 2678 7179 2224
3974 7 3537 4416 8186 134 6098 6163 6004
3975 6 3705 5877 7282 5146 878 9717
3976 4 62 9284 7734 1014
3977 7 3125 9534 452 664 412 639 2136
3978 8 115 5422 9278 3481 8208 3882 1911 2798
3979 9 1851 6089 6587 6387 9302 6663 6928 948 4417
3980 6 3285 8764 9561 589 6517 6812
3981 4 1504 9638 4027 2792
3982 4 1928 6718 2224 4975
3983 5 3478 6866 1547 2791 5606
3984 7 1817 6862 4148 7955 9102 6344 8644
3985 3 2650 2091 9868
3986 9 1698 4077 4083 5184 6160 2577 8840 471 1688
3987 3 1316 7279 7963
3988 3 861 5806 2540
3989 3 889 8347 2213
3990 4 683 6866 8046 366
3991 7 3109 5881 7354 9939 1116 4014 482
3992 4 3670 1363 7043 6685
3993 4 2415 6071 7768 8590
3994 3 62 5789 1502
3995 4 2057 8941 5512 1254
3996 4 2726 1180 6811 2364
3997 2 2755 336
3998 4 3613 1882 3177 9318
3999 4 1688 4463 5312 1672
4000 7 2912 9746 2448 2173 7293 2175 3284
4001 4 2349 7153 6026 7689
4002 6 3685 5521 6576 8872 9060 542
4003 8 1358 5168 8882 4668 8527 3463 3267 8699
4004 4 1765 4411 7127 1330
4005 3 353 8253 44
4006 6 2438 9856 6405 5027 1745 2117
4007 3 1569 8218 1521
4008 8 2139 7481 9162 5501 254 7504 3333 4409
4009 9 3171 6307 8322 9879 6980 959 226 8198 8185
4010 4 1893 8499 9190 9234
4011 5 2677 4043 9718 9369 6257
4012 7 1956 4198 4731 6284 7823 214 5196
4013 6 3181 4462 9903 2420 9443 8958
4014 5 1139 6089 6476 3991 9091
4015 5 1068 4116 7241 5990 3446
4016 1 3288
4017 7 2843 6328 685 1162 8591 8509 3301
4018 6 689 9760 9765 8604 7427 3024
4019 4 1288 5811 4727 4783
4020 5 17 5209 5522 6073 7849
4021 5 1179 4093 6998 4844 2586
4022 4 237 5933 9448 2640
4023 5 1820 8180 2492 8779 7545
4024 5 2403 8277 4810 8268 5238
4025 12 2021 5194 5389 7618 9011 8309 7215 8635 1210 3761 8524 3748
4026 3 3635 9124 1633
4027 6 1865 5275 7548 8146 3981 4386
4028 2 1125 9450
4029 4 1730 1537 3298 2413
4030 4 2967 5117 9132 8778
4031 6 2846 4766 6968 1972 5391 2681
4032 4 3204 4645 311 9336
4033 5 3355 7873 5129 7421 6968
4034 8 1553 4245 4740 6461 7811 2371 6822 3913
4035 7 976 8355 9488 2561 7308 8957 857
4036 3 1704 104 5017
4037 4 572 6993 7989 1594
4038 4 316 4739 3482 1760
4039 5 2301 5951 9108 7504 7102
4040 4 473 6063 3968 1596
4041 5 2698 4910 6550 7069 3079
4042 4 1577 5824 368 3497
4043 5 1362 8122 4011 4696 8044
4044 3 1414 4908 310
4045 10 1797 4389 4517 1926 2690 7834 1204 1516 2460 6200
4046 4 949 9414 9654 5717
4047 4 1662 2050 312 3502
4048 3 982 350 3083
4049 8 2240 4381 4940 6591 3515 6126 6862 2872
4050 7 586 7165 8006 9142 1114 4444 9726
4051 4 1551 6533 2445 6463
4052 3 3372 4320 4383
4053 6 548 1476 6210 7818 4438 7639
4054 6 12 9142 873 7967 7980 5937
4055 6 642 8223 8585 2256 1258 1183
4056 7 2530 4673 6665 8477 6084 6639 9362
4057 4 3346 6907 7018 9731
4058 5 3679 4809 4964 6778 179
4059 6 1826 7460 7745 8475 5531 8141
4060 12 3892 8002 8493 5094 1679 1679 7622 8320 7583 7149 2782 1196
4061 5 1299 5780 1917 7895 3220
4062 3 1795 1683 2305
4063 5 466 6803 8853 461 5135
4064 6 1355 6593 2185 9296 4790 9691
4065 5 1193 5798 6602 5246 3055
4066 6 597 4833 8947 7332 6226 6276
4067 3 2106 40 8980
4068 5 3473 2637 1537 7810 7732
4069 5 3788 8472 3765 7784 5837
4070 8 1806 4258 9637 2189 1516 9954 1037 4492
4071 5 3644 4496 6543 855 3387
4072 7 3608 8539 4826 8709 3872 4889 8010
4073 3 2032 7212 9559
4074 5 933 6646 9670 315 8935
4075 6 520 9918 4653 6288 7091 9768
4076 9 2494 7154 7226 8324 125 4437 4955 470 5321
4077 2 3986 7359
4078 4 2745 2650 2980 9645
4079 3 1522 4631 493
4080 5 3675 5407 7168 865 9865
4081 4 1862 5304 5280 9524
4082 3 912 4828 5428
4083 5 3986 4113 8574 8094 6469
4084 3 3503 7588 8381
4085 3 1923 8720 8040
4086 5 2202 7133 8752 5136 4719
4087 5 3485 5860 9442 1915 28
4088 6 1775 9646 8015 4315 282 1238
4089 4 2780 8613 1894 1710
4090 1 119
4091 3 618 2467 1812
4092 4 2725 8816 9414 4475
4093 1 4021
4094 7 414 4378 4504 4927 448 2091 3725
4095 11 1185 6784 6903 9405 8564 8339 5391 5693 8715 7498 6806
4096 3 1659 9342 7718
4097 5 1493 1020 6889 8347 447
4098 3 2440 7839 5555
4099 3 644 3254 4660
4100 7 2653 8294 1514 6637 3829 4877 9087
4101 5 1030 4278 8170 4354 653
4102 2 3426 6579
4103 7 3346 4168 7825 9836 1414 346 60
4104 8 2719 5878 6981 8003 4990 8813 8292 8990
4105 4 1210 3641 3599 3893
4106 5 212 1780 1834 4422 205
4107 3 2069 3823 4654
4108 5 1860 5958 8265 5197 7980
4109 6 1916 4241 9202 6979 9338 4967
4110 2 3337 6889
4111 4 3095 8716 5285 52
4112 5 2760 7760 7450 2121 1235
4113 6 4083 7893 2692 6594 8455 3666
4114 10 2509 5541 8870 7299 5551 7001 5402 8069 3514 1431
4115 5 1616 6515 8726 7679 7801
4116 5 4015 4296 9935 2836 9572
4117 3 3004 4216 2379
4118 4 3967 4887 8427 1837
4119 6 1219 4751 6933 7582 8631 1177
4120 5 2024 4126 165 5043 8850
4121 3 1237 4181 7730
4122 8 335 5657 6018 8329 9185 7643 6142 4951
4123 5 1004 4956 5262 1018 1868
4124 8 2324 9043 6212 8694 2981 5567 8359 2813
4125 7 710 4284 4450 5667 8884 1170 6744
4126 1 4120
4127 5 305 9990 4225 1817 2673
4128 7 236 5386 7889 6035 6187 8802 3038
4129 2 808 8306
4130 7 1349 4880 6232 7094 7210 4307 6804
4131 7 712 1376 3825 428 5927 4993 1071
4132 2 36 8530
4133 3 1487 9824 8670
4134 8 3859 6959 6221 2306 6551 7477 8640 2010
4135 3 509 2317 1681
4136 5 3437 2834 5107 6507 4168
4137 9 40 5837 6819 8406 5829 506 7426 8252 2226
4138 8 937 6014 2213 4977 5972 6864 8330 8737
4139 4 3530 7556 7475 3739
4140 3 72 8901 7785
4141 7 3858 4166 4342 6517 8597 9230 2941
4142 3 2111 7100 2702
4143 1 1185
4144 5 3286 9419 9690 5682 5838
4145 3 678 4210 6694
4146 2 2107 5367
4147 6 2494 4714 6209 8125 3673 4879
4148 5 1814 3984 9311 3767 3971
4149 4 32 6652 1694 5159
4150 2 256 9323
4151 4 3686 4938 6124 2385
4152 7 1222 6586 7679 3713 2605 726 813
4153 2 3068 5166
4154 3 907 8509 1159
4155 6 3396 4267 8913 7328 6442 1925
4156 6 613 14 8781 1856 6235 5802
4157 5 2608 6136 6221 8299 6430
4158 3 3615 4725 8245
4159 4 144 4974 8693 6176
4160 3 1695 8614 7166
4161 6 3578 2995 9413 8872 9902 6658
4162 8 3027 6236 5752 9574 8742 2022 6540 5256
4163 5 3521 5550 164 6062 3393
4164 3 2866 9930 6056
4165 9 3103 8396 7883 4482 1397 8795 2918 9372 3898
4166 4 4141 5082 8347 6270
4167 3 3936 4732 5100
4168 8 4103 4637 6240 5948 4136 6117 1382 4779
4169 5 702 4641 7228 5226 548
4170 8 135 4364 5217 1779 7181 4390 451 8054
4171 3 2410 6968 9048
4172 5 2265 6010 9479 3306 131
4173 8 2682 7529 8625 4799 3512 3312 8141 1424
4174 6 1640 1583 8303 8820 2222 8413
4175 2 1077 456
4176 9 2713 5398 9117 886 7453 132 7705 5554 4529
4177 6 1103 9453 3757 8085 9453 332
4178 3 2772 7936 6399
4179 5 445 6345 6913 8567 7922
4180 6 1432 6970 7013 2525 9105 3144
4181 4 4121 4844 6660 543
4182 2 728 5167
4183 8 3736 8538 4996 367 5999 3901 5672 4311
4184 3 2420 6311 6324
4185 5 3326 9339 2964 2163 1347
4186 7 937 4959 5116 5998 3405 8509 4906
4187 5 1278 7381 5185 4517 1212
4188 6 3576 6942 4654 5803 6961 6702
4189 4 1470 7826 303 9114
4190 4 2729 3090 1503 5645
4191 6 3185 8930 9204 7864 6092 2556
4192 8 2125 5405 7880 498 7402 434 4942 4749
4193 3 2606 5106 3357
4194 4 2006 3062 1932 7863
4195 2 2059 3060
4196 7 78 7349 2847 1943 6810 3071 6741
4197 8 3376 4872 7163 8699 2965 8886 4315 3178
4198 6 4012 8291 1601 3562 9914 9530
4199 5 2625 6145 1485 7145 8777
4200 3 930 7316 9685
4201 4 1503 8710 9163 3398
4202 4 1948 7779 7220 6081
4203 4 1788 4449 5915 2862
4204 3 2273 9169 944
4205 5 2911 4574 6732 5922 8292
4206 4 3824 5345 8047 348
4207 6 2936 5027 7941 3011 237 7436
4208 3 1109 8062 3093
4209 4 3603 4573 6150 6439
4210 7 4145 5089 1930 5157 2089 8347 1331
4211 2 1532 9672
4212 5 1469 7943 5724 9272 667
4213 8 2608 4689 7970 7028 4918 4635 6944 6280
4214 4 1340 7898 5257 8867
4215 6 711 4857 8996 8658 7432 6574
4216 9 1787 9127 7736 5315 4868 7968 4117 9845 243
4217 8 1094 6422 9430 9563 9753 129 6044 7016
4218 3 2516 4395 6049
4219 11 3286 5650 9331 3855 1634 245 3742 7641 987 235 4859
4220 4 731 4995 5247 9684
4221 4 2474 7222 8737 8181
4222 3 3414 6823 9901
4223 7 3773 5746 2641 3812 3557 7061 9541
4224 4 3514 5258 9251 4969
4225 3 1468 4127 7143
4226 6 599 5293 7928 3394 2914 5959
4227 3 3104 5689 1658
4228 2 2855 3459
4229 5 372 9493 2760 7023 2485
4230 4 3112 2298 3772 7887
4231 8 2412 4813 7264 9203 3266 7366 3169 9224
4232 6 3141 5891 8098 1725 1858 7521
4233 4 1996 5713 9176 1696
4234 4 2485 3532 8776 2077
4235 2 3048 6006
4236 7 1423 7822 7067 7492 7866 8931 6861
4237 4 1614 5867 5443 5287
4238 3 1545 3441 8586
4239 6 2572 9372 1316 3037 9426 2756
4240 6 847 2515 9704 6708 4929 6980
4241 3 4109 6647 6740
4242 5 3551 4779 4901 6269 3950
4243 3 2018 5552 6400
4244 3 654 7980 4358
4245 2 4034 8779
4246 4 1750 9009 2530 232
4247 5 2969 7083 2856 4402 1423
4248 5 574 9846 3534 5080 2629
4249 5 2984 6469 6545 8921 8045
4250 3 2908 2297 2072
4251 4 277 1903 3363 9946
4252 7 3815 4306 4982 9165 613 3227 7533
4253 3 3533 7291 1708
4254 5 2255 5470 1638 1114 937
4255 3 2008 3379 7600
4256 8 2594 4787 5352 8521 7509 7469 9018 9909
4257 3 3206 7052 6171
4258 5 4070 5959 9401 2725 8539
4259 6 2807 7564 9003 2764 8087 4616
4260 5 1542 3104 7376 3755 8062
4261 5 2365 1967 40 1010 904
4262 7 3742 5913 7054 7422 3962 4901 8470
4263 2 3851 6613
4264 3 979 8285 2966
4265 3 1837 1606 8161
4266 8 380 5204 7258 4461 4671 8153 321 9386
4267 7 4155 6008 9542 9828 5862 8894 3736
4268 5 989 681 2556 6538 8124
4269 5 2219 8014 9103 3438 2005
4270 4 927 5267 6660 1719
4271 4 2780 5296 6076 5605
4272 2 1710 5298
4273 5 1390 4625 8556 7545 7487
4274 7 2617 8855 2838 9938 1877 8145 608
4275 5 2437 4488 6574 7266 8235
4276 5 1789 8859 3101 7610 3855
4277 5 2023 5912 7692 8238 6944
4278 5 4101 4986 9517 6050 4515
4279 2 1294 8660
4280 3 2612 6535 7015
4281 3 1309 6281 9662
4282 4 3647 9915 1833 774
4283 4 2150 5658 2494 7552
4284 3 4125 5247 6687
4285 3 3234 9185 4773
4286 1 6
4287 9 866 4877 7646 8722 4660 3495 5490 7637 7967
4288 12 458 4289 4508 6645 9231 8256 3660 1663 2668 2305 5344 9684
4289 8 4288 7361 9760 571 9111 2529 3433 8572
4290 4 1855 6856 8444 6728
4291 7 2412 8611 8939 7373 5507 6430 6089
4292 9 2802 6346 6514 8550 4 6316 2298 729 3105
4293 4 1429 3739 2286 2186
4294 2 1963 9062
4295 6 3393 4593 6573 6629 2938 6519
4296 2 4116 7287
4297 6 1678 4569 5810 5373 1694 5121
4298 6 3648 6671 2759 235 969 9491
4299 5 1122 9420 282 5940 4949
4300 6 2781 4372 8283 3917 5382 5225
4301 4 858 1389 7629 3623
4302 8 1816 2665 7533 2918 6155 3938 4572 3458
4303 4 527 8581 9047 5877
4304 6 1387 6444 9177 3331 5955 5730
4305 7 3242 5190 6366 5582 8301 4871 5378
4306 3 4252 9612 1169
4307 9 2261 6058 7438 2683 9727 4130 5638 5106 5068
4308 6 2813 5816 7054 9639 9187 3690
4309 5 1147 1846 6294 3324 2833
4310 5 3821 8824 5898 3627 3450
4311 3 704 5427 4183
4312 4 2963 6207 4568 7839
4313 4 216 8554 9719 5135
4314 6 2864 8712 526 2343 3724 6708
4315 6 7 4088 4197 6508 392 6800
4316 3 141 4995 5970
4317 6 1580 4684 5996 984 2986 3158
4318 5 248 3959 3154 8852 5752
4319 3 724 6765 9945
4320 10 351 198 3937 5076 4052 4904 9014 4785 5101 100
4321 5 2088 8606 4464 1134 5277
4322 6 561 5076 6662 169 1722 7727
4323 3 1818 4514 3715
4324 11 3850 7346 7143 2172 3136 5628 8538 229 1072 6370 6128
4325 4 1642 6425 9727 9292
4326 7 265 7715 9660 6682 6295 2692 7086
4327 8 3582 371 8074 8699 8020 3183 459 5387
4328 3 1839 5180 6182
4329 4 3164 7096 7695 1310
4330 3 2338 8116 8354
4331 5 1521 1364 8594 1235 380
4332 2 2046 6394
4333 4 173 4387 1928 7889
4334 5 1551 5465 2956 3281 9466
4335 4 1280 7571 5302 2568
4336 4 579 6703 6763 5966
4337 6 1121 1490 8959 2186 1242 973
4338 7 544 6383 6578 9334 869 8143 9851
4339 5 960 8406 3078 9587 7691
4340 3 160 7267 1883
4341 4 3357 6385 2177 502
4342 6 4141 5178 5711 1558 8530 7557
4343 5 1196 6575 8653 6926 1463
4344 1 3857
4345 4 3330 7032 2437 4595
4346 9 380 6771 9313 5334 7319 3406 5052 9564 1215
4347 6 3514 2153 1718 5468 7861 6044
4348 2 671 8598
4349 3 2202 9458 9945
4350 5 880 4919 5728 1039 306
4351 6 254 7396 890 6755 4423 363
4352 4 1809 8276 8459 1598
4353 3 1400 3888 9536
4354 6 211 5523 8745 4101 8350 7751
4355 7 893 6843 7755 6456 9009 8682 916
4356 9 2202 6175 5472 6791 2467 6073 1551 9260 1908
4357 5 1837 5213 8106 9208 3532
4358 5 282 4803 6890 3748 4244
4359 6 3262 2391 5102 3826 3603 9893
4360 5 2700 5078 967 9067 5527
4361 7 715 8178 9676 1149 2248 3157 3720
4362 1 908
4363 10 853 8919 9052 9705 7166 7123 1875 2107 2813 9045
4364 5 4170 4790 5310 6825 208
4365 4 1993 2431 3823 2616
4366 4 2214 5594 6212 4576
4367 7 1355 7111 7194 7296 368 1771 9068
4368 3 3062 7252 7420
4369 2 477 8026
4370 4 2036 3913 8382 533
4371 7 3602 6305 8935 6738 730 6368 2334
4372 4 4300 5802 5474 8813
4373 8 3529 5026 1759 5464 6276 3176 5242 2267
4374 4 2235 5511 9525 6895
4375 3 764 9542 7792
4376 2 3150 6173
4377 4 2642 5203 7036 7864
4378 8 4094 7112 8895 7595 2842 1387 3225 8811
4379 6 1177 4650 9398 2353 520 9849
4380 6 2701 7953 6507 6550 9381 1369
4381 1 4049
4382 5 1519 5979 3137 5399 1432
4383 7 2989 1168 7959 1964 4052 1354 6046
4384 3 413 1992 6857
4385 3 73 9647 5160
4386 3 2268 91 4027
4387 6 4333 4579 5201 5859 1216 5131
4388 5 2411 9688 6871 2544 7840
4389 5 4045 9157 6030 2739 7873
4390 3 3631 6337 4170
4391 2 1501 6616
4392 5 3459 5512 5771 2313 230
4393 5 2868 5637 8340 9222 2883
4394 2 2839 4731
4395 4 4218 8375 4517 7627
4396 4 2690 7215 7333 5519
4397 9 1338 7274 7454 7474 4906 7078 9763 7329 247
4398 2 2396 4838
4399 5 2141 5020 6094 7287 3742
4400 7 3662 4861 1535 2368 8071 7604 4921
4401 3 2180 9358 487
4402 9 2311 7312 7702 4934 4247 7159 8998 2842 7606
4403 3 3827 3015 4939
4404 3 3310 9074 1943
4405 5 242 4453 6946 6029 84
4406 4 2768 6367 2266 3212
4407 5 1151 5418 8615 8925 5231
4408 4 938 6625 5038 4714
4409 4 3717 9996 4932 4008
4410 8 3579 8523 9795 6709 4505 3805 6025 163
4411 3 4004 8022 8516
4412 3 3566 6184 7239
4413 7 1006 4468 6358 3625 281 5579 5161
4414 4 699 9570 9898 5719
4415 4 3481 7974 6057 9899
4416 7 3974 8035 9044 7838 5071 6255 1209
4417 8 1318 9703 8148 2215 5578 5301 976 3979
4418 2 323 5341
4419 8 1705 5496 379 9191 8921 4965 7861 1465
4420 3 2383 4645 6358
4421 6 3771 9083 8526 2376 1865 231
4422 6 3684 4900 8134 4106 7855 4509
4423 4 2446 4976 2351 4351
4424 5 140 4755 5411 8039 4916
4425 5 3917 6913 9310 9187 9136
4426 3 863 4715 6215
4427 5 3642 814 5002 8757 9372
4428 5 2701 4992 9909 9895 3847
4429 4 3458 2223 6667 9782
4430 2 102 192
4431 6 2612 7302 5258 3069 7710 7679
4432 3 704 6676 9955
4433 5 3815 9032 9806 1889 1381
4434 4 2530 8580 5336 2292
4435 2 2454 4871
4436 3 1490 1662 1704
4437 7 2115 4076 1139 2273 5399 9068 2571
4438 8 2154 8850 3967 2260 6759 4053 6385 5451
4439 5 1467 2799 7699 8982 4537
4440 3 508 5397 8399
4441 2 2256 2651
4442 5 3001 6730 8458 40 2761
4443 2 1416 8335
4444 6 2765 5343 8374 2677 4050 6229
4445 3 2044 5617 3542
4446 5 144 856 583 2609 2597
4447 4 2065 5230 6497 4610
4448 8 2889 8755 9623 1420 1863 8463 2417 9392
4449 7 4203 6375 8377 9268 3960 2871 6409
4450 6 3048 5791 7539 4125 5684 4972
4451 3 3054 9767 6774
4452 4 67 5366 7378 8800
4453 4 4405 904 6779 2355
4454 3 2117 5768 5945
4455 3 3136 4694 432
4456 5 933 5735 7112 1844 6632
4457 5 3271 5161 8551 9095 6518
4458 4 664 5923 1128 3150
4459 5 2165 4720 7709 9298 4485
4460 3 3439 9026 6758
4461 3 2948 4266 6427
4462 5 4013 648 2739 5110 6160
4463 6 3999 7186 7605 7937 6609 5007
4464 6 2151 9793 4321 4860 5959 4621
4465 5 1268 7517 7804 7271 6772
4466 6 2738 7842 6947 2005 9650 5760
4467 4 3029 8865 3335 5047
4468 9 4413 6949 9434 9272 3198 1290 4536 7416 2406
4469 3 2526 5893 8530
4470 5 2377 6527 9632 6436 2302
4471 7 3346 5629 6534 1084 3255 7073 7564
4472 6 3112 6959 1494 1182 1072 7714
4473 2 3184 5261
4474 3 2058 72 4902
4475 5 3944 6320 6630 9719 4092
4476 2 3431 8439
4477 2 1000 5183
4478 5 3879 9761 1737 9062 6869
4479 8 3670 9710 3371 4705 8911 4740 3663 3857
4480 5 1674 1649 8131 267 4929
4481 8 1208 9706 3856 1370 6152 1695 3089 6472
4482 11 3014 4948 7072 7865 8220 4165 8804 3013 7037 5489 2139
4483 2 2338 2685
4484 7 2841 4914 3789 166 4615 6838 5930
4485 5 297 5715 7288 4459 8815
4486 4 2999 3642 3363 1522
4487 5 869 4638 7061 113 2568
4488 4 4275 6750 8021 3896
4489 4 1972 5787 1260 240
4490 4 1593 7496 9881 6604
4491 1 2303
4492 6 2450 7934 162 8531 6107 4070
4493 3 3731 5091 3915
4494 5 1824 3080 1496 6326 1826
4495 2 3736 9960
4496 5 4071 569 1524 8927 414
4497 6 2717 2488 7800 1114 8135 7765
4498 3 1354 6974 530
4499 2 1151 3552
4500 4 1779 4588 1458 8699
4501 4 3598 7607 9278 538
4502 5 2334 7487 2666 4865 9234
4503 7 1535 4597 8323 8532 8608 3875 214
4504 6 4094 5845 9218 8434 7725 5389
4505 3 2271 7721 4410
4506 4 2085 715 9279 173
4507 3 522 7331 3946
4508 4 4288 4769 8838 5435
4509 5 354 2813 6356 4951 4422
4510 2 2162 1109
4511 5 2531 2031 4861 8721 9041
4512 3 415 3572 5465
4513 2 1035 8088
4514 5 4323 6200 1932 1877 1648
4515 4 241 1044 4278 1772
4516 5 3612 8559 922 8185 9729
4517 9 4045 7327 9906 6721 888 4395 4187 5522 9186
4518 3 485 6490 8202
4519 4 254 7589 8391 1862
4520 3 2662 8314 6291
4521 3 2102 2343 7708
4522 2 1272 4799
4523 7 1882 6421 3840 9007 2494 9342 8233
4524 5 2642 6486 5892 3330 6652
4525 7 2154 8990 1494 5763 5626 4697 1927
4526 7 3521 6258 9499 2227 642 4788 3363
4527 5 738 9520 8320 3820 1771
4528 7 1481 4823 4840 9273 6839 7485 2239
4529 9 3618 4923 1717 6601 5588 9289 4176 9644 4719
4530 9 3225 4859 5356 7298 7339 9689 2352 1451 6553
4531 3 1440 6467 1107
4532 1 646
4533 7 3065 9702 8629 1664 9277 6779 6532
4534 4 2524 8696 776 5466
4535 4 3725 6536 9373 6596
4536 4 3238 7089 4468 8164
4537 5 3318 772 6567 1205 4439
4538 8 587 7511 6195 9988 6217 5352 6775 1525
4539 4 3202 5596 6106 521
4540 7 1805 7635 1935 7889 6459 3270 6730
4541 6 2449 8263 2549 1791 9472 1185
4542 5 2728 7219 5732 4701 7623
4543 3 3540 9420 6826
4544 4 1274 9106 1212 1696
4545 8 1372 8558 7400 8735 6936 3940 7053 8091
4546 4 2128 7556 6997 3548
4547 5 2412 7342 7702 6721 6246
4548 6 2815 8846 5387 4605 2190 614
4549 3 1322 8779 662
4550 4 2977 4902 3558 2370
4551 3 2192 5069 7243
4552 4 3278 563 8708 6019
4553 4 2208 5455 1946 5167
4554 4 3876 6258 7406 7086
4555 5 3859 5739 6932 3265 5149
4556 5 2065 9220 5168 988 5394
4557 4 3251 2195 8076 9080
4558 3 943 6627 4929
4559 4 450 5691 8805 3935
4560 4 1482 6318 9344 9661
4561 3 722 6234 9344
4562 4 1574 9073 3794 6073
4563 6 1921 3239 955 856 7425 9040
4564 6 287 7363 7820 4969 7829 7254
4565 1 1398
4566 6 1761 5980 7080 3538 5712 6709
4567 8 2560 9418 7755 7597 5615 8357 8965 9385
4568 5 2051 4878 4312 4765 8954
4569 5 4297 6842 778 7490 242
4570 7 1075 4757 6982 7003 9278 5446 2339
4571 8 478 5851 5994 2510 3119 7283 591 5583
4572 6 2791 3629 6006 6288 6771 4302
4573 6 4209 985 3786 3591 2915 996
4574 3 4205 514 5804
4575 4 3622 3614 1342 4944
4576 9 3723 7783 2267 1783 1051 4835 118 7544 4366
4577 1 1209
4578 2 2308 1078
4579 4 4387 5823 7698 9163
4580 5 3067 9097 1339 4820 3918
4581 7 2955 7040 7076 805 1989 7876 1883
4582 6 1216 5040 5822 5124 218 9224
4583 3 236 642 5138
4584 3 2926 5191 7545
4585 8 413 6516 9176 3687 6106 7269 3151 2774
4586 7 1186 5414 6754 8781 9871 638 2204
4587 5 742 7058 7578 5822 9615
4588 3 4500 9381 2903
4589 5 2878 7427 7701 6242 2532
4590 3 1492 2413 5524
4591 4 3456 3382 1592 5930
4592 5 1094 4763 5063 6249 474
4593 3 4295 5787 2386
4594 3 1828 523 7031
4595 5 2330 6251 6780 4345 2100
4596 7 1263 4845 4750 9399 8135 2429 210
4597 4 4503 5044 9775 6941
4598 5 2316 1930 8160 4805 2595
4599 7 3403 5516 7103 8090 8019 2746 7136
4600 5 2984 4678 8507 8211 4857
4601 10 2292 5501 5722 7959 387 1368 7695 9900 2961 3883
4602 5 189 3158 8579 8252 5455
4603 3 385 8462 8378
4604 1 550
4605 7 327 5088 1580 3956 1887 4548 4842
4606 4 3518 1069 6250 1429
4607 4 559 7222 5786 1333
4608 4 2295 6995 6073 1192
4609 8 3894 5254 7339 8903 5343 2283 4832 771
4610 8 3724 3538 4447 5104 7076 9013 7162 9122
4611 6 1089 5291 7912 457 6408 4971
4612 3 3215 5157 7771
4613 6 1673 2842 5638 1874 8072 2980
4614 4 2500 6046 8210 5308
4615 2 2342 4484
4616 7 834 6927 3569 3318 3702 2442 4259
4617 4 695 8126 2408 3100
4618 4 2984 6508 9435 8011
4619 3 580 8420 3733
4620 4 1763 5600 6702 8549
4621 7 762 6130 8482 8797 4932 956 4464
4622 4 1901 8316 2918 7577
4623 5 3125 6895 2403 9573 5764
4624 2 1052 6530
4625 5 4273 7260 2182 7038 977
4626 3 137 7739 1675
4627 2 3525 6899
4628 2 3800 6378
4629 5 1838 6021 1279 3679 2548
4630 4 3958 9969 1455 9440
4631 5 3148 8318 1903 4079 8493
4632 4 2012 9965 9018 9867
4633 7 2157 3969 1647 2855 389 9942 3840
4634 7 3577 5115 4814 9922 6331 1978 9009
4635 4 1504 5745 4213 1409
4636 4 848 9998 9813 7530
4637 3 4168 9736 9240
4638 3 4487 5238 287
4639 1 1701
4640 2 2397 9054
4641 5 4169 6289 2201 3562 2861
4642 6 675 55 5126 5747 2077 8194
4643 4 1596 9560 8948 8743
4644 5 1930 5423 7939 5377 2038
4645 2 4420 4032
4646 8 2215 5598 6095 2552 9850 7949 5643 9329
4647 2 1654 8167
4648 3 3503 545 6716
4649 2 1436 518
4650 4 810 882 4379 3890
4651 4 754 5669 1021 1720
4652 9 981 6566 8071 1029 1978 3557 2966 6570 3917
4653 7 3388 8072 4075 2983 7174 9524 5209
4654 5 2744 5687 4188 4107 5640
4655 6 77 412 9709 8909 3270 3220
4656 6 2211 8138 613 6462 5205 1086
4657 6 3002 5600 6216 2031 5806 9809
4658 8 1697 6096 6332 6544 9867 2135 1129 1476
4659 3 122 348 9655
4660 6 2593 5826 4287 9909 4099 3738
4661 6 219 6407 9441 7604 409 8789
4662 4 1090 4952 1329 3369
4663 3 2448 9682 9349
4664 4 580 8737 2432 6640
4665 3 826 8736 8800
4666 7 2185 4676 4749 5214 7265 8758 6075
4667 4 3886 7139 8291 9157
4668 10 3249 9133 5048 7928 9493 4003 6740 3172 6697 7985
4669 6 517 8278 4865 3160 3448 45
4670 5 952 9348 5021 2166 9293
4671 8 2759 5054 4266 7522 6870 7790 3293 9605
4672 5 3291 1753 1108 1239 9727
4673 3 4056 7349 1637
4674 5 1658 6132 8177 8531 6862
4675 6 2160 111 982 8793 7625 5642
4676 5 4666 4978 9500 9396 7982
4677 6 1444 5888 8425 1325 5451 8982
4678 2 4600 6625
4679 9 1719 6715 8288 5991 6724 7165 2367 2351 9665
4680 8 1153 4759 9785 179 5555 6744 7926 5168
4681 4 980 1576 3068 7177
4682 2 3267 8284
4683 5 2843 7130 5992 7002 2052
4684 5 4317 7063 4787 7969 527
4685 4 2923 6595 7114 7542
4686 6 859 2254 8975 5157 7525 2510
4687 2 542 9931
4688 4 3630 8933 7219 7914
4689 2 4213 5360
4690 6 208 3777 5338 2218 5792 1682
4691 3 1870 9572 6037
4692 5 1128 7890 2614 6131 8364
4693 3 2195 2535 5968
4694 7 4455 2558 3176 7093 7360 208 2678
4695 6 355 1451 1795 7159 7702 2284
4696 4 3389 5215 7847 4043
4697 4 925 5243 6436 4525
4698 3 3701 3878 6083
4699 2 3177 9675
4700 9 1707 5799 8387 9539 571 7425 1480 7415 4775
4701 4 830 4542 5240 7660
4702 3 3715 1344 198
4703 2 3158 6078
4704 5 3797 5930 969 6375 4705
4705 11 2817 4886 5082 6353 472 4479 5052 9313 4704 6814 1299
4706 9 1525 7255 7436 9180 3717 8844 4740 1117 2189
4707 5 675 9035 1122 3551 2619
4708 5 2170 6450 1761 9436 6870
4709 5 461 9719 5589 1581 9564
4710 3 2398 6500 9123
4711 5 1434 9196 6799 8969 91
4712 5 1231 8053 8750 3007 3022
4713 4 164 5882 6250 9998
4714 6 2799 8078 4147 3585 6877 4408
4715 8 4426 6483 3394 8901 2809 5620 2389 9224
4716 3 3269 5139 7201
4717 7 696 7162 7928 5315 8686 1238 3423
4718 2 2164 7865
4719 7 3249 8763 2053 6656 3285 4529 4086
4720 1 4459
4721 5 2917 9646 5677 5602 4976
4722 8 3755 2183 2500 376 6940 5935 5493 7144
4723 3 1096 4860 8747
4724 5 2485 3490 8181 1367 6554
4725 6 4158 7536 3450 145 5581 8130
4726 2 226 6563
4727 5 2604 6742 4019 7594 7829
4728 4 1923 7569 3252 9044
4729 5 3947 6218 3804 3322 1634
4730 3 3141 8205 5991
4731 10 4012 5906 8001 4394 6091 6885 9362 896 1166 6308
4732 2 4167 1217
4733 5 474 5670 1372 9455 1133
4734 3 265 3962 1784
4735 6 31 4947 7919 5910 1047 7827
4736 6 3242 9991 9707 3905 7914 2157
4737 2 3004 7148
4738 3 816 5874 670
4739 6 4038 5472 7622 9268 6767 5367
4740 5 4034 4706 6419 7176 4479
4741 4 2456 7318 9157 6413
4742 5 2085 4913 6642 7569 1649
4743 8 2276 5395 5434 5713 9190 6607 8822 3666
4744 5 2816 6415 9 1486 3050
4745 2 3955 6304
4746 4 3294 8917 7839 2741
4747 1 1645
4748 4 3436 9079 635 4986
4749 6 4666 2473 6571 7598 7534 4192
4750 4 1377 4596 2189 1508
4751 6 4119 9247 8375 2245 3179 8945
4752 3 298 5119 6058
4753 3 1816 5287 1082
4754 6 2304 4926 7716 5314 5035 2459
4755 5 4424 8910 7921 5586 9832
4756 7 947 2080 6928 1623 5831 1613 9715
4757 2 4570 6791
4758 6 2685 4863 5188 757 8465 8558
4759 7 4680 7761 1809 3268 316 5720 3267
4760 2 881 8140
4761 5 1393 5199 7031 7660 5778
4762 3 1251 7335 2011
4763 3 4592 4808 3129
4764 6 2798 4917 231 9170 6198 2896
4765 6 1677 6454 8250 4568 5422 1696
4766 5 4031 8804 6561 7178 9968
4767 5 415 4960 1951 539 6733
4768 1 2444
4769 6 3624 6245 5055 4508 6615 2545
4770 1 2888
4771 3 1720 5569 9826
4772 2 3031 915
4773 6 2983 4955 9048 9996 1638 4285
4774 2 1111 3016
4775 6 3401 5259 7361 9946 3376 4700
4776 2 1579 5800
4777 4 3512 1032 2274 9154
4778 2 248 8161
4779 4 4242 8624 7384 4168
4780 6 3084 4864 7541 6079 6495 357
4781 5 3845 3716 2272 3006 2674
4782 6 2018 5954 8860 6207 5009 2020
4783 6 1840 6185 969 3926 7638 4019
4784 6 3715 6287 7567 7262 2671 2683
4785 4 347 8108 3805 4320
4786 4 1351 5947 9048 1445
4787 5 4256 3079 4684 3824 408
4788 6 609 5189 7894 758 4526 1051
4789 3 1453 5525 6347
4790 7 4364 7542 8285 657 3140 4064 1512
4791 3 2378 6511 5637
4792 4 3787 9842 8880 9990
4793 7 818 7029 9070 3311 3908 6283 7735
4794 6 1184 5603 734 1733 5834 6866
4795 5 1544 7161 1856 6766 226
4796 4 1437 8574 2125 4879
4797 5 1668 7276 9438 2135 6705
4798 6 3300 6161 3816 2515 3267 9337
4799 4 4522 339 4173 9019
4800 5 2653 423 8884 5271 6246
4801 4 2256 7578 3818 979
4802 5 741 8973 6109 1956 5578
4803 8 4358 8338 9554 1858 9687 6405 5107 8038
4804 2 1828 5183
4805 2 1089 4598
4806 2 104 5353
4807 11 3595 5202 5589 8654 7675 3828 5462 7148 2214 1656 3881
4808 8 4763 9496 5437 2491 6558 2932 2477 6594
4809 3 4058 3043 9062
4810 11 2797 3098 3165 4024 2697 3655 9050 7354 7562 1586 8094
4811 5 3782 4990 9907 1932 1887
4812 5 1853 7116 1633 2329 3955
4813 2 4231 7835
4814 5 3523 7024 4634 238 2087
4815 9 1014 5924 6205 7988 5201 949 41 6345 8879
4816 2 2086 6032
4817 3 2516 6920 7955
4818 5 1120 6466 8212 9478 5098
4819 3 573 5280 7041
4820 6 2434 5821 4580 7086 7297 9142
4821 5 3645 6211 6531 5524 5476
4822 6 2049 6604 8947 9266 1705 6175
4823 7 4528 5507 7241 7614 9591 3495 461
4824 6 2590 7889 7571 6289 3432 8820
4825 5 1126 7899 8341 3720 2164
4826 7 1908 9013 4072 5818 5042 538 1526
4827 2 236 5111
4828 2 3715 4082
4829 6 2075 9744 9362 3251 3316 1624
4830 3 403 1641 9973
4831 3 124 726 9490
4832 5 354 172 9191 4609 9583
4833 5 4066 6564 382 3136 6483
4834 1 2126
4835 3 3687 4576 2511
4836 2 2896 1770
4837 5 1452 2957 2434 3086 8150
4838 5 1226 5231 7180 4398 1413
4839 4 1058 2060 5198 7178
4840 7 4528 5187 7423 3802 1080 7319 2222
4841 3 2846 8081 8090
4842 7 3126 3835 4605 4997 3660 9228 8062
4843 8 413 6156 8739 9330 9548 7424 1464 5003
4844 10 2781 5558 5832 207 2387 6008 4021 4181 2958 9429
4845 5 4596 6248 9041 9162 8140
4846 5 2900 6623 7194 1373 8435
4847 4 1285 9171 8820 957
4848 3 3471 5151 7575
4849 4 1800 6048 5584 8980
4850 5 1139 5960 7097 7297 1272
4851 5 2330 5519 8639 9942 4961
4852 6 2354 1960 8837 1280 1533 1500
4853 4 1319 7885 1981 1880
4854 4 3304 5317 8336 299
4855 4 2612 5856 9229 881
4856 1 1448
4857 6 120 4215 5909 8326 4600 8059
4858 2 3932 6722
4859 5 4530 5488 1474 6825 4219
4860 5 4723 7884 6080 4464 2676
4861 4 4400 6147 4511 7186
4862 3 2930 4937 5971
4863 1 4758
4864 3 4780 9288 899
4865 6 1010 4669 5549 4502 6531 5268
4866 4 1610 6297 8860 5564
4867 5 2680 965 1683 6630 1047
4868 5 2281 2416 4216 6438 5902
4869 6 659 5274 7158 6911 9922 1001
4870 3 3901 6364 3466
4871 4 4435 4305 5901 2462
4872 4 4197 7205 1258 8619
4873 2 3970 3363
4874 3 2106 7412 3647
4875 6 3279 6084 6615 7092 7741 3711
4876 3 159 9010 7659
4877 3 4287 7999 4100
4878 5 4568 5723 6449 2369 125
4879 6 1712 5318 9187 9800 4147 4796
4880 6 3143 5666 6618 4130 2672 5973
4881 6 131 8038 8222 6414 9470 1263
4882 7 2452 4980 5705 8194 5342 5336 6110
4883 5 3040 6413 562 5573 3389
4884 4 2863 5106 9779 1904
4885 5 2421 9046 2099 7076 1328
4886 3 4705 7280 2972
4887 4 4118 8968 2859 1065
4888 5 3541 9015 8202 8008 9765
4889 11 3641 6674 8517 6953 525 9041 5008 4941 9954 687 4072
4890 3 1186 8385 3301
4891 5 3681 5946 5929 3130 7427
4892 2 472 7930
4893 4 3914 8950 3935 9012
4894 5 1318 7343 9112 6525 3318
4895 3 1780 7427 1633
4896 6 962 8880 6681 6516 4979 6523
4897 7 3523 5092 7000 8953 3596 1094 3172
4898 3 3826 5579 6093
4899 3 3600 5622 6168
4900 1 4422
4901 5 4242 9415 4262 5822 7457
4902 7 4550 8331 8838 7416 9576 7498 4474
4903 1 2823
4904 7 1376 7326 8667 2761 8275 4320 8342
4905 9 3840 5437 6885 7156 8230 2554 1801 7391 7506
4906 7 2064 7296 8488 6325 1075 4397 4186
4907 3 698 7811 7954
4908 4 4044 5501 5766 8273
4909 2 1784 9643
4910 6 4041 488 399 1250 6421 3793
4911 6 1380 6907 3471 908 6952 1476
4912 5 3924 9701 382 7156 2851
4913 5 4742 7840 8478 6787 7512
4914 6 1844 5577 7855 861 4484 3664
4915 3 569 7929 1082
4916 8 3165 8870 8280 4424 937 5781 9787 6404
4917 4 4764 6238 7630 5904
4918 8 266 7452 9786 2797 4213 2756 945 5427
4919 3 4350 2357 8067
4920 4 2276 5538 5777 2955
4921 5 733 9140 5658 2066 4400
4922 2 3912 8850
4923 3 4529 3932 3879
4924 6 2097 4951 5939 6666 5317 1225
4925 7 3259 6073 506 6774 3786 2259 2005
4926 6 4754 404 7124 217 7629 8670
4927 4 4094 5743 5353 5236
4928 4 1731 1936 3080 3505
4929 9 1180 6590 9302 2512 7783 4480 7054 4240 4558
4930 6 2194 5221 8179 9995 3390 97
4931 4 2479 7721 415 7739
4932 8 2430 7517 4621 2149 9779 4409 5528 1407
4933 4 2862 5330 9240 2927
4934 9 2122 5050 6717 1186 9420 4402 3896 8826 6755
4935 5 530 8436 8876 2590 9174
4936 5 1330 7104 7768 5542 3114
4937 3 4862 7092 7475
4938 3 1727 5076 4151
4939 8 1917 6798 6403 8110 4403 2298 7198 6432
4940 4 4049 4969 1025 9451
4941 5 287 5659 5232 6942 4889
4942 3 1489 4946 4192
4943 6 494 7482 7896 3737 6638 9896
4944 2 2925 4575
4945 5 182 6018 8879 8538 5275
4946 5 1858 8098 8620 8169 4942
4947 4 4735 3366 2433 9907
4948 4 4482 6597 9366 8332
4949 2 1826 4299
4950 4 3382 6955 8114 9236
4951 6 4924 5570 749 4509 4122 2726
4952 4 4662 6311 1806 9346
4953 5 1622 5010 69 2440 7599
4954 6 2992 5900 9181 5650 1089 5564
4955 7 701 5236 4773 4076 9763 9452 979
4956 3 4123 6359 652
4957 3 2482 8608 9609
4958 6 2769 5062 5857 9417 9458 571
4959 7 4186 8379 8528 5990 9058 7920 9344
4960 7 4767 8780 339 8594 9823 5477 479
4961 3 2833 8984 4851
4962 4 1418 8902 1824 806
4963 11 314 6952 770 7494 668 2087 1264 2005 5256 6899 9062
4964 6 4058 3211 8257 8953 6607 2732
4965 7 1508 5294 7880 9137 7823 4419 9636
4966 5 3335 5181 6587 6802 6326
4967 9 2956 6185 6779 319 1576 9964 5802 4109 2927
4968 5 2338 8912 319 8963 3688
4969 5 4940 9549 4564 4224 1575
4970 1 1528
4971 5 2881 5956 1567 4611 9919
4972 4 2171 3356 4450 7973
4973 7 897 6296 6326 6773 6166 3300 6208
4974 2 4159 2183
4975 5 3279 3982 1798 1899 5560
4976 5 1156 6220 4423 6799 4721
4977 6 2589 6580 7792 4138 3306 5456
4978 4 4676 8805 9516 9595
4979 3 1084 9202 4896
4980 3 4882 6711 9101
4981 2 1115 3119
4982 1 4252
4983 3 6 3537 8703
4984 6 1280 8974 9351 592 3688 8121
4985 6 1451 8587 1162 3575 9661 2874
4986 6 4278 6013 771 5481 4748 966
4987 8 973 9387 9819 678 2132 7009 514 5360
4988 4 3263 8503 7202 7559
4989 7 800 3302 7144 5979 1192 2876 8629
4990 5 4811 5383 4104 5849 5637
4991 6 131 5560 912 6726 6291 3193
4992 4 4428 5969 3265 7394
4993 3 1829 9692 4131
4994 4 601 5968 5851 5701
4995 3 4220 4316 6155
4996 4 3213 5443 4183 7841
4997 3 2814 1517 4842
4998 3 2322 7909 503
4999 3 2881 5236 1258
5000 7 2604 3933 9705 7255 8152 7881 263
5001 4 3404 7523 7337 7913
5002 6 1253 8588 9002 4427 1894 1418
5003 6 586 7375 8036 3240 5423 4843
5004 8 2344 9957 5364 5278 2694 5486 8953 8117
5005 3 582 6013 6192
5006 6 936 5677 7405 8186 2979 6848
5007 6 3311 5426 6918 7174 4463 2239
5008 5 1125 8154 7414 4889 1649
5009 6 1203 7362 9748 62 4782 5963
5010 2 4953 638
5011 2 2177 3578
5012 3 3215 5113 2122
5013 3 48 85 2668
5014 3 3122 9525 1309
5015 4 1505 900 7414 3717
5016 10 3426 6505 7234 9763 9818 603 6470 8026 5629 2675
5017 4 162 385 7714 4036
5018 3 2256 9288 9407
5019 7 829 7181 1489 220 3748 1073 3083
5020 8 4399 6121 7147 6205 7340 2231 5076 8386
5021 5 2016 6334 229 4670 7153
5022 5 624 7939 1362 8574 5761
5023 5 439 6664 8435 8549 759
5024 5 1496 8729 9525 7930 9938
5025 6 1257 2856 8706 3908 97 7934
5026 3 4373 1161 9358
5027 6 4207 6022 7614 5944 4006 6511
5028 3 968 1905 5740
5029 4 3549 6750 6929 7020
5030 2 1152 2237
5031 3 1919 8384 478
5032 5 1030 1811 3905 3475 7067
5033 3 2953 1322 5491
5034 5 3185 9438 1882 3273 1811
5035 3 2426 4754 8294
5036 5 275 8201 8246 358 9956
5037 3 2460 7398 8105
5038 6 3253 6735 5105 7356 8867 4408
5039 4 630 7157 2332 1186
5040 3 4582 6716 9686
5041 6 555 5917 9666 9662 9466 7931
5042 3 3625 4826 8645
5043 8 3558 7684 6421 6879 494 4120 5594 9235
5044 3 4597 6266 7348
5045 7 3082 7650 2628 8861 1322 932 3477
5046 7 971 2601 6539 6055 1040 7262 289
5047 9 1493 6476 6225 6830 3746 6196 2706 3750 4467
5048 9 838 6992 4668 1135 1045 579 3844 1924 830
5049 4 3166 3306 2811 3377
5050 3 4934 5773 5133
5051 4 885 6043 6825 5944
5052 10 368 5253 6082 6501 62 2307 4705 3162 4346 8769
5053 3 3571 6836 562
5054 1 4671
5055 5 1890 7061 4769 5741 9224
5056 3 3817 5496 7089
5057 5 3196 8456 1566 9989 7178
5058 6 1106 5475 9842 9853 5247 9711
5059 5 2111 6174 6598 5564 594
5060 4 463 6277 6350 9435
5061 4 1031 7754 7782 8265
5062 2 4958 6688
5063 4 4592 8576 8072 2875
5064 4 773 5941 7754 2077
5065 4 3037 6447 9696 5668
5066 2 859 1842
5067 2 3041 1460
5068 5 1097 2744 763 3508 4307
5069 2 4551 367
5070 3 1613 216 2149
5071 4 785 9561 4416 8775
5072 4 2280 1103 9454 495
5073 2 2997 9213
5074 5 2981 6934 1439 8570 327
5075 3 1048 2212 7718
5076 7 4322 4938 4320 6954 7904 6795 5020
5077 6 461 6657 7103 8230 6632 1512
5078 3 4360 5554 2916
5079 2 3563 8561
5080 6 1389 8269 2021 1768 8554 4248
5081 8 6 8307 8506 2350 695 3753 7352 1588
5082 3 4705 6799 4166
5083 8 3097 5562 8734 1604 9706 2905 8691 3672
5084 7 60 5899 8573 6060 7910 8870 7232
5085 3 572 8946 6775
5086 6 1582 5829 8784 6752 1722 1465
5087 4 2535 6052 7490 5281
5088 3 4605 9426 3861
5089 2 3941 4210
5090 5 2980 2329 719 9284 2077
5091 6 1291 2166 3672 8973 4493 6701
5092 5 4897 6083 368 9821 5270
5093 3 1734 7776 6471
5094 3 1801 4060 9366
5095 8 1217 5687 3461 1190 3046 8111 1562 9614
5096 8 1246 9149 1936 236 7970 627 3487 897
5097 4 339 7075 1765 3106
5098 3 285 4818 5309
5099 4 2701 3099 3253 7959
5100 3 170 698 4167
5101 7 2139 5937 6511 8338 4320 1487 7750
5102 8 1744 7171 4359 871 1623 2651 6154 5119
5103 5 228 8132 7515 5649 5323
5104 4 3678 8526 2175 4610
5105 6 1581 6590 5038 5354 8999 9039
5106 4 4884 4193 4307 3624
5107 7 3177 7289 5542 4136 4803 7628 8638
5108 2 3057 7814
5109 6 2781 5714 7383 5181 2560 7662
5110 5 750 7503 138 4462 2460
5111 6 4827 8891 473 231 6098 6435
5112 7 2811 7214 2273 6731 9790 5138 8943
5113 3 5012 8404 3892
5114 6 2737 7957 9431 5878 1779 6164
5115 4 4634 7908 8743 6578
5116 7 4186 5325 9801 5909 7195 3861 6479
5117 3 3865 8568 4030
5118 5 3465 7371 7637 8745 2224
5119 4 4752 7897 9087 5102
5120 4 959 9311 2311 5492
5121 7 1129 7053 8823 7895 3526 9989 4297
5122 7 2089 6617 3521 9050 1891 6137 1388
5123 4 3831 8955 6969 6181
5124 5 1776 8162 4582 3373 6660
5125 4 3030 8186 1681 8042
5126 10 485 5229 5578 6437 4642 9496 6202 5734 8157 7399
5127 5 489 7028 8582 2654 2105
5128 4 2550 8846 8829 6359
5129 6 3806 5424 4033 6074 3368 1493
5130 5 1681 6524 7277 7812 9508
5131 5 3788 1239 7475 4387 3018
5132 4 3134 9183 3811 5949
5133 8 3402 6834 5050 1577 8648 2657 2358 1832
5134 8 544 5727 9418 6784 3633 7872 1511 1616
5135 6 2066 5860 5908 9100 4313 4063
5136 3 2828 4086 1066
5137 4 1634 8228 1776 2773
5138 5 1594 7237 5112 5611 4583
5139 1 4716
5140 4 183 7941 3507 3193
5141 4 2587 8919 5689 7360
5142 3 180 5549 1207
5143 1 2888
5144 8 377 6299 6376 7150 9690 60 2825 8357
5145 5 773 8791 8836 9783 2886
5146 8 2890 5880 7224 8595 3975 7321 9176 886
5147 4 3275 9442 1716 8979
5148 3 499 7964 1981
5149 7 3119 5382 6243 2645 9272 6467 4555
5150 3 3068 8277 8483
5151 5 4848 5367 5421 6377 7558
5152 2 778 2755
5153 2 1723 6023
5154 5 3154 7082 8848 6930 9159
5155 5 1796 6319 7169 2985 1843
5156 3 2944 8104 8629
5157 5 4612 263 6218 4210 4686
5158 6 2678 6850 9538 298 8232 7180
5159 2 3267 4149
5160 3 652 5258 4385
5161 8 4457 3888 7705 3418 9412 2909 4413 3178
5162 5 340 5720 6338 9755 3823
5163 3 2886 9876 1789
5164 5 2401 6456 7679 87 361
5165 3 2803 8313 7606
5166 5 413 5842 5455 6564 4153
5167 9 4182 5530 3563 8905 7577 2659 336 4553 8092
5168 5 2960 4003 4556 4680 2506
5169 6 356 8031 3684 5720 5844 7548
5170 2 2786 1237
5171 4 2553 6113 8931 8327
5172 2 3216 8344
5173 6 2754 9606 7247 1586 7602 7597
5174 6 3577 7352 1691 7569 991 6423
5175 4 2349 7074 7975 5664
5176 5 1865 6728 9242 6131 5421
5177 4 2494 8595 2335 8754
5178 3 4342 9696 1316
5179 5 547 9181 188 9470 8087
5180 2 4328 7262
5181 6 4966 9837 5109 9935 1250 9917
5182 5 3071 9607 8444 8086 5592
5183 4 562 6679 4477 4804
5184 4 3986 6896 6568 9436
5185 5 1638 7480 8608 4187 5987
5186 7 1865 7537 9568 8026 9419 7029 391
5187 5 4840 2129 8907 3627 1016
5188 6 4758 8074 429 145 9371 9057
5189 5 4788 5375 1696 3953 2057
5190 5 4305 6620 8920 5747 1442
5191 4 4584 9887 1649 8423
5192 6 709 6080 7527 6170 5692 7422
5193 2 1462 1262
5194 4 4025 9118 9740 8828
5195 3 3319 9647 3151
5196 5 3229 6814 6036 4012 9477
5197 6 2339 5618 3341 8053 4108 5902
5198 6 2178 7253 4839 230 826 8885
5199 2 4761 1310
5200 5 524 6775 701 5890 9656
5201 7 4387 8660 4815 369 3278 2621 3548
5202 4 4807 335 7267 8014
5203 5 300 6274 4377 9459 7029
5204 5 4266 5720 8430 8435 8558
5205 6 480 8812 1072 9391 4656 8404
5206 6 435 8309 8337 913 3116 1703
5207 6 1394 9092 9472 2232 7577 8527
5208 5 3902 1964 6230 1566 6974
5209 7 1012 8931 4020 3449 1041 4653 7228
5210 7 361 9671 40 9404 3843 1911 9008
5211 8 3107 5750 1596 5795 5377 1519 784 48
5212 5 3483 7657 540 2106 3931
5213 4 4357 2376 8077 9298
5214 4 3284 6344 4666 3841
5215 6 4696 6954 550 9959 7593 590
5216 2 3156 1456
5217 6 4170 7591 9316 3470 3878 587
5218 2 772 8862
5219 6 1288 520 7949 6473 23 7578
5220 5 1834 6196 26 6246 9175
5221 4 4930 5684 1007 6391
5222 5 315 6403 1810 8105 2861
5223 3 3705 183 5512
5224 3 1255 3138 7622
5225 9 3842 730 7415 5934 6687 3583 9414 4300 6591
5226 4 2370 3541 9675 4169
5227 7 446 6068 8336 7130 1694 1846 7531
5228 7 1320 6256 6678 2020 9982 7085 1286
5229 4 5126 6045 6496 6529
5230 2 4447 9592
5231 5 4838 5371 2295 634 4407
5232 10 1412 6195 6594 7651 9195 9977 4941 3334 550 2465
5233 3 2216 6088 5721
5234 2 2197 5896
5235 5 3824 5320 7428 1989 75
5236 5 4999 4955 4927 9633 2472
5237 3 3494 5701 1868
5238 8 1142 6078 8737 846 5505 4638 1195 4024
5239 6 2810 5277 5240 9417 3852 9095
5240 8 3870 7693 7838 8052 5885 4701 5239 6909
5241 4 3226 2769 8169 3166
5242 5 3094 5903 7351 3570 4373
5243 5 3840 5835 9046 4697 9988
5244 3 1866 9735 355
5245 2 1075 874
5246 5 2360 7735 4065 9984 81
5247 5 4284 5538 5058 4220 7442
5248 4 14 6759 3614 7964
5249 3 2894 5337 989
5250 4 1654 8751 1765 7305
5251 3 2623 5889 6024
5252 6 3830 9736 3305 7545 488 1759
5253 5 5052 7295 7744 1408 5358
5254 4 4609 5279 6981 8523
5255 11 3429 6638 8832 67 3770 6267 6808 9793 6147 3079 9996
5256 5 2442 9109 8507 4963 4162
5257 5 1566 2171 6187 2202 4214
5258 5 4224 5160 4431 6072 1143
5259 4 4775 5539 7718 2793
5260 5 1639 6037 7896 2475 7486
5261 5 4473 2457 3506 7875 1271
5262 3 4123 3203 9633
5263 4 2000 9349 5278 6336
5264 3 2229 9502 5337
5265 5 134 9670 7700 7080 7579
5266 4 2168 2975 3429 7395
5267 8 4270 3786 7621 1262 8511 2951 8574 5810
5268 6 998 9339 6932 4865 2028 5496
5269 6 129 5349 5844 5271 201 2789
5270 6 146 9610 5824 8855 8333 5092
5271 4 159 5269 5785 4800
5272 3 260 675 3515
5273 2 3390 7883
5274 6 4869 6227 9814 2121 6552 3762
5275 4 4027 6911 5584 4945
5276 6 3276 8155 2564 2041 1170 8262
5277 9 5239 9808 3566 2702 6127 7218 1170 3342 4321
5278 4 2177 675 5004 5263
5279 6 5254 5295 6969 3397 479 3787
5280 8 2266 4819 2567 9075 7217 9399 9341 4081
5281 3 2881 2479 5087
5282 4 1343 5979 3916 3304
5283 3 2551 6073 450
5284 2 3960 9196
5285 2 493 4111
5286 3 1443 2839 5539
5287 7 2192 7443 3399 4753 8149 4237 9311
5288 5 63 6894 1773 7140 7537
5289 3 1101 8836 8340
5290 3 2067 9033 2142
5291 6 4611 7806 3037 3163 802 8855
5292 4 2651 8284 9698 306
5293 3 4226 9928 3401
5294 1 4965
5295 6 694 5390 3388 5279 9222 6866
5296 4 4271 2587 105 6396
5297 1 3817
5298 4 4272 6879 1056 344
5299 7 2938 8637 1477 8188 1292 8232 3573
5300 7 2159 6785 9453 2673 8658 5943 433
5301 5 303 1057 9799 4417 2821
5302 2 2456 4335
5303 3 2328 6684 9360
5304 5 4081 8723 2143 733 9252
5305 6 3046 5315 5316 8552 2813 5821
5306 3 2901 6717 3763
5307 2 371 5505
5308 5 3269 7564 1524 4614 9790
5309 3 1441 6673 5098
5310 6 2575 7819 8796 4364 2040 8546
5311 7 3744 2284 6959 1486 8825 3735 9810
5312 4 3999 8633 2928 3016
5313 4 3176 5322 2000 7415
5314 4 2624 4754 6376 453
5315 5 5305 15 4216 4717 8318
5316 9 5305 7170 2283 815 1563 8572 5837 9945 5811
5317 10 1086 5701 4924 1157 2706 4854 16 9433 1098 3227
5318 6 4879 9557 9512 8098 9229 8119
5319 5 3715 6264 7247 6783 7555
5320 3 5235 3447 1452
5321 5 1958 6303 5498 8991 4076
5322 4 5313 9143 3255 8679
5323 5 963 5740 7455 9938 5103
5324 6 2721 1885 1284 8496 9237 1244
5325 7 5116 5640 1003 9068 2547 1866 3899
5326 3 3030 8257 8871
5327 4 474 3093 1957 151
5328 3 3776 7975 9981
5329 2 2653 695
5330 7 4933 6865 9267 3721 6856 3618 412
5331 5 3497 5825 3749 8422 9656
5332 4 113 5693 6350 2354
5333 4 3356 7790 3741 1015
5334 6 924 268 4346 9265 7594 6989
5335 3 3599 1216 2897
5336 6 631 8501 4434 4882 7358 9925
5337 8 2385 9635 2353 5507 5264 5249 2542 5879
5338 4 3546 4690 8478 3315
5339 1 2642
5340 4 1784 5656 5732 2091
5341 4 2319 4418 5364 8109
5342 9 1505 8626 9080 4882 6897 9714 779 964 8390
5343 4 4444 8852 4609 3052
5344 7 1810 5573 2790 2816 54 4288 1390
5345 3 4206 9584 3143
5346 4 3870 8630 2432 1596
5347 11 1031 9586 7532 5773 500 587 9369 2141 3381 7512 8605
5348 4 1951 9311 1126 3934
5349 3 5269 8550 2547
5350 6 3930 8555 9943 3055 3483 6236
5351 3 2547 6454 3001
5352 3 4256 8297 4538
5353 7 1192 4927 5626 4806 2597 516 9471
5354 7 616 7616 8317 5105 601 6930 6286
5355 7 583 5830 5974 9443 3515 7347 5584
5356 4 4530 7423 958 3104
5357 1 588
5358 2 219 5253
5359 4 3115 8517 2319 7668
5360 4 4689 5917 8038 4987
5361 4 58 6697 1609 8817
5362 4 3895 1349 3586 6411
5363 6 2373 6386 8342 3232 9893 1973
5364 6 1994 6794 5004 5341 9681 1186
5365 5 2957 6979 9342 2304 7406
5366 7 4452 5628 2127 6340 6817 1022 7537
5367 4 5151 4146 1807 4739
5368 4 2448 5858 8026 769
5369 6 1026 6656 3499 7726 8891 7343
5370 5 2260 5796 2185 3628 123
5371 5 5231 8881 305 3110 9601
5372 5 3189 840 1628 1971 3738
5373 6 947 4297 1076 6863 2717 2824
5374 5 2489 6278 1667 9231 3217
5375 6 5189 7925 8815 9086 2387 2696
5376 5 1712 8580 2356 6077 9749
5377 3 3745 4644 5211
5378 5 3231 9681 5843 4305 1285
5379 2 944 6269
5380 4 2032 5828 3723 8368
5381 3 2432 9951 6338
5382 4 5149 6110 3501 4300
5383 6 3187 4990 8526 6757 1538 680
5384 5 1657 7147 6568 6734 2995
5385 3 932 5403 5888
5386 6 4128 6898 7376 8071 2330 6360
5387 6 3661 6499 4548 2198 1309 4327
5388 7 1633 5428 6171 7348 5985 3073 9553
5389 3 4025 6685 4504
5390 6 2204 5295 5460 7836 1359 9211
5391 11 2246 7095 7408 7917 3070 9040 5978 8129 4031 7305 4095
5392 6 555 6102 233 806 6753 3903
5393 2 98 437
5394 2 1589 4556
5395 7 4743 6339 9885 6482 9996 7999 6514
5396 5 1779 7206 9513 9602 6333
5397 3 4440 5625 2392
5398 4 4176 7035 610 9922
5399 6 2198 5690 4382 8731 4437 6600
5400 7 2905 7048 9218 7806 1361 3188 8817
5401 2 1938 5790
5402 3 3070 4114 2323
5403 4 5385 7773 7657 981
5404 5 2073 8300 8894 9833 2597
5405 4 4192 94 2777 7037
5406 7 123 6153 9059 8204 9773 8571 1833
5407 1 4080
5408 4 3139 5636 8761 2053
5409 3 2692 7439 1702
5410 6 835 7129 3685 1224 3204 9579
5411 4 4424 1883 6270 2697
5412 4 170 1368 9546 9465
5413 3 3410 6417 7347
5414 4 4586 5738 6139 1563
5415 2 1108 2727
5416 7 3884 8045 3842 3916 3627 7457 2035
5417 2 832 6091
5418 2 4407 8691
5419 3 1538 8265 6288
5420 5 956 9863 2649 1690 816
5421 4 5151 8278 5176 5494
5422 4 3612 3978 4765 1984
5423 5 1911 4644 1424 5003 3220
5424 4 5129 550 3644 3589
5425 3 1749 9777 8829
5426 3 5007 7752 9629
5427 8 3958 9782 6362 4918 7707 9446 4311 5938
5428 3 5388 6820 4082
5429 4 1076 5756 634 1471
5430 6 1438 2032 2545 5923 6520 9231
5431 1 2914
5432 3 1829 6578 1169
5433 3 2806 593 7292
5434 3 4743 5905 1963
5435 3 2930 4508 1439
5436 5 569 6941 362 1192 1653
5437 5 4905 4808 3109 7028 3949
5438 5 3323 9562 2722 9139 5962
5439 3 2993 9399 2441
5440 6 3953 8595 3243 7856 1336 3273
5441 6 2598 5665 8908 5753 179 3697
5442 2 487 6659
5443 6 4996 7563 4237 3969 1398 2401
5444 5 128 5673 9504 7405 9606
5445 4 3879 7691 5721 7122
5446 2 2028 4570
5447 3 399 2521 7889
5448 7 1955 6188 6293 8802 8101 3537 7098
5449 4 3707 974 9641 6810
5450 3 1483 7485 2504
5451 5 1960 2726 4677 9452 4438
5452 7 3231 214 1347 6525 5456 8940 8800
5453 3 3482 2127 6089
5454 4 2685 5461 7702 9251
5455 6 4553 5166 7624 9440 4602 8740
5456 7 3534 7099 3675 5452 2719 9733 4977
5457 7 1194 5584 5663 5987 6571 9912 8267
5458 6 351 7068 7149 9825 6182 9809
5459 3 3585 8510 9120
5460 7 2474 7700 5588 328 9010 5390 2461
5461 3 5454 2329 8221
5462 2 3512 4807
5463 4 954 5671 7006 7041
5464 6 3945 9315 4373 7019 5619 9557
5465 4 4334 7766 7808 4512
5466 5 2840 6271 1243 1000 4534
5467 5 1002 5989 5864 217 6343
5468 4 784 4347 1625 98
5469 6 3896 5755 5692 7681 1295 3429
5470 4 4254 6127 8956 2435
5471 4 932 5593 835 2467
5472 8 4739 5730 4356 2501 3792 6789 1688 948
5473 2 3758 6837
5474 4 3303 9455 1121 4372
5475 4 5058 7450 3234 3115
5476 8 3819 7578 9617 2657 4821 278 57 9505
5477 5 1704 8465 9055 4960 3819
5478 4 477 6439 7212 5559
5479 2 2363 8294
5480 2 131 7510
5481 4 3091 4986 6986 2134
5482 7 1622 9494 772 6361 3594 9040 2768
5483 6 3519 7177 8692 9254 3360 8502
5484 2 839 7878
5485 5 2805 7620 1369 8320 301
5486 6 3818 6782 1166 1779 5004 1914
5487 4 3733 82 3677 3263
5488 2 4859 2377
5489 6 2834 8051 3249 3520 6205 4482
5490 7 2307 6700 7494 546 4287 7334 7567
5491 10 725 8680 2925 6815 3015 1101 558 6530 5033 760
5492 3 2811 7336 5120
5493 9 2487 7595 7992 9642 9805 1606 4722 8076 5623
5494 8 3698 9406 9307 3625 7351 9788 8408 5421
5495 2 1245 3743
5496 4 4419 5056 6216 5268
5497 5 1510 6409 7633 9117 1742
5498 6 63 44 7100 507 5321 2136
5499 6 1783 5749 8426 8850 8589 6950
5500 2 372 7044
5501 8 4601 4008 9119 6467 8904 4908 3644 1613
5502 3 2208 6732 6569
5503 5 2742 743 2432 9612 8033
5504 6 49 6144 5759 2471 1167 2023
5505 3 5307 5238 3849
5506 3 177 791 6910
5507 5 4823 5337 4291 800 6239
5508 6 3170 5674 3440 8615 6163 2018
5509 5 2269 6460 7308 7203 2112
5510 5 1651 6418 7823 3016 5966
5511 1 4374
5512 3 4392 5223 3995
5513 6 2199 6522 6989 6715 8017 9329
5514 4 2806 5923 2797 544
5515 2 347 1907
5516 4 4599 5957 6996 7163
5517 6 3563 7212 8080 8524 74 5655
5518 2 13 660
5519 4 3060 9871 4851 4396
5520 4 940 9956 3075 654
5521 3 4002 3071 3405
5522 6 2042 9948 6261 2973 4020 4517
5523 4 2723 6769 4354 9667
5524 9 1552 4821 964 9489 1263 2397 3003 4590 3565
5525 5 4789 5720 6111 3845 5905
5526 5 498 9824 2281 1085 8133
5527 5 3454 8610 5800 9833 4360
5528 6 2220 1418 3488 9006 455 4932
5529 4 89 9605 620 527
5530 3 5167 1020 6740
5531 5 2431 504 977 4059 3184
5532 3 703 2244 6817
5533 2 115 9391
5534 4 2606 2035 7206 2175
5535 2 3952 7566
5536 1 3555
5537 5 2279 7157 5956 1294 6111
5538 8 4920 9503 5247 511 2518 3468 2978 6562
5539 6 2951 8991 9445 5259 5286 8570
5540 5 183 3866 9415 2237 9914
5541 4 4114 7904 1622 9872
5542 5 1247 6697 5107 4936 6895
5543 3 2379 7473 6832
5544 3 3864 9176 144
5545 3 1938 1069 6981
5546 6 1457 1300 2453 8420 5641 8777
5547 2 3859 7894
5548 6 2890 6521 8023 2312 2902 6744
5549 6 1319 5933 8697 5142 4865 854
5550 3 4163 5853 3402
5551 4 2502 6704 4114 9761
5552 4 4243 9909 3414 9248
5553 5 658 909 7103 6261 7309
5554 4 5078 1806 9647 4176
5555 5 3961 6739 4680 4098 9377
5556 4 3676 5823 3429 6321
5557 1 1834
5558 6 4844 7357 2296 9591 3039 9698
5559 6 269 850 842 5478 942 7368
5560 5 996 9542 9759 4991 4975
5561 3 1359 9390 486
5562 4 5083 681 9411 7358
5563 5 1548 3147 2790 7506 574
5564 8 3527 8786 5059 4866 4954 9987 1140 1262
5565 3 3809 2276 3073
5566 3 2059 5971 6934
5567 8 2507 6040 8951 6421 1603 4124 530 9645
5568 5 513 7263 3419 9466 3747
5569 7 4771 7774 7891 1227 7670 8979 2758
5570 5 4951 8469 1983 7938 676
5571 5 79 1201 1182 7198 424
5572 3 690 5717 1486
5573 7 5344 8207 8651 4883 2504 6130 3497
5574 3 2310 6932 9428
5575 4 1329 6391 6479 8526
5576 4 1915 5973 5902 9413
5577 3 4914 8207 9805
5578 8 5126 543 2495 635 4417 8845 4802 3360
5579 5 2716 6838 8483 4898 4413
5580 4 822 6151 952 3530
5581 8 1946 5894 7734 245 1543 7529 2018 4725
5582 4 1882 775 4305 6503
5583 3 682 6235 4571
5584 6 5457 8231 6851 4849 5275 5355
5585 4 1704 9330 9409 8609
5586 4 1499 7264 4755 85
5587 2 1954 5677
5588 6 1428 5460 4529 2790 1909 1009
5589 2 4807 4709
5590 8 3328 5609 8324 1350 2358 6676 7353 8762
5591 2 1679 9677
5592 7 938 9212 3272 6912 3019 6416 5182
5593 5 3084 5471 9338 2290 7405
5594 3 4366 5043 9738
5595 5 3295 6301 9959 1137 424
5596 6 4539 6816 9590 201 8330 7402
5597 2 567 972
5598 2 4646 3843
5599 6 2460 3711 7045 1760 3842 7938
5600 7 4620 4657 6186 5875 8817 3203 939
5601 4 2775 6837 6852 2054
5602 6 2443 7217 4721 7981 6297 8358
5603 2 2392 4794
5604 5 1345 9153 92 2437 3442
5605 8 864 4271 320 8302 9678 8257 1055 2773
5606 4 2031 3545 2663 3983
5607 10 2728 7047 9638 7417 8179 541 6595 1846 3692 1277
5608 8 1873 5976 9030 9293 1818 5940 9753 6624
5609 4 5590 8293 5774 3433
5610 7 3269 7437 7989 6902 5939 3710 6513
5611 5 2962 343 6319 2132 5138
5612 5 2086 5991 6958 532 3732
5613 5 3256 5967 9614 7057 946
5614 5 3675 7409 865 8852 7160
5615 4 3503 5983 4567 2424
5616 5 3968 532 3217 870 3691
5617 1 4445
5618 8 2630 7245 8862 5197 1569 3546 1794 1144
5619 5 1746 8718 5464 5809 777
5620 9 1246 6870 9923 6177 6993 4715 7295 1062 1157
5621 3 1604 6830 9144
5622 1 4899
5623 4 1047 7179 2192 5493
5624 4 3371 7315 7032 8093
5625 2 5397 7828
5626 5 154 648 5353 4525 1486
5627 5 2679 7603 9969 5794 2978
5628 4 5366 6261 9847 4324
5629 5 4471 2287 5016 215 7020
5630 5 3476 9767 6883 9169 9477
5631 6 564 7136 7785 1531 1190 426
5632 6 2928 1734 6931 8643 5774 7525
5633 5 5 7558 29 5665 7725
5634 5 196 8361 7629 1154 962
5635 3 1330 3846 3929
5636 6 5408 6009 6939 5671 9811 9851
5637 5 4393 6630 5792 4791 4990
5638 7 1954 4613 2490 4307 3125 8963 5695
5639 1 2872
5640 6 1778 7368 8634 5325 4654 6370
5641 4 522 3909 5546 8928
5642 2 851 4675
5643 8 705 5788 3942 6498 8983 4646 3505 2820
5644 8 92 7414 2213 2786 3008 8938 8377 6030
5645 4 3888 9098 711 4190
5646 2 1097 6159
5647 4 2744 3643 482 1122
5648 5 2865 9517 2018 8678 3124
5649 3 3914 2931 5103
5650 4 4219 8157 4954 7417
5651 3 2871 1394 8705
5652 2 1342 8550
5653 4 2460 5901 3281 7713
5654 2 5 2841
5655 5 3751 5849 3516 5707 5517
5656 3 5340 5953 5868
5657 5 4122 8454 7802 6807 8036
5658 5 1336 4283 2606 4921 9153
5659 6 4941 8185 9580 2060 2379 5939
5660 5 1793 1366 3400 1358 1264
5661 8 947 9874 786 6746 1810 7591 9425 8368
5662 3 2301 8248 6535
5663 3 5457 6758 1033
5664 2 1662 5175
5665 5 5441 7500 5633 2191 7948
5666 1 4880
5667 4 3626 6024 7124 4125
5668 4 3137 9821 6496 5065
5669 6 4651 7907 3178 792 8959 9439
5670 4 3104 4733 3314 9081
5671 3 5463 5636 9432
5672 4 3210 7872 2879 4183
5673 4 5444 7643 6484 792
5674 1 5508
5675 1 233
5676 3 3097 6547 8448
5677 5 5006 4721 5587 8373 220
5678 4 897 7622 7620 2149
5679 3 3765 2339 7085
5680 4 2107 3141 5920 27
5681 5 3624 1226 9971 9497 3968
5682 7 3022 8503 4144 839 3306 777 7083
5683 3 1740 9091 1276
5684 9 574 7304 8632 9680 5221 9526 4450 362 8946
5685 6 1450 6118 7132 8712 2127 3515
5686 2 1173 3747
5687 3 5095 4654 8238
5688 6 228 8202 7300 2635 9224 1212
5689 9 1432 7457 4227 8378 7770 5141 6132 3479 9634
5690 3 133 5399 2079
5691 4 4559 9309 8827 144
5692 6 3750 7971 8929 5469 9497 5192
5693 7 3748 5332 7096 6999 9267 4095 1534
5694 4 231 8983 9286 115
5695 7 1251 1218 2241 1662 9928 6932 5638
5696 4 515 6240 2892 3731
5697 3 2745 6493 7291
5698 5 1494 67 7388 1413 3768
5699 1 11
5700 2 84 3039
5701 4 5317 1146 5237 4994
5702 5 2124 8071 8860 1593 407
5703 6 753 8470 118 2421 3243 455
5704 5 1552 8896 7892 6062 6097
5705 1 4882
5706 5 3607 3427 8069 2115 193
5707 2 1140 5655
5708 5 2687 3247 9833 2100 3824
5709 3 1444 8043 9512
5710 4 3249 8068 9585 3477
5711 2 4342 1104
5712 6 1790 5839 3818 191 4566 8716
5713 4 4743 4233 2810 8162
5714 3 5109 8478 8726
5715 3 4485 9957 419
5716 4 354 6296 7902 790
5717 5 5572 6426 7973 4046 7362
5718 2 2915 3817
5719 6 3149 8474 2129 9000 2436 4414
5720 7 5204 5162 5525 57 5169 8920 4759
5721 6 3644 7611 9566 5445 6608 5233
5722 7 4601 3633 9897 210 1115 6198 2235
5723 3 4878 9392 3665
5724 3 2415 4212 5739
5725 4 2771 8453 3150 7023
5726 3 190 9861 3788
5727 3 5134 98 3283
5728 3 4350 1102 9958
5729 5 695 6255 2704 6294 269
5730 6 5472 9193 3469 1231 1235 4304
5731 5 1183 7856 15 946 2290
5732 4 5340 4542 7175 5891
5733 6 3605 6577 7976 6827 413 7495
5734 5 2442 9773 1522 6351 5126
5735 3 4456 3121 8082
5736 8 1093 8326 917 9737 5968 1959 3899 2295
5737 2 352 414
5738 7 5414 3006 3574 7063 6946 680 9829
5739 5 4555 6445 1284 3687 5724
5740 4 5323 9230 5028 1832
5741 4 159 2048 5055 872
5742 4 150 1547 7235 7056
5743 6 4927 7539 7661 9105 101 8728
5744 7 3893 2384 8179 9728 2445 6020 7911
5745 3 4635 6814 1193
5746 3 4223 771 9811
5747 7 3276 7632 8916 5190 4642 2529 6287
5748 4 3356 9139 5866 8538
5749 4 5499 6477 8109 167
5750 4 5211 9036 7814 7034
5751 2 2851 467
5752 5 1467 7846 4162 7228 4318
5753 6 1572 7825 5441 635 382 3270
5754 3 2721 1304 3930
5755 5 5469 9217 7585 723 3116
5756 3 5429 8814 3832
5757 6 842 6910 7859 2938 9896 1461
5758 4 3872 3062 2331 3521
5759 8 3084 6853 5504 8690 3725 2201 907 334
5760 6 1035 6640 8261 8581 4466 5840
5761 6 531 8463 7247 8034 783 5022
5762 6 2153 6520 3253 9500 666 8928
5763 6 2901 5966 4525 7584 2630 2775
5764 6 822 9801 9729 1493 4623 7141
5765 3 1560 9718 7461
5766 6 1469 1264 9566 9376 1891 4908
5767 4 464 6756 2183 7986
5768 5 1958 6549 4454 6364 1824
5769 7 984 7076 8438 6526 9948 2220 9402
5770 6 1759 3393 487 3249 6128 2613
5771 5 4392 7347 7879 9152 9611
5772 2 3043 1021
5773 3 5050 9581 5347
5774 10 1294 6624 9807 5609 546 3842 3589 5632 2455 1956
5775 3 3391 865 6299
5776 2 343 2078
5777 5 508 4920 9834 8983 9426
5778 6 2314 6785 9015 6221 7648 4761
5779 4 2266 8033 1886 1408
5780 4 621 7027 4061 6613
5781 6 3197 8659 2746 6048 4916 7588
5782 5 220 9300 3627 845 1542
5783 2 2098 1408
5784 4 3732 3033 9928 2084
5785 8 712 2230 5271 3075 1454 1555 2809 5985
5786 3 3067 4607 2138
5787 4 4489 4593 835 3646
5788 8 5643 6291 8727 9803 1390 21 9440 2167
5789 2 3994 1326
5790 5 3059 5401 7149 8315 1850
5791 3 4450 8199 7722
5792 6 634 2500 5637 3414 4690 9327
5793 3 3698 7727 3813
5794 4 1172 7179 9668 5627
5795 5 1106 8702 849 5211 215
5796 5 5370 9667 8219 8043 574
5797 7 2103 8592 7336 1354 1512 1814 8340
5798 7 4065 6116 2534 2748 6918 6481 102
5799 3 4700 8461 1246
5800 10 544 6183 9482 4776 6568 5527 3894 9990 9410 3468
5801 1 1078
5802 7 4372 6615 6893 6962 3523 4967 4156
5803 5 385 6070 7623 3017 4188
5804 6 1466 2240 6030 1939 3222 4574
5805 3 1448 7200 2382
5806 5 3794 3988 4657 76 6937
5807 4 2108 3055 9683 9135
5808 6 3964 6189 8689 331 2857 2239
5809 5 99 6262 1878 1932 5619
5810 4 4297 8227 6894 5267
5811 3 1074 4019 5316
5812 8 3239 7455 7681 3339 3748 9192 9065 6478
5813 3 1889 6280 7523
5814 3 2122 9524 3937
5815 1 2550
5816 3 4308 2045 8840
5817 5 1313 6334 9905 339 2731
5818 4 3953 6133 6163 4826
5819 2 143 3250
5820 2 3580 5928
5821 4 4820 3819 8978 5305
5822 4 4582 4901 4587 9905
5823 2 4579 5556
5824 4 2347 3083 4042 5270
5825 3 5331 7928 9484
5826 6 4660 9744 2971 1646 8941 6251
5827 1 801
5828 3 5380 1093 3379
5829 4 5086 7612 4137 9759
5830 6 5355 6097 2740 7198 2483 7374
5831 5 771 7051 8281 9873 4756
5832 3 4844 172 6180
5833 3 1702 6801 400
5834 3 1925 9782 4794
5835 3 5243 1590 7443
5836 5 1673 7110 8998 6057 1558
5837 6 4137 7744 8917 5316 4069 7271
5838 5 233 391 4144 2268 8393
5839 4 5712 2158 8809 6447
5840 8 2106 8572 9719 929 1199 2233 2649 5760
5841 6 2950 9402 6807 8551 680 914
5842 6 5166 9767 9913 493 323 8951
5843 6 2647 5378 3372 9747 3831 8219
5844 7 3800 8775 9732 5269 6990 5169 1778
5845 8 4504 7433 8929 9665 9314 7542 6476 947
5846 4 471 1615 756 7038
5847 4 3840 7169 2534 2519
5848 2 191 2153
5849 5 5655 7275 8308 8782 4990
5850 1 658
5851 5 4571 6223 8736 8741 4994
5852 3 1783 2954 146
5853 2 5550 7320
5854 4 1780 6746 3738 8654
5855 3 493 8981 6516
5856 4 4855 8698 8300 369
5857 4 4958 8203 7552 7750
5858 4 5368 8657 6409 6674
5859 3 2028 7404 4387
5860 4 5135 388 4087 2242
5861 4 366 6959 2517 2358
5862 8 1880 3031 3946 995 6436 5872 1183 4267
5863 1 857
5864 5 997 5467 9265 2220 9036
5865 8 3202 6195 782 1887 9078 1077 8853 6754
5866 4 1189 5748 3830 8999
5867 4 4237 6552 6094 7727
5868 5 3620 1753 3432 9203 5656
5869 3 1030 612 2076
5870 6 3899 7598 705 9188 3141 3026
5871 2 3003 356
5872 8 2399 7102 2391 9749 5862 5976 9460 9633
5873 8 416 5890 6724 3935 2960 6199 7939 2007
5874 3 4738 6029 7242
5875 3 1371 1929 5600
5876 2 3000 1932
5877 7 3975 815 6487 84 2596 2335 4303
5878 6 4104 7953 7261 9760 8197 5114
5879 6 3830 6968 3447 7844 9261 5337
5880 4 5146 7845 1070 2938
5881 2 3991 2782
5882 4 4713 9852 646 2239
5883 3 3755 9991 8496
5884 6 3842 6950 6983 9976 9866 6645
5885 10 2880 8641 5240 5991 1214 693 7637 7377 744 1314
5886 3 2171 8825 2768
5887 7 2305 2495 9490 933 6579 3201 3890
5888 5 4677 8365 9668 927 5385
5889 5 2365 7338 8060 5251 1283
5890 4 5873 6416 1913 5200
5891 4 4232 9453 5732 8393
5892 6 915 7007 8132 1134 4524 6140
5893 4 4469 6803 8036 9363
5894 5 5581 1798 8420 9613 111
5895 3 2521 5934 7116
5896 7 1766 9287 7378 1549 1238 1014 5234
5897 3 85 7781 97
5898 5 2089 4310 6704 7221 6050
5899 1 5084
5900 4 4954 7809 9946 2359
5901 4 5653 6207 4871 6717
5902 4 3462 5576 4868 5197
5903 2 5242 6914
5904 4 2877 4917 2870 8988
5905 5 5434 8902 3857 6376 5525
5906 2 4731 1881
5907 3 2796 8621 9636
5908 5 5135 2433 53 7343 1511
5909 8 3603 5116 6778 2243 4857 7168 3449 7011
5910 11 731 6173 9547 4735 6481 2276 1569 1301 8247 1356 2518
5911 9 1837 6757 1124 7960 8217 8424 6412 8022 2644
5912 2 4277 6710
5913 3 4262 7761 3112
5914 2 2199 8567
5915 7 3828 7622 2541 1724 7757 4203 2555
5916 2 2445 7776
5917 2 5041 5360
5918 1 1017
5919 3 2796 6855 8468
5920 2 3278 5680
5921 1 1129
5922 5 429 7469 8790 4205 9971
5923 8 4458 5935 5514 7444 5430 8543 6837 942
5924 4 4815 7667 434 2907
5925 5 3967 9885 848 9527 2238
5926 5 424 1298 7544 843 1916
5927 5 1392 609 2293 589 4131
5928 4 5820 6558 1405 9997
5929 8 405 4891 1290 6718 2442 589 9916 2568
5930 6 4704 8468 9929 1278 4591 4484
5931 3 3323 6779 2997
5932 4 2970 9796 1349 9549
5933 5 5549 8379 4022 3442 7
5934 3 5895 5225 8440
5935 3 5923 4722 8525
5936 3 1839 6552 2206
5937 4 5101 8279 9206 4054
5938 5 566 6847 9726 3201 5427
5939 5 4924 6554 5610 9957 5659
5940 4 2509 8145 5608 4299
5941 5 5064 547 751 7359 7075
5942 6 1743 403 386 798 6053 7119
5943 9 1490 6905 7932 8456 1994 2142 2882 1802 5300
5944 7 3504 8544 6253 5027 607 6120 5051
5945 3 2915 7867 4454
5946 3 4891 7461 9588
5947 4 4786 7679 271 600
5948 4 393 9683 4168 2663
5949 5 3343 293 5132 8337 3057
5950 3 394 6918 3337
5951 5 4039 7746 9129 9947 8156
5952 4 2069 6561 763 3548
5953 3 5656 9860 1102
5954 4 4782 8604 8750 6671
5955 7 1315 7315 1842 8250 4304 7918 3531
5956 8 4971 6878 7174 6836 5537 9877 2475 7915
5957 2 5516 3724
5958 5 4108 6302 8639 9953 8059
5959 7 4258 2826 4464 353 4226 6954 8820
5960 3 4850 8792 3364
5961 5 19 7145 2518 2964 7061
5962 4 636 9774 8098 5438
5963 5 2516 7257 634 8443 5009
5964 3 2115 6575 846
5965 2 3439 8487
5966 5 1724 4336 5763 6765 5510
5967 7 5613 9461 3697 7396 6327 887 7146
5968 4 3723 4994 5736 4693
5969 4 3209 9127 8190 4992
5970 6 235 9833 4316 1815 8043 7968
5971 3 4862 5566 6663
5972 4 3569 4138 2878 2878
5973 5 5576 2452 4880 1105 2405
5974 2 5355 7980
5975 3 485 476 8602
5976 8 5608 8173 9764 64 3846 5872 9736 2401
5977 2 2303 1187
5978 3 3093 5391 765
5979 7 4382 1823 4989 8492 5282 388 1051
5980 2 4566 9907
5981 5 2236 7459 9770 401 7515
5982 2 1827 229
5983 4 5615 1940 7958 3558
5984 4 3494 6768 7021 9781
5985 5 883 2770 5388 5785 2341
5986 3 3429 8955 6254
5987 6 3419 9125 9723 5457 8576 5185
5988 5 2103 7055 8527 8676 3157
5989 4 5467 9068 6602 9305
5990 7 3900 7262 131 4959 1234 4015 6792
5991 5 5612 5885 4679 4730 7234
5992 4 1914 4683 2012 2923
5993 3 2707 7170 2065
5994 6 4571 9745 3255 2235 9875 2619
5995 3 781 7062 3637
5996 5 1440 4317 805 6030 3938
5997 4 321 6628 9347 2414
5998 5 4186 9757 6065 758 3281
5999 6 1370 7189 9116 4183 1571 2722
6000 3 3646 8536 7208
6001 5 3907 395 3695 3860 421
6002 3 320 8408 2817
6003 3 3314 7449 1248
6004 2 3743 3974
6005 3 2782 6906 6988
6006 4 591 4572 4235 9009
6007 2 1639 8089
6008 4 4267 8665 6332 4844
6009 4 5636 7843 1458 34
6010 2 4172 9845
6011 3 2461 6215 1521
6012 3 3894 9538 8347
6013 9 4986 6649 3219 5005 8910 7873 6393 3800 6516
6014 3 2384 4138 3218
6015 4 1173 8203 143 7968
6016 5 1975 1408 2296 9037 2996
6017 1 2511
6018 5 4122 8666 4945 6128 9814
6019 2 1603 4552
6020 5 2843 6818 8836 5744 2408
6021 4 4629 641 3351 3158
6022 4 5027 101 9568 9568
6023 4 2388 7836 3697 5153
6024 5 5667 552 3210 6756 5251
6025 3 405 9602 4410
6026 9 1652 976 3533 8745 4001 6339 7900 505 9700
6027 6 642 3600 3430 876 8893 9877
6028 2 1201 7849
6029 7 5874 9908 9341 3573 9756 3307 4405
6030 10 707 6228 8552 101 5804 5996 4389 6643 358 5644
6031 3 2466 7685 558
6032 1 4816
6033 8 3215 7014 8030 584 785 1838 3904 8758
6034 6 1369 7647 2956 7869 7436 7262
6035 5 2249 6492 4128 3829 2048
6036 2 769 5196
6037 3 5260 4691 9663
6038 4 1508 3044 2414 9506
6039 8 1990 9343 6268 3108 1940 3744 6515 8739
6040 5 5567 2792 3794 1050 2857
6041 3 1092 7118 8138
6042 6 1416 6565 7501 43 3925 2591
6043 2 5051 6206
6044 3 2276 4217 4347
6045 2 5229 3942
6046 4 4614 7548 8409 4383
6047 3 714 8200 7887
6048 4 4849 7910 6893 5781
6049 7 156 7317 8940 3368 3826 413 4218
6050 7 1480 8589 3897 4278 9547 6823 5898
6051 2 1888 9963
6052 2 5087 6373
6053 7 3115 8271 9310 9448 6992 1819 5942
6054 4 3969 8098 2525 7235
6055 9 3642 6150 5046 6604 7688 2172 2628 1187 784
6056 5 3844 7564 9554 2812 4164
6057 5 2926 5836 6524 4415 9601
6058 7 4307 9669 1498 3416 2849 4752 1670
6059 5 3013 2486 8387 9634 1752
6060 4 2487 7851 5084 9685
6061 3 3537 1498 3399
6062 4 1012 7817 5704 4163
6063 4 4040 3716 7203 2464
6064 5 3764 584 152 9624 3052
6065 3 969 5998 3862
6066 6 3695 2856 3587 6795 3100 1041
6067 3 1952 2038 9055
6068 2 5227 1006
6069 3 2990 1294 3395
6070 7 5803 2641 2378 53 2671 2861 78
6071 3 3993 2317 9945
6072 3 2449 7203 5258
6073 9 4925 5283 8136 4608 8990 4356 2607 4020 4562
6074 9 1710 6588 2040 5129 9577 2469 3798 6442 6587
6075 2 3289 4666
6076 2 4271 8578
6077 5 2463 728 6839 8668 5376
6078 4 5238 855 4703 8199
6079 8 407 6314 9537 8644 4780 6369 2535 38
6080 4 5192 4860 575 9955
6081 3 1695 2218 4202
6082 3 5052 9686 9849
6083 5 5092 4698 8454 760 2532
6084 4 4875 8152 426 4056
6085 4 1525 209 3751 6122
6086 7 2932 6467 3666 9451 9460 7008 1485
6087 2 2077 3770
6088 3 5233 8806 1135
6089 9 3979 7810 8192 7745 8794 4014 3057 4291 5453
6090 3 3916 1654 9621
6091 4 5417 8438 4731 3559
6092 5 815 6115 1805 3424 4191
6093 6 518 7671 4898 9861 9831 9061
6094 5 4399 7846 9049 7183 5867
6095 2 4646 178
6096 2 4658 3700
6097 5 5830 8943 9051 5704 9165
6098 6 3713 7863 9237 5111 3974 8867
6099 3 1490 7847 7153
6100 4 3957 7654 2425 3720
6101 6 1892 9858 9970 9004 9124 2644
6102 4 3365 9435 5392 9512
6103 5 1096 651 3827 1460 7712
6104 4 667 6424 8004 9315
6105 4 206 6533 6440 7224
6106 8 3609 6655 8479 4585 2552 6869 4539 729
6107 4 2175 6402 8166 4492
6108 5 3200 368 6166 7319 9309
6109 5 1837 4802 8767 2906 9878
6110 5 5382 1809 4882 125 6448
6111 7 3607 3027 8159 7088 3547 5525 5537
6112 3 182 6398 6309
6113 4 5171 2196 9493 9479
6114 1 281
6115 5 6092 9395 8649 9690 794
6116 2 5798 9941
6117 8 3202 7289 7439 8887 4168 311 2399 7663
6118 6 5685 6384 182 2141 1443 6419
6119 4 3459 7652 7612 3242
6120 9 1483 6934 9408 2236 6956 5944 7195 2396 1250
6121 6 5020 9072 7403 9713 2924 844
6122 4 2092 6904 8786 6085
6123 3 3053 6974 702
6124 6 1147 9332 6534 3177 4151 7208
6125 4 3639 3364 7751 9371
6126 4 2840 9587 4049 1605
6127 3 5470 7741 5277
6128 11 183 7481 2244 9672 6018 1103 7389 482 5770 2263 4324
6129 5 736 7444 9296 9732 1894
6130 5 1519 4621 2317 5573 1997
6131 8 1392 8011 8683 4692 344 2999 7157 5176
6132 7 4674 1825 1611 9604 5689 9750 7141
6133 2 5818 1111
6134 2 3531 2976
6135 3 3516 1236 9044
6136 2 4157 6389
6137 6 479 5122 7193 2807 3663 9572
6138 2 965 1228
6139 4 3750 5414 919 7565
6140 4 1424 3309 7635 5892
6141 5 2438 1375 7873 3057 1907
6142 7 3833 3775 9803 4122 7610 6436 1585
6143 4 456 9627 7055 3054
6144 4 5504 6854 7407 9737
6145 4 4199 6314 6973 1222
6146 1 619
6147 4 4861 1848 2384 5255
6148 4 2313 7300 386 3120
6149 4 1002 8260 1450 6897
6150 5 6055 4209 519 605 3158
6151 3 5580 8063 2019
6152 7 1388 7979 2031 4481 3397 7890 761
6153 3 5406 3530 3628
6154 2 1953 5102
6155 4 2740 1420 4995 4302
6156 3 4843 3292 8356
6157 6 738 7659 6231 9334 7994 879
6158 2 2977 1972
6159 4 168 8467 5646 9806
6160 6 3986 7121 7037 7586 281 4462
6161 2 4798 6186
6162 3 3173 8221 6592
6163 8 5818 9967 7378 3613 9993 5508 3974 6258
6164 6 1131 6801 6293 3213 9374 5114
6165 4 3044 8595 9642 1033
6166 5 1908 3408 6108 3709 4973
6167 3 757 8865 3090
6168 4 4899 512 3665 949
6169 6 1545 7966 670 2748 2516 8155
6170 3 813 3967 5192
6171 6 5388 9927 9677 7323 2275 4257
6172 4 3552 9534 7740 8217
6173 4 5910 8261 4376 8048
6174 4 5059 8819 9118 1350
6175 10 4356 3185 7691 6258 2565 8159 6743 3037 8459 4822
6176 6 2348 7731 4159 770 3600 8352
6177 3 3275 5620 7158
6178 2 2988 2110
6179 2 3684 7267
6180 4 909 9610 704 5832
6181 8 1985 7165 3549 2279 1773 2670 9989 5123
6182 6 1751 9761 9700 5458 4328 2985
6183 2 5800 8234
6184 2 4412 8971
6185 4 4967 8112 4783 3212
6186 8 1928 5600 3380 2305 3080 6161 7838 2152
6187 6 2504 6411 6559 5257 9098 4128
6188 2 5448 9537
6189 10 5808 7083 7957 9228 1795 6774 3315 499 6640 2484
6190 3 287 866 1149
6191 4 864 9176 9556 8716
6192 6 1988 6669 3719 2040 783 5005
6193 7 2263 6571 1713 2253 8112 9587 7235
6194 2 1636 420
6195 6 5232 8928 5865 6783 4538 3693
6196 7 5220 7238 1308 5047 2890 1127 9459
6197 3 3569 3779 1012
6198 3 2568 5722 4764
6199 6 2402 2092 6830 2651 5873 6234
6200 3 4514 6304 4045
6201 3 239 9137 6751
6202 5 1745 8267 7532 5126 6327
6203 9 3936 8364 8124 1210 7766 2576 267 7760 7303
6204 4 2047 6237 2866 383
6205 3 4815 5489 5020
6206 3 6043 7456 3667
6207 9 2666 5901 4782 4312 8817 1569 988 2636 1028
6208 3 883 2027 4973
6209 6 17 6526 9686 392 4147 8818
6210 2 2440 4053
6211 3 4821 3553 3499
6212 4 4366 8999 4124 9735
6213 4 121 9170 140 1725
6214 4 533 6631 3080 1398
6215 4 6011 4426 6893 1227
6216 7 3687 6452 8193 8194 4657 5496 8711
6217 5 333 6916 7991 1413 4538
6218 5 4729 5157 6739 1184 7235
6219 3 2803 2925 3753
6220 7 381 6761 6810 2213 4976 6994 6716
6221 5 4157 9606 4134 5778 7808
6222 3 2547 8453 3113
6223 2 5851 480
6224 2 3181 3600
6225 5 480 5047 1581 1971 7649
6226 4 2962 2661 8702 4066
6227 6 5274 8417 71 6632 3766 69
6228 5 6030 8251 971 2521 1383
6229 3 2095 8525 4444
6230 5 1993 6984 5208 871 8799
6231 5 2505 6157 2258 2807 8794
6232 6 2237 6978 4130 7151 2160 6794
6233 3 789 9732 1660
6234 4 4561 1661 1973 6199
6235 6 5583 6321 3032 2513 4156 326
6236 2 4162 5350
6237 4 400 6204 796 6395
6238 3 4917 1297 3142
6239 7 113 6710 9571 1222 7627 3601 5507
6240 6 5696 6874 8310 4168 8866 6633
6241 3 1876 7859 6330
6242 6 3656 6275 8890 9005 2143 4589
6243 5 5149 6610 2575 8598 9079
6244 2 255 7803
6245 2 4769 6823
6246 6 9 8218 5220 926 4800 4547
6247 3 3002 6283 133
6248 6 2589 9820 4845 1844 176 8709
6249 2 4592 3899
6250 5 4713 8072 4606 1161 2446
6251 4 4595 7756 657 5826
6252 1 1016
6253 7 2219 6349 8188 5944 7591 9483 3959
6254 3 3503 9225 5986
6255 10 5729 7866 9150 3310 9497 2822 9124 3840 4416 6940
6256 4 5228 3003 8782 3922
6257 3 722 8055 4011
6258 9 4554 6693 7240 9989 3493 2279 4526 6175 6163
6259 3 669 8959 2
6260 2 3605 8743
6261 5 5628 5522 885 5553 2007
6262 3 5809 2237 8472
6263 7 1438 3370 8967 9701 9433 3144 6969
6264 2 5319 8689
6265 2 906 559
6266 5 5044 8312 9382 9020 321
6267 6 3059 1702 5255 2908 1343 8711
6268 4 202 6039 8170 1682
6269 5 4242 6503 5379 3062 3104
6270 6 1939 7468 3179 624 4166 5411
6271 3 5466 245 3886
6272 3 2873 8528 9803
6273 2 3591 9586
6274 4 5203 8824 6698 9458
6275 1 6242
6276 8 1483 9598 3621 4373 8971 7717 9447 4066
6277 7 5060 6431 7725 8819 713 9288 7231
6278 6 911 9522 9873 2738 5374 975
6279 4 2475 2726 812 7185
6280 6 2526 6723 5813 3183 9022 4213
6281 2 4281 9834
6282 3 3739 7429 6533
6283 2 6247 4793
6284 4 4012 7185 2051 9686
6285 2 960 1465
6286 3 2546 718 5354
6287 5 4784 388 7190 533 5747
6288 8 118 7575 4075 4572 5419 3322 9919 6669
6289 6 623 1020 4641 887 6571 4824
6290 4 519 9504 7456 6907
6291 6 5788 8987 6315 4520 3116 4991
6292 2 1367 1706
6293 6 5448 8879 6164 8569 7799 1788
6294 7 993 7795 8950 4309 1267 7726 5729
6295 4 2589 4326 6580 9665
6296 4 5716 2483 1809 4973
6297 9 4866 8821 5602 7014 2008 2442 2198 3510 6626
6298 3 808 9716 202
6299 4 5144 1652 3329 5775
6300 2 533 8529
6301 4 5595 8923 3460 3577
6302 3 5958 9907 845
6303 4 5321 1608 1539 7882
6304 9 6200 3796 6743 687 1244 4745 7370 7003 220
6305 2 4371 9421
6306 5 2876 8059 3465 8682 7575
6307 4 4009 6649 7718 8645
6308 6 1933 3305 646 8342 4731 7477
6309 7 467 3536 2630 539 701 1780 6112
6310 4 2601 9831 9590 2157
6311 2 4952 4184
6312 4 2979 7943 7130 7029
6313 4 3248 1640 9592 2880
6314 4 6079 7101 6145 8386
6315 4 3511 9684 6291 9625
6316 5 3268 9524 3198 4292 7639
6317 6 2998 7963 7273 2808 38 31
6318 5 4560 3814 7973 9126 3729
6319 3 5155 5611 3645
6320 8 1578 7011 4475 7486 1925 2872 7389 3527
6321 5 6235 6352 2756 5556 3632
6322 7 586 8979 8815 89 1723 2927 1517
6323 1 3048
6324 6 3853 8735 8177 1642 852 4184
6325 4 1924 396 4906 8601
6326 9 1312 7942 1305 4966 7339 8188 8547 4973 4494
6327 5 155 6639 5967 6202 3283
6328 5 4017 8040 8859 9398 3559
6329 5 680 836 1115 7972 3635
6330 6 963 2974 9064 3073 8621 6241
6331 2 2273 4634
6332 8 4658 6612 430 6008 8687 2884 2195 8925
6333 4 3072 6429 5396 660
6334 5 5021 8462 5817 9729 9543
6335 2 1657 6764
6336 7 2480 9107 7786 53 698 6621 5263
6337 2 4390 7506
6338 4 278 1735 5162 5381
6339 4 5395 1918 6026 3350
6340 6 3405 6832 3124 5366 7051 9850
6341 2 1896 8747
6342 3 564 1477 9932
6343 4 175 9824 8196 5467
6344 6 5214 9764 3553 9087 3984 3050
6345 2 4179 4815
6346 3 4292 9306 3971
6347 5 1457 4789 6354 9803 9359
6348 2 3249 1805
6349 6 6253 8926 6653 485 6636 6755
6350 4 5060 7713 5332 191
6351 5 2857 8653 2058 7075 5734
6352 5 3385 7249 9893 3456 6321
6353 3 4705 7775 638
6354 6 1397 7144 3473 7907 6347 492
6355 5 1585 9550 2015 8112 7171
6356 3 940 4509 577
6357 4 1585 8072 2974 2159
6358 9 4413 8700 7470 6558 4420 3948 2301 8969 8007
6359 4 4956 2504 9549 5128
6360 3 511 1802 5386
6361 6 460 801 7260 5482 6447 2286
6362 8 15 6648 570 9213 5427 3698 274 3192
6363 2 3499 546
6364 5 4870 8442 3375 8367 5768
6365 5 2558 8269 3336 3941 8057
6366 3 4305 3171 1123
6367 1 4406
6368 4 3518 6600 4371 2551
6369 4 1601 7304 9695 6079
6370 4 910 8792 4324 5640
6371 3 3775 6490 1910
6372 3 529 302 2242
6373 5 3440 868 499 7405 6052
6374 5 1358 9630 8438 9467 570
6375 4 4449 9807 4704 624
6376 8 5144 6701 2830 5314 6842 5905 7958 7351
6377 3 5151 1069 9176
6378 5 3581 7401 7489 4628 6572
6379 5 3854 9587 9918 6740 3002
6380 7 217 8579 1558 547 84 7601 2818
6381 4 1124 6613 6580 1739
6382 3 2820 2804 6411
6383 3 4338 6458 7206
6384 5 6118 472 3390 6388 9624
6385 5 2614 347 4341 3608 4438
6386 8 5363 8078 1579 9776 21 7855 3331 6904
6387 4 97 3979 7977 8483
6388 2 2282 6384
6389 2 6136 9134
6390 4 1679 7403 977 1558
6391 4 5575 7139 6522 5221
6392 4 3131 9115 3618 2805
6393 5 736 8117 6013 7523 6409
6394 2 4332 7781
6395 9 3840 6399 7470 7432 8412 6610 3270 6237 8701
6396 2 3281 5296
6397 6 1762 9697 3491 1026 7945 3571
6398 5 6112 1834 923 2545 796
6399 4 6395 7440 7098 4178
6400 3 4243 9308 1364
6401 7 599 9750 9093 6924 2752 436 9352
6402 7 6107 6446 7519 8366 7274 6533 425
6403 2 5222 4939
6404 4 3512 6976 4916 1100
6405 5 847 9221 4006 4803 8343
6406 3 1249 7406 1193
6407 3 4661 7940 2955
6408 3 1503 8167 4611
6409 7 5497 5858 629 4449 2715 6393 7804
6410 6 2896 3874 25 421 7761 8888
6411 3 6187 6382 5362
6412 3 687 5911 9507
6413 4 4883 4741 2750 6527
6414 4 2634 6546 4881 2683
6415 8 4744 8017 7811 9792 3406 39 3624 2690
6416 5 3005 73 3620 5890 5592
6417 5 5413 403 8057 6612 3386
6418 6 5510 8082 9773 110 288 1885
6419 6 3359 3322 9392 4740 6118 2820
6420 6 268 8550 9244 2770 8260 7461
6421 6 4523 5567 5043 3141 4910 9652
6422 4 4217 8416 1710 1367
6423 4 2013 610 166 5174
6424 1 6104
6425 8 4325 9804 3356 1514 8453 1398 1738 428
6426 4 5717 326 170 1638
6427 6 257 4461 1592 8580 2164 2587
6428 3 3392 1074 9171
6429 6 2289 9918 1542 3183 6333 3775
6430 5 886 6669 4291 4157 2317
6431 4 6277 7475 8044 2996
6432 6 216 2296 6864 3189 3701 4939
6433 5 1996 9518 1013 6490 9625
6434 5 938 1325 1556 7778 3081
6435 2 2168 5111
6436 9 1929 3961 851 4470 7474 4697 9185 5862 6142
6437 3 5126 9404 1188
6438 7 3474 8383 8187 3536 1146 4868 6631
6439 5 2770 7522 5478 4209 7806
6440 6 356 6613 7955 682 6105 527
6441 4 2284 6465 6602 1791
6442 8 3334 8610 8894 2076 4155 2165 6074 2428
6443 4 138 9632 7313 2191
6444 1 4304
6445 6 5739 9576 1878 8950 9378 1449
6446 4 6402 6466 3562 7555
6447 3 5065 6361 5839
6448 5 2196 1541 2000 2433 6110
6449 3 1922 8928 4878
6450 4 4708 3104 9638 3678
6451 4 1533 2824 8405 8803
6452 2 6216 8864
6453 5 601 789 733 3285 600
6454 6 4765 7797 6942 9907 5351 3259
6455 2 1783 6894
6456 6 202 6567 5164 4355 1266 7472
6457 5 1270 6484 7490 9847 9714
6458 3 6383 9931 9174
6459 3 3485 9120 4540
6460 4 5509 1041 6953 8266
6461 6 4034 3554 7597 6535 1035 9417
6462 4 2180 2901 6720 4656
6463 4 2927 4051 6892 7029
6464 4 344 7291 7064 846
6465 6 6441 7665 1937 2522 3555 1631
6466 7 4818 6574 9127 1543 7109 6446 8623
6467 7 4531 6884 2219 6086 8251 5501 5149
6468 7 1997 6677 6759 1741 6976 8970 6983
6469 4 4249 2507 4083 1755
6470 7 1623 241 5016 1774 7993 1992 1427
6471 5 52 5093 9758 7476 7505
6472 4 2267 9936 4481 8260
6473 2 305 5219
6474 4 3616 3036 1099 9982
6475 3 1752 7280 1283
6476 6 5047 8497 6555 5845 4014 1814
6477 6 5749 9501 2717 2229 3177 2820
6478 7 1944 9495 6886 2861 8991 5812 7719
6479 4 5575 3431 15 5116
6480 8 2418 8490 9910 6680 7328 3309 2083 8754
6481 9 15 6947 9841 5910 8991 1951 7395 9047 5798
6482 6 395 3779 6901 5395 8405 8735
6483 8 4715 6794 7677 8861 3448 8341 4833 70
6484 4 6457 5673 3768 6992
6485 5 650 7398 8608 7869 3623
6486 2 4524 7928
6487 5 3197 8907 2273 5877 8879
6488 3 2865 3054 1564
6489 4 778 8897 3378 7373
6490 6 4518 9937 2953 6371 6433 3940
6491 4 2946 804 9339 9798
6492 4 6035 16 7682 7300
6493 2 1287 5697
6494 3 2794 8489 7164
6495 3 1040 4780 6610
6496 7 1581 6690 5229 6608 3328 3309 5668
6497 3 4447 6698 3300
6498 5 2813 9384 7807 607 5643
6499 7 5387 9253 9305 7153 999 8708 8626
6500 5 4710 9782 389 7215 9664
6501 2 5052 3236
6502 5 2401 8473 2972 6718 2398
6503 2 6269 5582
6504 3 842 8806 970
6505 3 5016 7592 8132
6506 6 3659 3733 9824 415 80 131
6507 5 2737 8174 4380 4136 8411
6508 7 3698 3283 8312 8721 4618 1740 4315
6509 2 2765 7742
6510 3 1740 9332 9787
6511 4 4791 5101 5027 2950
6512 3 2218 6566 7720
6513 2 3200 5610
6514 2 4292 5395
6515 3 4115 6039 9117
6516 6 4585 3885 4896 5855 8436 6013
6517 4 4141 3272 340 3980
6518 3 3786 2766 4457
6519 6 488 1474 7178 6664 4295 6583
6520 4 5762 9067 5430 9622
6521 2 5548 6573
6522 3 5513 6391 6797
6523 6 2391 1802 7870 3944 4896 9232
6524 4 5130 9457 8133 6057
6525 7 2898 9718 1921 7236 5452 4894 8717
6526 9 6209 9078 2553 3966 1437 9895 779 5769 2650
6527 5 4470 2687 8526 6413 3581
6528 5 3281 9690 9660 8810 6976
6529 6 3641 1267 710 5229 1613 3476
6530 5 721 2390 5491 8510 4624
6531 4 4821 8216 4865 8498
6532 4 3043 3775 4533 8721
6533 5 4051 6105 6282 1463 6402
6534 6 4471 6124 1603 6598 7299 6719
6535 5 4280 7616 6461 5662 202
6536 4 4535 2908 7889 660
6537 4 2560 596 2509 2533
6538 3 3518 4268 3529
6539 6 1465 206 5046 8997 9555 2952
6540 6 427 654 7761 7996 4162 7706
6541 2 1525 718
6542 2 2990 9663
6543 2 1650 4071
6544 7 4658 7118 9688 9407 3587 8415 8263
6545 3 4249 14 6740
6546 2 6414 7008
6547 2 5676 911
6548 1 3293
6549 5 5768 6993 7840 9615 1115
6550 3 4041 4380 3763
6551 4 515 2931 4134 6847
6552 5 5936 7115 5867 5274 671
6553 4 1127 2674 4530 9958
6554 5 5939 816 4724 2861 3150
6555 6 2955 7656 9050 9249 6476 994
6556 2 1094 7718
6557 4 1068 7311 1342 9520
6558 9 5928 6931 8518 6358 4808 2824 6743 698 7752
6559 3 6187 7214 6592
6560 6 2675 8461 8972 6820 2300 3244
6561 7 5952 155 2621 2977 4766 8987 1283
6562 3 3578 5538 7978
6563 5 1044 4726 3085 1858 3765
6564 5 4833 6626 1041 2849 5166
6565 4 228 7954 6042 8874
6566 4 4652 8273 6512 8582
6567 6 6456 1340 4537 442 3125 8558
6568 8 2309 5800 1230 5384 3295 5184 8268 9871
6569 2 1911 5502
6570 5 1474 6584 3320 4652 434
6571 7 6193 7463 6289 8095 5457 4749 6627
6572 3 893 6865 6378
6573 8 4295 7119 7937 9805 6521 7567 1790 692
6574 5 4275 6948 965 6466 4215
6575 4 5964 6881 4343 2815
6576 4 4002 9640 9899 3019
6577 2 5733 2112
6578 7 4338 6692 2425 5432 8786 1977 5115
6579 3 4102 9780 5887
6580 10 4977 1555 6295 6381 1554 8109 355 106 1180 3619
6581 6 3323 7852 3318 3624 9993 7955
6582 3 906 2121 3641
6583 6 1165 7466 6847 7257 3915 6519
6584 5 3373 9953 6570 9085 7795
6585 4 1766 1692 9311 6775
6586 4 4152 7531 3348 8632
6587 10 4966 7990 3979 8817 1597 3076 9158 6074 6674 3191
6588 5 6074 7729 8854 2990 6827
6589 6 3454 8407 8876 8782 9970 1785
6590 3 5105 7875 4929
6591 5 4049 1336 9681 5225 3135
6592 7 3499 9511 8952 6162 7150 6559 8237
6593 2 3613 4064
6594 8 5232 7183 8609 884 48 4113 8156 4808
6595 4 4685 2707 2593 5607
6596 5 1987 9548 4535 7652 7194
6597 2 4948 145
6598 6 5059 8565 9277 634 9691 6534
6599 3 2027 9140 1720
6600 6 6368 7296 7096 8113 5399 73
6601 3 2703 4529 6925
6602 7 4065 8415 8992 6441 1299 5989 1343
6603 3 2656 8513 7292
6604 7 4822 7394 7905 6055 8086 4490 3024
6605 4 177 7227 367 6909
6606 3 3519 2508 2405
6607 4 2947 1099 4743 4964
6608 5 1591 5721 2500 6496 2052
6609 4 2008 2798 2044 4463
6610 6 6243 3766 8199 6395 2438 6495
6611 4 2071 3093 7194 2918
6612 6 6332 3233 3615 6417 2462 7779
6613 7 6381 7113 4263 6440 3665 1565 5780
6614 2 3202 7514
6615 5 5802 895 3870 4875 4769
6616 2 4391 2745
6617 2 5122 1872
6618 3 4880 3922 7833
6619 3 3467 853 8560
6620 5 5190 9622 3391 9365 1233
6621 8 581 9887 8849 7936 2003 3615 6336 2042
6622 4 3387 8799 6843 2200
6623 3 4846 9185 3251
6624 6 5774 2926 8489 163 5608 3393
6625 3 4408 1772 4678
6626 5 6564 9171 7224 3348 6297
6627 5 1742 9822 7840 4558 6571
6628 6 5997 6753 8198 9974 9043 1752
6629 3 4295 985 6975
6630 5 1015 6744 5637 4475 4867
6631 5 6214 7087 9533 2934 6438
6632 7 2736 8675 5077 6227 4456 103 3726
6633 6 3427 2614 394 2186 1213 6240
6634 4 1628 2456 1321 2118
6635 4 2367 9544 630 9565
6636 6 3100 7808 8420 8771 6349 9968
6637 7 3214 9451 4100 3059 8410 9293 7594
6638 3 5255 4943 9406
6639 4 6327 8676 6745 4056
6640 6 5760 7260 6189 9079 4664 288
6641 4 674 8805 2341 1251
6642 2 4742 3623
6643 3 3748 6030 515
6644 5 2756 8661 277 3831 841
6645 7 4288 9621 271 5884 3523 3017 3164
6646 7 3314 1820 1315 3025 1564 4074 3759
6647 7 4241 7419 9398 9912 186 462 3792
6648 3 6362 3942 3354
6649 5 6013 9562 6307 9265 9810
6650 4 3241 6696 8746 2280
6651 3 2429 7784 306
6652 4 2453 4149 4524 9246
6653 6 3513 6871 8343 6349 217 1221
6654 3 1473 7051 8572
6655 2 6106 9951
6656 5 5369 6980 7198 4719 7207
6657 7 5077 2635 7023 2466 9896 9020 1112
6658 3 1787 764 4161
6659 8 3558 3957 9139 1488 2168 5442 2747 8230
6660 3 4270 4181 5124
6661 3 3889 7629 9075
6662 6 882 6891 9966 4322 3639 7058
6663 6 2170 9327 6789 3979 5971 1923
6664 6 5023 2155 315 6519 368 2503
6665 2 4056 8981
6666 5 4924 531 3438 9345 1434
6667 5 2184 6737 6962 3141 4429
6668 3 2371 9452 7202
6669 3 6430 6192 6288
6670 4 496 9898 7575 3637
6671 5 4298 7370 7413 3280 5954
6672 1 1019
6673 2 5309 9079
6674 4 4889 5858 2239 6587
6675 4 2474 9734 3962 1490
6676 7 4432 3811 7206 66 3906 5590 1328
6677 4 6468 9404 8298 7436
6678 3 5228 8809 9920
6679 4 5183 8831 9717 3593
6680 4 3489 907 6480 8943
6681 3 368 7372 4896
6682 2 2920 4326
6683 3 3057 2357 1567
6684 2 5303 8895
6685 7 1427 9890 5389 1330 2584 2918 3992
6686 4 3264 9504 8895 9442
6687 5 4284 7562 7486 1567 5225
6688 5 2118 7152 702 2018 5062
6689 3 2237 8686 8716
6690 5 2098 7330 7482 6496 6758
6691 3 3557 1144 9978
6692 2 6578 7570
6693 4 6258 7794 450 8579
6694 1 4145
6695 5 337 9477 1006 1304 7302
6696 3 6650 727 7543
6697 7 3384 9941 5361 3163 5542 4668 8231
6698 4 6497 6274 190 9357
6699 5 3174 6726 8877 490 7849
6700 3 5490 9097 507
6701 4 6376 2388 5091 7125
6702 3 4620 6840 4188
6703 2 4336 7147
6704 3 531 5551 5898
6705 5 3151 7706 1032 3309 4797
6706 5 3529 7830 287 9420 1927
6707 3 584 7357 7901
6708 6 185 6988 9514 2005 4314 4240
6709 5 3886 4410 1317 482 4566
6710 5 6239 7052 5912 1954 443
6711 2 4980 2294
6712 4 2682 9449 9688 1301
6713 3 2469 7017 3556
6714 4 609 9120 962 2350
6715 3 4679 5513 6878
6716 8 5040 2600 3867 3506 2395 6220 690 4648
6717 7 4934 5306 87 9306 6839 8242 5901
6718 6 2942 8561 3982 6502 5929 20
6719 5 1279 593 2676 6534 9800
6720 2 180 6462
6721 3 2400 4517 4547
6722 3 1413 4858 846
6723 6 6280 8014 1183 3572 8970 1465
6724 4 5873 8239 4679 3440
6725 5 570 7816 2733 9650 3476
6726 5 6699 6767 4991 681 2058
6727 9 1707 8787 8796 135 9586 1322 3079 538 2038
6728 8 5176 8454 2635 9094 2348 6935 4290 2562
6729 3 1888 2244 8746
6730 5 4442 7628 30 3546 4540
6731 7 3377 9020 5112 7073 3897 8921 3290
6732 3 5502 4205 2519
6733 4 586 9687 6879 4767
6734 5 1399 7926 8757 5384 7199
6735 2 5038 8512
6736 4 463 2516 6887 7712
6737 1 6667
6738 9 2868 8064 7287 4371 2484 7326 436 1021 7598
6739 4 5555 6218 8782 846
6740 7 1882 8057 6379 4241 4668 5530 6545
6741 5 538 3277 3544 4196 9437
6742 4 4727 7218 7337 9769
6743 6 395 6304 6558 6175 350 8299
6744 5 6630 3211 5548 4680 4125
6745 6 3831 7583 6639 935 3345 8929
6746 3 5854 7869 5661
6747 4 2504 8541 6906 7299
6748 6 2823 7223 9481 8517 610 2904
6749 4 1841 1986 8683 6926
6750 6 1605 8748 4488 5029 806 2754
6751 4 184 7648 9715 6201
6752 4 3953 9256 5086 3859
6753 5 6628 595 1561 5392 2551
6754 2 4586 5865
6755 7 3576 6761 4351 454 411 4934 6349
6756 3 5767 9074 6024
6757 5 5911 9529 7888 5383 2667
6758 4 5663 4460 6690 2912
6759 5 6468 5248 8179 3119 4438
6760 2 3532 7908
6761 3 6220 6755 8344
6762 3 270 8630 3187
6763 2 4336 2275
6764 6 2970 7706 3072 6335 1170 1383
6765 5 2593 7473 4319 987 5966
6766 4 325 7320 4795 2820
6767 3 6726 4739 3835
6768 5 5984 1760 2408 8415 9836
6769 2 5523 62
6770 3 2117 3307 9189
6771 3 4346 1600 4572
6772 6 834 9248 4465 8913 3855 2141
6773 2 1441 4973
6774 4 1108 4925 6189 4451
6775 9 3199 5200 8730 9992 9949 6585 4538 5085 8323
6776 4 3651 8962 9329 3549
6777 2 184 9650
6778 5 4058 7466 5909 7021 7
6779 6 4967 7441 2540 4533 5931 4453
6780 5 2643 8562 4595 1918 1428
6781 4 1501 7045 7832 214
6782 5 5486 8351 9624 7702 170
6783 3 944 6195 5319
6784 6 4095 8105 8715 5134 2716 3682
6785 3 5300 1451 5778
6786 2 2928 8587
6787 5 1407 463 4913 8594 3701
6788 4 1202 1267 2258 8931
6789 4 3645 6663 8214 5472
6790 4 2036 3191 1693 7378
6791 5 3136 7767 4356 9496 4757
6792 5 2058 8127 896 524 5990
6793 4 3867 8802 7735 8493
6794 7 6483 5364 3923 8003 7506 6232 3936
6795 6 2716 180 7151 6066 5076 9516
6796 5 1488 2502 3170 9230 8338
6797 2 1882 6522
6798 4 4939 8731 2244 8427
6799 7 3398 4711 9737 5082 3899 6814 4976
6800 2 1408 4315
6801 7 1747 2824 5833 6164 193 7648 1924
6802 3 4966 89 8051
6803 6 1292 7390 7698 4063 5893 9366
6804 2 3134 4130
6805 3 3564 7095 6995
6806 3 1058 8456 4095
6807 5 530 7369 5841 5657 9061
6808 4 1447 5255 8752 2277
6809 2 718 7951
6810 3 6220 4196 5449
6811 2 1276 3996
6812 9 938 8495 9642 6827 1213 9378 3421 9350 3980
6813 4 808 3372 9513 82
6814 10 5196 7161 5745 3948 8936 3023 4705 2979 2205 6799
6815 5 2361 2705 8806 5491 9812
6816 4 5596 7591 8046 107
6817 5 1474 7623 5366 1076 5532
6818 1 6020
6819 3 4137 7086 1741
6820 4 5428 9090 6560 8932
6821 4 343 7498 3918 9842
6822 3 1681 2297 4034
6823 5 4222 1415 6887 6245 6050
6824 2 2237 8639
6825 6 292 5051 4364 2569 4859 46
6826 6 3686 2713 3727 9668 4543 439
6827 6 3199 7138 6812 5733 1732 6588
6828 2 3345 9075
6829 1 770
6830 6 5621 5047 844 6199 9718 2896
6831 2 2210 7447
6832 3 6340 9219 5543
6833 2 1113 2391
6834 6 5133 8672 8428 2834 2412 9453
6835 4 818 56 3735 2026
6836 7 5053 1447 5956 2747 1575 7890 7404
6837 4 5601 5473 5923 2456
6838 4 5579 7617 7893 4484
6839 4 2892 4528 6717 6077
6840 6 2201 2358 6702 483 2521 1263
6841 4 1665 8577 1408 6933
6842 4 4569 1218 9980 6376
6843 5 4355 7294 8285 7964 6622
6844 4 2601 3422 2893 589
6845 5 1498 9440 1949 1243 8683
6846 4 2898 33 1401 7003
6847 6 1023 5938 6583 2451 7826 6551
6848 9 1763 8061 8190 9021 7267 7303 7267 2685 5006
6849 1 2406
6850 3 5158 7681 1
6851 3 2007 5584 3936
6852 3 5601 2345 7480
6853 3 5759 2147 1430
6854 3 6144 7057 2032
6855 3 1307 5919 3536
6856 4 4290 5330 8375 9826
6857 5 2842 7258 6928 9050 4384
6858 6 997 867 454 261 8438 7574
6859 6 2825 7031 7565 8997 3958 7668
6860 8 708 2543 1681 8739 2274 2484 3178 9953
6861 2 3714 4236
6862 4 3984 9210 4674 4049
6863 6 2331 5373 331 1966 9563 3826
6864 5 970 7321 4138 7639 6432
6865 2 5330 6572
6866 8 3990 7915 8188 3983 2977 5295 3291 4794
6867 2 2382 3434
6868 4 1115 8763 2651 43
6869 5 2805 7411 144 4478 6106
6870 6 5620 39 672 128 4671 4708
6871 4 6653 8439 4388 3845
6872 1 3622
6873 4 2449 8303 8075 3493
6874 2 6240 7965
6875 6 554 7757 7539 3737 8482 1577
6876 3 2816 7432 2945
6877 6 1262 7764 8174 8799 447 4714
6878 4 5956 6892 3042 6715
6879 8 5298 3795 6733 2538 5043 8846 2627 2317
6880 5 2204 9011 1485 1828 9762
6881 4 6575 7789 8205 2426
6882 1 3745
6883 5 479 8909 9034 5630 2650
6884 3 6467 9425 939
6885 4 4905 4731 7582 8039
6886 11 3527 9552 8040 2385 177 8371 6478 9975 1956 2531 2893
6887 6 3288 9141 6823 6736 2384 7660
6888 2 3557 3459
6889 5 1912 4110 4097 8942 214
6890 4 66 4358 2194 6932
6891 5 6662 7457 3094 3694 2317
6892 2 6878 6463
6893 6 5802 6048 2788 6215 987 8029
6894 4 5288 6455 645 5810
6895 9 407 8771 4374 3906 4623 8976 1426 3434 5542
6896 2 5184 8260
6897 4 1033 5342 6149 3052
6898 1 5386
6899 4 2438 4627 1963 4963
6900 3 3248 20 7731
6901 2 2752 6482
6902 4 149 5610 3952 860
6903 4 1997 4095 8888 3519
6904 6 6122 7288 993 8927 2170 6386
6905 3 748 8209 5943
6906 3 6005 9781 6747
6907 7 4057 4911 829 886 3751 6290 8470
6908 5 1970 7 8748 7271 2359
6909 9 3155 7600 9319 9124 2109 5240 6605 7120 9387
6910 5 5757 8794 5506 1013 331
6911 6 477 4869 5275 8545 3356 7412
6912 2 70 5592
6913 4 4425 8677 4179 8459
6914 3 1642 2748 5903
6915 2 3803 9764
6916 4 6217 9383 8231 2256
6917 4 3592 8549 2335 939
6918 5 5007 8118 9601 5798 5950
6919 3 2275 1308 938
6920 3 4817 9266 9855
6921 7 1732 3055 1134 1477 315 9396 3867
6922 2 2851 8875
6923 4 338 7067 2061 2039
6924 6 641 7882 502 7468 6401 2222
6925 6 3096 8101 586 3835 9497 6601
6926 8 770 7135 9769 7103 9706 9110 6749 4343
6927 6 4616 7483 6995 8078 8886 460
6928 7 1511 6857 1821 4756 1898 1314 3979
6929 6 3402 3243 1177 9744 3524 5029
6930 5 3483 5354 8664 5154 1421
6931 3 6558 1260 5632
6932 8 576 5574 4555 5268 8104 138 5695 6890
6933 5 4119 7560 8934 9095 6841
6934 5 6120 5074 107 142 5566
6935 3 3900 8272 6728
6936 5 1623 4545 7945 267 3764
6937 5 1051 8512 3230 3239 5806
6938 5 1146 1338 8324 503 3935
6939 2 5636 2133
6940 4 1210 9111 4722 6255
6941 5 2666 5436 4597 9943 2219
6942 3 4188 6454 4941
6943 4 3025 8087 320 132
6944 7 424 7172 4213 2474 3129 66 4277
6945 4 642 8038 9862 1628
6946 3 247 4405 5738
6947 5 6481 4466 8433 2748 1267
6948 3 6574 3513 2058
6949 3 4468 1603 2538
6950 5 5884 878 9379 5499 7773
6951 3 2845 9196 756
6952 6 4963 7484 7837 9397 4911 3042
6953 3 3403 4889 6460
6954 6 5215 5076 3263 9003 5959 3174
6955 3 4950 7020 2690
6956 4 3113 1815 6120 7334
6957 2 3044 7541
6958 6 5612 7401 286 182 9062 8353
6959 5 4472 4134 5311 5861 8692
6960 4 2133 8016 1389 1056
6961 4 1009 9525 4188 9966
6962 4 5802 6667 2929 6971
6963 3 3459 7853 8590
6964 2 2160 1194
6965 3 3454 8076 760
6966 5 3468 7105 8941 2256 9814
6967 1 2373
6968 9 5879 7882 4031 8825 4171 4033 611 8364 1286
6969 10 3920 7978 5123 461 1463 8590 5279 1624 2066 6263
6970 5 4180 7546 9262 2726 412
6971 6 2953 664 741 9851 6962 7846
6972 4 231 8652 9092 1210
6973 4 1327 7070 7377 6145
6974 6 6123 489 8040 4498 1986 5208
6975 5 632 2226 3499 6629 7782
6976 7 664 6468 6404 7378 6528 8281 386
6977 3 1639 9260 9685
6978 1 6232
6979 3 5365 3038 4109
6980 5 6656 7585 9872 4009 4240
6981 8 4104 5254 8160 5545 1279 3922 7953 2352
6982 5 4570 2018 2959 2831 3200
6983 7 5884 9146 7130 1114 2020 8045 6468
6984 4 6230 634 9936 8777
6985 6 149 511 3800 42 3060 7923
6986 5 2701 7570 8279 5481 104
6987 3 3492 1311 1211
6988 5 6708 6005 9635 1830 9356
6989 4 5513 3822 5334 2116
6990 3 1996 2374 5844
6991 2 429 8960
6992 7 5048 3 6053 1021 6484 7393 8909
6993 3 6549 4037 5620
6994 3 3306 9307 6220
6995 5 1006 4608 6927 7632 6805
6996 4 5516 2140 319 8550
6997 4 2727 683 4546 8948
6998 9 2036 8593 4021 8892 855 7101 7748 1141 371
6999 4 3417 868 5693 1767
7000 2 4897 1172
7001 5 1021 666 4114 9004 8353
7002 3 423 2325 4683
7003 8 4570 8751 2129 3682 1198 3297 6304 6846
7004 2 3185 8362
7005 2 789 8990
7006 4 5463 9405 3042 2127
7007 4 5892 8618 929 547
7008 4 6546 9971 7255 6086
7009 9 741 991 7650 4987 7643 9649 3454 8470 1868
7010 5 3393 1330 8819 594 3946
7011 3 6320 8897 5909
7012 5 2042 7550 7320 7914 9474
7013 2 838 4180
7014 3 6033 6297 7066
7015 3 2502 2444 4280
7016 5 987 9257 2239 4217 2978
7017 5 6713 3377 8768 3942 176
7018 4 3359 4057 1599 2743
7019 6 634 5464 2117 367 7481 734
7020 6 6955 3079 1397 9240 5629 5029
7021 3 5984 6778 9132
7022 3 1155 327 7452
7023 5 2520 6657 4229 8422 5725
7024 4 3480 1797 4814 8112
7025 4 3188 7938 9396 8618
7026 2 3498 9511
7027 3 5780 1431 7567
7028 5 5127 3676 1803 4213 5437
7029 7 4793 1459 304 6312 5186 6463 5203
7030 1 502
7031 5 6859 4761 2650 2203 4594
7032 2 4345 5624
7033 3 2943 7143 7360
7034 4 576 7496 1656 5750
7035 4 5398 7151 7534 3690
7036 3 2196 198 4377
7037 5 2738 6160 7562 5405 4482
7038 6 3142 9574 439 4625 5846 8855
7039 2 1490 1098
7040 5 4581 7082 8614 8129 7251
7041 6 1306 8102 5463 1848 4819 9734
7042 7 2860 9947 7987 7486 1115 9085 1911
7043 7 434 8139 1901 8189 3992 8674 3441
7044 6 2051 9621 5500 8367 2174 1855
7045 4 6781 9025 1681 5599
7046 4 1688 7964 8511 2025
7047 2 5607 761
7048 3 5400 7961 9040
7049 1 2262
7050 2 2986 1430
7051 4 5831 9906 6654 6340
7052 6 6710 4257 9586 212 2558 793
7053 9 5121 7359 3659 544 3954 9716 4545 7103 7224
7054 6 4262 8709 4308 3085 4929 3947
7055 3 5988 6143 7810
7056 5 2843 9475 1609 2777 5742
7057 7 2043 6854 957 2212 5613 8122 3789
7058 6 4587 7341 8350 1182 6662 7797
7059 2 1975 1742
7060 5 648 7142 2071 3720 3552
7061 6 4487 5055 3899 4223 7329 5961
7062 3 5995 1159 1249
7063 5 4684 5738 3666 2673 3625
7064 3 304 238 6464
7065 6 3702 8359 8631 2754 9343 854
7066 3 2645 8552 7014
7067 7 6923 7235 4236 1546 8562 5032 2443
7068 3 5458 882 9015
7069 2 4041 7283
7070 2 6973 1994
7071 5 3248 8008 9221 2366 8324
7072 7 4482 7451 2844 2360 2699 3384 368
7073 4 2455 6731 8672 4471
7074 4 5175 7420 866 7538
7075 9 3624 8743 9561 5097 3029 2230 1225 6351 5941
7076 6 4581 3451 3277 5769 4610 4885
7077 2 23 2076
7078 5 76 8940 4397 1385 8585
7079 3 747 8916 8046
7080 3 4566 5265 8001
7081 3 1565 7353 9236
7082 5 5154 3569 7040 557 3653
7083 5 6189 8841 4247 3184 5682
7084 3 662 7690 8648
7085 7 1858 8461 7376 342 5679 5228 9905
7086 6 6819 9212 4820 4554 1243 4326
7087 2 6631 2006
7088 4 244 7467 2291 6111
7089 5 4536 867 1108 5056 133
7090 2 2435 1862
7091 4 2309 8500 4075 182
7092 3 4937 2706 4875
7093 5 3264 9408 2590 7504 4694
7094 2 2446 4130
7095 3 5391 6805 1412
7096 7 4329 6600 7721 8879 5693 1412 1504
7097 2 4850 9183
7098 5 1573 6399 2205 8458 5448
7099 1 5456
7100 6 2214 5498 1106 4142 3377 7381
7101 6 434 6314 1126 7370 6998 3101
7102 8 5872 1789 814 9370 2665 8827 8255 4039
7103 11 4599 8529 9979 6926 5077 356 1984 5553 9224 7053 3931
7104 5 4936 7590 9226 9222 3076
7105 3 6966 994 1480
7106 2 1507 293
7107 5 3117 808 1228 3866 2725
7108 1 12
7109 7 1764 3929 7207 7792 6466 8893 3424
7110 1 5836
7111 2 4367 7617
7112 4 3051 4378 4456 8357
7113 7 6613 1865 8678 935 2854 1736 1512
7114 4 4685 9628 8764 3422
7115 3 6552 1335 2872
7116 2 4812 5895
7117 6 485 8590 9010 958 8398 2028
7118 3 6041 6544 822
7119 6 6573 8315 168 3558 5942 3025
7120 4 1897 525 7643 6909
7121 3 6160 2476 1167
7122 5 3550 5445 396 8782 7614
7123 3 1571 4363 9037
7124 4 254 7323 5667 4926
7125 4 3879 3895 2038 6701
7126 3 3947 8185 8314
7127 5 4004 7719 1666 2737 412
7128 4 1705 8498 8681 3725
7129 2 5410 7525
7130 8 1414 4683 5227 6983 2566 6312 8720 368
7131 1 3095
7132 6 5685 9357 7791 8219 7710 7418
7133 5 4086 9533 9529 9120 673
7134 2 1284 8444
7135 6 6926 2525 2454 3288 8408 3494
7136 5 5631 9573 8291 1909 4599
7137 4 1322 191 733 9109
7138 5 6827 8798 9394 9802 2702
7139 5 1981 2805 4667 6391 748
7140 6 2062 8268 8237 9739 5288 1430
7141 7 29 9026 7492 432 9841 6132 5764
7142 5 7060 9154 9057 3346 9170
7143 7 7033 7501 4324 4225 8562 665 3451
7144 4 6354 4989 9806 4722
7145 7 2768 2769 5961 9430 3916 9717 4199
7146 7 3125 7868 3204 3455 7433 2421 5967
7147 3 5020 5384 6703
7148 7 4737 9317 9857 2582 9939 4807 2364
7149 6 5458 2595 9487 1522 4060 5790
7150 6 5144 9086 8533 8832 6592 8976
7151 4 7035 6795 6232 1939
7152 3 6688 9724 9390
7153 6 4001 6499 8331 3110 6099 5021
7154 2 4076 7615
7155 2 2638 7546
7156 3 4905 2591 4912
7157 4 5039 5537 6131 7796
7158 2 4869 6177
7159 6 1015 4695 8307 4402 356 7838
7160 3 624 5614 8149
7161 3 2501 4795 6814
7162 4 4717 1809 4610 3289
7163 4 4197 7188 3195 5516
7164 2 986 6494
7165 3 6181 4050 4679
7166 5 3478 4363 4160 7837 3498
7167 2 3745 7427
7168 4 4080 8327 5909 7672
7169 3 5847 5155 3297
7170 4 5316 8936 5993 7175
7171 6 3775 8096 5102 2585 7484 6355
7172 1 6944
7173 3 3246 2118 8347
7174 4 5007 5956 56 4653
7175 5 871 9428 7170 5732 8522
7176 7 2804 7684 3412 2131 9259 9985 4740
7177 5 5483 9969 1157 7513 4681
7178 9 1755 8275 1669 6519 4766 2182 5057 8749 4839
7179 4 5623 5794 3973 3835
7180 5 2878 2519 4838 188 5158
7181 4 5019 9454 7591 4170
7182 1 1704
7183 4 6594 9606 2360 6094
7184 5 2996 8616 8256 9267 2325
7185 4 6284 3141 2036 6279
7186 3 4463 9929 4861
7187 3 1996 3363 1347
7188 5 7163 2421 8220 9264 2530
7189 8 5999 7778 8638 1059 9003 3564 1571 2236
7190 4 2015 9458 6287 8051
7191 4 1640 9866 1159 3109
7192 4 1141 7314 780 2072
7193 4 1204 8196 8813 6137
7194 5 4367 4846 2501 6611 6596
7195 6 3963 5116 1307 3718 6120 8595
7196 1 2906
7197 1 471
7198 6 6656 1161 4939 5830 5571 1783
7199 3 1041 9081 6734
7200 3 1264 5805 2390
7201 5 534 9493 8931 9165 4716
7202 4 98 8177 6668 4988
7203 6 6072 5509 3733 8186 6063 1407
7204 3 1900 9149 7427
7205 5 632 3803 4872 2042 8358
7206 4 6383 5396 6676 5534
7207 6 2796 8985 9156 9313 7109 6656
7208 4 2897 6000 6124 9965
7209 3 2542 3641 8072
7210 5 274 8616 4130 7539 8128
7211 6 1200 8412 2175 7926 8244 8807
7212 4 5517 7640 5478 4073
7213 1 1997
7214 6 5112 373 519 8891 1224 6559
7215 8 4396 9461 1049 4025 6500 1982 557 2386
7216 3 332 3719 9800
7217 3 5602 2580 5280
7218 5 6742 7576 5277 2665 1240
7219 6 4542 7860 4688 9760 1127 7599
7220 2 1098 4202
7221 5 1220 7705 3581 2179 5898
7222 5 4221 8070 307 4607 582
7223 4 6748 9417 230 7630
7224 5 5146 6105 6626 519 7053
7225 4 837 3325 8109 2289
7226 4 4076 7924 9607 7757
7227 2 6605 932
7228 5 1061 4169 2507 5209 5752
7229 1 766
7230 1 3612
7231 5 1177 9747 3738 1878 6277
7232 2 1880 5084
7233 1 2084
7234 5 5016 2229 8157 7524 5991
7235 8 7067 9936 6193 6054 2714 5742 7625 6218
7236 4 1427 7704 7776 6525
7237 6 5138 8548 8751 157 9936 1709
7238 4 6196 7718 8604 8151
7239 5 3539 4412 143 3596 9655
7240 2 6258 2494
7241 7 4823 8311 8431 8497 4015 1785 1570
7242 3 3227 3695 5874
7243 4 2877 7395 2211 4551
7244 2 799 9020
7245 4 5618 7926 848 1325
7246 7 3691 8050 8348 9824 64 2430 1573
7247 6 5319 8948 5173 3879 5761 9137
7248 4 2651 8847 7592 9468
7249 3 6352 3459 240
7250 4 2208 7945 8506 3689
7251 5 3707 2818 7040 8776 8903
7252 3 2339 4368 1208
7253 4 3235 5198 2168 411
7254 5 3482 2841 1095 4564 1349
7255 6 4706 2867 5000 7008 8922 9057
7256 2 1172 1233
7257 5 2192 2000 597 5963 6583
7258 4 4266 6857 9352 2515
7259 4 618 9775 1127 3304
7260 4 4625 6361 9730 6640
7261 3 2702 5878 3320
7262 7 5990 4784 5180 2888 6034 814 5046
7263 5 5568 1570 571 2606 1870
7264 3 4231 5586 200
7265 4 1650 9564 1571 4666
7266 3 4275 7690 884
7267 11 120 8832 6848 4340 3548 2140 3748 6848 6179 5202 1452
7268 4 692 8465 9590 1957
7269 5 1947 8161 394 4585 3722
7270 3 2560 2467 431
7271 8 2026 8653 7755 8877 4465 6908 972 5837
7272 1 3856
7273 4 2983 9136 9081 6317
7274 5 4397 1254 6402 8282 3099
7275 4 5849 1924 207 9466
7276 1 4797
7277 3 5130 628 3208
7278 5 2881 9005 1451 1882 8735
7279 2 3987 457
7280 4 6475 9989 28 4886
7281 2 2688 1954
7282 2 3975 3145
7283 6 1715 8118 3752 7069 4571 9331
7284 4 1474 7553 1491 7791
7285 3 989 3379 8348
7286 4 473 3071 548 3052
7287 4 4296 6738 8199 4399
7288 3 4485 6904 131
7289 3 3899 6117 5107
7290 3 2597 3399 8642
7291 5 4253 7720 6464 8136 5697
7292 10 2983 6603 1391 831 7927 3541 1435 3151 5433 1676
7293 2 904 4000
7294 2 6843 3243
7295 5 5253 7308 5620 3576 8953
7296 5 4906 6600 4367 3732 7923
7297 4 4850 8772 4820 3953
7298 1 4530
7299 7 3305 1964 4114 1984 6534 9782 6747
7300 6 2946 5688 6148 2632 6492 9352
7301 1 1980
7302 4 4431 1189 2709 6695
7303 6 2190 3090 6848 2660 6203 7983
7304 3 5684 8241 6369
7305 7 2668 5391 8879 8834 8866 9350 5250
7306 5 3659 9481 139 2288 9940
7307 4 1085 9794 495 7503
7308 7 1976 9882 5509 4035 7295 1700 9518
7309 6 1217 2701 5553 8133 7636 2963
7310 2 1352 3595
7311 2 6557 3482
7312 3 4402 1861 3229
7313 3 1719 6443 9296
7314 1 7192
7315 6 5955 5624 1793 643 145 777
7316 2 4200 7630
7317 2 6049 9121
7318 7 4741 7666 8262 9921 7658 9848 3707
7319 9 3122 8331 8297 8274 9651 4346 4840 6108 8597
7320 7 513 7012 6766 7686 9888 5853 8534
7321 5 6864 8594 5146 3159 1857
7322 3 2990 8069 2943
7323 7 7124 8021 6171 2284 3394 895 7487
7324 4 1579 8606 7831 8741
7325 4 3777 1373 8386 1296
7326 5 4904 6738 9772 256 3678
7327 2 4517 9818
7328 5 1901 9687 4155 9228 6480
7329 4 2415 9004 7061 4397
7330 5 6690 8039 9350 9835 9722
7331 3 581 7430 4507
7332 2 2414 4066
7333 6 2934 8518 4396 1961 9010 3285
7334 7 1921 8139 5490 267 6956 9761 2736
7335 2 1408 4762
7336 5 3971 3354 5797 5492 1821
7337 3 6742 3228 5001
7338 2 5889 7579
7339 6 4530 4609 6326 730 3831 8186
7340 3 406 8269 5020
7341 2 7058 822
7342 3 4547 956 3115
7343 6 4894 9281 5908 8385 9818 5369
7344 3 2163 2782 7788
7345 2 2931 2205
7346 2 4324 7413
7347 5 5771 7610 8927 5355 5413
7348 2 5044 5388
7349 4 4196 9898 8024 4673
7350 4 3556 8175 2538 9950
7351 4 5242 5494 7864 6376
7352 4 5174 606 622 5081
7353 9 7081 3255 3128 9788 1688 3618 8956 560 5590
7354 4 3297 3991 4810 2209
7355 3 2552 9219 9523
7356 4 3765 5038 2534 2732
7357 4 6707 9014 8408 5558
7358 7 171 3767 5562 784 9926 5336 7889
7359 5 7053 4077 8043 3965 5941
7360 5 2783 9380 7033 4694 5141
7361 4 4775 7495 4289 9222
7362 7 5009 9299 9658 3708 5717 3919 1644
7363 2 4564 7714
7364 2 425 8560
7365 3 3776 7829 2082
7366 4 932 2556 9890 4231
7367 5 1450 8758 2427 9579 1060
7368 3 5640 3608 5559
7369 4 6807 7380 2493 1779
7370 8 6671 2068 7101 2873 9992 9147 6304 503
7371 2 5118 1132
7372 4 6681 1304 3202 1289
7373 4 3128 4291 6489 7730
7374 3 662 9222 5830
7375 3 5003 3199 2738
7376 4 5386 7085 2038 4260
7377 5 6973 2470 3705 8805 5885
7378 6 4452 5896 6163 814 6790 6976
7379 6 692 9232 8563 1299 8546 7495
7380 6 3908 9605 7369 8791 8987 7692
7381 5 3631 4187 8286 9442 7100
7382 4 2512 1864 8696 1851
7383 2 5109 2189
7384 3 591 3576 4779
7385 1 1374
7386 4 3359 3494 8969 9573
7387 3 3668 8857 8326
7388 5 2007 3953 7498 8568 5698
7389 7 113 9429 413 9246 7577 6128 6320
7390 2 6803 3634
7391 6 494 1587 8677 9190 4905 8057
7392 1 1514
7393 7 1589 1337 9291 8712 881 2182 6992
7394 3 6604 268 4992
7395 8 7243 7786 6481 1933 377 9057 8479 5266
7396 4 4351 5967 995 9467
7397 3 3137 3558 8531
7398 4 5037 6485 8781 1200
7399 3 811 2840 5126
7400 4 2011 4545 2320 188
7401 4 6378 6958 8669 8724
7402 6 2876 1139 2536 3696 4192 5596
7403 3 6390 6121 1103
7404 6 5859 7662 8533 1939 2115 6836
7405 6 1356 5006 2469 5444 5593 6373
7406 7 650 9160 6406 380 5365 4554 1083
7407 2 6144 1031
7408 3 5391 1718 9962
7409 3 5614 829 1669
7410 3 3941 3420 9463
7411 3 6869 9068 1560
7412 2 4874 6911
7413 2 6671 7346
7414 4 5644 8971 5008 5015
7415 7 1890 5225 741 7738 5313 4700 2647
7416 4 1483 4902 4468 3626
7417 7 1058 9707 2774 1635 5650 5607 7544
7418 4 3713 9944 2437 7132
7419 1 6647
7420 7 7074 9644 9551 4368 631 908 8835
7421 4 1735 8900 4033 3764
7422 6 4262 8319 8623 9633 1737 5192
7423 2 4840 5356
7424 3 3624 8896 4843
7425 5 2847 8613 150 4700 4563
7426 5 2838 476 4137 8332 7993
7427 7 4589 9620 7204 4018 4895 7167 4891
7428 5 772 7910 8398 3647 5235
7429 3 6282 9362 7907
7430 5 7331 3234 8573 8364 7519
7431 3 2968 9960 2275
7432 5 6876 277 6395 4215 9292
7433 8 5845 9798 166 9901 7146 621 1712 455
7434 3 1331 8121 2026
7435 2 2465 7886
7436 5 4706 6034 9447 6677 4207
7437 3 5610 1663 1948
7438 2 4307 821
7439 8 5409 7926 6117 8614 2344 3468 21 2312
7440 5 6399 8365 7752 332 177
7441 4 6779 9318 8178 7989
7442 4 3408 1389 1995 5247
7443 4 5287 2505 9737 5835
7444 5 6129 7505 9777 5923 3400
7445 5 441 7999 8013 8858 9045
7446 4 840 8695 8557 456
7447 4 6831 3000 2090 338
7448 5 2281 1437 1787 9574 8993
7449 3 6003 3331 8499
7450 3 5475 4112 9919
7451 1 7072
7452 4 4918 7022 9845 7649
7453 4 1303 1958 2621 4176
7454 5 4397 8191 8405 9729 8956
7455 3 5812 5323 2521
7456 4 6206 9797 3112 6290
7457 8 6891 5689 3389 7710 51 5416 4901 3875
7458 3 1179 7625 2938
7459 4 5981 1888 3042 9037
7460 2 4059 2276
7461 4 5946 6420 5765 175
7462 6 253 1388 1919 3324 1095 3640
7463 3 6571 576 2318
7464 2 143 2009
7465 3 1064 8647 2930
7466 4 6583 6778 8750 7675
7467 1 7088
7468 4 6270 6924 680 7745
7469 5 5922 3521 9228 4256 2414
7470 7 6395 7584 6358 3202 627 8230 1341
7471 7 419 9082 88 9774 9309 2540 2749
7472 4 3538 1047 3763 6456
7473 3 6765 9160 5543
7474 6 1996 8731 3568 1487 6436 4397
7475 5 6431 5131 4139 1913 4937
7476 4 3181 2907 7714 6471
7477 4 355 1254 4134 6308
7478 5 3790 8716 1305 3067 3621
7479 3 3323 8083 2296
7480 4 5185 7504 8300 6852
7481 6 4008 9834 6128 2561 2485 7019
7482 5 4943 7891 6690 1962 8576
7483 3 6927 759 573
7484 3 6952 7171 898
7485 4 5450 419 1040 4528
7486 6 2672 5260 6687 6320 7042 8974
7487 7 4502 7575 414 4273 11 7323 7575
7488 2 3750 7680
7489 2 6378 9236
7490 5 5087 9578 6457 4569 817
7491 5 1648 8953 9474 7984 560
7492 8 1025 1101 4236 1546 7141 2724 460 8033
7493 3 2668 1180 3522
7494 4 5490 2929 4963 2601
7495 8 7361 3311 7379 2396 1287 7731 707 5733
7496 4 1387 4490 1250 7034
7497 1 187
7498 7 6821 7388 8341 7647 4902 4095 143
7499 6 3833 7520 2628 2378 3453 3436
7500 4 5665 8490 9127 1705
7501 7 7143 604 2018 3476 8826 6042 8100
7502 4 1862 1591 224 9336
7503 4 5110 2810 7307 8068
7504 7 7480 7903 8423 9050 4039 4008 7093
7505 2 7444 6471
7506 7 6337 1271 6794 8158 5563 4905 7962
7507 5 3217 9367 9651 121 2185
7508 1 602
7509 6 3242 4256 1895 8626 822 2987
7510 2 5480 9235
7511 1 4538
7512 5 1166 9095 1061 5347 4913
7513 4 1198 7177 2354 121
7514 4 6614 8732 7656 1012
7515 6 3817 5981 1926 3797 2796 5103
7516 5 3417 8451 1959 378 7984
7517 7 4465 1932 2788 9742 458 4932 8852
7518 8 3444 8708 3635 8893 783 783 2111 3755
7519 4 6402 199 3332 7430
7520 3 7499 24 8365
7521 5 3572 3149 231 9887 4232
7522 6 6439 3516 3010 1990 4671 192
7523 4 5001 2993 6393 5813
7524 4 1125 2294 2953 7234
7525 5 7129 3785 2275 4686 5632
7526 2 3348 765
7527 4 3673 5192 9746 9147
7528 4 3366 9567 1867 8634
7529 4 4173 2783 5581 3020
7530 7 1530 8962 4636 2773 2574 3858 2961
7531 5 1725 2887 1198 6586 5227
7532 8 2258 8623 5347 2453 6202 9047 1268 164
7533 6 2975 4302 1203 2700 3028 4252
7534 7 3570 7035 8625 8971 4749 3594 9640
7535 3 3725 273 9542
7536 4 4725 3324 742 9790
7537 6 5186 8486 8857 5288 1847 5366
7538 3 3055 522 7074
7539 5 5743 9167 4450 6875 7210
7540 2 3590 1963
7541 5 4780 3707 1874 6957 8683
7542 6 3890 8914 4790 9123 5845 4685
7543 4 1230 654 9108 6696
7544 7 2271 5926 7417 9354 4576 9648 3907
7545 5 4584 4273 5252 4023 3204
7546 5 6970 7155 7629 214 3253
7547 3 702 424 1695
7548 3 6046 4027 5169
7549 3 930 3498 1723
7550 1 7012
7551 4 3826 3925 1527 2964
7552 6 945 1941 3354 4283 5857 3633
7553 4 7284 3289 3024 9531
7554 4 2421 9209 1687 9448
7555 3 2062 6446 5319
7556 3 4139 8156 4546
7557 4 2252 3014 1619 4342
7558 4 5633 5151 8463 9304
7559 6 1539 9147 9253 725 8973 4988
7560 3 6933 8879 295
7561 3 955 549 1243
7562 7 6687 9982 92 7037 3190 4810 3445
7563 3 5443 9662 9884
7564 5 5308 6056 4259 4471 3512
7565 4 6859 6139 8821 3406
7566 3 5535 7874 8301
7567 9 4784 8018 9897 5490 6573 9330 7027 8603 2281
7568 4 3364 1920 8127 2086
7569 5 4728 8226 4742 5174 9969
7570 5 6986 9896 1696 6692 1552
7571 6 4335 7940 8687 4824 1119 2014
7572 1 3383
7573 5 353 8238 9807 9621 3165
7574 7 3793 8547 7759 3847 1265 9947 6858
7575 9 4848 6288 8273 7487 6670 8278 1379 6306 7487
7576 3 7218 7762 2620
7577 6 3329 5167 4622 8871 7389 5207
7578 6 5476 4587 2281 4801 5219 8512
7579 3 7338 7617 5265
7580 3 1072 7973 1392
7581 6 236 9083 1311 8197 2111 1199
7582 7 1668 6885 8673 495 4119 1902 9613
7583 3 6745 4060 81
7584 5 7470 8440 9665 568 5763
7585 2 6980 5755
7586 2 240 6160
7587 2 289 2544
7588 4 4084 9994 7655 5781
7589 3 4519 8225 8045
7590 5 7104 244 3463 343 1028
7591 10 5217 9626 1311 7181 6253 9536 5661 1779 6816 7961
7592 7 52 7913 2917 3400 6505 7248 1895
7593 5 941 8449 8662 373 5215
7594 9 643 9587 2523 1794 8270 4727 8039 5334 6637
7595 6 5493 2036 4378 3921 2429 3071
7596 2 3452 9074
7597 7 2878 4567 8793 6461 1183 5173 781
7598 6 2529 7719 9883 5870 4749 6738
7599 5 690 4953 7219 787 3587
7600 6 6909 2268 9466 827 4255 3736
7601 3 2142 1064 6380
7602 4 869 9606 5173 8737
7603 5 5627 8019 348 9098 9181
7604 6 107 8867 4661 2657 278 4400
7605 5 4463 7638 8965 394 479
7606 7 757 5165 2342 8173 9596 3091 4402
7607 5 4501 7756 8393 2149 8820
7608 3 3686 3047 463
7609 5 3345 914 2811 1922 2599
7610 8 7347 8474 646 9045 4276 6142 8049 1195
7611 1 5721
7612 4 5829 8712 6119 1582
7613 2 1724 212
7614 5 4823 8240 5027 1977 7122
7615 2 7154 3816
7616 3 5354 6535 1507
7617 4 7579 6838 3731 7111
7618 2 4025 8639
7619 1 2580
7620 4 2524 5485 3874 5678
7621 4 1293 8570 3662 5267
7622 9 5678 9210 4739 5915 146 4060 5224 419 2198
7623 3 5803 6817 4542
7624 5 1312 5455 2943 1831 9231
7625 8 7458 7900 8927 1917 1141 4675 9492 7235
7626 2 1842 8427
7627 5 591 6239 4395 3069 3241
7628 4 500 6730 5107 210
7629 8 6661 1422 4301 1284 5634 8841 4926 7546
7630 7 7316 7223 4917 7802 9668 396 998
7631 3 20 3021 2059
7632 4 5747 1157 6995 2932
7633 3 5497 9184 745
7634 4 2571 7711 9067 8848
7635 4 4540 6140 8656 1120
7636 4 2322 8566 3450 7309
7637 4 5118 4287 5885 1616
7638 3 2577 7605 4783
7639 8 1732 8000 9040 3592 6316 6864 4053 1206
7640 3 7212 8995 3143
7641 5 543 2105 285 9524 4219
7642 2 1852 7698
7643 6 5673 7009 4122 345 7120 9597
7644 2 3948 3887
7645 3 1933 8690 1522
7646 5 4287 9789 8286 8984 3670
7647 3 6034 331 7498
7648 10 41 9859 6751 2109 3286 6801 5778 8255 8055 8188
7649 6 3601 9667 8398 1006 6225 7452
7650 3 5045 7009 2982
7651 3 5232 3295 7750
7652 6 6119 7876 9276 9563 6596 144
7653 4 1431 9510 343 3802
7654 2 6100 8638
7655 4 1329 7588 9446 1628
7656 6 6555 7514 3842 2756 9708 8641
7657 5 5212 8219 899 5403 9292
7658 3 3691 929 7318
7659 8 6157 8048 8066 9555 9065 911 4876 534
7660 5 3045 4761 6887 4701 2233
7661 4 5743 8120 3744 853
7662 4 7404 8505 5109 8293
7663 4 1089 8321 9086 6117
7664 2 1020 9035
7665 6 6465 9033 2917 2253 9097 2579
7666 1 7318
7667 2 3117 5924
7668 7 1569 6859 5359 574 2030 3043 2292
7669 4 2414 34 9094 3347
7670 4 3373 9374 5569 8729
7671 3 6093 556 2453
7672 6 3611 8569 2775 938 3255 7168
7673 4 2837 9872 9303 750
7674 2 2236 2697
7675 4 1622 2783 4807 7466
7676 4 3542 9346 8191 7782
7677 4 2253 6483 604 92
7678 2 1241 2660
7679 6 5947 4152 4115 5164 4431 9420
7680 6 927 7488 9868 103 2756 760
7681 5 5812 6850 5469 2104 2374
7682 2 3861 6492
7683 2 1365 2929
7684 4 5043 7176 3039 1508
7685 2 6031 8612
7686 2 3665 7320
7687 2 2139 2464
7688 6 2129 6055 1301 923 2427 8632
7689 5 1071 3911 2348 893 4001
7690 6 2467 7872 7266 2474 7084 8948
7691 4 5445 6175 516 4339
7692 4 4277 9470 401 7380
7693 5 5240 796 8471 9223 2096
7694 3 3013 9789 1158
7695 4 434 4329 8029 4601
7696 3 455 1388 3471
7697 1 1241
7698 3 4579 6803 7642
7699 5 1217 9724 4439 3366 2183
7700 5 2025 5460 1424 5265 3890
7701 3 4589 1985 441
7702 6 4402 2648 6782 4695 4547 5454
7703 2 3780 1787
7704 3 7236 9975 2425
7705 9 2548 3625 7221 3771 5161 9496 4176 1668 7853
7706 5 6705 7776 6764 6540 3264
7707 6 2756 9105 2234 9280 3003 5427
7708 4 3586 9440 9618 4521
7709 4 4459 9369 599 642
7710 7 656 7980 9446 9111 7457 7132 4431
7711 4 7634 2725 9737 205
7712 6 3775 413 1072 6736 2353 6103
7713 3 3930 6350 5653
7714 7 3804 7476 9902 5017 3105 4472 7363
7715 6 4326 2746 7949 534 643 7800
7716 3 4754 9264 3682
7717 4 922 3270 3534 6276
7718 9 7238 9841 5075 6556 5259 4096 6307 3365 9084
7719 4 7127 7598 1931 6478
7720 3 7291 3522 6512
7721 7 4505 4931 7096 9573 2889 968 2450
7722 3 200 5791 2241
7723 5 436 8126 1837 2299 605
7724 2 3024 9012
7725 7 6277 2089 202 4504 1341 9818 5633
7726 7 649 8189 2028 499 6294 5369 2909
7727 4 5793 3713 5867 4322
7728 3 3142 8094 9546
7729 1 6588
7730 7 4121 8057 9465 8607 7373 1410 8461
7731 5 3612 6176 6900 3470 7495
7732 7 487 8132 9224 9890 531 3566 4068
7733 2 2026 2012
7734 4 5581 3976 1938 3680
7735 6 5246 9320 3965 1519 4793 6793
7736 3 1684 9508 4216
7737 3 735 159 509
7738 2 2719 7415
7739 9 1984 7762 9551 4626 9423 4931 8266 3706 2592
7740 3 1917 6172 332
7741 7 3209 8719 9919 6127 1783 4875 1862
7742 2 6509 9966
7743 4 938 8676 3222 3179
7744 5 800 5253 5837 1241 3794
7745 5 4059 7794 3315 6089 7468
7746 2 5951 8949
7747 4 1764 8611 1623 858
7748 4 479 2348 944 6998
7749 3 3331 9883 1412
7750 6 3105 946 7651 8077 5857 5101
7751 4 2850 6125 2588 4354
7752 6 1617 7440 5426 6558 9252 2578
7753 6 368 745 8125 1617 2311 8146
7754 6 5061 5064 7767 9728 1473 3018
7755 3 4355 4567 7271
7756 2 7607 6251
7757 6 6875 1394 1134 5915 7226 593
7758 2 1271 9733
7759 4 3949 8883 7574 1593
7760 4 4112 738 6203 1045
7761 7 4759 8856 3055 5913 6540 6410 9504
7762 6 7739 9928 82 7576 2075 1396
7763 5 3666 8908 1951 212 1477
7764 2 6877 631
7765 6 1715 75 2447 8681 9793 4497
7766 7 2961 6203 99 1809 5465 609 20
7767 2 6791 7754
7768 6 4936 723 3993 510 2347 2127
7769 3 2800 523 3775
7770 5 1512 2631 9049 5689 9135
7771 3 2732 675 4612
7772 3 2594 9067 9021
7773 5 3403 2995 5403 8534 6950
7774 4 5569 8464 165 9212
7775 4 989 9393 6353 2215
7776 10 7706 8041 7236 3701 5093 5916 741 728 1196 356
7777 3 2774 7995 1613
7778 4 7189 3427 2221 6434
7779 4 4202 2571 8783 6612
7780 2 1953 435
7781 4 6394 8703 5897 8303
7782 3 5061 7676 6975
7783 5 4576 9259 9599 8542 4929
7784 4 3770 7830 6651 4069
7785 2 5631 4140
7786 4 7395 8254 8596 6336
7787 4 2044 1153 9683 9910
7788 3 3490 3605 7344
7789 4 6881 9259 2225 3493
7790 3 3301 5333 4671
7791 5 3175 7132 1422 7284 1329
7792 5 4977 7859 690 7109 4375
7793 1 2125
7794 5 1418 7745 6693 3602 9717
7795 4 6294 9752 3512 6584
7796 3 2699 1823 7157
7797 3 6454 3564 7058
7798 3 1086 1731 820
7799 5 2898 8035 3137 1697 6293
7800 3 55 4497 7715
7801 3 3805 1275 4115
7802 5 1083 8306 1210 7630 5657
7803 5 6244 9059 934 1446 9096
7804 4 4465 9578 9054 6409
7805 7 2425 8995 9206 682 8920 8015 9662
7806 4 3925 5291 5400 6439
7807 5 2919 9849 6498 2962 7876
7808 7 6636 8463 9224 9604 1456 5465 6221
7809 5 5900 9431 9634 1463 3301
7810 4 6089 4068 7055 9266
7811 5 4907 4034 6415 2496 933
7812 7 386 3607 8462 5130 9871 8908 709
7813 5 216 2448 3875 9001 8597
7814 5 5108 1044 5750 9231 3098
7815 3 3915 121 404
7816 3 6725 9512 9479
7817 6 6062 8756 2698 1876 688 1678
7818 4 3767 8248 4053 9088
7819 3 5310 8601 1277
7820 5 2238 4564 2443 2090 9994
7821 3 1884 8996 8877
7822 6 4236 99 566 8833 9098 9402
7823 5 1402 4012 5510 1551 4965
7824 2 1191 622
7825 5 5753 8807 4103 9702 9390
7826 5 3692 4189 6847 3297 1153
7827 4 1194 4735 8176 3702
7828 3 3292 5625 1574
7829 3 7365 4727 4564
7830 3 6706 7784 3311
7831 2 2518 7324
7832 2 1138 6781
7833 7 1723 265 9442 1377 2670 6618 8136
7834 6 1811 7864 8783 9189 605 4045
7835 5 2836 9543 2832 658 4813
7836 3 6023 169 5390
7837 4 6952 1763 7166 3791
7838 5 5240 4416 3602 6186 7159
7839 6 1065 4098 4312 4746 1751 3545
7840 7 6549 4913 3220 4388 3561 6627 924
7841 3 1946 3528 4996
7842 4 2832 4466 8942 9680
7843 3 6009 3375 2755
7844 4 508 3407 5879 2195
7845 6 1619 3138 5880 776 378 8609
7846 6 6094 5752 2321 1970 185 6971
7847 3 4696 208 6099
7848 3 991 8282 2668
7849 5 6028 8150 6699 168 4020
7850 4 1967 2197 9932 3569
7851 3 6060 362 1693
7852 4 6581 9641 7983 492
7853 2 6963 7705
7854 3 453 1835 8691
7855 5 4914 1703 446 6386 4422
7856 3 5731 5440 3881
7857 2 3651 9335
7858 3 2113 2666 294
7859 5 7792 6241 5757 1908 9071
7860 5 1833 9754 7219 9744 1256
7861 4 443 8036 4419 4347
7862 6 2322 8487 1971 2049 324 3231
7863 4 6098 4194 8115 9496
7864 5 7834 8007 4191 7351 4377
7865 5 4482 8320 4718 8204 3641
7866 3 6255 8124 4236
7867 6 5945 2893 73 2313 1232 9495
7868 2 7146 3700
7869 4 6746 6034 6485 8919
7870 2 114 6523
7871 1 382
7872 5 1065 9793 7690 5672 5134
7873 8 4033 9536 3462 8875 6013 2632 6141 4389
7874 2 7566 238
7875 4 6590 2162 5261 434
7876 6 7652 7807 4581 2612 2872 761
7877 3 3604 3955 2083
7878 3 5484 643 892
7879 2 5771 1452
7880 5 4192 8729 9646 4965 8173
7881 5 2194 9235 5000 1178 3114
7882 6 6924 6968 2767 1246 7987 6303
7883 5 1076 4165 5273 2084 685
7884 1 4860
7885 2 4853 3112
7886 5 1097 8810 1368 2190 7435
7887 5 3819 8251 2448 6047 4230
7888 5 1525 138 6757 2072 999
7889 7 4128 4540 4824 6536 4333 5447 7358
7890 5 4692 1861 2398 6152 6836
7891 4 7482 5569 2157 870
7892 5 2944 5704 2362 8260 3856
7893 5 536 4113 3233 9908 6838
7894 4 4788 5547 1233 3065
7895 4 1133 5121 4061 3576
7896 6 4943 5260 3700 2082 893 8110
7897 1 5119
7898 4 243 2169 4214 8775
7899 3 4825 8424 8340
7900 3 7625 6026 2313
7901 4 1147 9757 2689 6707
7902 1 5716
7903 3 7504 8543 9401
7904 4 5541 5076 9136 9113
7905 3 2310 6604 2787
7906 5 730 9275 1554 986 1143
7907 4 5669 6354 94 7429
7908 4 3431 3277 5115 6760
7909 3 4998 3817 2940
7910 6 7428 6048 3959 715 5084 9695
7911 3 2797 8747 5744
7912 5 4611 1025 1806 1774 3684
7913 6 725 7592 8426 2494 5001 8366
7914 5 911 7012 1016 4688 4736
7915 3 6866 9966 5956
7916 4 269 1849 9294 8579
7917 2 5391 9144
7918 4 437 8707 2704 5955
7919 4 4735 1085 899 1468
7920 2 3456 4959
7921 3 2004 9805 4755
7922 2 3491 4179
7923 6 3075 1085 26 789 6985 7296
7924 4 7226 9076 8681 3848
7925 1 5375
7926 7 7439 6734 7245 3133 7211 4680 3515
7927 5 2078 8267 7292 9944 2266
7928 8 5825 4668 2622 4226 2388 4717 6486 2772
7929 4 4915 8154 2506 9321
7930 6 2206 4892 729 139 5024 3391
7931 4 457 9494 1135 5041
7932 6 2061 8628 8475 455 5943 8409
7933 2 638 162
7934 3 4492 9914 5025
7935 3 978 9722 3616
7936 5 2936 4178 1604 3371 6621
7937 6 6573 4463 733 7987 8989 8441
7938 7 7025 8036 5599 1655 3722 5570 3296
7939 8 5022 2215 4644 2052 751 8977 5873 8370
7940 4 7571 6407 8072 696
7941 2 4207 5140
7942 3 3158 6326 707
7943 5 4212 6312 1433 7993 1221
7944 2 996 8042
7945 6 7250 6397 1895 199 6936 3558
7946 2 1473 9484
7947 2 2631 9549
7948 3 2038 9756 5665
7949 8 3199 838 8933 5219 4646 1788 7715 372
7950 3 3375 8025 3345
7951 6 3556 8765 1136 3570 6809 9371
7952 3 744 484 9450
7953 5 4380 2104 5878 2670 6981
7954 3 6565 9563 4907
7955 4 4817 3984 6440 6581
7956 4 266 9071 9554 9816
7957 5 6189 5114 8677 1556 7958
7958 4 2461 5983 7957 6376
7959 5 4601 4383 759 1024 5099
7960 7 3562 1180 5911 1647 9487 3115 1061
7961 3 7048 7591 8304
7962 2 1518 7506
7963 3 6317 3987 8511
7964 8 7046 6843 5148 9723 1203 5248 8851 3967
7965 2 6874 779
7966 4 6169 8882 1726 8206
7967 4 615 4287 4054 8518
7968 7 2907 9168 6015 9211 4216 8938 5970
7969 4 2811 9883 4684 9332
7970 7 4213 8730 8970 5096 375 2501 1476
7971 6 1525 5692 1459 1659 486 3515
7972 4 3408 3469 8421 6329
7973 4 5717 7580 6318 4972
7974 3 2269 9985 4415
7975 4 5175 2693 5328 2682
7976 2 5733 8691
7977 5 3895 6387 8197 8243 3100
7978 4 6969 1285 460 6562
7979 2 6152 2453
7980 9 7710 8906 8934 8691 4244 5974 4054 1068 4108
7981 5 2388 5602 2640 1374 9738
7982 9 2767 8624 1951 2250 8178 203 2923 4676 1316
7983 6 2464 8684 2253 7852 7303 9166
7984 4 386 7491 7516 789
7985 3 2571 1195 4668
7986 3 3303 9306 5767
7987 4 1794 7042 7882 7937
7988 2 4815 204
7989 6 5610 8571 3267 2129 4037 7441
7990 5 6587 3891 8717 9604 3408
7991 2 6217 2147
7992 3 5493 2978 2743
7993 4 2299 7943 6470 7426
7994 5 1440 2483 6157 9122 3214
7995 4 7777 2936 9027 8958
7996 3 3597 6540 9357
7997 3 3300 1436 40
7998 2 1416 2815
7999 8 7445 2239 8326 4877 8503 2113 8869 5395
8000 3 7639 1383 8345
8001 3 4731 9426 7080
8002 3 4060 972 754
8003 2 4104 6794
8004 3 508 918 6104
8005 4 1997 9402 8694 3542
8006 5 2482 4050 3140 3346 8554
8007 4 7864 1492 838 6358
8008 7 1311 9048 7071 2084 9454 4888 2563
8009 6 2805 1531 1272 1712 1050 9898
8010 3 3763 3018 4072
8011 4 6131 9636 304 4618
8012 2 3253 8417
8013 4 7445 8401 9760 1154
8014 6 4269 8954 6723 1367 3361 5202
8015 6 1214 4088 7805 275 660 9839
8016 2 6960 8750
8017 3 6415 8279 5513
8018 5 7567 754 8741 1025 1719
8019 2 7603 4599
8020 3 3499 4327 8033
8021 4 7323 4488 9658 2273
8022 4 2753 3671 4411 5911
8023 1 5548
8024 3 2205 1921 7349
8025 5 7950 9851 3851 2427 3749
8026 5 5368 1705 5186 4369 5016
8027 4 2956 9889 9724 3250
8028 4 3 1166 2791 675
8029 6 3281 8836 8558 7695 8587 6893
8030 5 6033 8239 1840 711 3931
8031 7 5169 9460 8946 9213 2488 8150 2976
8032 2 3304 1844
8033 6 5779 8800 8020 5503 7492 9465
8034 4 2978 3457 5761 972
8035 3 4416 7799 3663
8036 11 7861 2174 5003 699 7938 3323 9319 5893 1430 9735 5657
8037 2 3208 3837
8038 5 6945 4881 3153 4803 5360
8039 7 7330 8380 4424 326 6885 7594 9300
8040 7 6328 6886 9300 6974 1922 4085 2279
8041 3 7776 2415 1751
8042 4 7944 1241 9959 5125
8043 9 5709 9110 9223 8717 2215 7359 5796 2571 5970
8044 4 2474 9609 6431 4043
8045 5 5416 2071 7589 4249 6983
8046 3 3990 7079 6816
8047 3 4206 8382 9443
8048 4 7659 2425 155 6173
8049 3 3919 2580 7610
8050 3 7246 9364 1490
8051 4 5489 6802 1531 7190
8052 6 2687 1607 5240 3380 9706 8964
8053 4 4712 315 1118 5197
8054 3 3552 8102 4170
8055 4 1846 6257 7648 9150
8056 5 1272 8116 9879 1723 2313
8057 6 7730 819 6740 6417 7391 6365
8058 2 2262 3428
8059 7 6306 1882 3310 407 5958 9079 4857
8060 3 5889 154 1181
8061 3 6848 3460 122
8062 8 3502 9784 4208 8403 4260 3527 1115 4842
8063 4 1441 6151 2619 165
8064 5 6738 8159 1254 1093 2882
8065 1 3805
8066 2 7659 2205
8067 4 1833 4919 2785 1580
8068 6 1462 5710 464 2644 433 7503
8069 8 3868 9685 5706 3842 8718 4114 7322 3005
8070 4 3581 8410 7222 365
8071 5 4652 5702 5386 4400 9031
8072 9 4653 5063 6357 6250 4613 7940 3191 2671 7209
8073 1 3774
8074 4 5188 4327 2189 621
8075 3 2842 9271 6873
8076 7 1295 8825 2670 6965 4557 9384 5493
8077 6 1104 3967 1538 5213 7750 9605
8078 5 4714 6386 2820 6927 9357
8079 4 2429 365 1376 8516
8080 3 5517 9220 9646
8081 5 3004 9622 9298 1442 4841
8082 5 1711 6418 5735 8338 9198
8083 5 1051 8566 8579 7479 1687
8084 4 1667 1153 9288 2589
8085 6 2998 8932 9038 4177 8722 1666
8086 8 46 6604 3281 3966 1584 1650 5182 8737
8087 7 3243 9787 6943 1401 3008 4259 5179
8088 2 4513 2029
8089 5 919 6007 2717 9069 3142
8090 4 4599 1102 4841 2953
8091 2 1631 4545
8092 3 2973 8333 5167
8093 7 1603 1409 2800 8417 8867 3432 5624
8094 7 1756 7728 1169 4083 1919 3060 4810
8095 3 2811 6571 2334
8096 4 7171 208 8685 9666
8097 4 1385 1633 2345 1462
8098 6 6054 4946 4232 5962 5318 1499
8099 2 2879 9659
8100 2 3485 7501
8101 5 6925 5448 3464 3738 8760
8102 2 7041 8054
8103 4 3191 9667 8397 486
8104 7 5156 2886 2800 9554 6932 8947 82
8105 7 6784 984 9444 1837 5037 1054 5222
8106 4 1792 4357 2984 2641
8107 1 308
8108 6 4785 305 891 8675 1417 9163
8109 7 5749 8452 7225 6580 5341 3083 9538
8110 7 422 4939 8926 2135 8815 7896 1087
8111 4 3002 1949 2445 5095
8112 4 6185 6193 7024 6355
8113 4 346 2629 6600 3893
8114 1 4950
8115 9 1199 8593 3173 2279 8649 8763 7863 1493 8962
8116 3 4330 2170 8056
8117 3 6393 8611 5004
8118 4 6918 7283 3436 1670
8119 3 3935 2594 5318
8120 4 3915 7661 61 331
8121 4 7434 9757 4984 3623
8122 5 4043 9648 9265 7057 1760
8123 3 2570 1803 1655
8124 7 2607 3291 6203 7866 8225 0 4268
8125 5 2117 8288 4147 7753 1236
8126 3 7723 4617 1752
8127 4 6792 1751 7568 1182
8128 5 3619 9772 8175 7210 9201
8129 5 682 5391 1729 7040 1698
8130 5 2426 9760 8684 2903 4725
8131 2 636 4480
8132 6 7732 9386 382 5892 6505 5103
8133 6 3676 6524 7309 5526 2410 9569
8134 4 4422 9195 8614 1126
8135 5 1110 9169 4596 1758 4497
8136 6 3117 9567 6073 7291 7833 8294
8137 4 3176 875 25 373
8138 4 1344 4656 6041 2011
8139 4 7043 7334 9441 2516
8140 6 4760 8356 977 4845 9038 2965
8141 4 2570 4173 4059 1340
8142 3 2430 8908 9139
8143 7 1286 1329 4338 9071 3515 3457 9177
8144 1 2431
8145 4 5940 1238 918 4274
8146 5 2727 4027 3203 7753 3965
8147 3 2280 8623 8603
8148 4 168 4417 1397 2888
8149 8 968 3521 2986 3779 5287 9522 7160 2896
8150 7 3307 8829 7849 951 579 8031 4837
8151 3 1053 1856 7238
8152 5 6084 9063 9245 3958 5000
8153 4 498 4266 2375 8417
8154 3 7929 5008 1729
8155 5 5276 6169 973 2657 9600
8156 8 7556 2206 2328 6594 216 8232 957 5951
8157 3 5650 7234 5126
8158 2 3456 7506
8159 4 1880 8064 6111 6175
8160 3 670 6981 4598
8161 5 542 7269 1443 4778 4265
8162 2 5124 5713
8163 4 904 1916 2240 2230
8164 3 486 2742 4536
8165 6 3179 8898 8922 1894 3810 122
8166 3 6107 1129 2866
8167 4 6408 4647 3214 1640
8168 3 3966 3180 3635
8169 5 1030 898 4946 5241 2262
8170 3 4101 8585 6268
8171 3 1011 1716 9909
8172 3 3968 2510 8552
8173 3 5976 7606 7880
8174 4 6507 8635 9132 6877
8175 7 2289 7350 9802 3634 8128 1597 8584
8176 5 1465 2771 8980 3411 7827
8177 4 4674 6324 7202 374
8178 4 4361 9659 7982 7441
8179 6 4930 5744 6759 3172 5607 3620
8180 1 4023
8181 6 1381 704 4221 4724 1846 1062
8182 4 2516 9001 3208 9538
8183 3 3297 3056 8911
8184 5 2049 9639 648 3376 8795
8185 5 5659 4516 7126 3421 4009
8186 7 5125 2611 5006 2933 3974 7203 7339
8187 6 289 9291 6438 8668 9319 2080
8188 10 6866 9518 6253 5299 6326 2136 3116 8966 7648 9851
8189 4 7726 7043 9149 9714
8190 2 6848 5969
8191 4 7454 8902 7676 599
8192 9 1822 8195 6089 9114 2403 1655 8755 1014 1979
8193 3 6216 3885 412
8194 5 4882 6216 8620 9030 4642
8195 2 8192 2232
8196 3 7193 6343 9547
8197 8 2228 1540 7581 7977 118 5878 1623 8982
8198 4 6628 3259 27 4009
8199 5 5791 3355 7287 6610 6078
8200 2 6047 1040
8201 3 5036 8867 9364
8202 7 5688 9916 762 4518 4888 9009 824
8203 3 5857 6015 1437
8204 7 1657 5406 1271 597 8814 3177 7865
8205 4 4730 6881 8941 9797
8206 8 818 9464 1406 9522 9575 7966 9911 1149
8207 2 5573 5577
8208 5 3533 8773 3978 2511 8217
8209 2 6905 9537
8210 3 4614 2668 2610
8211 3 1964 4600 1703
8212 2 4818 3509
8213 4 513 3879 8552 2956
8214 5 2820 8738 3211 145 6789
8215 3 3589 2084 3530
8216 5 2339 6531 3731 2110 3265
8217 8 1541 3116 354 9468 5911 6172 716 8208
8218 5 3616 9571 6246 4007 2586
8219 8 1893 7132 5796 7657 1638 5843 2908 3318
8220 6 4482 8283 3279 1449 7188 3145
8221 9 6162 8471 9038 1239 3627 8940 5461 191 2762
8222 4 2942 4881 3911 8799
8223 3 4055 979 8317
8224 3 3852 2840 1798
8225 4 7589 8124 2310 3714
8226 3 7569 3715 3335
8227 3 378 5810 2922
8228 5 3019 9865 5137 1784 894
8229 1 2582
8230 6 4905 2015 5077 1459 6659 7470
8231 3 5584 6916 6697
8232 6 3799 9458 1804 5299 5158 8156
8233 5 3879 2182 8774 4523 1308
8234 3 2982 2225 6183
8235 4 1254 3607 644 4275
8236 4 271 1315 9554 4
8237 3 2368 7140 6592
8238 4 7573 4277 5687 3370
8239 3 8030 6724 324
8240 5 7614 8553 9623 2064 9186
8241 4 7304 8684 9960 9262
8242 3 449 6717 3452
8243 3 3561 7977 951
8244 3 2 3295 7211
8245 2 847 4158
8246 5 501 5036 0 3631 847
8247 6 2862 3379 8630 8252 5910 3205
8248 3 7818 5662 8532
8249 4 3500 294 787 815
8250 4 959 8914 5955 4765
8251 6 7887 3890 2740 1414 6467 6228
8252 5 2018 8991 8247 4602 4137
8253 3 4005 2309 9836
8254 5 7786 742 9431 8776 9135
8255 5 3290 1802 2563 7102 7648
8256 6 2057 4288 7184 2505 1804 3409
8257 5 5326 473 9400 4964 5605
8258 3 172 8337 8671
8259 2 2284 9398
8260 6 6149 2933 6420 7892 6896 6472
8261 5 5760 8648 6173 1105 740
8262 5 7318 8698 8801 5276 9937
8263 4 4541 3128 8620 6544
8264 6 639 8901 1277 3370 8677 9865
8265 4 5419 5061 9294 4108
8266 8 305 9211 3348 8318 7739 8360 3865 6460
8267 4 7927 6202 1334 5457
8268 5 7140 8978 1544 4024 6568
8269 4 5080 6365 3013 7340
8270 3 3145 3041 7594
8271 4 6053 8889 1264 8964
8272 4 3680 6935 1353 8985
8273 5 6566 7575 3023 4908 1009
8274 8 2684 3475 8717 1687 3864 7319 156 2594
8275 3 7178 567 4904
8276 1 4352
8277 6 2362 4024 5150 2940 1007 82
8278 6 4669 5421 7575 3836 8285 2135
8279 5 6986 5937 8017 9687 1911
8280 3 3764 4916 500
8281 4 3368 8292 5831 6976
8282 4 7848 2323 7274 3093
8283 4 4300 8220 3764 3474
8284 2 5292 4682
8285 7 6843 4790 4264 9874 9225 8278 9783
8286 7 2373 9223 555 1653 7646 7381 721
8287 5 75 8419 8844 381 3818
8288 5 8125 8520 2741 251 4679
8289 2 1788 8861
8290 1 688
8291 4 4198 7136 4667 165
8292 3 8281 4205 4104
8293 5 3471 8623 5609 7662 477
8294 7 4100 2503 1763 5479 5035 1238 8136
8295 3 199 9640 2173
8296 3 3437 8768 1510
8297 4 866 7319 5352 1603
8298 3 1031 6677 3606
8299 6 4157 272 3722 1914 6743 8320
8300 4 7480 5856 5404 897
8301 3 3056 7566 4305
8302 4 1580 9067 5605 740
8303 6 6873 149 7781 4174 1036 9163
8304 5 1380 3358 9971 2771 7961
8305 3 1168 9427 9131
8306 5 4129 7802 639 535 9607
8307 3 5081 9090 7159
8308 2 5849 9468
8309 5 5206 4025 947 9075 2172
8310 3 6240 511 9091
8311 3 7241 1781 2102
8312 3 6266 6508 653
8313 3 5165 2248 8924
8314 4 4520 1108 1211 7126
8315 6 7119 9559 1765 8702 9752 5790
8316 5 105 3816 4622 1289 333
8317 2 5354 8223
8318 6 105 4631 8266 1357 5315 1422
8319 3 2025 7422 599
8320 8 145 7865 304 4060 1322 4527 5485 8299
8321 5 127 3146 7663 9872 9520
8322 1 4009
8323 2 4503 6775
8324 5 4076 189 6938 5590 7071
8325 1 197
8326 8 5736 3675 9612 7999 7387 4857 136 2957
8327 3 7168 5171 3150
8328 3 381 3452 800
8329 3 4122 1595 979
8330 4 176 197 4138 5596
8331 4 7319 7153 4902 3098
8332 4 3771 4948 1674 7426
8333 3 8092 5270 9049
8334 4 1210 9450 29 9694
8335 2 2569 4443
8336 3 5227 4854 977
8337 4 5206 8258 2671 5949
8338 4 4803 5101 8082 6796
8339 2 1913 4095
8340 8 60 7899 5289 958 4393 1266 2178 5797
8341 5 4825 3254 7498 9501 6483
8342 4 2386 5363 6308 4904
8343 2 6653 6405
8344 5 5172 3056 6761 8871 186
8345 6 1141 9255 845 8000 3100 323
8346 4 1195 2670 479 9447
8347 10 3989 9336 9870 774 995 6012 4166 4097 7173 4210
8348 2 7246 7285
8349 4 319 8925 9320 9550
8350 4 7058 1345 4354 3264
8351 1 6782
8352 3 3289 9416 6176
8353 5 290 8874 9905 7001 6958
8354 4 4330 8921 9895 1011
8355 2 4035 8695
8356 4 8140 9672 3572 6156
8357 5 3493 4567 506 5144 7112
8358 4 1124 5602 9341 7205
8359 4 7065 4124 9567 1440
8360 3 3141 8266 8816
8361 2 5634 9331
8362 2 1226 7004
8363 4 421 1980 2885 8731
8364 5 6203 4692 6968 7430 601
8365 3 5888 7440 7520
8366 2 6402 7913
8367 5 1627 7044 6364 2397 2830
8368 5 3817 8484 8813 5661 5380
8369 3 3939 1364 1129
8370 3 1521 8665 7939
8371 4 2696 9022 6886 8588
8372 6 2222 2401 9258 8910 3337 8649
8373 3 1331 9051 5677
8374 3 4444 8568 715
8375 7 4395 8539 1653 4751 8724 6856 1537
8376 1 2349
8377 3 4449 9818 5644
8378 6 3436 1127 8612 3605 5689 4603
8379 5 4959 5933 8693 8998 1213
8380 5 8039 9164 9251 1526 8661
8381 5 4084 3116 2878 2274 3287
8382 2 8047 4370
8383 6 1542 6438 8786 2996 8415 522
8384 2 1286 5031
8385 5 3351 9521 4890 8755 7343
8386 6 3282 1696 2510 6314 7325 5020
8387 4 4700 6059 3929 3288
8388 1 465
8389 2 2140 2656
8390 4 1454 9722 3565 5342
8391 3 4519 1072 3163
8392 2 2529 689
8393 6 7607 528 5838 5891 2376 9127
8394 3 3174 676 8856
8395 5 983 8646 8439 3612 1562
8396 2 4165 8480
8397 4 3171 322 8103 268
8398 5 3076 7649 7117 7428 2381
8399 4 3039 4440 495 9156
8400 2 3315 1308
8401 3 3208 430 8013
8402 3 1360 8718 1780
8403 3 240 8931 8062
8404 4 2853 5113 9442 5205
8405 3 7454 6451 6482
8406 3 4137 4339 3802
8407 3 6589 1756 1505
8408 4 6002 7135 7357 5494
8409 3 6046 9646 7932
8410 2 8070 6637
8411 3 3566 6507 1530
8412 6 340 9889 7211 132 6395 376
8413 3 2784 1374 4174
8414 3 3858 2066 8977
8415 4 6602 6544 6768 8383
8416 2 2850 6422
8417 4 8012 6227 8093 8153
8418 3 3363 8946 808
8419 3 8287 801 956
8420 7 4619 6636 5546 3565 5894 9464 1312
8421 6 2385 3254 1759 7972 2696 1523
8422 7 2821 1616 3146 5331 7023 3311 1607
8423 4 7504 596 5191 9558
8424 7 7899 2314 3938 1708 1888 5911 9599
8425 2 4677 3641
8426 5 5499 8733 8771 7913 1637
8427 10 7626 1557 1349 3620 4118 8640 414 6798 870 9299
8428 4 3508 9641 6834 1040
8429 2 2973 8907
8430 3 5204 796 2853
8431 2 7241 2501
8432 3 234 5 3140
8433 3 1809 6947 8649
8434 5 1178 2366 539 4504 2247
8435 3 5204 5023 4846
8436 4 4935 1656 6516 2769
8437 3 3510 9171 8719
8438 5 6091 6374 1392 6858 5769
8439 5 6871 2757 8395 1242 4476
8440 4 7584 8743 5934 9022
8441 2 3318 7937
8442 3 6364 2412 9045
8443 3 3075 2267 5963
8444 4 7134 458 4290 5182
8445 4 878 9580 1702 1077
8446 1 2007
8447 1 575
8448 3 5676 2720 680
8449 2 7593 2584
8450 1 208
8451 4 7516 9913 1658 9767
8452 4 8109 9965 1853 3837
8453 3 5725 6222 6425
8454 5 6728 6083 2072 5657 2244
8455 2 2415 4113
8456 4 2066 5943 5057 6806
8457 2 1035 2728
8458 5 4442 2785 9228 3090 7098
8459 6 4352 9116 6913 9089 6175 1928
8460 3 2443 9767 9997
8461 6 6560 7085 8699 5799 7730 2021
8462 5 6334 7812 3117 4603 2427
8463 5 7808 5761 1590 7558 4448
8464 1 7774
8465 5 5477 3821 7268 4758 2263
8466 4 514 2081 291 1199
8467 3 6159 2239 449
8468 4 5930 9222 5919 2790
8469 3 2239 5570 1902
8470 5 5703 28 4262 7009 6907
8471 3 8221 7693 9124
8472 2 4069 6262
8473 2 6502 804
8474 4 7610 1743 5719 9542
8475 3 857 7932 4059
8476 3 2288 173 2151
8477 2 4056 9066
8478 7 1869 5714 4913 2117 3077 5338 2712
8479 6 305 6106 3552 3592 9131 7395
8480 3 8396 9550 8521
8481 1 3561
8482 4 763 4621 6875 2553
8483 5 5579 9498 8538 5150 6387
8484 3 3254 8368 9426
8485 3 2907 764 1362
8486 6 7537 3772 2878 9 2310 9488
8487 3 7862 927 5965
8488 4 4906 3386 3848 2020
8489 3 2316 6494 6624
8490 5 3633 9104 7500 6480 2892
8491 2 2057 1873
8492 3 1634 5979 2174
8493 5 1457 178 4060 4631 6793
8494 5 2887 20 9764 2937 9964
8495 3 6812 8986 2062
8496 4 1623 3569 5324 5883
8497 3 7241 6476 8848
8498 4 7128 1195 6531 1715
8499 3 4010 2254 7449
8500 4 2251 7091 8627 1466
8501 4 5336 1370 1621 8569
8502 5 2328 9792 2232 9579 5483
8503 7 600 2882 4988 7999 5682 9577 1015
8504 9 2287 1388 3527 8596 9645 2922 590 1549 9050
8505 3 2837 7662 1310
8506 4 5081 7250 8970 2395
8507 3 4600 5256 3761
8508 1 1850
8509 7 889 4154 841 4186 1061 9304 4017
8510 4 5459 8600 6530 8742
8511 3 7046 5267 7963
8512 5 6937 6735 229 7578 1782
8513 1 6603
8514 1 812
8515 2 997 1448
8516 6 1534 3699 9685 8079 4411 9785
8517 3 4889 5359 6748
8518 5 6558 8617 7333 1514 7967
8519 5 283 8908 601 9808 3149
8520 4 8288 978 1532 442
8521 4 4256 8957 2594 8480
8522 3 305 2192 7175
8523 3 4410 9509 5254
8524 4 5517 9007 4025 2113
8525 3 6229 9230 5935
8526 7 3389 8866 4421 5104 5575 6527 5383
8527 3 5988 4003 5207
8528 4 6272 4959 1812 1032
8529 3 7103 2627 6300
8530 5 4469 1035 4342 1104 4132
8531 3 4674 4492 7397
8532 3 4503 8248 2944
8533 3 7404 7150 726
8534 4 1745 9641 7773 7320
8535 4 225 2449 3891 357
8536 1 6000
8537 3 2269 8762 1217
8538 6 4183 8483 5748 4324 8699 4945
8539 5 4072 8375 9287 8878 4258
8540 3 529 1073 3775
8541 2 6747 1559
8542 3 175 7783 8865
8543 4 1004 7903 9369 5923
8544 2 5944 1089
8545 5 144 90 3199 6911 1768
8546 5 1403 7379 1623 5310 1920
8547 3 7574 3564 6326
8548 3 7237 1139 924
8549 10 6917 3613 1028 4620 2486 2857 820 3564 3314 5023
8550 8 6420 9723 4292 5652 5349 3051 6996 550
8551 5 4457 2058 9961 5841 68
8552 6 6030 5305 7066 8772 8172 8213
8553 2 8240 902
8554 5 4313 566 3214 5080 8006
8555 2 5350 592
8556 6 1987 4273 8620 1148 9409 2376
8557 3 3598 9981 7446
8558 7 4545 8029 577 6567 4758 9524 5204
8559 3 4516 3902 1353
8560 3 7364 9055 6619
8561 4 6718 3701 1088 5079
8562 6 6780 8871 7143 1877 7067 3644
8563 4 178 7379 514 835
8564 3 2662 8629 4095
8565 3 6598 9650 3639
8566 4 3019 7636 8083 29
8567 4 935 4179 5914 51
8568 5 3114 9134 5117 7388 8374
8569 4 1567 7672 6293 8501
8570 3 7621 5074 5539
8571 3 7989 9042 5406
8572 5 5840 9176 5316 6654 4289
8573 6 5084 1321 504 7430 2588 9232
8574 5 4796 422 4083 5022 5267
8575 3 1892 9778 2286
8576 6 1467 5063 5987 7482 1897 1058
8577 5 6841 3736 3305 1331 531
8578 3 1348 2456 6076
8579 6 6380 8083 7916 9295 4602 6693
8580 5 5376 4434 6427 8934 221
8581 5 2753 4303 5760 2897 155
8582 6 5127 8865 3412 2468 6566 3946
8583 2 3375 8769
8584 4 604 8803 1643 8175
8585 4 8170 4055 9995 7078
8586 4 1662 9810 4238 2412
8587 7 4985 1460 9380 8029 9770 6786 9598
8588 4 5002 522 8371 1253
8589 2 6050 5499
8590 8 7117 8689 6963 3596 6969 3993 8654 9855
8591 2 2671 4017
8592 2 5797 989
8593 4 8115 1790 6998 1879
8594 4 7321 4960 4331 6787
8595 8 3178 5146 6165 5440 5177 8763 3342 7195
8596 4 7786 8504 9183 384
8597 3 4141 7813 7319
8598 4 3865 6243 4348 3099
8599 3 2512 434 9636
8600 2 3403 8510
8601 3 7819 9630 6325
8602 6 770 9219 2832 5975 9323 3673
8603 6 2601 11 8147 2490 7567 9755
8604 5 7238 329 3731 5954 4018
8605 4 1689 2391 5347 9784
8606 4 4321 9037 9197 7324
8607 4 1912 7730 2223 9148
8608 7 4957 1442 5185 4503 6485 2755 9879
8609 8 1481 8887 6594 2198 9135 3042 7845 5585
8610 5 6442 5527 303 9991 1466
8611 5 4291 8870 7747 8117 1226
8612 4 7685 8378 3720 81
8613 3 7425 547 4089
8614 4 4160 7439 7040 8134
8615 2 4407 5508
8616 3 7184 9624 7210
8617 4 8518 1517 3199 867
8618 2 7007 7025
8619 4 681 3494 4872 2846
8620 6 813 4946 8556 8194 8263 9956
8621 3 5907 6330 3829
8622 2 1978 3488
8623 6 7532 8293 8147 7422 9357 6466
8624 3 7982 4779 1771
8625 4 4173 9530 1751 7534
8626 6 5342 8800 1955 7509 1985 6499
8627 4 538 9021 1337 8500
8628 5 7932 1030 9171 774 1486
8629 4 5156 4533 8564 4989
8630 6 6762 5346 8247 1724 8643 9346
8631 2 7065 4119
8632 5 5684 3146 6586 9638 7688
8633 1 5312
8634 3 5640 3042 7528
8635 5 201 8174 3272 4025 172
8636 1 2607
8637 4 5299 1145 8808 1512
8638 3 7189 5107 7654
8639 7 5958 9114 4851 7618 6824 9143 3469
8640 5 2976 905 8427 877 4134
8641 3 5885 1356 7656
8642 3 637 7290 9013
8643 3 3564 5632 8630
8644 6 1844 8707 6079 9940 8769 3984
8645 3 1614 5042 6307
8646 1 8395
8647 3 1493 9973 7465
8648 4 8261 5133 2960 7084
8649 5 732 8115 6115 8433 8372
8650 3 3245 3749 3297
8651 1 5573
8652 4 6972 281 9879 9676
8653 5 6351 9747 7271 3054 4343
8654 8 89 9210 4807 1142 8590 5854 9895 3193
8655 2 1277 295
8656 5 2841 8966 3151 1487 7635
8657 2 5858 1169
8658 4 756 4215 5300 505
8659 5 3614 5781 962 9821 1491
8660 3 5201 4279 17
8661 3 6644 3760 8380
8662 3 1112 9523 7593
8663 2 3721 918
8664 2 867 6930
8665 3 8370 6008 806
8666 2 6018 9161
8667 4 4904 377 2117 9946
8668 5 1776 3721 6077 586 8187
8669 4 23 7401 1490 9682
8670 6 83 9840 745 4926 3921 4133
8671 6 3712 2627 2013 8258 1234 8802
8672 3 6834 3448 7073
8673 3 3213 9986 7582
8674 4 114 8899 1279 7043
8675 7 6632 3724 2360 736 8108 3134 9280
8676 4 6639 7743 5988 31
8677 9 6913 7391 3622 1939 9195 7957 9990 8264 9288
8678 7 130 9355 9541 9644 7113 5648 9768
8679 6 709 51 1074 5322 9548 2735
8680 3 5491 2485 1659
8681 3 7128 7924 7765
8682 3 550 4355 6306
8683 7 6131 580 9206 1194 6749 7541 6845
8684 4 7983 8241 8130 225
8685 7 3368 9239 2677 2405 9703 1074 8096
8686 3 6689 4717 1751
8687 5 1731 9702 9924 7571 6332
8688 4 3103 3633 9533 173
8689 6 8590 5808 3625 3672 9381 6264
8690 8 3004 1855 1987 5759 7645 1970 3429 3374
8691 6 1175 7980 7976 7854 5083 5418
8692 4 5483 224 6959 48
8693 6 4159 8379 1394 9105 2547 1014
8694 4 935 4124 3780 8005
8695 2 7446 8355
8696 5 4534 3925 9197 9430 7382
8697 3 5549 2119 1696
8698 2 5856 8262
8699 7 4197 8701 8461 4500 4327 8538 4003
8700 2 6358 3271
8701 2 8699 6395
8702 7 5795 6226 3719 8315 1554 165 2362
8703 5 2259 7781 3193 4983 2780
8704 2 2339 9599
8705 3 2681 9429 5651
8706 6 1332 560 9208 2394 5025 9268
8707 5 8644 7918 1159 1282 3197
8708 5 7518 9588 601 4552 6499
8709 5 7054 4072 2737 9175 6248
8710 2 4201 2394
8711 4 1593 3750 6216 6267
8712 5 4314 7612 9318 5685 7393
8713 2 1449 1054
8714 3 260 485 1179
8715 2 6784 4095
8716 8 4111 6191 3873 7478 6689 9598 472 5712
8717 8 2765 8274 8043 7990 26 461 3091 6525
8718 6 2519 5619 8069 1382 9874 8402
8719 6 7741 2651 9054 8437 1248 9105
8720 3 2334 4085 7130
8721 6 1410 9907 6508 9367 4511 6532
8722 2 4287 8085
8723 2 5304 9582
8724 4 3621 8375 7401 3590
8725 2 2111 1248
8726 5 3729 4115 5714 2082 652
8727 3 5788 8751 1227
8728 3 398 9040 5743
8729 4 7880 5024 40 7670
8730 2 7970 6775
8731 5 7474 6798 5399 101 8363
8732 3 7514 2851 9739
8733 4 8426 462 1641 9769
8734 3 5083 173 1811
8735 7 6324 2234 4545 9305 7278 836 6482
8736 3 5851 4665 2790
8737 8 5238 9007 4664 4221 164 8086 4138 7602
8738 5 1876 8214 718 456 263
8739 6 4843 9386 6860 1742 6039 3696
8740 3 2129 1654 5455
8741 4 5851 8018 3818 7324
8742 3 1547 4162 8510
8743 6 7075 8440 6260 5115 4643 85
8744 3 449 838 3407
8745 6 3276 6026 5118 4354 3044 2628
8746 5 1095 982 6650 6729 9974
8747 5 7911 8897 4723 9691 6341
8748 5 6750 9400 9713 6908 1805
8749 4 1667 1429 9032 7178
8750 5 3058 7466 4712 8016 5954
8751 7 7237 7003 5250 8727 9265 10 338
8752 2 4086 6808
8753 3 1933 9540 2003
8754 3 3509 6480 5177
8755 3 4448 8385 8192
8756 4 3423 7817 853 560
8757 3 2446 6734 4427
8758 5 3297 7367 2201 6033 4666
8759 1 2710
8760 5 2044 1658 565 9582 8101
8761 4 2720 8966 1227 5408
8762 4 8537 1616 1151 5590
8763 7 3885 6868 4719 8595 8115 296 383
8764 4 3980 9273 7114 1832
8765 4 7951 9409 676 332
8766 4 774 437 9989 9045
8767 3 1580 6109 941
8768 3 3263 8296 7017
8769 5 576 9568 8644 8583 5052
8770 4 3428 2979 708 3146
8771 6 6895 2762 8426 6636 2181 9880
8772 3 1031 8552 7297
8773 3 1252 9158 8208
8774 3 1128 582 8233
8775 4 5844 7898 5071 9065
8776 10 1995 3778 9256 9097 4234 2096 7251 9563 8254 858
8777 6 2842 2205 6984 3826 5546 4199
8778 3 1009 3537 4030
8779 7 4245 4549 3049 3861 2952 4023 2256
8780 3 4960 9911 268
8781 6 4586 1277 7398 9239 4156 3535
8782 9 1690 8973 6589 2597 5849 6739 3346 7122 6256
8783 3 7834 7779 1516
8784 4 5086 752 1790 2736
8785 1 2671
8786 6 5564 8383 2072 8888 6578 6122
8787 1 6727
8788 2 1135 145
8789 3 1085 4661 1062
8790 1 5922
8791 3 5145 3891 7380
8792 3 3402 6370 5960
8793 6 2768 1251 7597 4675 9961 1544
8794 4 3823 6910 6089 6231
8795 3 224 4165 8184
8796 4 6727 5310 2671 2244
8797 2 3261 4621
8798 3 7138 9153 3342
8799 4 6622 6230 8222 6877
8800 5 8626 8033 4452 5452 4665
8801 2 474 8262
8802 6 5448 6793 8671 2411 4128 1163
8803 2 8584 6451
8804 4 4766 4482 1292 9765
8805 4 4978 6641 7377 4559
8806 5 6504 6088 6815 9764 9591
8807 5 7825 919 1354 7211 9866
8808 5 1964 8637 2292 776 94
8809 3 6678 2874 5839
8810 4 2015 7886 6528 1110
8811 5 3606 9007 1137 2171 4378
8812 2 5205 2199
8813 8 7193 2498 1154 8368 4104 3488 8816 4372
8814 5 2273 9333 8204 5756 9186
8815 6 5375 2767 6322 8110 4485 8931
8816 5 4092 8934 8813 9419 8360
8817 7 1312 6587 6207 5600 9477 5400 5361
8818 4 1421 6209 1114 2529
8819 6 6174 3065 1156 6277 2744 7010
8820 10 1724 2212 1915 2887 8919 4847 4174 4824 7607 5959
8821 3 6297 266 7565
8822 5 1426 9871 8881 4743 1228
8823 2 1182 5121
8824 4 6274 9850 4310 9936
8825 4 8076 6968 5886 5311
8826 3 79 7501 4934
8827 5 504 5691 7102 2832 1911
8828 4 2000 9742 5194 3013
8829 3 8150 5128 5425
8830 2 1954 706
8831 3 6679 824 3199
8832 4 7267 5255 3909 7150
8833 7 2461 57 9286 9152 7822 3 9742
8834 4 3237 2345 2249 7305
8835 2 1318 7420
8836 7 8029 6020 5289 5145 1017 448 8855
8837 3 424 4852 2803
8838 6 2240 4902 3003 4508 1611 3563
8839 2 1322 1614
8840 4 159 1349 3986 5816
8841 4 7083 7629 9583 2374
8842 1 1678
8843 2 614 420
8844 5 1775 1672 4706 8287 3412
8845 4 1438 9672 5578 496
8846 6 4548 5128 9896 2868 6879 3849
8847 2 7248 209
8848 7 254 915 7634 9446 5154 8497 457
8849 5 1524 8857 6621 2959 971
8850 5 4438 5499 4922 4120 412
8851 3 3022 7964 1926
8852 7 1264 5614 5343 1037 1028 4318 7517
8853 6 694 3473 4063 8941 5865 3482
8854 3 6588 9530 1496
8855 7 4274 9795 5270 2335 8836 7038 5291
8856 2 7761 8394
8857 5 7537 9466 7387 8849 2516
8858 4 771 7445 3369 3120
8859 4 6328 1492 3028 4276
8860 3 4782 4866 5702
8861 5 8289 1709 6483 1369 5045
8862 3 5618 5218 1284
8863 3 1929 3552 1994
8864 2 526 6452
8865 7 8582 2105 91 347 4467 8542 6167
8866 3 8526 6240 7305
8867 9 8201 3349 7604 9507 5038 9531 4214 8093 6098
8868 2 1763 9592
8869 4 2681 1111 7999 1824
8870 6 8611 3536 4114 4916 3904 5084
8871 6 8562 5326 3400 8344 7577 2520
8872 5 4002 41 3707 2146 4161
8873 2 2829 3285
8874 6 8353 9485 3568 3693 221 6565
8875 3 2446 6922 7873
8876 3 4935 2126 6589
8877 4 6699 7821 7271 3799
8878 4 1043 9361 8539 3357
8879 10 6293 7560 4945 7096 3821 6487 7305 831 3937 4815
8880 3 565 4896 4792
8881 4 5371 760 1893 8822
8882 4 7966 4003 876 3332
8883 4 7759 349 3543 9091
8884 3 100 4800 4125
8885 3 2399 553 5198
8886 5 272 3097 4197 6927 9481
8887 6 8609 1737 3795 6117 9784 145
8888 4 2033 8786 6903 6410
8889 4 8271 9135 3710 9490
8890 3 6242 9041 9229
8891 6 5111 7214 1498 3049 3438 5369
8892 6 680 9442 387 970 6998 9386
8893 5 3452 9932 6027 7518 7109
8894 7 2531 9718 6442 5404 9568 4267 1048
8895 5 6684 4378 6686 1667 1030
8896 5 5704 7424 667 9480 1666
8897 4 6489 7011 8747 136
8898 1 8165
8899 3 8674 1618 9573
8900 3 319 7421 922
8901 6 8264 9130 4715 2521 4140 134
8902 4 4962 8191 5905 1043
8903 6 2457 1366 3845 4609 3911 7251
8904 3 3527 1192 5501
8905 3 1352 5167 909
8906 3 7980 162 663
8907 6 8429 6487 1686 2381 5187 2807
8908 7 5441 8142 9477 8519 7763 7812 508
8909 5 814 2070 6883 4655 6992
8910 4 4755 6013 8372 9832
8911 3 1062 4479 8183
8912 2 4968 609
8913 4 4155 2040 2608 6772
8914 3 8250 7542 2309
8915 1 2199
8916 3 2598 5747 7079
8917 2 4746 5837
8918 1 2530
8919 4 4363 8820 5141 7869
8920 10 5190 2654 1616 7805 2297 980 1834 9234 5720 3418
8921 4 4249 8354 6731 4419
8922 4 8165 3027 872 7255
8923 1 6301
8924 3 2781 8313 9609
8925 6 8349 3174 4407 755 1220 6332
8926 4 6349 8110 3918 1122
8927 6 7347 7625 6904 9207 4496 9621
8928 5 6195 2269 6449 5641 5762
8929 4 5845 5692 6745 9870
8930 3 4191 2907 1188
8931 7 5171 8403 5209 7201 6788 4236 8815
8932 3 8085 6820 76
8933 4 4688 2192 7949 580
8934 7 6933 7980 1532 1905 8580 8816 9712
8935 6 4371 9664 3076 2078 1617 4074
8936 4 7170 6814 882 1974
8937 2 3741 3356
8938 3 2553 5644 7968
8939 1 4291
8940 5 6049 7078 5452 3262 8221
8941 7 6966 3995 8205 2575 9838 5826 8853
8942 5 2831 9742 2817 7842 6889
8943 4 6097 6680 3947 5112
8944 5 3535 9660 1233 9729 2603
8945 3 739 9290 4751
8946 7 111 8418 816 8031 3664 5085 5684
8947 5 4822 1237 4066 9078 8104
8948 6 7247 4643 3876 9160 6997 7690
8949 1 7746
8950 5 4893 9527 6294 2590 6445
8951 4 312 3395 5567 5842
8952 3 2364 9208 6592
8953 7 7491 4897 9948 4964 2805 7295 5004
8954 3 8014 9606 4568
8955 5 5123 1775 5986 3292 1986
8956 6 5470 7454 9713 7353 925 9240
8957 4 2017 9280 8521 4035
8958 5 273 9794 877 7995 4013
8959 6 6259 4337 2192 214 5669 2546
8960 2 2612 6991
8961 2 2564 9741
8962 3 6776 7530 8115
8963 4 434 4968 456 5638
8964 6 3714 8052 9343 2365 3934 8271
8965 4 2985 3389 7605 4567
8966 4 2231 8761 8656 8188
8967 4 1168 874 3449 6263
8968 2 4887 2132
8969 5 3054 7386 2804 4711 6358
8970 7 1938 1858 7970 8506 9631 6723 6468
8971 8 3421 7414 6276 1537 7534 6184 440 734
8972 3 2186 6560 9192
8973 6 4802 8782 483 5091 3796 7559
8974 4 4984 492 2517 7486
8975 2 3344 4686
8976 3 2081 6895 7150
8977 6 2348 116 8414 9110 7939 9028
8978 3 3358 8268 5821
8979 4 6322 2407 5569 5147
8980 4 2274 8176 4849 4067
8981 3 6665 2408 5855
8982 5 2496 3798 4439 4677 8197
8983 5 5694 5777 2174 3796 5643
8984 4 4961 1587 3075 7646
8985 4 7207 8272 2490 3964
8986 3 8495 2118 3155
8987 5 6291 9203 731 6561 7380
8988 7 3303 278 2665 3610 1405 5904 1883
8989 6 3281 2980 2239 3844 1258 7937
8990 6 4525 6073 9157 2991 7005 4104
8991 6 8252 2439 6481 5539 6478 5321
8992 3 6602 9889 440
8993 3 570 2500 7448
8994 1 3454
8995 3 7805 7640 9475
8996 5 7821 4215 1889 3162 1272
8997 4 6859 6539 3442 2640
8998 3 5836 8379 4402
8999 5 1901 6212 5105 5866 3810
9000 2 2999 5719
9001 3 8182 7813 924
9002 3 2495 5002 1825
9003 8 134 2605 4259 3362 2462 7189 6954 3282
9004 7 1182 9243 1431 7329 2041 6101 7001
9005 2 7278 6242
9006 3 755 5528 9769
9007 4 8737 4523 8524 8811
9008 3 1760 5210 882
9009 8 4246 2303 417 4355 9911 8202 6006 4634
9010 4 4876 7117 7333 5460
9011 2 4025 6880
9012 4 7724 2416 129 4893
9013 4 4826 2461 8642 4610
9014 4 2436 7357 4320 739
9015 6 2307 4888 7068 2906 5778 3021
9016 3 1186 3132 491
9017 2 3791 3305
9018 4 2185 4632 4256 1835
9019 4 1908 1631 1660 4799
9020 9 6731 6266 7244 3829 3860 2150 9441 6657 9523
9021 4 6848 8627 9669 7772
9022 5 8371 8440 6280 1111 3530
9023 1 1229
9024 2 230 3564
9025 2 7045 3915
9026 4 3020 7141 4460 383
9027 5 1836 7995 1386 335 3325
9028 2 3475 8977
9029 3 2404 1484 9037
9030 2 5608 8194
9031 3 2836 9235 8071
9032 4 2906 4433 3335 8749
9033 4 3320 976 5290 7665
9034 5 3375 869 2420 6883 1409
9035 3 4707 816 7664
9036 3 5750 1400 5864
9037 7 8606 569 9029 807 6016 7123 7459
9038 3 8085 8221 8140
9039 4 2941 1918 9579 5105
9040 8 7639 5391 8728 7048 1608 5482 989 4563
9041 8 2740 4889 8890 4845 2746 4511 9651 2444
9042 2 8571 2437
9043 4 4124 342 6628 231
9044 3 4416 4728 6135
9045 7 3056 7445 2290 4363 7610 8766 8442
9046 4 4885 5243 1335 1092
9047 9 3078 9297 4303 2489 1783 6481 7532 2256 633
9048 7 8008 4786 4773 640 9216 4171 1212
9049 6 6094 7770 237 1903 258 8333
9050 8 6555 3510 5122 7504 4810 1356 8504 6857
9051 3 89 8373 6097
9052 3 4363 1127 2133
9053 2 2999 567
9054 6 1707 4640 9181 8719 2173 7804
9055 6 5477 995 3817 8560 6067 3094
9056 3 1083 21 3100
9057 6 3552 7142 2444 7395 5188 7255
9058 5 3865 2521 4959 310 498
9059 3 5406 1845 7803
9060 2 3437 4002
9061 5 919 9854 9758 6093 6807
9062 8 3635 4294 4478 6958 1455 2281 4809 4963
9063 4 8152 451 9281 630
9064 3 2733 6330 741
9065 6 1244 1753 7659 5812 8775 1362
9066 5 1204 8477 9829 957 823
9067 6 7772 7634 6520 8302 4360 2489
9068 5 5989 7411 5325 4437 4367
9069 2 817 8089
9070 4 4793 9768 878 9381
9071 5 2148 7956 7859 8143 2804
9072 4 6121 2207 2363 531
9073 2 4562 9580
9074 4 4404 7596 6756 9854
9075 5 6828 5280 6661 9260 8309
9076 1 7924
9077 2 895 1603
9078 3 6526 5865 8947
9079 6 4748 6673 1655 8059 6640 6243
9080 5 5342 1931 4557 899 99
9081 5 2926 7273 7199 5670 1005
9082 4 7471 9164 3963 496
9083 4 7581 4421 9390 1354
9084 2 2707 7718
9085 5 1243 2936 9981 6584 7042
9086 6 7150 1038 5375 7663 454 1652
9087 3 5119 6344 4100
9088 6 655 2242 147 3379 7818 3489
9089 6 3931 9714 3187 2170 8459 513
9090 4 6820 8307 2659 303
9091 6 5683 8883 1185 4014 3938 8310
9092 2 5207 6972
9093 2 2921 6401
9094 6 1276 9102 1705 435 6728 7669
9095 6 7512 4457 6933 1129 5239 2354
9096 2 1449 7803
9097 7 6700 9992 4580 8776 2051 1501 7665
9098 5 5645 6187 2156 7603 7822
9099 3 2907 3408 3192
9100 2 5135 203
9101 1 4980
9102 5 9094 1275 3984 3718 3871
9103 5 4269 3647 9537 9118 1865
9104 2 8490 9730
9105 12 3361 5743 7707 2804 4180 3315 8693 247 3394 8719 9418 1653
9106 6 4544 1676 1293 219 3283 1397
9107 3 3317 1929 6336
9108 4 2390 4039 787 7543
9109 5 5256 2583 1104 2901 7137
9110 5 8043 1975 9619 8977 6926
9111 5 1190 6940 7710 4289 3877
9112 1 4894
9113 3 1585 943 7904
9114 6 8639 2250 9240 8192 2370 4189
9115 2 2569 6392
9116 4 8459 5999 3644 3162
9117 6 4176 1888 5497 660 6515 2878
9118 3 5194 6174 9103
9119 5 3036 9699 1271 5501 9483
9120 8 6459 2567 2228 6714 9518 1867 7133 5459
9121 3 3708 3614 7317
9122 3 570 7994 4610
9123 4 1540 4710 7542 1745
9124 7 4026 6909 1902 8471 9851 6255 6101
9125 3 876 5987 3551
9126 5 2493 199 1120 6318 945
9127 7 5969 4216 7500 6466 2453 853 8393
9128 1 2519
9129 3 5951 9726 1378
9130 5 8901 3901 3268 106 3683
9131 4 1449 177 8305 8479
9132 5 1180 3466 8174 4030 7021
9133 2 4668 753
9134 4 1609 9388 8568 6389
9135 5 8889 8609 7770 5807 8254
9136 3 7273 7904 4425
9137 7 6201 9934 4965 3512 7247 2960 3957
9138 1 3143
9139 7 5748 6659 1842 12 5438 8142 9619
9140 5 4921 1936 3589 6599 162
9141 2 6887 1121
9142 5 4054 4050 3283 4820 2598
9143 4 5322 2791 8639 9215
9144 3 942 5621 7917
9145 3 1566 239 3021
9146 2 6983 2840
9147 4 7559 1150 7527 7370
9148 5 3755 9247 736 1289 8607
9149 4 5096 7204 3438 8189
9150 5 2254 6255 3222 8055 2592
9151 2 580 6
9152 4 5771 8833 811 9284
9153 5 3234 5604 8798 2757 5658
9154 2 7142 4777
9155 1 413
9156 7 7207 2452 975 1763 8399 201 9651
9157 7 4389 4741 8990 1324 1860 4667 2544
9158 5 8773 9611 1360 54 6587
9159 4 2087 1472 9929 5154
9160 3 7406 7473 8948
9161 4 347 8666 9899 311
9162 4 4008 9936 1514 4845
9163 7 4579 4201 295 3598 8303 3616 8108
9164 2 9082 8380
9165 3 4252 7201 6097
9166 4 2906 65 7983 3429
9167 3 7539 3831 2399
9168 3 7968 3522 9456
9169 3 8135 4204 5630
9170 4 217 6213 4764 7142
9171 6 6626 8437 4847 6428 9495 8628
9172 1 3332
9173 4 2728 9365 2983 9813
9174 5 1901 2807 998 6458 4935
9175 3 2561 8709 5220
9176 9 6191 8572 5544 4585 9732 4233 2939 5146 6377
9177 4 4304 1025 3677 8143
9178 3 531 9236 3730
9179 2 1988 9565
9180 5 4706 721 1087 9506 3640
9181 5 5179 9549 4954 9054 7603
9182 1 1550
9183 5 5132 3754 8596 423 7097
9184 3 3281 7633 2731
9185 6 4122 2807 4285 6623 6436 9945
9186 6 2951 8240 2059 9849 8814 4517
9187 4 4879 4425 4308 9246
9188 3 674 677 5870
9189 6 7834 988 2886 2098 6770 2296
9190 4 4010 4743 7391 1563
9191 5 753 3077 4832 219 4419
9192 3 2436 8972 5812
9193 1 5730
9194 4 2739 9261 3762 712
9195 5 5232 8677 8134 1316 9896
9196 4 4711 9721 6951 5284
9197 6 8606 9238 805 8696 1454 9610
9198 3 2013 1404 8082
9199 2 1064 2435
9200 4 2487 3677 581 9523
9201 8 3511 9951 3849 2323 9812 848 2504 8128
9202 5 3763 3250 1761 4979 4109
9203 5 4231 1079 2392 5868 8987
9204 1 4191
9205 4 2293 9318 9832 9207
9206 6 7805 456 5937 2148 8683 2911
9207 4 2954 9205 8927 205
9208 5 8952 8706 4357 1658 3652
9209 3 30 7554 3482
9210 4 7622 8654 6862 2525
9211 3 8266 7968 5390
9212 4 5592 7086 7774 1296
9213 5 593 9248 6362 8031 5073
9214 2 3775 1634
9215 4 2329 181 9143 2559
9216 2 3828 9048
9217 3 5755 116 3213
9218 2 4504 5400
9219 5 8602 9801 7355 2972 6832
9220 4 8080 9811 1901 4556
9221 4 6405 7071 2875 3623
9222 9 8468 9348 1188 7374 4393 5295 7361 340 7104
9223 8 2862 8286 8043 1203 135 7693 9298 435
9224 8 7732 7808 5688 4231 7103 5055 4715 4582
9225 6 2763 6254 2101 9342 8285 9623
9226 4 7104 9814 3573 1773
9227 2 2587 2757
9228 6 6189 9993 7328 7469 4842 8458
9229 5 740 4855 3908 8890 5318
9230 7 4141 9675 5740 6796 8525 9756 1486
9231 6 1714 4288 7624 7814 5374 5430
9232 3 7379 8573 6523
9233 1 3031
9234 5 4010 3486 938 8920 4502
9235 7 7881 9031 7510 5043 2342 1370 1326
9236 5 7081 7489 9178 3325 4950
9237 6 6098 1838 9933 1412 1767 5324
9238 2 9197 3297
9239 2 8685 8781
9240 6 1241 4933 9114 7020 4637 8956
9241 4 2087 9683 9825 3670
9242 4 3372 9507 5176 1308
9243 2 9004 9853
9244 1 6420
9245 3 8152 2120 1774
9246 6 3246 743 7389 3201 9187 6652
9247 4 9148 4751 3284 2845
9248 4 6772 9213 3102 5552
9249 3 6555 759 9849
9250 2 3479 9825
9251 7 3482 693 4224 1564 8380 5454 1644
9252 3 2336 7752 5304
9253 5 6499 2699 7559 3168 2294
9254 1 5483
9255 4 8345 1444 270 499
9256 4 6752 8776 1532 9816
9257 4 316 7016 2466 256
9258 4 3115 72 8372 331
9259 4 7783 7176 7789 1971
9260 4 6977 9368 9075 4356
9261 5 348 9194 9884 5879 214
9262 3 6970 171 8241
9263 1 393
9264 3 7716 7188 3597
9265 7 1133 3717 5864 5334 8122 8751 6649
9266 7 139 3316 4822 6920 743 9348 7810
9267 4 5330 3002 7184 5693
9268 4 4449 9590 4739 8706
9269 5 1899 1810 3524 924 2607
9270 3 2539 9925 3781
9271 2 2713 8075
9272 4 1112 4468 4212 5149
9273 4 8764 4528 2718 1679
9274 3 3505 3572 3317
9275 2 7906 135
9276 3 7652 2870 2500
9277 2 6598 4533
9278 4 1033 3978 4501 4570
9279 3 693 2683 4506
9280 4 8957 2098 7707 8675
9281 4 2885 7343 9063 356
9282 1 3790
9283 3 1119 845 1402
9284 3 3976 9152 5090
9285 2 1146 3887
9286 3 5694 9816 8833
9287 3 5896 8539 9611
9288 5 5018 4864 6277 8084 8677
9289 2 2564 4529
9290 3 8945 1754 2853
9291 3 8187 997 7393
9292 5 762 3652 7432 7657 4325
9293 5 5608 1974 1078 6637 4670
9294 4 2380 3777 8265 7916
9295 5 2335 1488 8579 3942 3126
9296 3 6129 7313 4064
9297 3 2847 9047 3185
9298 6 4459 8081 3599 9223 5213 1306
9299 3 7362 9585 8427
9300 5 5782 9537 8040 3214 8039
9301 2 3403 3284
9302 6 485 325 4929 3979 465 2856
9303 2 786 7673
9304 4 1139 657 7558 8509
9305 3 6499 5989 8735
9306 6 6346 7986 6717 1973 9957 1994
9307 5 3483 5494 2422 6994 1034
9308 4 6400 3560 2797 3124
9309 5 5691 3115 1765 7471 6108
9310 5 6053 4425 2926 9716 9668
9311 6 5348 5120 4148 6585 1099 5287
9312 1 3657
9313 3 4346 7207 4705
9314 3 38 2114 5845
9315 2 5464 6104
9316 2 5217 9457
9317 3 3413 7148 1981
9318 4 9205 8712 3998 7441
9319 3 6909 8036 8187
9320 3 7735 2999 8349
9321 5 456 1492 1876 519 7929
9322 4 3876 1919 2753 2283
9323 6 3436 1389 2300 2951 4150 8602
9324 4 2108 2272 325 1212
9325 1 3149
9326 3 2178 2859 2732
9327 4 3942 6663 5792 2338
9328 1 3371
9329 5 958 6776 5513 2787 4646
9330 3 4843 5585 7567
9331 5 4219 9899 9784 8361 7283
9332 5 6124 6510 7969 1087 9541
9333 1 8814
9334 3 4338 6157 2613
9335 5 3141 229 7857 1197 1996
9336 3 8347 7502 4032
9337 8 544 9950 1201 2565 4798 3002 3110 315
9338 4 2261 3726 5593 4109
9339 6 5268 6491 2518 4185 9360 957
9340 6 3684 9441 468 2446 9964 2203
9341 8 3926 2154 6029 9590 5280 1919 8358 2667
9342 5 5365 4523 4096 9225 2896
9343 3 6039 8964 7065
9344 5 4560 655 4561 4959 2665
9345 4 1315 3064 9375 6666
9346 5 7676 1577 3853 8630 4952
9347 4 2738 5997 1491 9373
9348 6 4670 9222 3409 9266 1265 3458
9349 3 1895 5263 4663
9350 5 7330 1424 3765 7305 6812
9351 1 4984
9352 8 2287 2119 9968 3061 1114 7258 6401 7300
9353 2 3625 2194
9354 3 587 3337 7544
9355 5 8678 9370 2915 3101 2541
9356 3 1301 2513 6988
9357 7 7132 9390 1092 7996 8623 8078 6698
9358 4 561 4401 5026 688
9359 2 1860 6347
9360 4 1359 9339 5303 3019
9361 1 8878
9362 6 1074 3896 7429 4829 4731 4056
9363 3 451 2827 5893
9364 2 8201 8050
9365 3 9173 2290 6620
9366 5 4948 3221 2417 6803 5094
9367 3 7507 8721 2866
9368 1 9260
9369 7 7709 9410 9888 5347 8543 17 4011
9370 3 9355 7102 630
9371 7 1560 891 812 5188 3466 7951 6125
9372 4 4239 9492 4165 4427
9373 2 4535 9347
9374 3 1272 7670 6164
9375 3 150 9345 9879
9376 5 901 2948 5766 3803 2629
9377 3 1153 5555 3152
9378 3 1022 6812 6445
9379 7 820 9633 3233 1358 6950 924 3931
9380 7 7360 8587 9720 795 428 2988 1010
9381 7 4588 978 712 4380 9070 8689 474
9382 2 6266 3742
9383 2 6916 3741
9384 4 6498 2673 8076 9732
9385 2 1236 4567
9386 4 8739 8132 4266 8892
9387 6 4987 9735 1391 3111 369 6909
9388 2 9134 3110
9389 1 1036
9390 6 9357 3321 5561 7825 7152 9083
9391 3 5533 5205 1622
9392 4 5723 6419 595 4448
9393 3 7775 1171 3342
9394 4 1020 7138 3474 2947
9395 2 3391 6115
9396 7 1721 66 1797 2534 7025 6921 4676
9397 1 6952
9398 7 6328 6647 3309 8259 3144 4379 9771
9399 6 5439 3215 4596 9472 5280 3836
9400 2 8748 8257
9401 2 4258 7903
9402 5 5841 8005 3477 5769 7822
9403 3 2442 2665 23
9404 3 6677 5210 6437
9405 6 7006 4095 520 123 1535 3148
9406 3 5494 6638 3955
9407 5 5018 2694 6544 3529 3912
9408 3 6120 9999 7093
9409 4 8765 1221 8556 5585
9410 6 9369 920 1078 5800 1035 9425
9411 3 284 5562 3686
9412 4 329 144 3540 5161
9413 5 62 3485 4161 1166 5576
9414 4 4046 9432 4092 5225
9415 3 3310 4901 5540
9416 2 8352 3465
9417 7 7223 9636 749 4958 5239 6461 1870
9418 8 4567 9682 5134 9604 1203 3647 9105 3752
9419 5 4144 1575 2427 5186 8816
9420 9 2195 9773 1080 4934 4543 4299 1049 6706 7679
9421 2 1444 6305
9422 1 3467
9423 3 2545 7739 2351
9424 1 561
9425 5 6884 2741 5661 9410 2659
9426 9 1367 2198 8001 5088 541 5777 9538 4239 8484
9427 2 8305 2114
9428 4 1045 7175 3733 5574
9429 7 7389 8705 490 3125 444 4844 1192
9430 4 4217 2597 7145 8696
9431 4 7809 8254 5114 616
9432 4 9414 5671 1527 1988
9433 3 3196 5317 6263
9434 4 4468 641 478 1461
9435 5 6102 9789 5060 3850 4618
9436 4 2851 3711 5184 4708
9437 2 424 6741
9438 2 5034 4797
9439 4 987 397 972 5669
9440 5 7708 6845 5455 5788 4630
9441 8 836 2500 1446 4661 9340 8139 9020 9530
9442 7 8892 5147 7833 8404 6686 4087 7381
9443 3 8047 5355 4013
9444 4 2848 8105 3917 3885
9445 3 2210 5539 3470
9446 5 7710 1041 7655 8848 5427
9447 7 2587 3760 7436 893 6276 8346 9568
9448 6 854 2686 6053 4022 7554 567
9449 2 6712 2363
9450 4 8334 955 4028 7952
9451 6 3297 6637 995 4940 6086 1505
9452 3 6668 4955 5451
9453 6 4177 5300 5891 4177 2131 6834
9454 5 1137 7181 3117 8008 5072
9455 3 5474 649 4733
9456 4 3891 9168 90 2022
9457 3 6524 144 9316
9458 6 4349 6274 4958 8232 444 7190
9459 4 3435 161 5203 6196
9460 4 819 8031 6086 5872
9461 4 7215 5967 1915 671
9462 1 1103
9463 3 3770 2997 7410
9464 3 8206 8420 185
9465 5 7730 1046 2636 5412 8033
9466 8 8857 9566 7600 9910 7275 5568 5041 4334
9467 3 2479 7396 6374
9468 4 3226 8308 8217 7248
9469 4 3854 2209 2045 9584
9470 5 7692 4881 910 3230 5179
9471 4 2903 3834 1442 5353
9472 6 355 9399 2872 5207 1882 4541
9473 2 1692 1730
9474 4 7491 2210 7012 603
9475 6 1725 1280 7056 833 2304 8995
9476 4 320 1985 2995 9653
9477 7 2873 8908 234 6695 5196 8817 5630
9478 3 4818 1726 2221
9479 3 4172 6113 7816
9480 3 3550 1979 8896
9481 4 6748 7306 404 8886
9482 2 5800 2803
9483 3 1408 9119 6253
9484 5 5825 9658 7946 9823 2353
9485 3 137 8874 3537
9486 1 1653
9487 4 2650 7149 7960 184
9488 3 4035 2993 8486
9489 6 3047 2043 9986 5524 3739 3243
9490 5 2230 4831 5887 2635 8889
9491 2 3648 4298
9492 3 9372 9600 7625
9493 5 7201 4668 4229 6113 9540
9494 6 5482 9954 7931 9567 3003 2809
9495 4 6478 2380 9171 7867
9496 8 4808 2157 7705 5126 6791 2585 7863 3695
9497 7 2127 5681 6255 2639 5692 6925 46
9498 3 8483 9948 518
9499 2 2249 4526
9500 5 3482 4676 2797 5762 657
9501 4 419 6477 3433 8341
9502 3 909 5264 1248
9503 1 5538
9504 6 5444 3209 6686 6290 7761 217
9505 2 3486 5476
9506 3 2026 9180 6038
9507 5 9242 8867 2282 2089 6412
9508 5 7736 934 3400 5130 1798
9509 5 8523 519 3745 1516 961
9510 2 7653 3551
9511 3 6592 510 7026
9512 5 7816 868 5318 5709 6102
9513 4 2130 6813 5396 2367
9514 6 2139 3199 873 6708 9708 695
9515 4 854 156 1450 3437
9516 3 2855 4978 6795
9517 2 5648 4278
9518 4 8188 6433 9120 7308
9519 2 1917 9969
9520 5 4527 281 547 6557 8321
9521 3 3569 2157 8385
9522 4 6278 8206 860 8149
9523 5 8662 1416 7355 9200 9020
9524 9 6316 9579 5814 7641 1625 8558 4653 3117 4081
9525 5 4374 3342 5014 6961 5024
9526 2 867 5684
9527 3 8950 2253 5925
9528 3 464 3867 492
9529 5 6757 1595 7133 1777 2691
9530 7 8625 388 435 810 4198 9441 8854
9531 4 3180 2221 8867 7553
9532 2 3352 2367
9533 6 7133 6631 3564 9703 8688 3517
9534 3 3977 6172 2215
9535 2 428 3648
9536 3 7873 7591 4353
9537 8 3355 6079 9300 8209 6188 261 1168 9103
9538 5 5158 6012 9426 8182 8109
9539 3 4700 9856 3558
9540 3 8753 2830 9493
9541 3 8678 9332 4223
9542 6 5560 4267 4375 686 7535 8474
9543 4 7835 6334 1276 263
9544 4 6635 209 3232 9567
9545 2 1366 1619
9546 3 2943 5412 7728
9547 3 5910 6050 8196
9548 5 4843 6596 3756 8679 1450
9549 6 9181 4969 1772 6359 7947 5932
9550 4 6355 8480 9817 8349
9551 3 7739 690 7420
9552 2 6886 821
9553 4 1984 915 5388 2291
9554 8 4803 3601 6056 9718 8104 8236 7956 1115
9555 2 7659 6539
9556 3 6191 2483 782
9557 3 5318 5464 1923
9558 3 517 1157 8423
9559 4 8315 1684 2199 4073
9560 7 4643 9592 623 1943 1291 2047 1888
9561 3 7075 3980 5071
9562 2 6649 5438
9563 5 4217 7954 6863 7652 8776
9564 4 7265 913 4709 4346
9565 6 2447 2364 3294 6635 2785 9179
9566 6 5721 9466 5766 3668 3013 3364
9567 5 7528 8136 9494 8359 9544
9568 11 1312 9607 1871 8769 5186 9774 2369 6022 8894 9447 6022
9569 5 3899 3771 3675 9968 8133
9570 3 4414 1747 496
9571 3 8218 6239 3516
9572 4 4691 9845 6137 4116
9573 7 7136 7721 4623 2669 80 7386 8899
9574 4 7038 4162 9625 7448
9575 3 1221 8206 2034
9576 5 6445 9950 2206 4902 3955
9577 5 3308 2579 6074 1934 8503
9578 4 7490 3584 1038 7804
9579 6 9524 8502 3739 7367 9039 5410
9580 6 3829 8445 5659 9073 1693 871
9581 4 2161 5773 3880 995
9582 3 8723 2142 8760
9583 4 663 805 8841 4832
9584 3 5345 10 9469
9585 4 9299 3364 2104 5710
9586 7 5347 9683 456 6273 6727 7052 1939
9587 6 6379 6126 7594 6193 313 4339
9588 4 3026 1663 8708 5946
9589 3 2916 350 3445
9590 5 9268 5596 7268 6310 9341
9591 4 1803 4823 5558 8806
9592 5 9560 6313 5230 8868 3261
9593 2 207 2061
9594 1 2087
9595 4 310 1965 396 4978
9596 2 1272 7606
9597 4 1500 539 9679 7643
9598 5 6276 8716 42 213 8587
9599 3 7783 8704 8424
9600 2 9492 8155
9601 5 6918 3690 2352 5371 6057
9602 4 2981 5396 6025 3132
9603 2 3719 1249
9604 7 1392 7808 753 263 6132 9418 7990
9605 6 7380 5529 1472 3170 4671 8077
9606 7 5173 7602 2140 6221 7183 8954 5444
9607 4 9568 7226 5182 8306
9608 4 3446 9806 369 2619
9609 6 747 8044 4957 3166 8924 2306
9610 6 3411 6180 1032 5270 2622 9197
9611 3 9158 9287 5771
9612 3 4306 8326 5503
9613 5 2803 9794 202 7582 5894
9614 6 5613 2532 3180 2024 2915 5095
9615 2 6549 4587
9616 2 1462 1516
9617 3 5476 2090 1651
9618 3 7708 9978 9877
9619 5 3005 9110 1136 459 9139
9620 3 1972 2885 7427
9621 9 6645 9869 7044 749 6090 386 7573 3437 8927
9622 4 8081 3646 6620 6520
9623 4 4448 8240 2865 9225
9624 4 6782 8616 6064 6384
9625 5 3258 215 9574 6433 6315
9626 2 7591 244
9627 5 6143 3012 190 2605 9684
9628 2 7114 64
9629 3 877 3208 5426
9630 4 6374 2050 8601 264
9631 5 3255 1001 8970 1143 2030
9632 2 4470 6443
9633 7 9379 9962 21 7422 5236 5872 5262
9634 9 3704 7809 1734 424 2730 2555 1311 6059 5689
9635 3 5337 9797 6988
9636 8 570 9417 2672 8011 2744 5907 4965 8599
9637 2 808 4070
9638 5 5607 3981 1762 6450 8632
9639 2 8184 4308
9640 4 6576 1291 8295 7534
9641 10 8428 3643 1200 700 7852 8534 290 1919 5449 3010
9642 3 5493 6812 6165
9643 3 4909 661 1970
9644 3 8678 7420 4529
9645 5 1030 8504 4078 5567 3257
9646 5 7880 4088 4721 8409 8080
9647 3 4385 5195 5554
9648 4 8122 9844 7544 1603
9649 4 769 3909 7009 3158
9650 6 8565 2282 2422 6725 4466 6777
9651 5 302 7507 7319 9041 9156
9652 3 74 9895 6421
9653 4 3118 2735 9745 9476
9654 6 323 4046 1244 3749 9656 1251
9655 3 3189 4659 7239
9656 5 3904 3897 9654 5331 5200
9657 4 1956 3142 1256 3188
9658 3 9484 7362 8021
9659 8 2753 8178 8099 532 9864 3709 9692 3375
9660 3 4326 8944 6528
9661 4 4560 2117 9882 4985
9662 5 7563 4281 5041 1226 7805
9663 3 6542 6037 2702
9664 4 8935 542 2613 6500
9665 10 1183 5845 7584 1644 70 2841 2691 6295 2932 4679
9666 4 2985 5041 1455 8096
9667 4 7649 5796 5523 8103
9668 7 5888 3306 6826 1024 5794 7630 9310
9669 3 6058 9021 237
9670 5 3747 5265 9888 1785 4074
9671 3 3737 5210 3935
9672 5 8845 760 4211 6128 8356
9673 2 3682 3423
9674 1 3170
9675 5 9230 1714 4699 5226 599
9676 2 4361 8652
9677 5 3129 6171 457 3956 5591
9678 5 446 5605 1703 3107 2608
9679 5 699 2687 9597 71 1411
9680 4 1250 5684 3711 7842
9681 7 378 9945 5378 2994 3639 6591 5364
9682 3 9418 4663 8669
9683 5 9586 5948 9241 7787 5807
9684 6 6315 2511 1233 4288 4220 9627
9685 6 8069 8516 615 4200 6060 6977
9686 5 6082 6209 6284 3794 5040
9687 6 7328 4803 6733 8279 3657 9950
9688 3 4388 6712 6544
9689 3 4530 3680 1831
9690 6 5144 4144 409 6528 6115 2999
9691 4 3064 6598 4064 8747
9692 4 4993 3960 125 9659
9693 1 3833
9694 2 1503 8334
9695 5 180 3132 6369 2330 7910
9696 5 3603 5065 1523 5178 557
9697 6 6397 2763 3193 2961 2807 1272
9698 4 5292 234 214 5558
9699 1 9119
9700 4 1538 1002 6182 6026
9701 2 4912 6263
9702 3 8687 4533 7825
9703 4 4417 8685 9533 1867
9704 3 1725 3636 4240
9705 4 4363 5000 2661 680
9706 6 4481 5083 6926 413 8052 3603
9707 4 7417 4736 3878 2135
9708 3 3373 9514 7656
9709 3 363 895 4655
9710 5 2542 4479 2653 1841 1226
9711 3 2233 5058 448
9712 5 93 1526 9882 249 8934
9713 4 8748 6121 1198 8956
9714 4 9089 5342 6457 8189
9715 4 3424 6751 4756 1048
9716 5 6298 3708 9310 7053 886
9717 7 6679 2889 7145 3975 9827 7794 1592
9718 7 8894 6525 4011 9554 5765 6830 2617
9719 5 2159 4709 5840 4475 4313
9720 4 3599 9380 1333 2239
9721 4 967 9196 1660 1178
9722 4 2803 8390 7330 7935
9723 3 8550 5987 7964
9724 4 7699 7152 8027 1901
9725 3 743 83 1925
9726 3 9129 4050 5938
9727 3 4325 4307 4672
9728 7 2716 1252 7754 5744 401 1545 504
9729 5 7454 6334 8944 5764 4516
9730 6 2534 9810 2782 9104 1429 7260
9731 3 732 2674 4057
9732 7 5844 6233 6129 9176 2853 9745 9384
9733 4 1287 3361 7758 5456
9734 4 1835 6675 1845 7041
9735 7 222 9387 3001 5244 8036 6212 3168
9736 5 5252 4637 2920 5976 2564
9737 7 1282 7443 7711 6799 5736 6144 2141
9738 3 3888 7981 5594
9739 5 663 9955 7140 2301 8732
9740 2 5194 3590
9741 1 8961
9742 7 8828 7517 8942 979 1141 1485 8833
9743 1 3435
9744 6 5826 4829 1741 6929 7860 2788
9745 4 5994 9732 239 9653
9746 2 4000 7527
9747 7 8653 1616 3516 7231 3156 5843 3724
9748 4 2028 5009 169 3561
9749 4 2190 595 5872 5376
9750 3 6401 6132 311
9751 4 611 9925 974 1719
9752 2 7795 8315
9753 4 4217 3949 5608 429
9754 1 7860
9755 5 349 2485 2593 5162 8603
9756 3 7948 6029 9230
9757 4 7901 5998 1355 8121
9758 5 3206 2979 3964 9061 6471
9759 2 5560 5829
9760 7 8130 4289 4018 3785 5878 7219 8013
9761 7 4478 3044 6182 3267 3086 7334 5551
9762 3 157 2943 6880
9763 3 5016 4955 4397
9764 5 5976 6344 6915 8494 8806
9765 5 1664 4018 4888 8804 1456
9766 3 2693 1989 3156
9767 6 5842 4451 5630 8460 1705 8451
9768 5 9070 1921 2882 4075 8678
9769 5 295 6926 6742 8733 9006
9770 3 5981 9793 8587
9771 4 1498 3576 65 9398
9772 6 8128 9839 576 3827 3130 7326
9773 5 9420 5734 5406 6418 708
9774 7 2386 5962 7471 1155 9568 120 580
9775 2 7259 4597
9776 2 2172 6386
9777 4 5425 7444 459 3512
9778 3 8575 9791 9894
9779 5 2267 4884 1308 2477 4932
9780 3 2006 6579 2131
9781 3 3467 6906 5984
9782 7 5834 6500 3746 5427 7299 1235 4429
9783 3 2156 8285 5145
9784 5 8062 9826 9331 8887 8605
9785 2 4680 8516
9786 5 181 2259 4918 1185 168
9787 5 8087 3255 9864 4916 6510
9788 5 727 7353 3490 5494 2958
9789 3 9435 7694 7646
9790 6 3857 219 5112 166 7536 5308
9791 1 9778
9792 2 8502 6415
9793 5 7872 4464 5255 9770 7765
9794 3 7307 8958 9613
9795 3 4410 8855 3344
9796 4 1419 5932 2314 2506
9797 4 9635 2792 8205 7456
9798 4 7433 1586 6491 556
9799 5 2045 5301 101 1197 1769
9800 7 4879 2068 773 7216 2192 1256 6719
9801 6 5116 5764 9219 3959 569 170
9802 4 3462 8175 7138 2890
9803 6 138 6142 5788 6347 6272 2229
9804 3 6425 3457 3963
9805 5 6573 5493 7921 1374 5577
9806 5 9608 4433 7144 6159 3410
9807 3 6375 5774 7573
9808 3 5277 9926 8519
9809 3 2922 5458 4657
9810 5 8586 9730 5311 6649 2339
9811 3 9220 5636 5746
9812 5 3584 1220 9201 1464 6815
9813 3 3089 4636 9173
9814 5 1628 5274 9226 6018 6966
9815 1 1201
9816 4 9286 7956 1417 9256
9817 3 3895 791 9550
9818 7 5016 910 8377 7725 7327 2221 7343
9819 2 4987 499
9820 3 3416 6248 823
9821 5 790 5668 8659 5092 1194
9822 3 6627 3290 3901
9823 4 2594 3325 4960 9484
9824 6 7246 573 6506 6343 5526 4133
9825 3 5458 9241 9250
9826 3 9784 4771 6856
9827 4 1844 2284 376 9717
9828 4 2756 4267 3376 3424
9829 4 409 9066 58 5738
9830 3 2690 500 3355
9831 2 6310 6093
9832 4 1198 9205 8910 4755
9833 6 5970 5404 5708 2963 5527 9862
9834 6 7481 2190 5777 1689 1274 6281
9835 3 7330 3639 1322
9836 5 3884 4103 3619 6768 8253
9837 2 5181 2242
9838 3 39 606 8941
9839 6 2001 3097 349 1568 9772 8015
9840 1 8670
9841 5 6481 1362 7718 1469 7141
9842 5 3889 5058 4792 6821 972
9843 1 2062
9844 4 3599 9648 1219 3450
9845 5 571 6010 9572 4216 7452
9846 3 3366 4248 3642
9847 5 5628 1701 6457 244 3376
9848 3 2567 2367 7318
9849 5 7807 6082 9186 9249 4379
9850 4 8824 4646 6340 2993
9851 7 8025 9124 4338 1080 5636 6971 8188
9852 4 3692 5882 3256 3646
9853 3 1775 5058 9243
9854 3 9061 9074 3476
9855 6 1438 1380 2269 6920 3364 8590
9856 2 4006 9539
9857 3 2428 7148 3364
9858 3 6101 638 3606
9859 3 7648 596 9903
9860 3 1565 2816 5953
9861 4 5726 6093 2753 2019
9862 2 6945 9833
9863 5 5420 294 2091 1419 9935
9864 5 431 3055 9787 2462 9659
9865 3 8228 4080 8264
9866 4 7191 3071 5884 8807
9867 4 4658 853 4632 2160
9868 7 2548 3836 2675 7680 3985 156 2285
9869 1 9621
9870 3 8347 2000 8929
9871 8 4586 5519 8822 7812 1674 624 3103 6568
9872 7 6980 2041 53 7673 8321 1315 5541
9873 3 6278 5831 2570
9874 7 242 3205 2714 5661 8285 8718 179
9875 5 407 3853 5994 1550 3639
9876 3 5163 2319 3972
9877 7 2749 6027 1782 9618 5956 721 1961
9878 2 332 6109
9879 7 993 4009 8056 8652 8608 1111 9375
9880 3 3784 8771 567
9881 2 1687 4490
9882 4 7308 9661 9712 1173
9883 4 7969 7598 538 7749
9884 4 666 3872 7563 9261
9885 3 5395 5925 2924
9886 4 407 611 3361 9914
9887 3 5191 6621 7521
9888 4 9369 2152 9670 7320
9889 4 8412 8027 247 8992
9890 5 7732 6685 689 7366 2919
9891 2 2262 2648
9892 3 356 3136 586
9893 5 6352 1323 5363 565 4359
9894 3 2446 9778 2341
9895 7 308 8354 9652 4428 3935 6526 8654
9896 6 7570 6657 8846 5757 4943 9195
9897 4 7567 5722 1768 1058
9898 6 6670 7349 794 311 4414 8009
9899 7 9331 6576 2830 515 1009 4415 9161
9900 3 2635 2183 4601
9901 4 2028 7433 3624 4222
9902 6 1704 7714 3202 2292 2756 4161
9903 4 4013 2354 9859 1407
9904 2 2070 1145
9905 6 2640 5817 2602 8353 5822 7085
9906 2 7051 4517
9907 7 8721 6454 5980 4811 4947 6302 2768
9908 3 6029 7893 1379
9909 9 1827 4428 792 1984 2798 5552 4660 8171 4256
9910 7 1480 9988 6480 2284 9466 1100 7787
9911 4 259 8780 9009 8206
9912 5 982 6647 5457 1542 2688
9913 2 8451 5842
9914 7 2314 9886 7934 1486 2705 4198 5540
9915 3 4282 2719 1697
9916 3 8202 3564 5929
9917 5 2333 553 8 3970 5181
9918 3 6379 6429 4075
9919 6 7741 7450 9930 6288 2520 4971
9920 2 6678 1820
9921 1 7318
9922 4 1766 4634 4869 5398
9923 2 5620 2415
9924 3 8687 40 2238
9925 3 9270 9751 5336
9926 3 483 9808 7358
9927 2 6171 370
9928 7 7762 3626 3284 5784 836 5695 5293
9929 5 5930 968 1424 9159 7186
9930 3 4164 2665 9919
9931 2 6458 4687
9932 4 8893 7850 951 6342
9933 2 1114 9237
9934 2 9137 2193
9935 5 4116 1450 5181 2299 9863
9936 6 7235 9162 7237 6472 6984 8824
9937 3 6490 2078 8262
9938 4 3914 4274 5323 5024
9939 4 1636 7148 3991 877
9940 8 3028 1070 8644 3236 2552 2629 7306 3571
9941 2 6697 6116
9942 4 905 4851 3876 4633
9943 6 5350 819 820 3748 6941 2344
9944 4 21 7418 7927 336
9945 7 9681 2311 4319 4349 5316 6071 9185
9946 4 4775 8667 5900 4251
9947 4 7042 1833 5951 7574
9948 5 5522 2553 8953 9498 5769
9949 3 1414 6775 171
9950 6 9337 9576 731 7350 2460 9687
9951 4 1385 9201 5381 6655
9952 2 3327 3489
9953 3 6584 5958 6860
9954 4 563 9494 4889 4070
9955 5 3159 9739 6080 4432 3801
9956 3 5520 5036 8620
9957 7 5004 5715 3128 3248 5939 3591 9306
9958 3 710 5728 6553
9959 4 5595 3246 5215 8042
9960 3 7431 4495 8241
9961 3 361 8551 8793
9962 3 9633 1533 7408
9963 3 751 6051 592
9964 5 682 2060 4967 9340 8494
9965 5 223 4632 8452 11 7208
9966 4 6662 7742 7915 6961
9967 2 1232 6163
9968 6 3539 9352 2256 9569 6636 4766
9969 6 9519 7177 4630 5627 7569 68
9970 2 6101 6589
9971 5 2321 5681 7008 8304 5922
9972 2 789 3432
9973 4 60 3180 8647 4830
9974 3 6628 1007 8746
9975 3 7704 1311 6886
9976 1 5884
9977 2 5232 1405
9978 4 1571 9618 6691 2285
9979 1 7103
9980 3 2541 6842 3249
9981 4 2843 8557 9085 5328
9982 3 7562 5228 6474
9983 1 2702
9984 3 2394 1799 5246
9985 4 7974 1714 7176 948
9986 5 3675 274 8673 9489 136
9987 4 1286 28 5564 903
9988 6 9910 883 4538 3134 809 5243
9989 8 6258 7280 5057 3827 3886 8766 6181 5121
9990 5 4127 607 8677 5800 4792
9991 5 4736 2667 285 5883 8610
9992 5 9097 6775 1040 7370 3434
9993 3 9228 6163 6581
9994 6 975 2679 1944 7588 2464 7820
9995 4 3003 2891 8585 4930
9996 5 1816 4409 4773 5395 5255
9997 7 3800 843 8460 430 2611 421 5928
9998 3 4636 4713 3092
9999 2 9408 3528
SOURCE 0
